T_20_CENS_Total,T_20_CENS_White,T_20_CENS_Hispanic,T_20_CENS_Black,T_20_CENS_Asian,T_20_CENS_Native,T_20_CENS_Pacific,T_24_ACS_Total,T_24_ACS_White,T_24_ACS_Hispanic,T_24_ACS_Black,T_24_ACS_Asian,T_24_ACS_Native,T_24_ACS_Pacific,V_20_VAP_Total,V_20_VAP_White,V_20_VAP_Hispanic,V_20_VAP_Black,V_20_VAP_Asian,V_20_VAP_Native,V_20_VAP_Pacific,V_24_CVAP_Total,V_24_CVAP_White,V_24_CVAP_Hispanic,V_24_CVAP_Black,V_24_CVAP_Asian,V_24_CVAP_Native,V_24_CVAP_Pacific,V_24_CVAP_BlackAlone,V_24_CVAP_AsianAlone,V_24_CVAP_NativeAlone,V_24_CVAP_PacificAlone,E_16_PRES_Total,E_16_PRES_Dem,E_16_PRES_Rep,E_20_PRES_Total,E_20_PRES_Dem,E_20_PRES_Rep,E_24_PRES_Total,E_24_PRES_Dem,E_24_PRES_Rep,X_22_2022_Education_NoHS,X_22_2022_Education_HS,X_22_2022_Education_SomeCol,X_22_2022_Education_Assoc,X_22_2022_Education_Bach,X_22_2022_Education_Master,X_22_2022_Education_Prof,X_22_2022_Education_Doc
98606,24489,4034,1945,7516,61068,1264,97069,24209,4404,2117,8753,58136,973,70215,20875,3119,1436,5837,38713,803,64995,19911,2642,1345,4673,35930,208,1152,4325,32957,208,32177,15999,10777,33584,17971,13793,29567,14215,13492,7282,24347,13202,3978,7137,3575,483,851
98484,64612,7518,6111,5218,14867,1190,98483,64705,8239,6698,5510,14035,1079,74731,51147,5147,4146,3708,9857,742,72861,51763,5344,3845,2483,8410,344,2906,1731,4986,344,41942,12218,24390,46790,16793,27836,44948,15587,27585,3487,17186,17377,6338,11729,4791,1086,1148
107090,69830,5241,2008,7549,22909,1396,106296,69143,6028,2014,9303,20627,1711,84503,58019,3508,1319,5407,15936,887,82153,58401,3912,930,4271,12971,513,490,3596,8096,513,54170,22763,24489,61912,31018,28660,58278,28042,27701,4523,20481,19474,6666,16419,6460,1378,907
107052,79079,6991,3634,5577,11112,1069,107098,78511,7372,4997,6248,10095,1687,80428,61892,4460,2354,3658,7186,631,80037,62742,4629,2825,2953,6064,226,2279,2109,3399,226,55928,16270,33409,62913,22622,38084,60423,21778,36489,2625,15647,17396,6238,17506,8417,2479,1253
107081,47417,10527,10722,17222,19378,6852,106776,45192,10744,12615,19507,18115,5672,82068,40444,7161,7310,11880,13262,4125,77165,39330,6795,6676,9994,10966,2284,5241,8894,7612,2284,43079,19335,18649,47500,25288,20413,42381,22176,18538,5503,19902,17519,6583,13795,4788,1087,693
107997,55281,10269,8559,14915,16901,5696,106996,57346,10942,7235,13641,15261,5870,83977,46713,6984,5652,10778,11800,3355,78521,48230,5566,4165,7712,9725,2402,3364,6792,6631,2402,46262,21267,19875,50938,27116,22155,47098,24812,20430,4146,18888,17558,5641,16251,7115,2178,989
107081,81050,5244,2475,3463,14052,1201,112988,85478,6074,2855,4483,13922,1590,78081,61490,3062,1448,2139,8983,641,82840,66937,3682,1398,1691,8228,309,1117,1174,4410,309,45050,8602,31798,53932,12970,39010,55482,13416,40223,4123,23675,18776,7913,10907,4499,898,578
100700,38664,3013,55967,1690,1767,126,101515,37819,2868,57790,2422,919,109,77537,32349,2106,40732,1318,1299,77,75480,29863,1467,42359,1283,781,25,41710,1135,84,25,42150,25666,15290,43504,27413,15539,40127,24241,15287,6690,20442,13285,6071,10853,4773,1259,468
100941,34041,3102,60600,1972,1720,153,99793,35614,3533,58492,1991,941,41,78098,29157,2213,44177,1489,1316,102,75785,29301,1916,42641,1209,514,29,42252,953,148,29,42203,27495,13171,42286,28451,13178,38125,24584,12866,8793,24022,14719,5500,11869,4458,1282,604
97799,67540,3857,18600,4899,2681,177,92544,61918,4009,20341,4474,1976,61,76433,54724,2614,13124,3563,2094,133,71196,51414,1909,14240,2470,1209,44,13712,2361,171,44,39991,9884,28752,42786,11961,30225,42233,11882,29818,8277,21752,14514,5343,10147,4319,901,650
96410,72198,3057,14633,1765,4659,111,100196,75925,3499,15841,1677,3365,66,73030,55885,1980,10485,1184,3286,68,74476,58990,1704,10684,687,2255,25,10382,561,1206,25,40999,8002,31928,45611,9802,35319,45747,9653,35671,7661,24265,14245,6477,8141,3671,398,452
97776,65925,1816,23069,859,6141,124,98346,67270,2126,24351,1445,4350,46,75764,52476,1148,17155,554,4396,87,75872,54212,1193,16554,667,2603,19,16387,439,1488,19,42012,10510,30512,46258,11969,33848,44988,9839,34780,10457,27838,12259,6235,7373,2988,480,456
103182,83590,4662,9842,1929,2712,190,109613,87844,6298,10982,2196,1457,815,79613,65800,3086,7087,1216,2022,105,82309,68655,3438,7805,1092,906,76,7539,840,277,76,44992,10000,32767,50785,13200,36693,56435,13737,41815,3682,14958,14696,7346,18073,8403,2268,1358
101913,83511,7493,5746,1302,3111,124,109344,91001,7208,6042,1489,1723,80,82079,69539,4745,3711,889,2478,88,86448,77672,2993,3502,879,1292,32,3171,605,178,32,38983,6066,31556,46399,8432,37418,53156,8880,43738,7428,24573,17926,6571,13699,5739,929,815
104229,75749,5728,18282,1913,3039,224,105670,77206,6449,18632,1809,2247,254,80521,60328,3529,13269,1340,2208,154,79338,60807,2966,13192,936,1330,35,12374,540,222,35,42974,8272,33655,46322,9497,36349,45900,8372,37172,10298,24059,15372,8637,8463,4109,736,477
97682,69989,5068,18687,1462,2726,233,98612,70690,5463,18794,1478,2031,292,75882,55974,3207,13584,1062,2072,149,75358,57010,2838,13325,814,1154,9,12849,629,202,9,40603,8407,31235,43960,9592,33894,43338,8388,34610,10493,22519,15792,7040,8427,3379,395,258
102651,64360,4297,29934,1886,2369,188,103661,64666,4881,30736,1660,1327,246,79273,52349,2757,21111,1320,1787,133,78095,53087,2004,21234,784,841,43,20825,576,177,43,40615,10487,28927,43794,12696,30482,41871,11102,30253,8972,22791,16486,6782,10149,4098,1130,512
103938,40952,5066,55761,1081,1887,312,102145,39747,5469,55285,1128,1467,43,81041,33761,3150,42411,739,1353,189,78743,32895,2576,41803,491,942,8,41020,326,93,8,38865,22016,16095,40570,23152,17027,38407,20664,17366,12112,22064,16605,7576,6530,3233,753,550
100657,34764,3739,54535,7019,1214,137,102158,33632,3909,56554,7549,999,151,77927,29132,2330,40692,5158,865,93,72280,27312,1276,40502,2491,543,32,40016,2288,50,32,41384,23093,16972,43826,26013,17274,42581,25633,16323,5798,14045,13908,4926,15962,8243,1889,1342
102099,37172,3728,58139,1983,1573,168,100210,35056,3061,60020,1540,1028,48,80561,31822,2405,43843,1588,1151,108,76640,30033,919,44632,516,502,40,43674,419,88,40,42078,24784,16005,43601,27123,15939,39549,23500,15537,7790,20169,12323,4674,11165,6112,1595,1019
98926,34221,5025,57632,1317,1455,121,95858,30604,6100,58033,1260,893,146,77290,29172,3099,43409,995,1097,78,71949,25930,1787,43186,673,529,4,42426,587,159,4,45710,28234,16511,46489,29412,16580,39148,23813,14872,11682,23805,14235,4875,7613,3822,698,414
99754,37773,1239,59272,472,1383,99,96544,36973,1031,57227,545,1174,26,77765,31217,842,44560,349,1071,70,74450,30299,494,42587,198,890,17,41843,114,249,17,52765,30202,21979,51776,29187,22289,46358,24636,21408,9930,27873,13374,6241,6555,3516,341,309
98246,41614,1802,53644,563,997,109,95806,40674,1394,52256,662,1340,127,78071,34357,1423,41357,436,777,60,74855,33473,631,39534,162,1071,0,38800,72,193,0,54474,30188,23701,54463,29959,24218,48642,24730,23598,11454,26057,13576,5357,6544,2920,480,368
101870,38592,4340,56179,1758,1442,125,108160,39478,6474,59439,2128,1923,38,79858,33248,2885,41472,1424,1104,92,81757,33764,2156,43807,1038,934,0,43309,683,228,0,36720,22251,13151,39504,25698,13280,35284,21989,12791,7284,22639,15776,5524,11157,5343,487,1327
103970,55658,5634,35143,6068,1774,146,105182,59411,5570,34004,5164,1866,48,82035,46116,3774,26230,4728,1378,95,78231,48793,1845,25076,1425,880,34,24621,1244,52,34,36871,16862,18293,42954,20701,21512,41765,17953,23136,7381,18214,12310,5655,12666,6266,902,1896
105043,72753,4738,20877,4438,2416,196,110144,77318,5581,22255,4033,1462,179,82200,57781,3179,16018,3444,1799,127,83547,62872,2332,16118,1512,689,19,15292,1293,40,19,36220,10152,24167,43779,13524,29462,45607,13250,31595,5581,14823,14731,6941,13314,7834,1618,1658
104541,79764,3023,18776,775,2206,86,104783,80548,2819,17743,712,2523,59,82403,64385,1885,13812,542,1723,59,81999,65424,1263,13289,281,1713,0,13057,220,169,0,48453,10534,36890,52194,11079,40681,51831,9513,41934,12710,25679,15578,7098,8585,3634,677,492
103819,76460,6535,16803,1622,2467,140,105939,77462,6996,18047,1380,1000,206,78908,59925,4074,11933,1043,1840,104,78763,61537,2744,12856,849,653,17,12379,690,50,17,43342,8847,33253,47080,10576,35923,48044,10137,37404,9317,25254,14278,5792,9230,5565,817,544
98364,69347,2994,22473,1137,2235,123,99826,71052,3287,23572,1063,1145,8,77608,56026,1898,17010,772,1694,68,77795,57215,1324,17739,754,738,0,17113,411,128,0,42512,10225,31015,46509,12163,33795,46892,11252,35132,8321,23974,14411,6784,10215,4041,731,618
103436,77731,4895,16762,1232,3111,96,103105,78534,5393,16889,1041,1688,71,81121,62803,2916,12181,913,2359,57,78939,63277,1790,12237,650,935,18,11665,459,95,18,44164,10442,32353,47728,11567,35528,46137,10027,35653,10094,24304,17578,7854,7840,3418,1140,487
104470,69637,4469,26407,1561,2488,217,104373,69925,5211,26734,1614,1516,302,83081,57081,2861,19934,1209,1939,143,80379,57462,1941,19216,747,734,146,18398,603,123,146,42301,12439,28283,44774,14141,30027,42354,12174,29686,10767,24441,16549,5508,7883,3567,800,817
101466,66934,2423,29341,767,1922,95,101176,66790,2630,27832,1011,2702,60,80135,54281,1532,22132,551,1527,76,78785,54253,1030,20958,499,2051,18,20526,359,133,18,42296,13534,27834,46347,15168,30781,44552,12899,31300,10796,23926,17145,5644,8256,3703,578,571
100099,68122,9036,18417,1851,2759,139,104720,71308,9934,20294,2138,1189,230,74570,52852,5605,12889,1224,1982,108,75853,56175,3339,14366,1222,674,49,13834,1013,150,49,41894,10606,29198,47887,15258,31778,48059,15635,31700,5056,16456,13820,6274,16909,6216,990,857
96579,77092,12144,2814,506,5235,89,97712,78617,12851,3020,378,3549,554,74089,61814,6846,1948,337,3714,41,71176,63361,3565,1999,267,1911,5,1697,251,310,5,37011,5229,30732,41657,5905,35350,42666,5311,36991,14125,22053,13569,7612,5526,3080,675,268
103949,78124,6157,15230,2253,1935,111,108215,80734,5338,17179,3163,2753,123,83972,64228,4625,11616,1788,1446,90,86878,68227,2633,13286,1218,1384,22,13026,888,185,22,37276,8375,27314,40024,10056,29375,38750,9148,29114,7391,17781,11773,5323,10667,5168,1197,2025
103144,86175,4008,10013,696,2376,85,102237,87149,3489,9544,538,1184,202,79801,68058,2439,7116,475,1790,64,77434,68563,1195,6502,240,800,47,6045,178,64,47,45722,6840,37805,50005,7833,41666,49275,7026,41821,9638,23814,15037,7482,8086,3226,719,1127
103608,78388,6780,11295,4604,2344,118,105336,80534,6802,12193,4551,892,272,80806,62754,4497,8340,3308,1725,83,80254,65219,2966,9148,2506,479,49,8481,1907,70,49,50471,10958,36602,56379,15980,39376,55337,15451,38766,3322,10612,13650,4751,26271,10687,2865,1696
101448,38802,6449,52294,2630,1607,89,101989,34700,8428,55611,2682,1201,25,78303,31983,4016,39420,1835,1245,48,73300,27923,1765,42021,1166,533,0,41387,1080,81,0,44968,26190,17577,47532,28993,17979,44841,27452,16740,7027,20517,15190,6574,12463,5559,1634,1000
95886,35596,6389,51687,816,1799,182,93003,33487,4290,52702,639,1207,613,74223,30254,3894,38275,575,1386,128,69759,27893,1256,40037,186,586,12,39452,169,65,12,43656,24005,18536,45621,27691,17403,41122,25559,15120,7334,21249,16294,6144,9728,3859,700,684
103155,40237,6122,54202,1319,1737,102,100570,39521,6234,52606,1533,1063,152,77632,33404,3776,38461,928,1332,60,71926,32781,1453,36224,888,434,36,35888,799,64,36,42727,22699,18656,45591,27263,17696,43226,25450,17157,6738,19746,16354,6773,12427,5082,961,800
100287,44138,3955,49209,1977,1277,142,97367,41797,4646,48988,1621,633,123,78445,35670,2636,37905,1456,969,100,72617,33348,1148,36618,714,291,28,35661,597,74,28,47326,29713,15394,51104,32830,17353,44572,26856,16699,5756,16362,11899,4653,15596,6919,3650,1632
101950,39375,5781,51372,4371,1665,123,101125,39173,7607,50721,3523,1398,374,80527,32269,4033,40041,3376,1241,83,73521,31521,1747,37972,1732,259,78,37451,1438,4,78,46433,29303,14977,48974,32839,15241,42383,26339,14993,5331,15192,14951,5100,16418,7549,2406,1134
99673,66985,4352,22182,4707,1415,116,101373,71113,3603,20148,4952,700,445,81442,55164,3157,18154,3777,1093,80,80324,59135,1823,16394,2285,490,61,15997,1911,114,61,43659,20717,19337,47357,25501,20544,44138,23226,19560,3815,8687,10020,3155,22977,9844,6288,2924
98813,81437,2691,10425,1140,2673,66,101896,84427,2973,11594,1350,1055,527,75737,63356,1666,7597,741,2022,39,77918,66364,1484,8222,771,653,45,7839,451,260,45,41842,6068,34495,48805,8620,39595,48322,8823,39041,8428,24162,16039,6386,9924,3746,578,408
100244,83332,7365,5495,625,3079,114,101596,84268,7599,6927,529,1564,463,77263,66046,4464,3649,411,2344,79,74754,66818,2461,4111,212,906,89,3913,126,231,89,45186,4513,39618,49474,6308,42687,49283,6497,42367,10665,23932,15619,8106,7263,3046,463,247
99744,85312,2747,8196,589,2684,86,98943,84248,2993,8888,793,957,98,79159,68534,1730,6122,410,2106,56,76003,67863,968,6133,279,707,6,5769,238,74,6,46497,6280,39138,49937,7327,42049,47619,6624,40648,10636,25078,15644,7200,7432,2761,588,347
100506,90054,4464,1583,798,3130,132,102666,91585,4985,2045,838,1800,40,78524,71416,2715,993,533,2454,78,78915,74237,1788,1101,530,1156,11,740,407,185,11,43543,4297,38033,47787,4986,42250,48974,4527,44018,11496,23692,15856,6960,8140,3650,600,262
103399,81360,11844,4695,866,5239,99,105204,84466,12525,4766,1002,3379,50,79677,65475,6826,3092,622,3889,62,77055,68047,3680,2871,465,1936,22,2567,357,293,22,38136,6309,30596,42958,6880,35569,43380,6264,36703,12938,24457,13265,7082,9300,3507,623,442
95867,80344,7835,2955,985,3680,219,96609,80592,9142,3859,728,2371,85,73900,64039,4378,1859,656,2780,126,70463,63701,3028,2125,417,1357,60,1519,356,186,60,40149,5471,33267,44082,6451,37007,45020,6363,38129,8065,19722,14182,6809,10773,4216,761,577
98579,77190,8823,6338,747,5942,115,99121,77734,9014,7124,916,4683,37,75542,61236,5348,4449,461,4255,54,73717,62387,3133,4555,500,3196,12,4173,342,1090,12,42113,7135,33610,44310,7282,36498,44767,6807,37523,10215,26000,13834,5171,8663,3586,603,303
95925,53816,10891,27693,1342,2583,122,97152,56628,12080,26314,1431,2203,494,75019,45138,6661,20364,990,2027,97,72343,47364,3510,19659,609,986,9,18955,384,181,9,35286,14995,18898,38238,17717,19925,35183,14492,20211,11716,21950,14048,5560,7531,2855,622,517
95819,83344,2287,6725,819,2431,87,98280,85146,2471,7700,930,1365,44,76440,67402,1475,4891,566,1893,47,76847,69241,895,5350,383,909,34,4787,249,91,34,42569,9022,31964,48259,10470,37148,48153,9309,38253,7676,24584,14011,5436,10056,4472,948,844
103570,75692,7248,14937,2663,3127,203,111233,80405,8295,16893,3187,2948,641,79718,60128,4294,11145,1730,2331,125,84348,65119,3546,12879,1264,1166,45,12033,978,248,45,40294,9468,29067,49235,13672,34640,53332,14581,37887,9260,20320,15286,6624,13776,6347,793,661
96744,70285,4026,16205,1935,4384,184,101872,71677,4719,20487,2639,3242,134,75329,56353,2504,11857,1256,3220,110,77920,58194,2628,14205,1267,2036,5,12970,781,449,5,42657,12560,27743,51908,17851,32973,55083,19566,34545,6299,16523,15029,5832,16996,7317,1127,1216
96594,76710,4686,8033,4014,3032,247,95459,76841,6000,7027,4019,1667,187,76183,62091,3063,5653,2883,2232,150,72761,61819,2963,4774,2157,1023,30,4378,1526,255,30,44900,11737,29796,52899,17788,33719,53211,18195,33727,3284,10067,12460,4660,21104,11255,1885,1743
96929,51785,10303,26656,6182,2901,401,99747,54944,10709,26909,6442,2642,367,74983,42588,6726,19437,4541,2093,267,72855,44691,4371,19478,2759,1435,127,18507,2185,265,127,36059,15144,17819,43261,22176,19819,42719,21566,19981,4492,10749,11823,4486,17624,12201,986,1889
97886,38717,5921,48981,2872,2501,288,108640,46609,6149,52681,2373,1910,322,77648,32604,3844,37670,2204,1910,200,83346,39274,2766,38601,1108,1114,14,37577,923,272,14,39773,23381,14162,46699,29471,16269,46604,28497,17177,6709,13534,15425,5417,15893,7737,628,915
100534,31236,11303,55067,1586,2720,190,100961,30591,12085,55968,1109,1784,75,76418,27158,7045,39737,1243,2000,133,71282,26425,3060,40391,659,900,11,39368,494,155,11,33061,22697,9022,33777,23809,9064,29125,20435,8100,9044,22913,15959,5600,9001,3828,585,414
97967,28956,11916,53312,3183,2322,101,96352,28727,12595,51639,2862,1379,89,75857,25025,8000,39906,2338,1776,72,67382,24497,3931,37026,1305,608,12,36158,1221,105,12,34423,24537,8192,36203,26932,8286,32005,23415,7832,5694,16912,14631,4921,11418,5192,1769,1066
99732,67014,4169,20705,5561,2291,101,101792,67544,3676,23559,5236,975,137,78970,55350,2813,14922,3977,1752,75,76332,54582,1899,17056,2002,582,78,16049,1581,179,78,47735,24896,19725,52217,29880,21080,47665,27514,18750,2405,11253,11817,4490,23103,11406,5061,2587
100892,66787,5765,22598,2734,3189,160,100713,65664,5062,25487,2700,1276,38,78333,54762,3770,15338,1954,2399,97,76714,54935,2543,17115,1245,710,4,16303,674,120,4,44532,17439,24299,47759,21326,25257,45129,20674,23295,4379,17426,16055,7039,15482,7089,1306,1028
97350,44993,2743,47000,1058,1651,186,94267,42862,3079,46172,857,1233,201,77424,37586,1844,35914,754,1268,102,73466,35739,1066,35243,489,789,144,34681,352,88,144,35932,18963,15531,35325,17831,16554,30527,15118,14921,8310,29457,13569,4364,8168,2848,505,379
96421,37119,2594,54912,726,1421,103,93475,35519,2959,52366,919,3011,157,73300,30545,1780,39500,567,1121,62,69134,29195,1120,37058,297,1769,0,36167,216,80,0,33361,18486,13834,32565,17164,14278,28118,14339,13216,9917,24318,14478,5353,6436,2654,270,293
95949,53751,5342,34653,651,1888,148,93023,52582,5680,33045,376,1887,129,74117,43500,3331,25427,477,1429,98,70296,42717,2027,24471,142,918,25,24072,113,115,25,38968,15628,22012,38566,14515,22835,34317,12010,21754,9681,27554,13803,3977,6930,2425,372,464
97238,66845,3413,24199,685,2013,84,94924,65219,3692,21458,954,3281,15,73847,52889,2014,16767,445,1574,41,70742,51682,1647,15013,178,2259,18,14458,117,145,18,32958,11132,20416,31897,9119,21754,29105,7634,20956,10901,28059,13030,4399,5872,2472,394,220
102868,71579,6490,20262,2128,2352,149,104912,72572,7033,21199,1871,1319,90,77366,57137,4083,12559,1636,1794,95,76174,58790,2623,13114,726,654,12,12091,622,180,12,32605,9966,20680,35271,11324,22987,33807,10588,22408,6324,21613,13579,5234,11402,4897,1549,674
103438,93119,2901,2221,591,2924,973,104125,93598,2862,2567,595,1876,799,78848,72156,1696,1207,368,2251,546,78605,74129,1599,1266,288,1194,159,968,157,131,159,34830,7530,25284,37191,6912,29250,36550,6567,29304,9579,29199,15094,5325,7259,3556,388,450
95365,75293,4037,11044,1509,3086,209,95951,76879,4535,11085,1353,1665,196,71745,57939,2423,7721,969,2291,120,71826,60199,2139,7787,763,872,4,7222,555,50,4,36024,8913,25318,39449,9343,28758,38571,9076,28751,7534,25054,13728,6317,8047,3588,449,191
101602,86407,4165,5367,1171,3778,133,102499,88652,4565,5734,1154,1481,287,77087,66772,2489,3574,793,2805,91,76345,69257,2161,3302,523,989,22,2795,322,148,22,37983,6870,28792,42711,8011,33699,43487,7767,34793,8222,26221,12080,5675,8485,3899,884,772
98718,70529,6124,16254,2070,3449,155,103056,75793,6591,16893,2252,1257,351,76521,56740,3993,11363,1538,2542,104,78459,62053,2873,11100,1082,940,58,10563,632,144,58,37543,12929,21631,42602,16314,24904,41815,15626,25078,4049,16975,13994,5070,13156,6247,1140,831
98632,87057,4802,1702,866,3801,113,99826,87321,5136,1787,658,3066,136,77798,69958,2835,986,629,2942,62,77065,72207,1848,949,335,1577,85,774,222,428,85,42384,8335,31844,44956,8155,35593,44270,7667,35754,9713,27339,15704,6140,7784,2900,507,490
101376,92568,2279,1032,769,3955,147,103719,94273,2781,1217,797,2751,113,82492,76037,1465,627,540,3097,97,83635,78741,1842,772,457,1697,20,597,389,322,20,44158,9206,32810,47005,9620,36149,47210,9013,37355,9736,28131,19328,6980,8332,3130,577,414
104787,86997,8871,884,1520,5291,867,107942,81772,10966,1210,1627,3419,874,81797,69827,5594,480,1013,3989,508,80262,72943,3702,504,1011,1951,78,224,586,482,78,43296,10340,30450,47118,11889,34060,46783,11302,34564,9120,28087,16681,6142,10073,3528,823,390
101444,77303,11614,1962,2688,7777,397,108904,71554,12999,2983,3992,5331,479,76257,60736,7227,1084,1685,5175,229,78991,67249,5688,1101,1542,3128,93,850,1355,775,93,38145,9122,26110,47294,13461,32455,53492,15392,36709,5578,21521,14815,5549,14847,5352,1093,346
102271,69817,11948,3912,11608,4727,686,110713,66999,13130,4464,11121,3071,931,73236,51575,7690,2416,8114,3184,380,71919,58643,5704,2570,3204,1433,201,1918,2716,385,201,34409,10852,20402,44252,17692,25200,46753,18947,26445,3635,15140,11673,4316,19625,10180,1932,925
101721,39039,45926,2934,2945,4626,8364,104169,33020,48127,3711,3142,3745,6748,70676,31349,28736,1768,2071,3267,4642,54733,32808,16959,1397,1300,992,730,1135,1115,184,730,22303,8833,11621,25798,12018,12831,25353,11446,13200,15585,18324,10443,3561,7976,3011,484,172
100454,72613,14534,2315,2492,6585,2291,105860,69088,16188,2656,3560,4206,1581,75158,56998,9187,1372,1758,4602,1323,73040,61693,5831,1255,1781,2133,287,686,1573,475,287,37204,10622,23825,44742,14768,28702,47840,15596,30820,8335,22441,12860,4552,12268,5504,1462,765
101681,75561,8571,7968,4261,4891,684,106902,74878,9462,7905,3800,3397,995,83064,63917,6167,5466,3303,3739,390,83419,69280,5289,4665,1969,1770,222,3921,1567,656,222,37038,19458,13888,41236,24895,14955,41431,24406,15573,3114,12767,10629,3811,15720,8486,2005,2237
102983,84575,6054,2164,2041,7817,186,104079,85298,7140,2494,1796,4750,315,77825,65753,3687,1120,1393,5329,118,78238,69340,3587,1120,1180,2887,9,607,851,605,9,40419,7591,30628,43196,8139,34097,43008,7919,34232,9734,25355,16326,5995,8950,2955,739,523
102046,61038,18332,10316,6489,7004,208,103286,63441,19323,10118,7114,5215,618,77929,50241,11453,6759,4855,5013,136,72618,51743,7280,6432,3989,2892,14,5251,3704,571,14,33438,10573,20224,35164,12607,21385,33249,11718,20684,10742,19835,15633,5001,11013,3999,1070,1121
104267,82949,10141,4046,2137,4686,192,105374,85337,11007,3962,1953,3190,303,80385,65882,6371,2774,1380,3604,122,78025,68256,4862,2301,806,1568,69,1809,461,222,69,38651,8971,27440,41383,9519,30774,40467,8928,30629,10828,25533,13777,4796,9381,3526,549,660
101909,82737,8797,3617,1395,4891,160,102182,84004,9172,4103,1576,2920,167,78596,65656,5506,2319,970,3662,94,77028,67328,4062,2698,761,1998,10,2433,622,348,10,38351,8253,28127,40356,7792,31360,39513,7211,31558,10256,28401,16523,5512,7827,2719,531,250
99075,74931,7611,11227,1865,3232,99,104015,78358,8706,12752,2178,1366,140,73824,58178,4493,7121,1272,2404,57,75055,61689,3235,8092,1144,762,4,7794,778,132,4,39588,10600,26503,43074,12983,29028,42785,13297,28490,5776,20953,15665,6479,13080,4246,1075,482
100180,77239,7047,10082,1489,4192,180,100035,79276,7484,9855,1234,2326,199,79730,64115,4390,6680,1062,3178,112,78164,66333,3260,6425,726,1235,62,5660,458,275,62,40805,12311,26087,44199,14045,29069,42327,13015,28359,6824,22727,17781,7172,11550,5152,929,776
99390,83124,3270,8884,629,3161,133,98682,83284,2992,9469,816,1530,11,78744,67013,2049,6529,421,2419,98,79490,69047,1893,7224,211,1043,4,6929,82,167,4,42332,10115,30236,45518,10053,34443,45467,9567,35072,6496,28403,17552,5552,9682,3754,503,350
103315,63126,11970,23713,786,3871,369,101984,62567,12370,23846,767,2435,266,78055,50623,7226,16843,563,2769,216,73479,50179,4670,16758,436,1361,15,16268,364,518,15,37603,10473,25739,38590,10065,27356,35978,8649,26797,10375,27087,15568,5582,6475,3245,436,220
97919,59248,4118,31616,925,2023,106,95669,58376,4174,30925,931,1248,94,76874,48355,2645,23599,651,1537,73,73563,47435,1787,22940,584,737,33,22509,415,97,33,40413,14804,24074,39655,13751,24484,36277,11991,23680,7769,24877,14049,4610,8095,2966,435,476
100423,73530,17915,2103,2402,4449,560,104354,75825,19694,2528,2657,3835,503,83421,63839,12642,1360,1787,3472,419,84672,66642,12368,1382,1490,2344,55,990,818,741,55,35316,8149,25175,46413,11821,33914,49267,11726,37194,11178,28251,22974,7233,5787,2438,814,467
103577,79878,15291,1781,2174,4599,489,106221,82238,16711,1870,2016,3312,412,87981,70358,10988,1251,1674,3497,343,88717,72913,11375,1321,1057,1720,280,933,846,695,280,42431,8821,31591,54818,12269,41960,57353,11555,45479,8093,26441,24576,7947,8419,3757,864,628
101939,29378,8843,1357,1039,62920,250,99658,28865,10357,1798,1104,60063,214,74968,23250,6013,949,722,44617,143,72613,22553,6608,935,494,42093,56,684,224,41290,56,36940,20968,12228,48723,30440,17400,45023,25469,18984,11081,21689,16820,5923,5892,3455,533,461
104201,21880,9174,810,830,72831,255,104838,21181,9157,1977,809,73137,326,75154,17851,6090,493,599,50628,152,75701,17494,5806,804,222,51372,75,448,185,47113,75,41258,24014,13973,51509,31678,19171,44129,25323,18341,11382,21359,18111,5443,5648,2875,469,316
99241,63331,18213,2951,3908,11592,540,99970,61525,18348,3367,4325,14442,552,82515,55309,13604,2375,3204,8218,409,79357,54736,11061,1705,2153,9127,107,1365,1445,7750,107,42477,24109,13994,50489,32080,17389,48394,30443,17278,2687,8800,11384,4310,17542,8138,2073,2240
97199,71122,15987,1167,1303,7932,346,99735,73066,17553,1989,1498,6768,392,77700,59400,10988,725,957,5485,227,78539,61587,11208,989,808,3699,80,752,494,2209,80,41061,9214,29113,51202,12577,37984,56378,14017,41889,6787,19725,21644,7891,9718,4388,722,534
100649,12637,83106,2576,970,3228,208,103595,12522,87148,2215,873,3212,221,72852,11002,57871,2029,696,2340,146,57673,10555,43987,1454,306,1153,15,1296,195,878,15,21374,14411,5739,27107,16896,9790,24337,12710,11406,21969,15138,12560,4478,4713,1870,518,155
103232,48486,46897,3233,3070,3321,489,108146,48827,50289,4207,3137,3251,469,80317,42449,31808,2123,2295,2393,350,76215,42252,28808,2138,1729,981,90,1535,1264,432,90,31636,10194,19426,42774,15314,26744,43858,14113,29339,9304,19581,20040,6695,9325,3875,757,357
102806,65114,27161,4486,3007,4053,661,101236,63731,27606,4268,3801,3336,587,80390,53731,18568,3048,2208,3016,418,77522,53624,17436,2687,1839,1580,29,2064,1140,679,29,41759,10689,27382,50488,14725,34828,50169,14474,35167,7498,18978,19666,8340,11046,5037,626,614
104123,30637,66413,3563,2288,2788,486,108092,32274,68252,4340,2259,2305,605,78939,26563,46913,2542,1701,2129,329,72565,27492,40409,2411,1079,729,282,1856,697,323,282,35872,20798,12550,43247,25102,17497,41903,22037,19415,12332,17392,15522,7174,10077,5246,983,468
99089,73495,18172,1528,2075,3774,437,100917,75594,18380,1530,1859,3187,183,81584,63814,12102,1009,1555,2819,302,80283,66428,9798,962,1230,1655,83,441,836,554,83,44934,14572,27214,56286,20754,34685,57720,20503,36677,6321,21390,22384,6631,11277,5607,1003,873
97908,79687,11064,1145,2074,3355,340,103730,82420,14098,1272,2550,3424,313,84288,70657,7909,789,1624,2612,234,86859,73851,8930,611,1426,1730,80,317,905,716,80,51508,14992,33249,64127,20665,42508,68074,20295,47204,4452,17422,21703,8145,15696,7304,1631,1467
94757,33115,41269,5358,1697,16465,399,96051,34379,41226,4924,2134,15791,285,69332,27307,27623,3580,1161,11176,276,67585,28828,24627,3391,794,9891,98,3023,626,8585,98,24803,12150,10991,33906,17909,15480,35506,17228,17909,11611,20963,16251,6223,5676,2189,366,306
101362,40444,31653,10621,3219,19214,709,114559,43484,35928,14450,4550,19805,1460,72553,32712,20169,6734,2228,12468,416,79761,35978,21283,8085,2055,11585,582,7124,1773,10164,582,26959,12206,12753,39723,19913,19184,44686,21172,23083,9367,21820,15837,7029,8230,3397,373,289
97267,51086,35227,4983,2947,4887,1257,108205,55698,40305,6015,2172,5513,725,78311,45532,24304,3409,2324,3336,1088,82689,49610,24625,3827,1241,2841,548,3234,1006,1359,548,34795,13827,18964,45521,19589,25344,50053,20771,28858,8828,21612,19269,6814,10062,4956,710,682
95987,61316,23873,5189,1530,4437,318,101417,64105,27454,5133,2476,3835,341,81057,54677,17588,3830,1124,3479,207,80588,56094,17246,3417,1274,2146,81,3061,752,1253,81,29984,10159,18031,39957,14522,24861,44887,15352,29130,10378,23606,20176,6716,10833,3791,361,562
101041,62618,25667,7023,3310,3584,746,113418,68298,30701,7338,4146,4546,501,70269,46252,15488,4364,2180,2295,426,80107,53157,17877,4784,2172,1711,157,4241,1603,758,157,27691,8813,16573,44841,16256,27815,53473,18037,34885,5047,18769,17949,7798,10479,3182,355,558
101194,66297,25840,4271,2824,3014,449,106823,67306,28498,5224,3515,3184,485,81605,57262,17524,2999,1930,2201,297,82880,58347,17524,3205,1972,1418,46,2686,1326,692,46,45502,17775,24688,57956,25781,31409,62445,27885,33993,4844,15032,17685,7333,16431,9389,1360,1266
98499,74015,13484,2589,6347,2148,347,99269,72512,13188,3171,6834,2576,241,84021,65629,9880,1908,4758,1633,237,81483,64538,9514,1912,4192,1020,100,1385,3277,286,100,58934,29550,25874,68056,38160,29124,66523,37971,27860,1616,8602,14046,5012,21594,13998,5383,4301
99589,69002,20308,3156,5255,2767,357,100450,68299,21337,3660,5890,2754,636,80596,59004,14038,2088,3710,1965,230,78842,58604,14217,2077,2741,741,82,1452,2092,254,82,49834,20598,25723,62455,29863,31744,64257,31141,32454,3226,11303,16056,7063,19231,10562,2060,2156
96327,52093,33990,3867,4273,4260,373,101855,54218,36955,4656,4627,4538,267,76712,44445,24412,2669,3117,3103,233,77712,47558,23717,2128,2299,1929,14,1740,1860,896,14,42542,21756,17807,53621,29747,23092,55773,30139,25029,5135,14631,16740,6387,16403,7880,1396,1430
100465,49036,37654,5511,5403,5239,477,98493,47688,36680,5567,6361,5547,522,81447,43655,26972,3844,4286,3919,327,73784,42780,22161,2862,3323,2429,163,1728,2551,1291,163,34014,19232,12028,41481,26118,14610,38066,23330,14160,9891,14301,17598,5275,11525,5001,1060,1346
100559,55274,28448,8325,5635,4814,633,103326,56441,29900,9010,6190,4758,766,84369,49834,21415,5686,4677,3718,409,82602,50923,20932,4710,3115,2268,127,3725,2171,1028,127,40148,27738,9305,49174,37014,11407,45445,33887,10835,6739,12697,16176,5109,14776,7943,1607,2525
99132,63474,21609,7185,4816,3349,550,99335,63269,22395,6630,5305,3005,308,82597,55984,15624,5090,3721,2574,386,80201,56668,15365,4190,2399,1276,125,3496,1797,558,125,47132,23283,20511,56083,31425,23753,53202,30057,22502,4342,13698,18433,7022,14906,7703,1156,1555
100918,53081,31363,9696,5666,3895,739,104871,53691,33605,10481,6401,3838,544,75806,43337,20794,6139,4013,2677,497,75257,44671,20038,6178,3004,782,113,5705,2281,217,113,36581,17166,16241,46564,25184,20468,47228,25033,21547,4426,14979,17526,7853,11324,5367,576,561
99113,13515,77087,4800,1990,5798,262,96785,11381,78709,3941,1732,7459,511,72117,11688,54150,3243,1430,4112,175,59420,9949,44649,2316,834,1589,19,2028,724,1176,19,23931,17738,4821,30222,22464,7315,27703,18448,8942,17240,18740,14392,4036,5101,1530,408,188
102462,26694,65312,4493,3132,7248,288,104766,26800,67647,4585,4633,6761,216,81419,24810,48170,3349,2623,5248,180,76541,25374,43473,2774,2425,2187,23,2104,1593,1835,23,28755,21843,5116,36127,27997,7659,33707,24135,9161,12177,17038,14753,4258,6748,3645,628,625
95466,65169,19210,2693,1677,7634,420,109846,76063,21455,4337,2193,6866,646,76747,56298,12556,1747,1170,5170,274,85848,66560,12114,2572,730,3391,154,1917,520,2381,154,33294,8511,22849,50258,14745,34860,63686,17882,45269,9018,21846,20375,6642,9958,4237,758,738
96250,69553,16079,4146,4407,2621,687,104124,73805,17166,6072,4681,3077,270,71670,54404,10069,2580,2883,1754,409,75156,57477,9662,3770,2474,1517,50,2368,1722,558,50,31171,9913,18781,50130,18769,30540,57319,21248,35500,3505,15828,17332,6543,14821,5307,908,729
103348,73445,17526,4864,5188,2731,783,112865,79604,19729,4723,6714,3192,823,72486,53295,10938,2961,3473,1762,466,78251,59033,11358,2711,3438,1164,215,2015,2528,323,215,38325,11609,23738,56378,19526,36015,65319,21774,42976,2193,13042,15275,6633,18517,7331,1282,849
98458,67710,11620,4654,12998,1769,466,101160,67351,13053,4736,14141,2470,673,73677,53516,7336,2997,8593,1136,265,72549,53569,8189,2620,6732,778,104,2283,6238,380,104,41965,15854,23567,58517,25456,32462,61352,26431,34252,2519,11211,12941,5896,21184,10227,1933,1481
101033,70922,20616,3749,3028,3328,510,103079,72868,19829,4016,4395,2164,178,81085,60397,13682,2437,2262,2394,303,77344,60160,10715,2433,2575,1291,21,1997,1745,413,21,37058,12287,21785,49352,19045,29506,50001,19411,30099,6550,19426,19426,6780,14037,4743,1018,758
104261,68059,17447,6692,10008,2705,639,111698,72501,19456,6844,10010,3371,569,72024,48500,10932,4093,6776,1714,402,74908,52932,11959,3762,4606,1278,57,3265,3708,528,57,37953,13647,20747,54161,23156,30058,56050,23198,32211,2298,8743,14837,7452,19984,7403,1630,909
102368,73019,16877,4763,5503,2849,624,105624,73807,18849,5717,5890,3058,583,79597,59453,11065,3212,3994,1918,393,79004,60146,10960,3042,3318,1171,24,2288,2486,414,24,41729,13843,24221,53529,21562,31105,53140,21346,31238,4465,16262,18619,6876,16929,6172,1370,1034
103615,71740,20420,4423,3367,4269,725,102395,71219,18301,5414,3783,4044,786,79930,58375,13283,2894,2487,2902,461,75427,57651,10272,2948,2071,1846,296,2257,1519,1065,296,43361,13722,25643,54992,21146,32836,53071,20593,31831,4337,16300,19529,7335,14960,6851,1394,779
99898,50874,22159,8680,16018,3494,613,99783,51586,21542,9095,15827,3768,986,75045,41176,14847,5820,11147,2387,398,70474,43307,12657,5302,7209,1704,151,4439,6337,1093,151,36122,17039,16152,48943,26633,21496,47360,24419,22254,3919,11267,13858,6218,19471,9249,1452,1617
103525,55472,24860,8602,11755,4597,629,105835,60512,24168,7359,12000,4293,702,81412,46892,17391,5881,8747,3280,420,77786,50491,14665,4320,6060,1830,124,3319,5128,1226,124,42392,20948,17472,53864,30602,22205,50473,27852,21876,3667,13444,17042,8024,21074,8179,1149,1379
96380,57314,23564,5515,7798,3365,614,98129,57694,23679,5672,9574,2565,355,72937,45946,15758,3709,5712,2275,433,69565,45847,13448,3265,5635,1114,19,2969,4648,594,19,40522,16691,20181,51562,25148,25477,48593,22672,25300,4657,12038,15242,6228,16356,7055,1022,1034
97871,38267,48085,5902,2570,5338,869,99530,41732,47736,5587,2768,3821,616,70721,31333,31097,3888,1932,3604,555,61512,34084,21027,3306,1403,1398,59,2705,914,957,59,25421,11027,11436,32116,16880,14466,29744,15288,14044,11431,17570,16887,5637,8131,3113,337,210
99630,46684,33388,9264,4854,7611,932,97343,45005,34297,9331,4718,6138,883,77139,39716,22721,6477,3909,5334,577,69425,39366,18459,5757,2494,3030,142,4545,1802,2231,142,31470,15569,12359,40074,23238,15775,36101,20195,15293,7118,15659,17282,5944,12837,4789,705,422
96842,51474,23296,8530,8533,7510,696,99970,50966,25311,10154,9506,6044,715,78508,44934,16823,6040,6676,5283,494,76366,45254,17186,6144,4737,2515,254,5233,3645,1910,254,42295,24064,14430,51475,33344,17204,47132,29626,16766,4635,10959,14636,5888,18723,9326,2039,2549
97971,51428,22047,8131,13254,4625,682,102423,50555,24105,9677,14321,6155,909,85908,47371,17288,6368,12110,3587,490,80867,47279,17708,6049,6005,2777,386,4691,4517,1743,386,26299,15851,7643,36221,24684,10686,32618,20672,11401,4351,8469,12482,3555,16665,8257,1010,1771
100661,58714,19487,10801,8811,4274,644,100934,57871,19759,10475,10281,4098,561,79624,49412,13687,7594,6484,3027,420,76225,48907,12718,7276,5323,1664,182,6537,4477,1265,182,46039,23809,18716,59256,34803,23573,55975,32023,23222,2948,10209,14364,6223,22461,10655,1814,1703
97447,19047,52324,19822,5362,4747,619,101431,22275,51125,22422,6205,4723,598,67887,15418,34229,13041,3842,3266,403,64619,18392,27968,13163,3389,1408,289,11903,2974,856,289,26372,18327,6231,37016,26818,9636,38902,25871,12438,8826,15242,14137,5520,9689,4388,903,482
96997,13322,63009,16792,2673,5196,680,94818,14091,62447,15105,3140,5317,321,69710,11788,42576,11989,2061,3636,425,58243,12455,32487,10416,1172,1557,35,10021,952,1258,35,20323,15970,2996,27468,21769,5246,25312,18590,6327,17620,17195,11559,3667,5273,2447,633,271
103651,13378,75544,11542,2428,4388,525,113124,12858,84290,12672,2002,5900,334,70020,11171,48699,7323,1756,3036,334,60659,10576,40402,6950,804,1762,70,6662,711,1487,70,17334,12834,3328,24167,18145,5657,23572,15604,7719,18677,21982,11246,4066,4436,1745,232,197
98355,24309,56625,11593,5021,3830,765,101982,26015,56524,12027,5391,3887,812,69319,19729,37401,7419,3593,2534,550,64282,21317,30934,7434,2900,1240,112,6996,2608,716,112,25953,15383,8736,34662,21784,12332,33934,19402,14157,10144,17205,15031,6438,8164,3031,425,362
98867,21423,59648,11138,5777,3909,543,108353,23348,64983,15110,4891,3232,395,69612,17804,39215,7187,4204,2628,372,66566,20291,33301,9142,2739,779,45,8347,2237,473,45,23325,13930,7700,31627,20147,11015,30692,17817,12519,11904,19546,15498,5730,6217,2267,484,533
99188,10001,78528,8226,1795,3886,373,100562,9324,80167,8461,1501,4565,1006,66194,8223,50619,5283,1256,2612,232,47885,8076,32486,4869,531,1300,62,4439,467,1155,62,16524,12139,3232,21683,16312,4996,18524,12497,5827,19698,19543,9608,3675,2965,990,89,110
101974,19254,66525,11265,3886,4558,393,101645,19728,67475,10777,3513,4927,305,70575,16205,43335,7186,2625,3054,254,53305,16666,29404,4296,1437,1422,136,3527,1158,777,136,18027,11492,5162,23195,15677,7152,20158,12585,7336,17742,18111,11842,3616,4470,1332,215,121
94541,14070,67487,8793,2963,4411,286,98643,12824,73793,8804,2107,4630,182,66268,12142,45046,5710,2095,3091,176,47721,11429,29576,4347,1024,1400,26,3744,954,820,26,17117,12745,3216,21845,16748,4767,18812,13415,5168,21251,16084,9656,3769,5092,1767,502,299
96331,30029,48938,11036,3406,5646,584,97909,30650,49779,11449,3465,4304,349,74255,27251,33922,7840,2748,4124,401,62072,28257,22972,6568,2057,2050,61,5521,1505,1522,61,24089,17179,4936,32584,25065,6951,29963,21904,7587,14097,15145,12855,3679,12373,4606,983,581
99561,32500,45693,12345,6085,5936,466,97585,30559,47743,10161,6307,6128,375,74722,28191,30998,8415,4501,4269,305,61952,27122,23059,6199,2773,2765,100,5164,2526,1530,100,22183,12065,8337,28320,17233,10533,25576,14670,10559,11285,16980,13606,4466,7685,2197,302,196
94723,45692,32896,8970,5178,4028,546,95462,44776,34352,8913,6109,4443,591,72275,38357,22251,5881,3882,2799,339,67756,38407,19711,4878,3152,1232,39,4133,2359,847,39,30249,13296,14442,39045,19655,18658,36228,17521,18266,9574,20254,16130,6291,7769,3354,456,588
97211,68587,13316,3521,4401,8494,342,95984,69070,13617,3790,3744,6305,458,84060,62580,9768,2693,3568,5776,253,80245,62793,9141,2335,2253,3394,191,1367,1570,2985,191,46110,22951,19794,57677,31719,25130,53604,27651,25436,3854,11305,15850,5017,26161,9115,3256,1833
94519,66856,15902,4198,5370,2701,328,93618,64460,17349,3598,5936,1791,730,76943,56680,11304,3209,3832,1991,203,73290,54968,10959,2324,3909,676,454,1643,2962,334,454,48906,24496,21089,59962,33464,25808,57377,30579,26143,4049,8788,11803,4417,23121,10536,5946,1856
97975,54215,24713,10055,5266,5903,437,99322,53623,25530,11005,6034,5984,258,80620,47596,18283,7385,4079,4401,235,77336,47307,16232,6556,3695,3157,54,5916,2654,2362,54,39522,24855,11706,51327,35383,15094,48553,33058,14886,6228,11547,15776,5552,18665,8013,3736,1257
94599,52449,28044,7454,3968,4210,425,95516,50238,28653,11082,3056,6319,769,74674,45623,18640,5104,2918,3079,292,68924,44104,13623,6173,1766,2690,265,4900,1384,2021,265,36577,18176,15707,44604,25434,18471,41750,23566,17711,7748,13991,15796,6173,14388,6090,1759,1027
95029,63033,20175,3468,6114,2670,414,95683,61457,22126,4193,5876,2650,391,75483,53295,13461,2454,4477,1968,267,69770,53267,10225,2199,2453,1302,121,1767,1848,701,121,42689,18347,21301,51183,25159,25313,48811,23071,25227,5722,13058,14930,5721,17477,8884,2103,818
100093,65511,16863,5540,9937,2612,337,104491,65138,19514,6927,11056,3248,704,79084,54593,11587,3758,7167,1936,213,76176,55190,11605,3367,4295,1034,103,3017,3638,599,103,37696,16400,18515,50249,25176,24315,50959,24332,26119,4790,12122,15542,6107,18740,8656,1929,1234
95046,75164,8000,2750,7109,1682,330,99107,76611,9381,2407,8070,1205,359,73945,60375,5349,1857,4731,1196,211,73170,61654,5750,1271,3401,806,58,1015,2926,42,58,45020,15504,26928,59776,24085,35084,60139,23478,36177,1459,8579,13726,5913,22140,10466,3487,1427
100695,79724,6985,2790,9344,1393,254,100307,76646,8973,3534,9571,1354,316,83487,68210,5132,2085,6605,1020,143,79155,65468,5983,2368,4457,712,22,1778,3514,257,22,53500,22703,27808,65461,30619,34226,63946,28640,34756,1359,7864,12835,4922,28085,13284,4567,2877
99152,85576,6532,1871,2955,1725,267,101451,88105,6037,2266,2931,1525,211,85015,75093,4627,1303,2174,1268,173,84725,76549,4057,1455,1606,876,33,1078,1174,69,33,53547,16256,34533,68917,23334,44917,72943,24120,48387,2075,12767,17064,7521,24140,10768,3092,1711
97533,72696,11267,3588,7852,2197,443,102642,75784,10324,5095,9728,1804,720,72655,56073,7303,2336,5327,1506,242,71973,57610,6435,2570,4225,670,46,2222,3528,298,46,39668,12732,24460,57380,21098,35674,60986,21766,38784,2660,9340,15584,7215,18645,9455,2256,1755
99123,61953,19536,6159,8800,3229,496,103237,63769,21048,6987,9482,2590,592,77914,51992,13190,4093,6343,2347,350,73781,53394,11252,4430,2850,1215,107,3444,2554,479,107,37179,14634,19643,46646,21296,24521,44627,19702,24420,5156,16404,17445,6322,15020,6799,880,797
101891,60397,26156,7747,4609,4369,550,101447,58456,26438,7079,7164,5214,535,79319,50130,17928,5215,3421,3108,363,74727,48650,15273,3911,3637,2608,203,3103,2592,1240,203,36391,14246,18970,45419,20814,23673,41040,18170,22338,8491,17146,18660,7449,11472,3996,604,540
96904,65492,18005,5436,5745,2926,442,97129,63400,20606,5525,6301,2893,496,77194,54620,12465,3734,4316,2112,279,75582,54379,13282,3290,3034,1320,24,2222,2565,391,24,41534,15114,23378,51116,21407,28912,47816,19562,27759,4918,16934,17617,6574,13364,6049,1064,731
103158,63354,29214,6112,2697,2957,465,101628,59019,30985,7047,2524,3156,763,85443,58075,19530,4085,2026,2068,297,81272,55231,18973,4005,1259,1182,316,3182,919,558,316,41341,16532,22393,51589,23380,27630,50253,22805,27042,9442,24531,21043,8130,9876,5018,751,510
100958,84711,7875,2910,3837,1778,276,102445,83525,8777,3671,4858,1997,213,87931,76592,5151,1984,2664,1287,177,86491,76030,5517,1671,2189,885,60,1409,1858,303,60,53142,17470,33233,65147,24119,40494,65688,24645,40654,3284,18745,22035,7434,18010,10011,1879,1135
97251,60695,20802,8459,5215,3142,756,103915,64549,21845,8710,6384,2395,1292,69777,45825,13084,5464,3553,2047,471,73268,50570,12039,5388,3225,1173,226,4538,1971,452,226,32758,11405,19012,46857,18953,27190,49503,18919,30130,3220,15645,16945,7357,12599,4365,740,485
100829,52573,30287,9952,6771,2990,735,113178,54597,36911,12673,8072,3370,319,75448,42902,19701,6711,4759,2062,469,80596,45281,21516,8158,3732,1622,139,6915,2984,1004,139,36478,14496,19469,50530,22935,26876,56128,24453,31166,5145,13944,17006,8555,15075,6955,1397,746
97265,50457,33663,7686,3615,3366,637,111371,55923,42458,8019,3644,3547,404,71317,40192,21703,5109,2448,2352,436,78171,45707,23797,5139,1900,1226,74,4666,1193,726,74,27516,10341,15366,46144,19415,26016,56030,22586,32951,5452,15153,17604,8558,12769,5316,614,422
101333,66038,13379,3045,5831,13674,716,99093,68442,12738,3234,4396,9885,846,82318,56162,10071,2303,4353,9330,470,78435,59156,8571,2178,2246,5560,342,1547,1505,3515,342,40582,22319,14037,47935,29700,16716,43925,26089,15922,6314,17898,18421,5852,12631,4782,1623,1203
98405,67614,14919,2455,4149,9523,852,95692,64269,16798,2810,4642,7997,833,78275,56887,9982,1655,2824,6643,579,73904,56163,8809,1261,2345,4420,165,956,1876,2154,165,39407,20713,14540,47132,28029,17513,43951,24664,17446,7333,19205,19063,7131,11771,4038,1009,553
98766,60120,26179,2653,3218,7630,594,96696,58605,26645,3266,2884,6969,607,77439,50914,17266,1805,2397,5260,383,69917,50551,12695,1539,1549,3107,164,1109,1218,1521,164,35080,17336,14624,41768,22565,18064,37917,18654,18044,9739,18861,19171,8197,8686,3094,964,444
98904,66777,22938,1556,2765,5473,501,101084,68732,23099,1614,3387,4416,552,82152,58933,16016,1070,2057,4046,356,76729,60954,10901,1041,1605,1884,199,624,1068,795,199,50056,34426,11296,58530,43542,13508,53126,37824,13329,7641,15541,19173,6985,17051,7587,3222,1298
96967,60790,23527,2566,6986,4287,930,95810,59147,24885,2798,6498,4114,1186,77873,52012,16385,1809,5029,3066,661,71611,51360,13107,1375,3681,1270,262,727,3217,441,262,51195,34807,12733,57273,41594,14324,54559,38046,14799,5636,11954,17022,6826,17283,6938,2774,1145
98680,35248,48665,3989,8053,5974,923,99665,33325,52403,3849,8987,4781,1020,74959,30605,32815,2794,6145,4350,697,60081,29887,22360,1843,4479,728,180,1441,4087,240,180,30578,22029,5996,37631,28559,7964,34442,24188,8960,15983,13928,15993,6226,9845,3701,998,299
98832,63856,22878,2055,7207,3212,793,98475,66748,21349,2443,6011,3080,628,81958,55884,16289,1516,5847,2418,561,78045,59207,12521,1629,3334,909,104,1261,2501,113,104,50013,35218,11575,58379,43838,13352,55640,40722,13302,5201,12408,18310,6619,20221,8330,3103,1558
97937,60425,24706,2781,6781,3895,857,94385,55888,25091,3269,7579,3820,1066,78999,51782,17277,1915,5268,2823,611,69266,48516,12740,1848,4428,1051,159,1122,3297,196,159,45833,31882,10335,54963,40387,13162,51291,35908,13514,5219,13909,17038,6929,15220,6492,1987,1039
98106,65342,20226,2784,7049,3441,698,96865,63726,20779,2984,6792,2273,402,79064,55675,14070,1922,5118,2487,529,71290,56033,8504,1567,4398,606,19,1163,3225,57,19,51665,38220,10008,60080,46830,11960,56641,42861,11942,4983,9878,14149,6383,22762,8813,3358,1806
97597,64841,18015,2851,9404,2857,588,96868,63322,18828,3154,9462,2468,612,78420,54351,12833,2089,7068,2104,438,71514,53788,9513,1969,5426,451,151,1422,4045,32,151,53087,41438,8816,58574,47961,9537,54319,43757,9104,4234,7979,12704,4858,25045,11115,4575,2081
105739,69249,19584,4582,10026,3454,505,104280,67404,20264,3879,9266,2334,323,83257,56587,13729,3837,7172,2553,389,71772,55169,7315,2597,5618,692,94,2038,4921,91,94,52990,43219,7023,60454,51233,8145,55661,46123,8154,5755,6200,9030,3547,25548,14659,7005,3279
108532,76651,16591,4107,2969,8592,1075,104591,74960,16358,4018,2770,7142,734,88759,64519,12443,3290,2174,6091,744,81821,63442,10025,2759,1145,4023,209,2536,959,1900,209,45602,14395,28079,52959,18833,32956,48692,16476,30750,9478,23108,23488,8544,10464,3215,1059,518
98976,72733,11068,2830,5948,6753,646,98031,71717,13231,3134,5722,5049,944,77488,59426,7224,1721,4165,4692,413,73965,58753,8408,1391,2846,2222,132,828,2332,881,132,41420,12626,26009,49241,17429,30569,47059,15952,29811,4786,16256,20781,8581,11482,4155,1394,520
98932,76514,10398,1374,3015,7347,488,100209,77851,9779,1741,4533,5327,440,78293,62714,6901,761,2070,5252,321,77869,65057,5712,1089,2600,3201,74,440,1952,1122,74,44969,11379,31026,52714,14814,36850,49797,12983,35725,6571,19880,23368,8567,10577,2735,1223,369
100832,49825,42219,1515,2539,6525,607,98841,47157,43929,1517,2770,4213,343,74779,40850,27481,969,1835,4520,383,62328,39518,18601,776,1286,1897,115,539,991,702,115,32360,10831,19576,38919,13902,24133,35975,11287,23775,12746,20523,16068,5987,7325,1900,418,153
95389,62168,19547,3461,6125,5149,787,93210,60327,19275,3556,6781,3365,884,77594,52820,14457,2377,4597,3657,591,73362,52861,12817,2298,3451,1432,237,1723,2592,438,237,36429,20753,12132,45968,28923,15589,41153,24920,14616,3997,9034,14555,5826,14856,5347,1767,1266
99969,66663,17772,2775,7060,6449,676,101086,66041,20131,2513,8394,5037,546,77525,54543,12040,1679,4829,4540,458,73513,54368,10939,1329,4480,2008,108,932,3831,509,108,51683,18901,29033,49812,19731,28757,47329,17537,28429,7819,18272,19421,7519,12216,3537,1489,805
99633,41366,31568,3301,20274,5240,761,98857,40226,32532,3738,20180,4364,925,74581,33780,20687,2140,15147,3731,521,64237,33864,15356,1878,11368,1359,262,1226,10793,503,262,33269,13076,18176,42643,17368,24377,39336,13016,25372,13287,15665,16103,6529,9068,2964,840,530
97849,52570,26313,5267,8505,6930,1009,98140,50428,28257,6850,9996,5710,1007,72765,42449,16939,3357,5748,4783,648,68324,41569,14989,3612,4997,2448,251,2937,4377,801,251,29068,9823,17149,36548,13391,22149,36103,12491,22622,10598,16849,18351,6534,6935,2643,587,363
102241,82810,10416,1150,2946,4123,536,102481,82674,11001,1388,3587,2555,411,84331,70399,7181,736,2080,3057,345,81614,71687,5931,750,1547,1466,29,354,1091,229,29,54068,26052,23364,64750,36368,26782,62125,33780,26174,3889,15698,20904,7854,19803,7518,2131,1210
98388,66779,20342,1230,3797,6442,609,96743,66949,18797,980,4311,6179,582,79725,57271,13982,794,2844,4599,376,74312,57697,9863,564,2314,3402,141,360,1687,2120,141,42011,20877,17900,52764,30181,21253,49098,26638,20866,5916,16006,17865,7042,16967,5485,1668,1118
96424,75118,11350,1420,4070,4050,510,98781,74274,12872,1417,4904,2651,641,77720,62648,7739,911,2869,3003,338,77586,64955,7721,746,2335,1155,205,488,1701,260,205,49543,17989,28083,60927,24134,35217,58733,22221,34819,4350,15684,17768,9120,17214,6893,2239,771
97198,62459,16893,3367,11899,3346,991,97541,63464,17528,3848,12075,2204,1133,75845,51389,11527,2296,8349,2412,673,73508,52274,11593,1952,6660,640,157,1416,5589,124,157,42428,17658,21813,54508,25447,27705,49691,22358,25733,3833,11412,16903,7312,19742,6795,2529,749
96974,57387,12766,3949,21104,2574,936,102914,59699,14302,4015,22937,2074,1061,70593,43857,8125,2560,14322,1721,629,70740,46320,8564,2199,12267,712,190,1734,10627,61,190,36332,15849,18215,53949,26175,26508,58125,27776,28556,1774,7872,14624,7034,21232,7258,2247,1015
96906,64508,16600,3017,10219,3419,932,103778,64606,18520,4984,13164,3489,947,74939,52577,11030,1942,7172,2415,577,76937,53849,11480,2379,7338,1139,124,1837,6070,146,124,44620,17385,24518,55875,24475,30153,59299,25881,31873,3593,12966,16775,7926,17243,6905,2106,941
97223,72240,11514,1668,7982,3580,645,97838,71461,12959,1497,9288,2269,695,75715,58521,7553,1133,5419,2521,410,74295,58860,7920,784,5254,1056,49,506,4372,179,49,49441,18671,27305,61245,25953,33873,60020,24527,33839,2960,13100,17185,7614,18973,6988,2444,1000
103066,76282,14226,2628,4791,5059,712,105907,78344,16296,3295,4742,3321,557,84590,64703,10210,2043,3399,3789,488,84359,67401,10567,2161,2182,1667,53,1442,1789,563,53,47861,16008,28731,60568,22206,37001,58956,20770,36729,5609,21217,21795,9784,14233,4597,1315,753
101677,77839,12529,2088,2868,5999,754,101075,77478,14014,2440,3163,4987,985,84651,66661,9094,1693,2098,4543,530,81657,66407,9030,1742,1471,2594,153,1279,1170,902,153,49264,17928,28127,58404,23295,33726,55542,21142,32978,6082,20151,24200,8583,13152,4562,1150,703
97781,55174,19539,8315,12357,4221,1473,96086,53870,19360,9331,12185,3112,1113,73606,43485,12983,5512,9225,2955,1031,66155,40266,11400,5017,7406,1097,342,4333,6530,317,342,33026,14532,16202,44305,20183,23040,41073,18231,21643,6782,21215,16646,7482,9039,2514,562,141
96828,67454,15449,4252,6489,3842,953,98877,71322,14954,4837,6140,2987,718,77085,55890,10575,2797,4840,2874,611,74410,57651,8902,2343,3798,1038,203,2048,2472,357,203,41703,16556,22048,52058,22679,27870,47548,20539,25604,4855,16111,20274,8246,13684,4793,1505,770
99752,48761,24987,14035,10350,4468,1561,99203,48178,25215,13875,11558,4550,579,74363,39602,16399,9254,7040,3291,1007,62794,35315,12529,8182,4910,1783,159,6786,4231,388,159,27323,14057,11140,36466,19372,15962,31306,15900,14402,8477,19935,18224,6750,8212,2318,577,364
96904,64000,14234,6089,9923,3357,987,95239,61020,16271,6719,9482,2848,755,77370,53934,9938,4122,6873,2512,664,70742,49575,10671,4232,4645,985,189,3438,3513,157,189,43914,21234,19415,53256,28431,23409,49148,26248,21255,4961,13726,17623,7368,16324,6514,2231,1043
105538,54137,14041,7228,27883,2627,1168,109959,56089,15565,8071,29089,2186,906,80742,43398,10057,5508,19598,1765,843,76478,44361,10183,5542,14614,958,308,4928,13123,249,308,40241,19697,17603,55025,29673,24005,58490,30761,25533,3836,9389,13234,6470,22925,11361,2552,1582
100961,48669,23275,13657,13461,4089,1815,102419,49927,23749,14444,13655,3942,1370,78605,40866,15745,9439,10229,3049,1225,70113,39188,12219,9265,7444,989,415,8270,6475,206,415,35893,20134,12981,45291,26721,17239,39490,22488,15605,7020,16473,18661,8542,13536,4601,932,416
97634,18520,23953,14272,39342,3121,3114,94911,16360,24359,12700,39912,2580,4563,72330,15685,16127,10044,28513,2205,2253,61266,14395,12545,8215,22670,408,2275,7420,22076,30,2275,26863,17711,7707,37399,23895,12750,33133,19076,13030,11858,16071,14643,5854,9402,2306,624,418
95701,46154,27490,5726,14457,4025,1404,98067,46314,29497,6832,14517,3168,796,73522,38411,18649,4037,10306,2921,927,70287,39118,17044,3966,8743,979,164,3258,7786,204,164,39192,16672,20082,50010,22564,26215,47134,19794,25793,7115,15545,16556,6815,13788,4278,1334,636
98896,24299,18839,14737,41088,2680,2455,101722,25406,19051,16230,40702,2106,2758,72787,19637,12564,10261,29288,1937,1700,68750,20370,11577,10366,23748,450,1269,9000,22384,106,1269,35278,23109,10187,48253,32300,15048,45422,27873,15919,5993,10863,16168,6904,17289,5614,2034,921
97468,17087,25387,18282,35515,3053,3818,100759,18479,25916,18010,36327,2713,5301,72262,14330,17057,12776,26083,2109,2879,65223,14526,13750,11802,21279,533,2469,10343,20328,186,2469,28432,19949,7017,38972,26821,11302,33733,20734,11847,10667,15225,16509,6076,10695,2976,878,587
95081,48061,18223,11454,15750,3477,1192,94915,47103,19779,11702,14781,3832,1401,73402,40723,12712,8051,10004,2608,843,63847,38126,10879,7403,5775,1687,239,5579,4582,228,239,35184,20740,11834,42692,27019,14457,37334,22831,13120,7242,13460,14859,6352,14552,5796,3491,958
95376,20586,25481,19570,28770,3504,3385,98068,19769,29400,20519,29543,3796,3076,73257,18119,17348,14057,22085,2468,2464,68778,17297,16411,12953,19198,682,1372,11483,18194,84,1372,34648,25604,7284,42710,31901,9843,37159,26269,9687,8966,14314,15534,6532,13883,4672,2337,1116
101058,24593,40151,13417,21574,4564,2397,101620,24800,38844,13778,22704,4313,2424,76044,21514,27541,9310,15897,3415,1619,67036,22133,19811,9232,13626,1008,920,8284,13094,218,920,27661,21055,4903,35722,27322,7481,31850,22798,7739,14655,15603,15371,5490,10097,3696,1447,724
99306,52875,23450,9875,11059,4103,1286,95196,50940,22922,9342,11079,3450,936,84971,47552,18437,7683,9048,3229,1007,76092,45471,15713,6569,6609,1069,279,5324,5659,132,279,40702,29560,8100,49461,38059,10082,46068,34854,9340,5154,9077,13051,4713,21052,8874,4494,1461
102529,35080,27371,18090,20965,4225,2020,102611,33648,28401,16641,23466,4012,2022,81131,30708,19723,12877,16183,3045,1397,75167,29392,18553,11054,14233,973,657,9685,12743,169,657,35554,26250,6978,47954,36430,10361,43574,31241,10622,7116,13262,17451,6218,18433,6801,2380,1350
104242,24821,32564,18591,27360,4026,2810,104354,23353,32307,22779,27090,5052,1533,75832,20400,21579,12626,19571,2773,1994,66977,19246,16314,13570,15443,1189,608,11820,14798,163,608,27015,19165,6309,38716,27438,10341,34095,21903,10957,10511,15756,14513,5389,14642,5384,926,562
101690,50297,20245,5095,24397,3112,1120,101741,49117,19547,4497,27527,2789,769,81747,42396,14822,3562,19256,2236,811,75046,41121,13559,2669,16172,806,291,2110,13717,219,291,44471,33018,8506,51440,39379,10848,47490,35329,10447,3443,6561,9297,3746,17280,9185,4794,4980
101828,37698,49125,3690,9375,5144,1047,104502,37533,50966,4695,9842,4643,1222,77413,31860,34254,2499,6825,3783,741,68125,31774,27416,2661,4623,962,339,2007,3621,403,339,33445,19156,12019,42953,25763,16110,40794,22506,16839,12099,16469,14883,5810,10962,4532,1206,1364
100604,50092,28324,6872,13316,3788,1609,104878,50090,29688,7384,17919,2781,923,80073,42410,20083,4985,10432,2891,1091,76276,42399,17048,4290,11138,688,82,3296,9501,160,82,38661,19219,16841,47568,24139,22184,47746,23873,22574,5341,14304,16807,6499,12722,4558,1399,755
107722,39149,27872,19890,20707,4326,2475,108092,36473,29481,21248,21336,3836,3010,84964,33179,19578,15269,15609,3134,1616,78660,31612,17488,14649,11744,1139,938,13404,10542,333,938,35195,20272,12623,46153,27952,17049,44186,25492,17507,7392,18699,21164,8619,12472,4461,1093,587
97887,27798,32334,17824,19981,3750,2142,96896,26467,35714,15887,18676,3147,1914,74642,23849,21693,13014,15110,2774,1477,63494,23253,16407,11136,10442,876,775,10041,9775,129,775,32905,20878,10047,41391,27097,13277,37108,22584,13274,9210,15840,16446,6366,11563,3887,997,493
97107,32148,21260,16332,27030,3186,2041,97180,31705,21791,16636,27959,2859,2448,77696,28107,14903,12138,21339,2347,1416,70690,27792,12254,10856,17974,940,520,9322,16444,124,520,40911,29047,9587,49987,36278,12678,45235,31087,12835,6437,14487,18264,7674,17455,5018,1392,865
100290,23818,33928,18650,23532,3455,1799,96813,22443,34619,16150,23458,3042,2908,78260,21103,23595,13905,18632,2601,1256,64537,19857,16241,11374,14628,768,627,10516,13514,245,627,33300,24970,6517,41816,31600,9312,36595,25649,9836,10900,15774,15586,6260,12062,4197,1084,738
100785,56945,35596,1553,4078,3785,551,97249,53873,34762,1974,4838,2827,377,81704,49873,25232,1104,3086,2917,380,70391,47328,17873,1024,3082,800,94,760,2290,120,94,46827,29752,13931,53909,36846,15816,48643,32023,15138,10934,12471,14903,6153,18727,6534,2604,1260
102668,33617,39635,16118,12611,4424,1854,104306,33672,41413,16805,12989,3842,1344,75981,27737,26700,10925,9111,3189,1219,70369,28973,21732,9828,7600,967,516,8975,6758,120,516,31530,19095,10567,42926,26648,15261,40139,22405,16539,8983,19106,17061,6725,10982,2446,435,320
101904,15609,48375,18378,19811,3815,1696,101494,14186,50678,16415,21038,3761,1815,76018,13590,33216,13140,15384,2666,1208,62082,12762,22951,10774,13261,454,748,10259,12244,156,748,26432,20257,4882,35554,26983,7812,31046,20931,9199,15543,18179,14556,5697,9471,2513,491,314
100975,30387,29160,20494,20700,3427,1997,103147,32004,27138,20547,23012,3656,1906,76553,25205,20341,14457,15487,2513,1348,71773,27534,16027,11945,13774,979,551,11111,12662,373,551,36534,23681,10910,48729,32794,14911,45363,27806,16109,6678,15302,16347,8109,16188,4654,788,512
103261,42161,35582,5841,18261,3564,1240,102276,40708,36474,5576,18436,3025,1271,82046,36451,25426,4374,14270,2639,849,67004,34987,17253,3603,9795,662,212,3143,8497,43,212,37272,24832,10047,46538,32528,12851,41068,27249,12543,9918,16001,16816,6169,17344,6011,1269,1024
100925,60430,12935,4056,22171,2012,796,101039,57279,14406,4860,23092,1738,1016,81551,50948,9479,2951,16683,1464,581,74697,48093,9090,2783,13375,450,79,2281,11281,162,79,49679,32908,13741,60308,42366,16677,54949,37410,15772,2216,7347,11851,5763,27395,13775,4277,2181
103546,66600,11897,3141,20155,2096,792,103362,64256,12794,3429,21895,1965,947,81097,54656,8232,2096,14409,1524,526,74923,51625,7865,2230,11821,576,190,1680,10097,64,190,55793,38970,13209,66054,48813,15777,61387,44290,15083,2418,7093,10852,5080,27117,12493,6056,3136
100909,70622,8435,1937,18304,1416,634,99412,66185,8810,2878,19947,1329,427,79800,58083,5864,1323,13057,1032,428,74276,54722,5400,1544,11926,340,76,850,10553,40,76,56726,35808,17541,67906,46094,20537,62893,42385,18631,1274,5065,8948,4844,29445,14092,4836,3025
99528,39247,14901,5022,39554,2025,965,101897,37561,15492,8317,39502,1916,1226,73304,32052,10164,3374,26691,1432,634,67566,30904,8577,4772,21924,753,338,4078,20812,163,338,37093,21318,13872,51655,31764,18977,48524,27419,19279,3257,8889,12532,4973,21108,12793,2388,1974
103102,39069,13057,4722,45416,1995,962,99583,37430,11729,5019,45216,1829,588,78907,32535,9668,3383,32062,1515,662,65215,31356,7533,3500,21701,654,49,3003,20358,305,49,40780,26586,11603,51502,35726,14706,45970,29854,14199,2808,7623,9976,4941,25741,13915,2209,2335
100434,42992,17399,3493,35367,2409,882,97861,39837,17737,3029,36597,2037,1028,75489,35552,12041,2424,24197,1814,583,61874,32258,9368,1884,17134,554,268,1552,15969,90,268,38380,22806,12762,49503,31836,16545,46035,28028,16380,4101,8303,12032,5599,22993,12152,1930,2512
102067,46947,11802,2852,39050,1949,783,99168,39944,12989,2810,43020,1738,1472,77925,39069,8311,1999,27085,1466,524,62917,33310,7718,1222,19229,343,259,1130,17775,46,259,45141,27721,14399,54519,36436,16830,48514,31100,15538,2389,7690,10162,4950,24740,15551,2510,3027
99440,29234,30108,14247,24930,3714,1232,95737,28896,28768,14865,23608,3908,1147,79056,25354,21772,10895,19426,2863,905,67846,25013,15638,10370,15146,731,191,9451,14282,42,191,36204,27049,7144,46085,34731,10399,40696,28372,10946,7228,14128,15443,6598,17306,5184,1085,938
103240,12127,58741,19119,12927,4998,1048,102554,13724,58708,16322,14543,5617,920,78357,10907,41148,14984,10523,3650,732,58083,12355,24220,12198,8179,485,315,11460,7396,150,315,25989,22994,1803,33382,29192,3570,28566,22542,4973,17214,15718,13291,4339,10166,4030,644,701
102045,35299,20314,14957,30366,3022,1111,103326,35986,22385,15012,29994,2959,1738,83336,30786,14796,11548,24589,2313,832,74198,30823,12144,10131,19277,523,505,9168,17904,76,505,48681,40120,6042,56803,47494,8318,51067,40614,8548,7399,12198,14447,6349,21454,11238,2626,3063
104218,38523,17146,24251,23417,2963,1212,98272,36143,14584,24564,22732,2214,429,86706,33507,13437,19384,19147,2329,875,71941,30551,8970,18041,13231,479,155,16741,11605,96,155,45165,40226,1674,52053,48098,2763,44396,38587,3173,5038,9129,11312,4180,24004,14329,2778,3718
96648,49837,12428,7510,25815,1702,492,93855,47557,11285,7834,26377,1817,416,86191,44724,10821,6222,23147,1377,349,72261,40183,8637,5716,17012,426,77,4775,14089,100,77,49273,44488,1629,48082,45025,1949,44539,40010,2278,1886,3042,6218,2042,19341,13460,4734,6767
104875,60439,10506,12921,19803,2263,744,108998,62453,10158,13516,21640,2236,583,86598,51772,7891,10399,15091,1749,505,83034,52818,6720,8710,13493,727,164,7573,11405,268,164,65620,58438,3635,71353,65947,4145,64780,57943,3934,2832,4462,8708,3429,31204,20868,7813,5350
102560,26081,19987,21188,35273,3330,996,103172,24448,21180,24058,33389,3853,1240,88363,24420,15402,17765,30258,2576,729,75621,22724,10948,16423,23398,677,534,14579,22033,229,534,38489,33810,1991,45042,40230,3768,36695,29913,4090,12196,12355,11142,4269,23347,11189,2350,1912
100354,22475,27885,32153,18409,4571,1152,103544,25058,29767,29872,18860,3390,1357,79548,19434,19744,25525,14608,3282,830,70498,21058,12732,22438,12488,571,540,21252,11634,163,540,43198,38643,2439,49575,44765,3902,41972,35975,4263,10085,13053,13387,4697,19338,10590,2519,1721
98965,5763,59818,25685,7637,6298,1494,93592,6029,58153,22276,8852,4019,774,72244,4846,41192,19916,5893,4470,979,47645,4856,20946,16091,4772,465,136,15431,4508,203,136,20636,18934,790,25913,23132,2195,19736,15766,3166,17882,17413,10704,4003,7772,2195,250,192
103208,36072,16212,8851,41568,2566,1328,99701,35089,16824,9035,37961,2665,1230,82781,30785,11783,6591,32524,1944,966,69488,28915,9447,5103,24582,635,293,4378,23119,142,293,46575,37180,6837,55119,44562,9423,48631,37573,9325,6963,10347,12503,5073,24010,10442,2658,1909
97395,19859,32586,12193,32762,3234,1677,95917,19137,32701,11080,33082,3058,1330,78163,17723,23759,9389,26578,2520,1236,64151,17030,16681,7344,21312,714,641,6627,20654,239,641,34313,26901,5662,41850,32299,8725,35208,25077,8956,11336,17326,15185,5730,16148,4649,1042,753
100050,28144,28539,13761,29323,3398,1741,98278,25431,28087,15691,30400,2022,1428,78493,24519,20122,10358,22540,2614,1258,66077,22686,14469,9653,17709,642,424,8945,16770,224,424,37048,27010,7783,44935,33259,10639,38794,26773,10579,8492,15325,15349,6814,16576,7134,1290,1250
104868,11821,53873,10795,25900,3952,4672,100040,11344,50442,9018,26570,2593,4857,80381,10688,38052,8231,20839,2974,3636,56321,10403,21562,6260,15037,344,1928,5849,14263,145,1928,26667,21543,3726,33902,26371,6778,27339,18970,7428,15691,19571,12588,4474,11973,3703,597,634
104083,18128,26731,7493,51253,2828,2297,102178,19221,24991,6958,50813,1896,2134,83680,16315,19906,5735,40567,2173,1721,68226,16494,15651,4897,29440,378,900,4256,27944,131,900,37370,28573,6946,44809,33700,10274,39165,26465,11183,8890,14929,12871,5139,21336,10094,1340,1910
103426,11684,19875,5689,65242,2109,2747,102626,10999,19351,5289,66206,1461,2506,81177,10279,14629,4289,50730,1538,2126,64455,9241,11426,3868,37715,407,1336,3544,36715,183,1336,33727,26235,5906,44138,33203,10229,37710,25027,11078,8197,13571,12124,4827,21687,12008,1519,1661
99816,19770,20058,4192,54780,2312,1543,95802,18569,18774,4653,53305,1400,1145,77642,17353,14711,3169,41224,1688,1182,54225,15761,9746,3129,24427,399,391,2963,23570,204,391,31111,22518,6783,38064,27656,9653,33152,21458,10254,6750,13829,9794,4218,21533,12381,1083,1773
103770,14761,10664,2503,75415,1290,797,103348,12943,12045,3595,74006,838,1014,79673,13172,8040,1850,56028,968,552,59761,11083,7763,1932,37967,236,274,1839,37135,129,274,34804,25484,7555,44795,32393,11572,39700,25263,12357,4257,9065,7554,3719,23228,20187,1697,3041
104605,34948,30595,13468,24361,3885,1648,97909,30770,29993,12928,23812,3425,1041,90308,31994,24673,10937,21290,3254,1219,66760,26186,14988,9020,15054,722,429,8067,13496,286,429,42802,38378,2094,45840,40993,3794,42496,35450,4832,11837,11003,10031,3559,24200,11293,2440,2314
104320,37901,16250,8931,39753,2719,838,97767,31475,16667,9472,39415,2233,699,95025,35793,13673,7924,36034,2314,700,68436,27303,8936,6102,24479,765,427,5143,23083,324,427,35436,30850,2679,40492,34963,4591,36216,29353,5225,8334,9687,9597,3623,25160,15751,3981,3334
104428,56864,7646,2775,36027,1164,511,94362,48723,8541,3097,33098,1249,348,95190,52930,6639,2309,32127,965,396,74182,42411,5767,1899,23335,377,144,1562,21611,58,144,52543,43908,5729,54146,45821,7253,49970,39946,8254,9463,6871,7445,2795,33153,15912,5330,2352
104227,55297,13245,9307,25125,2044,681,99924,50703,12482,8654,27052,2061,685,93744,50961,11271,7787,22316,1721,570,80400,44572,8954,6439,19173,489,470,5314,16719,38,470,59556,54083,2779,60634,55500,4070,56740,50042,4502,3970,6862,8653,3314,34820,18338,5771,3772
104154,57238,10775,4228,30547,1844,540,102453,52807,11908,4426,31273,1985,656,89022,50250,8839,3462,25073,1521,429,79488,44254,8438,2756,22812,627,54,2229,20650,234,54,62589,54739,5018,66885,59638,6140,62312,53833,6315,3590,5346,7970,3973,34283,17905,7053,4680
102571,49534,9489,3758,38585,1512,570,97507,45801,10639,3542,36324,1749,705,88385,43274,7859,3094,32872,1211,485,75735,38813,7609,2132,26246,347,86,1570,24186,136,86,52594,44229,5473,57839,49315,7387,53412,43640,7622,5664,5052,8702,3875,32606,15381,4831,2167
103236,32865,10030,4344,55444,1464,609,101892,27963,11221,5023,58036,1142,750,87906,28603,8219,3669,46715,1220,477,77079,23711,7160,2961,41882,418,282,2385,40418,76,282,47745,37655,7453,55516,43479,10904,50055,36166,11647,8994,10718,10976,6162,28642,9855,3516,1791
104038,12759,27877,6326,57200,2329,1214,99866,13668,25483,5476,56560,1777,1222,86720,11318,21893,5145,48105,1869,954,68522,11772,14040,2935,38815,296,437,2668,37979,119,437,37121,30407,4919,45478,35340,9185,38235,26110,10451,17022,16314,13540,6140,19381,5302,1502,1027
101541,16516,32456,8464,43433,2964,1995,95761,16811,27955,6317,44693,2519,1511,82448,14777,24238,6653,35612,2283,1510,65524,13761,15880,4658,29978,387,544,4311,29097,75,544,34302,27504,5304,43759,34069,8818,36734,25600,9738,12702,15330,13845,6716,17322,5140,1567,1324
99921,12187,25115,3393,58914,1960,1425,97995,12622,21288,4188,59362,2383,1693,82649,10752,19353,2685,49128,1534,1100,71198,11067,13399,2504,42505,293,620,2316,41897,219,620,30481,24518,4779,39797,30679,8514,32030,22201,8777,9760,16058,14836,5662,21565,4617,1117,949
100015,36374,19444,2281,39637,1870,2294,97309,35481,19343,2366,37372,1174,2383,80039,30788,14744,1679,30656,1413,1738,65938,29332,10804,1379,22865,281,825,1167,21826,86,825,41657,30634,8962,50728,37889,11878,45102,31077,12329,5576,11473,12306,5383,22780,9037,3157,2355
99472,45491,18637,2408,31258,1782,1194,95530,40237,18521,2728,31809,2254,704,78540,38104,13483,1810,23580,1320,894,61663,33699,8092,1626,17410,357,200,1157,15984,109,200,46166,34140,9660,53179,40978,11140,47999,35640,10829,3880,6712,8812,4206,22977,15328,4168,3711
98540,33748,16422,2561,43373,1493,2168,96362,30351,17500,2509,43491,1614,2207,78386,28676,12061,1918,33500,1141,1578,58097,25302,8502,1503,21261,191,847,1250,20251,23,847,37636,28368,7418,45709,35414,9450,40618,29708,9415,4802,7318,9195,4223,23886,15197,2577,4465
102927,22469,59718,6777,10998,4318,3588,100057,20836,56709,6566,13128,4635,3194,80230,19667,43181,5523,9276,3288,2647,57042,18226,25124,4690,6706,335,1619,4285,6002,60,1619,29114,24072,3521,35522,29705,5060,30004,23121,5850,15391,14530,11942,3564,12940,6510,1520,3158
103157,66359,11315,1939,21717,1482,736,100586,60569,12546,2848,23234,1699,764,79828,53558,8243,1398,15108,1110,514,68735,47538,7609,908,11924,388,131,756,10150,51,131,55812,42488,10277,62995,50291,11449,58732,45998,11042,2116,5411,8485,3815,22843,17480,5648,6615
101255,46658,19133,2683,31397,2274,1318,97295,44425,18803,2439,30221,1672,1468,82554,40037,13927,2066,24884,1764,971,72479,37700,10980,1303,21065,438,675,820,19913,23,675,49226,36991,9552,59110,45578,12368,52757,38751,12360,4774,11472,13813,6517,23132,9699,3172,2654
101705,48515,9516,3517,38269,1249,797,99334,43565,10153,3837,41037,1185,549,83634,42044,7383,2912,29564,974,625,64770,34180,5868,2474,21355,303,70,1872,19475,158,70,42117,35003,4815,46448,39262,6215,42573,34385,6490,2280,2887,4498,1932,18107,18938,4754,10837
98627,37034,14710,2085,43780,1575,516,96805,34717,14860,3329,43978,1739,368,77495,30817,10622,1603,33427,1177,376,53402,25582,6568,1974,18704,203,52,1495,17687,35,52,36143,28108,5854,41822,33350,7538,38312,29306,7597,2887,4760,5976,3593,21703,20850,3317,6039
100191,36407,4329,1095,57599,746,362,96681,32644,4431,799,57949,722,619,76843,30748,3094,797,41496,517,256,60484,26105,2862,333,30506,123,283,211,29650,45,283,47237,34957,9669,55308,42321,11788,49394,35981,11396,1501,2757,4030,2606,22451,23535,4903,6470
102418,26527,13136,2073,59962,1450,571,102440,25604,10924,2795,61584,1535,661,80385,22393,9678,1573,45944,1026,405,50342,19879,5717,1602,22002,419,510,1009,21243,130,510,31152,23044,6097,37110,28143,8147,32873,23355,8068,3202,5862,6757,3676,23461,23689,1988,5199
100263,25073,20062,2842,51306,2191,942,101490,23039,22994,3010,51701,1500,536,82280,21769,14972,2109,42328,1688,688,54364,18778,12614,1669,20595,246,166,1413,19796,70,166,30549,23393,5231,36166,27839,7502,33408,23956,8015,5991,8356,9503,4215,20892,20495,1291,4396
98928,34286,24274,4170,35379,2657,1035,98941,33878,23114,4437,37002,2128,914,82258,30502,18337,3226,29050,2040,756,63721,28726,14093,2541,17288,433,150,1914,16069,131,150,36190,27194,6694,42021,32269,8843,37790,26813,9021,5312,10058,10055,4526,21839,14065,1803,2995
97033,25714,20215,4050,46450,1944,818,92326,24480,17284,4076,44290,1694,2339,75770,22450,14272,2980,35277,1464,599,54412,20342,8330,2119,22305,239,325,1878,21296,73,325,33041,23864,7111,40030,29251,9881,33594,22733,9445,4753,8785,8484,4668,19505,14527,1698,3271
101595,46914,12527,2566,38362,1897,661,100577,42147,13652,2825,40828,1565,623,80564,39930,9077,1834,28511,1386,509,65936,34046,7212,1414,22514,295,273,1017,21580,26,273,48541,33635,11802,57384,41413,14632,51798,35836,13854,3012,6367,8324,4710,25688,17351,2828,4647
102371,52165,19189,2835,26949,2545,840,103487,49494,19793,2834,29500,2254,661,77843,42458,13538,2009,18527,1905,633,65846,38457,11346,1612,13315,583,235,1238,12166,63,235,47605,32634,11796,54946,39592,14032,49977,34891,13274,3771,9050,11497,5263,22565,13693,3014,2540
99164,28387,44164,6150,20070,3568,929,96447,25873,42161,6522,22490,3828,811,81298,25684,32736,4913,17162,2825,749,60996,22749,20703,3869,12665,491,128,3428,11465,235,128,30647,24052,4509,37419,29586,6844,31579,23613,6789,11024,11350,10162,4583,16555,8484,1422,1687
98906,23438,41252,4644,29451,3625,997,96440,22616,39592,4142,30881,3292,797,76795,20355,29355,3352,23090,2682,666,61581,18806,20457,2127,19342,430,63,1786,18436,123,63,34376,24729,7610,42657,29968,11850,36589,23668,11719,11145,14067,13030,5811,15323,6055,1040,1061
100090,13409,30503,4504,52075,2705,887,98586,13366,29766,4993,50743,2539,417,80028,11990,22365,3358,42149,1990,622,64317,11225,15765,3072,33580,416,129,2869,33036,237,129,31937,24114,6303,42149,27287,14176,34615,20491,13037,14554,13767,13405,5934,14440,5975,1047,791
100302,10392,51743,3429,34893,4293,744,95812,10250,48714,3813,33194,3083,806,78936,9360,37508,2710,29192,3237,538,56082,8820,23110,2516,20765,455,213,2208,20319,249,213,25875,21114,3448,33198,23913,8630,27664,18379,8381,17751,15172,11331,4112,11624,4637,785,1055
101954,12349,14045,3309,72154,1626,987,101105,11794,14794,3815,72646,976,402,81777,10940,10405,2569,57429,1113,695,53663,8826,8708,1619,33894,210,102,1376,33017,125,102,26486,19572,5469,35277,24441,10242,29839,18583,10033,7132,9682,7994,5219,23254,18161,1116,2246
98067,11446,14607,2668,69344,1505,827,97146,10491,16103,2002,67620,1995,324,79692,10333,10779,1992,56209,1137,570,58409,8860,8421,1491,38836,414,58,1392,38064,244,58,30562,22542,6505,40092,26799,12625,33553,20407,11818,8698,8447,8931,5635,22089,13840,1489,2677
99537,9235,59004,2702,28972,4810,897,93709,8078,52430,3239,29191,2103,1664,76460,8144,42621,2001,23538,3539,640,54013,7016,24875,1535,19636,174,562,1419,19302,135,562,27652,22002,4440,35301,25495,9180,30079,19237,9863,18283,17263,10939,4542,10588,3277,527,410
100959,14660,21392,3300,61731,2107,793,98381,13226,20502,3778,61137,1665,754,79387,13084,16012,2512,47448,1583,555,67168,10828,12268,2332,40625,236,346,2015,39826,100,346,37165,27626,7947,50167,34473,14958,44086,27626,14861,9364,9036,11061,5806,20452,10583,1618,1796
102224,33826,50909,3199,13667,4932,880,101749,29880,52082,4443,14696,3942,1088,76576,28151,35134,2238,10013,3583,614,63940,25206,26977,2002,8573,313,351,1688,7622,47,351,35087,21974,10809,46536,30438,15013,42625,25825,15455,9529,13236,15171,5717,14489,5380,1159,668
100094,44328,19317,3101,32436,2639,902,97986,40498,19930,3291,33538,2510,795,77153,36877,13498,2128,23485,1937,602,67894,34360,11897,2033,18516,661,130,1282,17310,160,130,47977,30583,14393,57177,38178,17613,52058,32964,17146,3147,8075,11571,5742,23502,12758,2174,2740
100733,73396,11370,1622,11289,2733,555,98456,70891,12203,1522,11278,1881,466,80784,61285,8030,1131,7736,2076,391,74160,59294,6952,611,6044,744,243,353,4961,26,243,55796,38413,13025,63524,47025,14787,59377,42789,14264,2137,8128,13961,5793,24247,12951,3149,2852
101511,60878,24725,3420,9828,3534,666,100317,60578,24235,3564,10813,3045,406,87382,54148,19537,2806,8425,2894,492,81227,54864,15857,2092,7088,1068,51,1354,5370,191,51,51290,40837,6522,56156,47012,7706,52621,42581,7840,4031,8732,13793,5650,18395,9797,2383,2723
100448,32880,60667,1338,4684,4149,440,98758,33334,59456,1351,3638,4026,553,76141,28631,41935,911,3697,2997,303,58991,29052,26188,647,2105,558,100,307,1751,94,100,36957,27543,7215,44430,34158,9347,39935,28177,10468,14593,13317,14669,4741,10448,4884,1656,906
98816,27672,53224,5098,11765,4882,1874,96649,28077,51102,5606,10070,2984,2498,74261,23676,36114,3836,9196,3598,1381,57656,24266,21535,3670,5877,731,820,2990,4770,61,820,30381,20062,8343,39008,26727,11323,35083,22150,11825,13839,13877,12776,6635,9201,4065,907,769
98959,9338,79306,2383,8632,5365,765,97995,8694,79571,2063,8188,2380,218,69957,8149,53404,1739,6784,3694,554,43956,7758,29419,1088,4991,453,71,959,4495,119,71,22079,16366,4485,27955,20597,6785,23893,14970,8277,22506,14660,10108,3978,6620,1370,276,112
105640,12855,84294,3475,5162,5929,675,104378,12419,85154,2783,4552,3447,450,76154,11203,57751,2953,3905,4131,489,49447,10825,33404,2196,2452,393,47,2121,2325,113,47,23486,16816,5342,30012,21404,7974,26451,16075,9603,24952,14740,10485,4573,5466,2044,416,235
101429,23103,71849,1455,4454,7020,626,107912,23328,77535,1629,5792,4289,606,72740,19491,48282,975,3187,4711,381,57006,19267,33540,899,2304,716,121,673,1762,236,121,28498,17056,9748,37240,23134,13292,35111,19161,14990,16283,16510,13368,5896,8453,2302,545,287
98400,66894,15889,3377,10210,2996,993,97969,64658,18088,3621,9933,2154,955,82580,58731,11530,2524,7751,2259,721,76753,56783,10368,2111,5963,831,309,1566,4860,178,309,49251,31309,14820,58489,39719,17515,53829,35883,16233,3830,8554,12722,6724,22400,12652,4051,2847
96819,65721,20904,1624,5814,3448,562,95832,66872,20126,1199,4896,2815,476,80617,57629,14930,1142,4431,2702,376,76097,59449,11321,862,3168,931,183,621,2428,156,183,50964,28302,18930,60305,36586,22263,56895,33876,21219,5355,12217,17806,7206,18314,7578,2865,1467
97300,61964,26488,2198,3661,4135,538,97049,61702,26946,2633,4117,3514,162,75463,51229,17611,1467,2605,3073,346,69528,51593,13526,1197,1914,1130,10,727,1451,168,10,44593,17648,23890,54368,24232,28781,51828,22387,28008,5524,14992,18487,7932,14383,4958,1482,576
101004,59062,28446,3532,7961,3186,532,101194,55889,31769,3670,8657,2907,483,85358,52684,20972,3116,6700,2412,398,81984,51777,20346,2771,6244,502,71,2301,4270,125,71,41810,23210,15391,49784,29971,18562,46880,27237,18209,5858,10065,13298,5534,13645,5295,1769,1175
95912,48383,37519,2374,5739,4834,643,93749,44487,40052,3165,6104,3721,871,74061,41031,25308,1685,4178,3440,467,64879,38235,20613,1605,2772,960,143,1390,2194,202,143,41055,16512,22016,50595,23022,26401,47002,20712,24996,6548,12915,16325,7553,12733,5348,1386,759
100012,14347,77237,2859,5860,5965,526,99379,13035,78951,2167,5070,6399,359,69284,12151,50550,2132,4367,4018,366,45138,11351,28994,1205,2612,751,32,933,2446,281,32,18672,11324,6236,23424,14392,8475,20608,10826,9230,22272,12425,10207,3695,4377,1474,152,168
96964,39821,38009,3472,14621,3633,441,97280,41173,39174,3538,13727,2996,406,79213,35010,27414,2651,12947,2637,320,67636,36081,20522,2245,7933,501,83,1889,6518,149,83,38945,26512,9555,39813,28072,10680,37924,25912,10677,8773,8030,9361,4068,10228,4710,968,2377
99254,56309,32344,2173,6594,3175,482,97194,55808,30567,2796,6186,3092,466,82882,49959,24282,1682,5298,2446,327,71455,48221,16892,1817,3534,607,79,1253,2461,133,79,51210,36718,11311,57760,44400,12177,52382,39018,11680,6636,8655,13628,5380,22032,9202,3477,2742
96925,51376,36776,2515,4580,3888,520,95801,49147,36079,2392,6373,2873,503,78741,44959,26757,1861,3520,3010,334,69662,43921,19230,1488,3901,775,37,917,3027,77,37,43835,28666,12233,52199,36521,14477,48259,32487,14212,7923,10609,15381,5203,18622,7606,2657,1580
100243,38214,55937,1439,3168,4431,409,101962,38428,56483,2164,3630,3036,524,77235,32938,39618,960,2285,3366,276,67793,33030,30284,1114,2316,719,71,919,1576,153,71,39492,23936,13020,47457,30495,15991,44469,26541,16522,13916,14774,14412,8064,10420,5061,1651,988
97717,30430,53528,3573,9742,4564,671,95539,30201,52528,4271,9182,4025,657,74765,25909,38101,2564,7420,3324,458,64959,26103,30289,1837,5670,630,222,1619,5050,171,222,36558,22536,11684,44762,28994,14752,40079,24152,14719,10060,13836,13117,6600,13729,5098,955,890
101343,24318,65053,4331,7463,4874,843,100966,23274,67565,3430,6725,4405,1017,78352,22092,46242,3262,6025,3598,600,63936,21235,35610,1847,4073,436,122,1575,3330,159,122,34659,22864,9718,42509,28757,12819,37299,23358,12804,14376,17143,14432,5395,10656,3801,883,368
100510,13881,74782,2675,9271,5910,609,100290,12575,77293,3316,7824,7013,505,72681,11874,51087,1952,7480,3912,434,52972,11069,34416,1566,5329,369,77,1265,5123,168,77,25212,17972,5912,30087,21063,8389,26229,16308,9220,23085,14800,10066,3807,7211,2213,567,545
97456,52779,27882,3191,12169,2855,639,96980,51614,28857,3723,12132,2396,869,77364,44655,19851,2157,9237,2161,415,71972,44446,17128,1990,7165,604,126,1729,5912,114,126,47454,22696,21664,58032,30828,25993,53827,27784,24549,4145,11548,15180,7794,18513,7707,2159,1598
97574,50932,28894,2765,13643,2961,554,96713,48812,29293,3655,14626,2543,623,77032,42656,20670,2022,10296,2192,382,71281,41608,17973,2022,8721,500,155,1400,7228,101,155,42692,19758,20238,53718,27269,25260,49821,23764,24636,6495,13831,15397,8607,16952,5825,1411,700
97168,59709,20110,2414,13362,2443,487,95583,59918,19839,2373,11923,2380,415,77273,49850,14447,1731,9718,1831,349,70784,49241,11970,1347,7064,720,96,1058,6042,110,96,49310,24597,21913,58710,31779,25701,53802,28078,24275,3670,10434,14473,7170,18475,8827,2407,1386
98295,61818,19881,2334,12373,2409,504,97115,60111,20112,3126,12340,2485,693,78426,51865,14178,1640,9124,1823,344,71204,50489,11463,1678,6610,468,49,1353,5478,59,49,49418,25397,21140,59100,33248,24648,54915,30002,23363,4396,10253,13721,7461,20027,8958,2670,2287
96846,26911,37617,8011,23342,3458,1934,98356,24359,40918,8399,24207,4223,2181,71803,22079,25506,5623,17140,2475,1281,62775,20071,22140,5323,13222,725,777,4717,12149,33,777,29963,17816,10423,40440,24862,14698,35755,18726,15697,9983,15529,15320,6185,11077,2753,748,378
100069,29094,42448,7022,20643,4391,1755,109726,30303,46795,6680,24791,5910,1703,73527,23988,28319,4744,14880,3165,1176,69972,25337,25405,4057,13313,888,408,3683,12110,240,408,28737,15264,11776,39361,21833,16643,39216,18720,19377,10906,19495,16022,6589,9172,2503,485,256
104145,11742,71759,11835,9572,4976,763,98152,9604,70247,10168,8512,3850,776,73539,10040,47768,8506,6984,3510,498,48556,8292,28917,6326,4044,534,138,6111,3994,219,138,17786,13528,3443,22485,16204,5777,18125,10856,6663,24276,19020,8282,3123,2481,1078,122,86
98153,18237,37199,13453,30117,3517,1472,98028,19448,36605,11754,31272,4241,1664,69953,14913,24736,9250,20764,2343,1006,60112,15894,19314,7693,15337,780,318,7259,14673,390,318,25000,16496,7251,32095,21105,10227,29822,16674,12014,11311,16530,11930,5398,8790,4196,846,533
103693,16032,39492,14402,34809,4007,1827,101886,15414,40933,13395,34810,6221,900,75894,14098,26459,9733,25015,2871,1267,63524,14127,19791,8166,20405,340,380,7540,19668,122,380,23241,15934,6198,33200,21622,10873,26918,14995,11074,13074,19474,13139,5598,8227,2328,590,405
102756,27926,35600,16011,25211,3921,1719,108757,27712,38594,17157,26813,7735,1547,76531,24006,23660,10692,18105,2798,1114,73735,24370,22012,10267,15166,1335,424,9032,14090,382,424,34146,19690,12517,40720,24543,15302,37945,20258,16599,9478,18149,17419,7794,11245,3213,1577,655
101326,48613,38470,2151,10391,3701,744,103704,48826,40697,2095,10958,9869,1393,77028,41141,25451,1369,7272,2639,483,68691,40980,19432,982,5705,911,243,670,4877,236,243,36808,13603,21070,45203,18158,26119,42183,15226,25843,11947,18097,15433,6737,10140,4029,1235,625
98317,55117,34660,1526,3732,4321,590,100356,56853,35781,1869,4672,4266,732,73346,44047,22934,905,2597,3153,420,65782,45002,16443,700,2264,938,93,481,1207,95,93,36669,11493,23259,46450,14917,30636,44704,12843,30897,10442,18697,16759,6144,8685,2574,1031,508
98100,43054,36663,4045,12281,3972,1605,101545,42525,38685,4227,13814,4274,1747,73664,35147,24780,2726,8872,2884,1211,68462,35369,20901,2564,7514,1000,1043,2074,6980,154,1043,34487,14400,18159,46401,20828,24622,43876,17722,25101,8889,18405,16958,6177,9379,3480,1235,524
102720,22248,68419,5232,5741,4699,1334,108105,24571,70451,3675,8278,4288,907,72870,18447,45230,3676,4162,3324,814,58830,18959,32692,2157,3842,522,346,1903,3163,85,346,23984,13526,9114,32674,18989,12982,31692,15794,15018,16363,20488,12724,3546,5702,1704,379,251
102853,34519,51027,5486,10091,4998,1792,101547,30983,54175,6550,9712,4450,2072,76111,29014,34168,3712,7027,3656,1325,63877,26579,27456,3553,4703,781,611,3045,4190,234,611,30840,16553,12357,37355,20720,15718,33020,16379,15704,13085,20403,15038,4489,8885,2159,929,294
102572,44402,39750,6065,10012,5191,1944,102304,42939,40371,7546,10319,4184,1619,77517,37123,26678,4058,7044,3782,1400,70051,35914,22921,4150,4717,1311,603,3434,4018,418,603,34361,16551,15563,42353,21620,19657,38015,17691,19274,9351,20317,19305,6204,9036,2402,909,399
96159,21395,64510,2345,6644,4111,998,95681,20638,65071,1731,7733,2947,392,68184,17672,42787,1475,4847,3026,679,52366,16730,29598,1208,4105,534,137,929,3920,162,137,23208,13040,8879,28808,16312,11837,26461,12212,13517,16831,19828,11309,3267,4036,1314,215,86
103430,44658,46743,2947,7365,4359,880,103184,41742,50086,3510,7272,2742,1412,76910,36768,31068,1915,5370,3118,589,66995,34378,26018,1522,3571,615,543,1116,2963,50,543,31886,14154,15737,41028,18180,21961,37267,14375,21978,14483,17045,14588,5537,9668,3158,788,569
100462,21902,64965,3328,9694,5800,592,104500,21666,67985,3865,11443,3181,787,71022,17877,42926,2173,7067,4027,379,59066,17597,32765,2114,5664,512,222,1742,5383,150,222,24359,13357,9643,31641,17282,13583,29215,13196,15298,20404,16879,12776,4658,6185,1783,261,159
101712,26317,56238,6920,12004,5036,582,105694,24305,62907,6867,11916,2683,934,73632,21885,37388,4785,8634,3491,361,62351,20449,30099,3902,6572,904,109,3503,6131,246,109,27134,14682,10764,33646,18794,14005,32474,16253,15310,14305,14654,13619,5600,6969,2455,667,711
112902,15389,88447,5698,2108,4240,518,112860,13062,89809,6981,2243,4389,682,82089,13135,61503,4743,1597,2905,407,57171,11656,37244,5263,1400,1230,251,4954,1232,729,251,16036,9552,5705,20607,11761,8421,18680,8743,9460,30198,18006,12245,3432,3133,835,169,138
95857,35813,45148,6879,7190,4004,717,96054,35442,46613,6922,6925,2804,394,69391,28770,29620,4472,5210,2749,448,61911,28596,24243,4057,3987,778,64,3530,3407,326,64,26133,9263,15276,34039,13380,19824,32287,11417,20180,9365,15749,15440,6868,8064,2667,673,597
105031,18282,77706,4933,3461,8417,429,106380,17721,79756,5185,3244,5918,422,73191,15336,50597,3783,2543,5462,335,59420,15186,37722,3537,1527,961,160,2941,1331,234,160,20363,10435,8708,26509,14004,11890,25865,11404,13816,22645,15090,14140,4405,5231,1471,183,245
100366,42370,37097,8218,12301,4188,528,104228,41907,41585,8890,12479,3622,408,78746,36528,26130,5661,9348,3006,374,74895,34550,27832,4783,6262,1030,36,3979,5536,253,36,39479,18162,19173,48601,24647,22898,43513,20751,21621,6677,12986,17538,7040,15819,5418,2668,1204
96727,18307,54140,7738,16582,4773,517,96345,17681,55723,6401,16092,4040,709,68505,15595,35882,4989,11249,3291,345,59083,15023,30312,3833,8820,1143,78,3018,8451,514,78,20755,12637,6838,27134,16938,9534,21573,11945,9032,13539,15545,14674,5729,5974,1594,282,91
103851,25092,57115,11135,10538,5659,553,104568,25454,60070,10043,9808,3965,949,74806,21575,37758,6985,7384,3939,376,68583,22838,34448,5238,5015,811,137,4682,4722,256,137,27420,17198,8549,34573,22704,11068,28783,17170,10695,13375,15612,16885,6357,8889,2721,766,346
96656,13941,54615,11490,16610,4579,401,98320,13062,57920,11722,15409,4019,453,67454,11641,35359,7700,11934,3101,258,56916,11103,28993,7954,7861,914,70,7503,7605,412,70,21693,14402,6199,28252,18587,9099,24979,13821,10452,15216,15111,13793,4624,6442,1918,276,215
95233,10420,63650,8317,13173,4377,487,92069,11025,60191,8041,13231,3921,624,66619,9088,42722,5613,8857,2972,349,53246,9394,30953,4995,6986,785,113,4523,6850,231,113,16775,12087,3799,22252,15650,6136,18788,11539,6715,19762,14540,11541,3417,5100,1371,434,152
99937,53429,22850,4283,18165,2913,442,104715,51150,26951,5949,20671,2112,390,75985,42968,15529,2850,13143,2151,271,74019,42130,16719,3342,11023,584,79,2969,10037,114,79,41747,15716,24064,54605,23306,30220,50344,20104,28898,3221,8761,14306,6726,20554,7101,4052,1810
103052,47474,31879,3882,17911,4176,730,106548,45879,34508,4195,21997,3436,1099,76193,38298,21136,2526,12180,2973,487,72714,37420,19944,2017,11582,1284,228,1439,10731,436,228,35895,13158,20840,50749,21005,28700,48762,18545,29104,6087,12664,16986,7377,14330,5613,1580,685
94985,10521,66927,2720,14774,3630,254,94185,10729,65492,2994,15511,2165,485,66237,8774,44927,1783,10281,2455,145,54949,9572,34089,1864,9136,136,70,1740,8976,20,70,21529,13571,7063,29235,18046,10770,26241,13428,12234,16035,14543,12388,4988,6206,2256,625,185
95612,13010,77662,1089,3711,2993,269,94510,14236,75922,694,2888,3310,272,66381,10768,51951,627,2615,2104,174,51399,11646,37293,431,1585,309,108,410,1506,110,108,21341,11901,8413,28083,15678,11891,25566,11664,13277,17098,13766,11306,5040,5289,1578,433,109
103046,59813,31586,1682,3839,7960,373,106592,58602,37291,1954,4334,5595,391,79874,50091,21124,1105,2752,5596,257,74814,49565,19219,915,2379,2394,96,557,1904,1127,96,43292,12263,28784,52674,16650,34984,52529,16022,35318,9331,16120,18935,6693,12643,4434,1402,624
97885,25810,63962,1299,5746,3948,258,100954,27215,65881,2184,6239,2183,123,68971,20748,42266,777,4157,2733,178,57289,21309,31297,740,3398,483,28,565,3147,81,28,25816,10108,14488,33521,14096,18813,31530,10884,19952,16891,14810,12223,4542,7148,2840,712,351
100297,42089,46819,3237,6723,4613,491,101934,41392,48511,3545,7439,5712,149,74120,34746,30792,2084,4709,3284,318,69437,34365,28056,1771,3967,1069,19,1415,3314,267,19,33370,12073,19335,43455,17826,24687,41527,15285,25257,7210,15440,16956,8225,10253,4499,1047,435
97005,30677,57742,2339,4743,4116,379,99359,28015,61997,3307,4861,2539,329,67996,24535,37087,1507,3423,2751,230,59811,22510,32189,1326,2619,751,205,1083,2353,292,205,23760,9281,13269,32266,13005,18630,30433,10592,19179,14038,16045,13748,5570,5362,2172,704,130
97096,14290,76479,1517,4451,3997,236,98464,14527,78329,1655,4395,2796,140,66441,11598,50221,853,3054,2755,154,51869,12226,36245,730,2130,453,41,685,2011,149,41,17929,9874,7028,23724,13284,9870,21507,10132,10843,20144,15855,11138,4433,3367,1695,317,115
94974,12944,76599,1962,2886,3394,368,91571,12797,74148,1766,2554,2282,315,63503,10476,48966,1292,2062,2354,237,41727,10173,28892,982,1270,358,49,875,1163,264,49,14893,7887,6261,18951,10433,8064,17155,7803,8931,21342,14023,9627,2392,2365,486,143,129
116580,8501,94089,5427,9037,3980,431,116426,8307,95671,5107,7823,2367,246,83344,7286,64374,4882,6814,2784,365,61149,6988,44948,4101,4632,368,58,3973,4561,185,58,17400,11627,4863,22811,14073,8274,21140,10076,10442,26314,22287,12390,3537,3826,1009,231,49
96948,54544,27711,3747,8496,4236,446,101152,52149,33019,4518,9858,2795,284,70937,42191,18071,2376,5982,3032,286,68779,41166,19589,2245,4704,916,12,1748,4078,130,12,39645,9665,28097,50920,14613,35320,48810,12918,34979,4651,13071,17703,6565,13330,5494,1346,739
98236,46511,37107,4290,8369,4284,445,101075,44904,39431,4991,10457,2998,272,74112,38040,24998,2938,6260,3098,324,67042,37228,20867,2459,5095,1075,78,2041,4626,319,78,34521,10586,22283,43407,15497,27030,40890,13383,26562,9290,13724,14873,4832,11270,4696,2193,587
102474,52506,29936,12145,5491,4988,901,104381,51252,32788,12266,5516,4180,666,77721,42682,20371,8225,3978,3530,588,72841,41795,18882,7408,3404,1181,130,6337,2597,368,130,34753,10198,21959,42615,14818,26378,39622,13540,24959,9552,18293,17754,7371,10220,4531,476,612
97120,55227,31303,3609,3405,5487,433,94652,51542,32922,3432,3791,3628,724,72506,44762,20028,2084,2447,4060,293,66993,42636,18761,1673,1921,1537,258,1472,1579,398,258,33466,9419,22170,40937,13484,26489,37861,12048,24925,9069,19083,18572,5389,7793,2837,703,360
99913,15922,71792,9736,2150,4668,353,98111,17414,70902,7284,2147,3998,493,68405,13345,46601,6222,1522,3340,220,50598,12897,30999,4558,910,1036,150,4230,701,554,150,20047,11846,6986,23656,14049,8963,20424,10534,9231,19233,15825,10995,3713,3785,1209,381,119
98260,14594,69708,10536,3415,3898,295,97373,14698,70409,9205,3962,2435,488,67782,12310,45451,6788,2547,2751,199,52853,12647,32144,5287,2045,429,92,4862,1895,166,92,19306,11570,6542,23590,14444,8495,20508,10811,9092,18090,16939,11551,3481,4242,1157,318,100
102458,22815,54658,9494,15365,3858,474,107826,22878,60693,9599,15182,4136,1180,72396,18016,36047,6157,11444,2693,276,64645,17992,32860,5864,6877,792,102,5449,6534,214,102,26450,13331,11549,36386,19291,16242,34449,15125,18484,10246,16337,16387,5824,9298,3205,632,487
97246,8980,82854,2826,2257,4102,179,94079,7312,80827,4035,1938,2344,112,64536,7227,53431,1692,1648,2810,90,45315,6571,35268,1823,1116,432,9,1677,970,178,9,16456,10448,5137,20904,13097,7293,19291,9744,9020,23311,16242,6822,2647,3176,871,56,33
104718,15072,61898,22801,5369,4601,1164,106271,13078,67840,21073,5293,3500,929,72538,11975,40913,14951,4048,3253,695,62705,11190,34584,13111,2542,1150,186,12165,2249,464,186,20693,12922,6711,28812,17750,10356,27227,14253,12287,14766,17915,14392,4553,4380,1536,260,249
103361,21886,59955,16605,4806,4415,860,104698,22294,62907,15850,4710,4339,642,72703,18135,39445,10733,3545,3169,529,63898,17415,33504,9776,2095,792,328,8965,1877,129,328,24943,12715,10805,31785,17047,13997,28607,13210,14652,14282,20866,15935,5940,4336,1449,241,98
101090,38484,48545,8198,4943,4309,645,99474,36180,51130,8970,3867,2509,369,74370,31571,32073,5655,3726,3102,425,65715,29358,28419,5123,1894,553,105,4358,1670,127,105,33199,11911,19702,42000,16573,24626,38413,13652,23885,10561,19017,16956,4691,6200,3110,318,156
101741,43017,37419,13667,5156,6413,1360,103645,42748,40199,12685,6673,5189,1666,74582,34998,24481,8670,3730,4440,878,71017,34263,24519,6999,2888,1761,271,5858,2140,723,271,29546,9647,18136,36358,13337,22112,32520,11016,20625,8937,18863,18872,6910,6099,3202,497,398
100698,56864,27708,8366,5096,4837,1053,100997,53115,29746,8721,6468,5328,1200,79438,47755,19128,5872,3952,3579,735,73273,44921,17869,4738,3000,1952,349,3782,2150,501,349,30620,10306,18490,38251,15167,21938,34926,13455,20443,8126,17623,20168,5526,8547,2884,379,476
97017,59608,28001,2672,3855,4178,556,97966,55691,32118,3205,4953,3251,870,77101,50369,19330,1791,2941,3250,333,70846,46296,18767,1553,2519,1182,367,1319,2018,276,367,40118,12168,25713,48956,17245,30626,44015,15142,27727,6548,18525,18190,6220,9879,4526,904,889
98553,52078,32317,4262,8303,3728,641,97204,48966,34562,3292,9018,2769,1423,75891,42885,22266,2928,6060,2719,425,69114,39839,20590,2475,4700,698,276,2220,3754,139,276,42715,15849,24453,52909,21464,30305,50478,18975,30222,6480,15656,15621,5672,11634,7582,1691,1084
104199,34789,40274,10344,18922,3527,878,106616,32578,44270,12070,18420,3922,1130,81296,29927,28414,7217,14959,2600,647,72542,26920,26826,7015,10378,651,329,6469,9613,323,329,34674,18704,13567,44663,25731,17718,40543,21685,17547,8873,15346,13127,6111,14285,8033,3073,1999
99737,15320,64470,15201,5287,4056,722,98381,15980,65428,13699,5017,3006,769,71209,13494,42933,10389,4008,2841,460,57931,13074,33145,8308,2732,427,29,7651,2518,174,29,22144,13853,7011,27515,17411,9396,23141,12397,10095,19374,20354,12286,4625,4779,1582,276,142
100296,18281,63466,13901,5493,4371,630,104009,17196,69452,13142,6038,3018,808,73058,15518,43365,9771,4118,3156,410,66070,15065,38393,8548,2942,493,438,7732,2587,121,438,26134,15657,8891,34626,20679,13113,30333,15509,13979,13054,17674,13829,4776,6702,2769,370,373
96024,10562,70145,11430,4254,3696,617,91787,9901,67542,10276,4611,2435,725,68591,9147,47778,8016,3330,2686,418,53277,8944,34645,6763,2161,212,219,6398,1913,85,219,20437,14204,5034,25807,17267,7856,21714,12381,8669,17003,19015,10579,3474,4710,2050,237,238
95862,6985,73692,12890,2778,4301,654,95825,6288,74728,13175,2939,3336,537,68717,6016,50945,9537,2091,3149,372,56331,5744,39933,8806,1039,310,201,8423,999,113,201,23314,17836,4402,30057,21736,7639,26265,15731,9767,16157,19602,11400,3172,4730,1015,262,86
97015,9062,78683,5985,3427,4315,397,97550,9417,78722,5873,3385,2778,338,70933,7821,55810,4410,2645,3167,260,59322,8000,44723,4198,2039,220,143,3691,1785,133,143,23449,16801,5424,30446,20637,9186,26291,14672,10927,17713,18896,12116,3591,5557,1556,264,55
97146,10173,70690,10366,6419,4028,582,103884,11795,75187,9597,9044,3210,643,69621,8322,48990,7385,4801,2934,353,60284,8679,40249,6148,4544,484,200,5692,4247,93,200,22183,15631,5348,31494,21070,9705,29885,16638,12445,14524,19262,12878,3553,7479,2208,229,171
97724,9181,72059,8609,8371,3788,577,94833,9278,70688,7087,7504,3070,504,72369,7614,51933,6416,6413,2814,393,58825,8157,40355,5230,4056,565,208,4930,3843,308,208,25648,18769,5672,34275,23443,10077,29593,16826,11939,15336,18264,12519,4206,7840,1978,223,102
98203,29823,38403,12765,17837,3022,753,98195,28068,39644,11389,18908,2857,907,75915,24881,27882,9477,13300,2203,497,68399,22415,26668,8690,9520,498,274,8284,8905,200,274,34666,18748,14023,45212,25199,19099,40228,20154,18861,6065,12691,17218,7249,15589,6537,1392,1185
95803,34527,33969,10291,17019,2912,633,97342,33752,34977,11364,17125,2097,253,72415,27981,23997,7553,12294,2071,404,67501,27161,23100,7033,9637,488,85,6520,8854,112,85,40861,19107,19715,52731,25916,25798,50060,22341,26212,3661,12095,14618,7225,15328,6742,1770,1166
96938,33160,43756,8519,11499,3474,567,97664,33595,42319,9105,13320,2984,1019,75931,28620,31348,6157,9072,2633,356,69775,28692,26100,5691,8090,676,133,5189,7445,182,133,37094,18915,16099,47287,25806,20466,42907,20987,20626,7066,15151,16518,6766,13603,5727,1414,810
97934,12360,73068,6064,6639,5079,577,97444,11028,73481,6567,6792,4123,340,73211,10964,52366,4294,5274,3722,391,58059,10027,39243,4222,4019,513,59,3556,3870,167,59,24520,16477,6644,33130,21860,10467,28571,16195,11545,16944,16626,13499,5261,7025,2146,341,254
95874,14264,59893,8468,13847,3658,607,101395,13578,63438,9017,15736,3095,1395,73055,12218,43435,6315,10957,2720,414,65896,11915,38188,6105,8447,266,331,5682,8021,57,331,25365,16025,7971,37053,23022,13269,35449,18791,15755,12322,16194,14174,5510,10516,2960,495,392
96272,16755,61787,4304,13818,3654,458,93684,13576,61822,4752,14032,3396,647,74199,14603,44989,3253,11152,2728,349,61882,11710,38563,2977,7989,336,108,2821,7413,87,108,30216,17080,11656,39514,22127,16628,35101,16997,17211,14282,16318,14666,5123,10408,3294,485,254
105449,23862,30715,7746,43699,2291,698,108240,23622,32814,9794,44688,2166,471,81899,20377,22427,5935,32828,1671,492,72752,19679,21931,6472,23938,379,31,5860,23300,109,31,34812,17419,15711,48132,25406,21928,44270,20686,22277,6314,12081,14255,6970,21557,8675,1729,1209
101595,6159,92044,1627,2589,3088,183,100029,5713,90780,2644,1852,1537,757,74840,5201,66838,1152,2049,2305,108,54775,4409,47898,1613,489,174,103,1429,463,68,103,29675,22347,5966,34052,22290,11034,32115,16578,14701,18166,14026,12854,4703,8202,2257,526,93
116177,16447,89623,6459,2722,5638,501,115720,15940,90506,6362,3104,4893,378,85615,14126,63102,5278,2034,3960,376,68537,14031,47734,3866,1349,1445,90,3532,1218,1002,90,23729,13556,8917,29663,16238,12792,28026,12377,14938,23942,19643,16221,5078,5768,1552,365,298
95592,20214,71284,1945,1902,3234,263,96913,19936,72583,1512,2346,2308,390,70866,18560,49115,1327,1417,2262,139,60148,18074,39095,957,1190,601,171,765,984,381,171,24512,15303,8178,31808,20049,11219,30564,16904,12986,18908,21685,10675,3668,7508,2990,876,391
97886,32929,57178,3070,4419,2995,359,100501,32488,60202,3649,4627,2318,449,74810,29417,39437,2148,3176,2232,225,66494,27755,34294,1836,2017,373,153,1517,1730,139,153,32779,17177,14277,42959,23763,18575,39655,20365,18568,13026,19539,14389,5159,10164,4993,1100,609
96645,56700,30582,2929,5329,2562,376,99237,58826,31601,2891,5364,3248,374,82950,53332,21897,2148,4239,1997,240,77332,52962,17988,1806,3455,981,116,1597,3063,144,116,39299,20293,17599,50668,29380,20596,49479,29512,19112,7802,14874,18822,6111,17942,8146,2946,1449
95301,28342,54793,6308,5333,4003,505,95642,26788,57223,6645,4818,5657,623,72831,25645,37841,4200,4193,2961,326,62080,23891,30275,3621,2829,972,264,3158,2531,261,264,25692,16082,8478,34921,22765,11577,32642,19842,12170,11825,19101,14287,5390,8473,3347,1391,689
99175,55283,31794,5518,4307,4479,527,101407,53212,36237,6401,4736,3238,303,82794,50751,22496,3925,3432,3264,353,76570,46991,21426,3551,3316,934,117,3161,2812,480,117,39889,21079,17123,48427,28192,19423,45688,26891,17878,9059,18831,20266,6126,12756,6554,1949,1076
100838,38518,43170,8892,8449,5471,570,105842,38234,50361,10038,7346,5029,467,75450,31792,29316,6103,6213,3820,367,71160,30438,29078,6022,3778,1522,139,5504,3341,738,139,31031,13202,16189,44539,20542,23046,44910,18925,24905,9355,18922,16996,6731,9365,4281,729,427
101994,28045,56740,12085,4359,5131,827,100366,24322,60121,12310,5334,4785,1066,74213,23839,37941,7943,3248,3547,533,65416,21862,32373,6640,2862,738,198,5789,2448,185,198,24797,12123,11332,33259,17434,15059,29516,13855,14879,14087,19137,15875,5274,5450,2231,294,131
96512,14664,54825,19119,8661,3887,904,99756,15532,56565,20750,7958,3373,1251,71010,12362,38063,13730,6602,2767,620,65570,12354,33178,14154,4724,481,275,13816,4412,239,275,28538,18519,8565,36881,24205,11999,32386,18382,13153,10469,17853,15456,5495,9115,3006,292,603
96466,9959,64971,16425,5694,3489,888,96940,10305,66196,14833,5605,2747,1431,68702,8376,44247,11405,4411,2567,546,57102,8699,34367,9505,3203,375,560,8959,3030,13,560,21901,15755,4911,28002,19712,7692,23404,13863,8850,14647,17921,12286,4461,4997,1594,163,182
100494,24610,54869,11299,9753,4523,745,101316,21813,57535,12854,10727,3964,662,78195,21510,39202,8503,8243,3437,548,69243,18904,34797,8083,6433,525,128,7211,5936,130,128,27833,18094,7828,35462,23305,11311,32188,18948,12078,10116,15173,13244,5145,7781,4359,611,1017
101549,18866,71759,4873,5737,4014,498,103223,17121,75082,4948,5638,3119,310,75140,16137,50366,3543,4330,2898,350,63545,14858,41047,3731,3479,274,117,3601,3261,88,117,25280,14507,9373,34933,20154,14028,31149,14901,15384,18028,20114,12515,4338,6432,2150,763,123
100512,36037,48267,7646,7981,4050,721,100747,34443,50267,8459,7864,2779,840,78818,31267,34343,5814,6397,3014,475,72428,29580,31570,5417,4545,543,395,4957,3920,108,395,37312,19121,15822,44941,24995,18916,41543,20693,19507,9212,17262,15535,4967,10062,5065,1630,1607
96881,16970,66428,6344,6858,3704,704,98700,16944,65818,6912,9511,3109,460,71915,14609,46684,4583,5417,2748,468,59796,14111,35755,3872,5389,590,129,3396,5070,165,129,24141,14811,7777,31617,19355,11496,26702,13922,11923,14521,20369,12495,3698,7345,2145,263,268
101374,27475,39305,9728,25008,2795,751,101074,24871,43008,6484,26488,2842,805,75324,21978,27443,7178,18159,1952,504,65999,19748,26748,4600,13924,533,222,4419,13765,120,222,30814,14699,14642,44582,21559,22216,41142,17040,22939,8382,15622,14499,5441,15288,5318,556,680
97668,27292,53256,5892,10870,3701,836,98864,28289,54200,5984,10542,4138,787,73428,22781,37318,4335,8238,2744,546,64845,23322,31405,3302,5801,364,107,3047,5144,142,107,29724,14857,13147,39765,20976,17882,35423,16171,17828,10929,16517,13568,5319,11645,3611,519,318
101975,33999,42825,7090,17608,3149,919,102355,30966,45488,8351,19281,2656,707,77618,27423,30559,5249,13512,2319,638,71266,24435,28608,5506,11640,404,156,5081,10922,134,156,36468,17611,16988,48589,24758,22884,44673,19911,22982,8442,17109,15259,6129,14030,5193,1307,1372
101164,8331,79176,10439,3759,3886,538,100430,7681,80863,8500,3076,3258,742,70101,6746,53406,7160,2640,2713,355,57967,6960,43188,5371,1960,371,218,4838,1407,148,218,20740,15464,4122,26212,18507,7129,23368,13302,9365,19469,19657,11480,3495,3512,1299,216,117
103735,45107,38884,8256,10739,3585,871,113829,45172,42653,9818,13242,3861,1034,78964,36821,26956,5990,7964,2625,568,79081,38562,24922,6670,7459,870,245,5943,6530,176,245,38762,14910,21901,52746,22357,29441,52804,20923,30497,7990,17229,18609,8022,12499,5747,1220,1279
95011,30966,47326,7508,8755,3669,877,98583,28992,52267,8022,8941,4119,410,69462,25178,31764,5157,6340,2647,579,64119,22916,30159,5104,5298,438,39,4724,4866,84,39,26588,12036,13179,38553,18896,18958,37370,16498,19837,9308,16690,15467,5305,8622,3707,454,317
101474,41081,44668,8756,6125,3935,860,111634,38621,53956,11030,7170,5042,1254,79276,36083,30906,6307,4590,2874,627,76341,35122,28971,6837,3567,1007,226,6200,3144,313,226,34106,13769,18761,45977,21061,24137,45487,19854,24619,12400,22007,18951,6679,7032,3400,421,545
98227,46771,27028,7878,15002,4405,1265,110999,47107,33827,10973,17914,3776,998,71220,35959,17645,5305,10519,3039,793,76267,37072,20256,6686,10249,1076,381,5572,8971,395,381,32756,11501,19450,49249,20380,27896,53272,21292,30639,4398,14019,17816,7305,15164,5517,1453,829
103455,48002,36209,7480,10525,3792,1224,106076,47160,38612,8865,10829,3082,1640,76238,37838,24203,5065,7494,2624,759,74572,38055,23691,5063,6080,844,182,4592,5146,97,182,35547,12292,21292,50299,19696,29623,50839,19021,30617,6724,16109,19086,7451,11185,4761,695,445
99492,44441,31249,9013,14388,3501,1278,102345,46467,31657,8156,14792,3113,1264,73869,35468,20957,5987,10333,2396,804,70819,36360,19303,5377,8165,657,426,4785,6901,290,426,34678,13210,19599,47876,21102,25808,44333,18205,25019,5099,14155,19393,6911,12294,4377,984,453
96695,47840,27069,6428,14441,3697,1120,96274,46854,27841,8404,13789,3796,791,72056,37903,18316,4500,10144,2515,697,66173,36289,16530,4655,7351,733,10,3750,6516,217,10,36874,14043,20540,47748,21347,25257,45083,19445,24437,4387,11237,16734,6544,15270,6220,1610,614
98125,58888,26640,2444,4373,7195,921,97479,57630,29583,1988,4416,4901,876,76506,49241,18121,1495,3137,5032,613,72445,49028,17339,1253,2306,1875,157,949,1610,1243,157,43100,13330,27384,54583,19938,33398,52373,18442,32734,7510,16529,17590,6490,13387,4480,1080,778
99050,62502,24318,4552,5319,3832,813,99808,61235,24761,5200,6480,3978,882,77779,51228,17331,3286,3753,2891,498,73945,50878,14998,2756,3469,1225,185,2265,2302,370,185,41459,13436,25988,51121,17874,32247,48507,15636,31869,6744,17731,18988,6743,12728,5019,1443,597
103132,64709,23043,4446,8252,3537,1439,102520,65589,23815,3792,7931,3039,1427,79789,52811,15803,2806,5723,2583,991,75083,53250,13759,1932,4618,721,220,1270,3840,56,220,43844,15328,25870,53822,21896,30577,50417,20046,29090,5153,17501,20187,7801,13988,4530,821,598
96872,50381,28914,8896,7837,2705,1135,94273,49718,26505,8887,8214,2978,1873,73438,40575,20073,6110,5531,1985,760,60756,36508,14271,5023,3516,699,467,4252,2605,170,467,29176,13995,13507,37918,18906,18120,34092,15505,17718,9774,17493,15217,5478,11086,4395,1083,503
99343,58040,21465,2910,14878,3317,827,99856,55853,23805,3722,14459,2426,777,77926,48260,14746,1972,10985,2397,570,72864,46162,14109,2199,8983,721,208,1759,7942,366,208,47237,19620,24558,58658,27908,29360,55867,26492,27814,4860,10164,15608,5864,19485,8536,2099,1510
99460,24212,63611,3630,7535,3939,659,96057,22257,62120,4645,7197,4123,247,73450,21083,43197,2595,5805,2881,456,54091,19801,26729,2558,4119,637,135,2057,3449,171,135,25596,13933,9905,32490,19526,12092,28645,15735,12050,16458,16999,14387,4612,8523,2605,444,532
99808,51171,34962,6090,6307,3521,1347,101422,46531,38121,7564,7993,3629,934,79969,43657,25497,4538,4695,2631,992,71898,39235,21558,4383,4580,1474,193,3759,3802,534,193,26598,10254,14756,33905,15047,17967,33282,14152,18349,5434,11303,13477,4337,10561,4241,1442,647
101546,42239,40578,6669,10507,3834,2269,100489,39879,41996,7510,11096,3526,1076,80881,37043,28855,4913,8188,2933,1544,70257,35008,22427,4667,6533,568,421,4255,5131,51,421,37064,19678,14947,47875,27705,18820,43910,24287,18315,11250,13722,17639,5696,14173,5605,1095,700
101612,37123,48918,4758,9322,4583,1804,100572,35320,48673,4784,11087,3492,1695,78788,31912,34431,3495,7217,3444,1260,67037,30748,25376,2490,6437,785,752,1960,5172,101,752,34969,18013,14681,44507,24940,18411,43027,22777,18996,11292,15750,16495,5492,12920,4348,1033,705
95689,40309,40224,3561,10548,3550,959,94499,40007,39089,2875,11765,2996,1109,73051,33905,27491,2454,7872,2584,650,62877,33228,20178,1714,6657,475,245,1447,5225,221,245,35593,16802,16500,45679,24330,20206,42999,22091,19635,9077,12309,13575,5478,14084,5240,1257,1063
101429,61161,22992,3012,12795,2500,661,100085,57883,24141,2361,13970,2165,775,77192,48554,16144,2095,9079,1756,451,70291,45799,13903,1325,8222,531,99,1030,6756,58,99,44967,23711,18498,56757,33173,22344,54572,31106,21827,5279,8212,12640,5642,21285,9629,2580,1693
103345,66436,20283,3455,11435,2632,844,104861,63322,22737,4342,12798,2331,908,82337,55143,14586,2408,8480,2012,594,75245,51413,13035,2288,7286,671,185,1849,5963,122,185,49792,25078,21549,61830,34893,25631,59754,33601,24568,4175,9713,16175,7026,22693,9591,2935,1905
99932,71264,15921,1793,8873,2281,575,99337,68528,17327,2808,9103,1399,808,81496,60300,11627,1300,6447,1764,407,75382,57814,10333,1308,5087,399,246,793,3819,75,246,53942,32205,18371,64398,41420,21588,60444,37730,20941,3586,7605,10705,4865,27903,11844,4960,4110
101786,56718,9565,2353,31688,1158,505,99076,52321,10694,2362,32698,1455,327,75421,44887,6412,1570,21341,792,304,65292,40245,6705,1232,16349,323,41,914,14740,60,41,43503,23427,17918,56724,33557,22047,54114,30732,21553,1587,4221,7079,3496,24028,15316,4724,5443
99706,49901,11252,3441,34322,1673,935,100119,49660,10579,3720,35632,1489,700,77705,41557,7724,2435,25090,1116,601,70477,41103,7088,2320,19048,515,170,1751,17666,177,170,47929,25705,19538,58771,35065,22460,54448,31879,20711,2567,6343,11132,5804,25481,14516,2651,3804
99263,36283,13120,4702,44937,1574,1023,97688,34915,14075,3971,43883,1107,1015,78498,30337,9276,3391,34693,1151,729,65109,28248,7588,2533,25667,267,131,2188,24101,58,131,39492,22774,14395,48510,29726,17670,45867,27448,17031,4803,8137,11843,5458,22782,12540,1938,2885
96658,39908,11813,3413,41109,1227,963,94074,36923,12557,2790,40271,1447,1015,81201,34685,9488,2699,33776,916,761,64331,30220,8607,1717,22633,475,312,1265,20815,109,312,35736,23231,10361,44137,29807,13275,42221,27803,12941,3177,4977,7653,3451,19985,10495,3336,4889
97057,65562,12112,2357,14673,1555,672,96074,65843,12236,3066,12891,1186,745,84104,58278,9616,1798,12256,1180,466,75745,56863,8217,2100,7466,368,231,1460,5588,36,231,47773,30342,14199,56790,38896,16430,50471,32955,15838,1426,5467,8933,4041,28019,13467,5000,4784
98041,45344,24225,8160,19458,2655,1291,101919,48106,26073,6668,20368,2064,1822,82250,40283,18337,6046,16249,2049,945,78603,41752,16743,4499,13668,564,850,3501,11838,141,850,36940,22818,11619,45850,30409,14301,42739,27459,13921,5699,9958,14732,5618,21936,8682,2087,1889
99169,53619,20877,5478,17767,2529,1106,93653,51611,20514,4906,15769,2196,919,81655,45927,15837,4024,14061,1967,830,69843,43491,12528,2550,9718,629,260,2191,8080,224,260,45028,25935,16152,54156,34328,18499,49122,30329,17121,4489,9283,12915,5936,21638,10746,2332,2309
98918,55738,20819,8490,12911,2688,1284,102930,56517,23261,9982,12908,2117,689,79555,47107,15192,5965,9927,1959,853,77308,47184,15812,5570,7541,603,233,4670,6219,158,233,43699,26274,14757,53803,35413,17212,48739,31934,15379,3190,8243,13614,6399,20937,9409,2702,1793
102736,67816,18043,5826,8585,2501,842,105933,69341,19613,5988,8604,2410,1164,89722,60875,14673,4612,7092,2028,598,87252,61545,13974,4019,5855,966,395,3280,4215,275,395,47834,30574,13875,56778,39423,15890,51880,35036,15136,3500,9875,14039,5537,27023,11320,4844,3085
101682,56543,25799,7933,10252,3094,823,107225,58185,27786,8050,11651,3257,948,91114,52916,21224,6578,8932,2588,632,90600,54371,20605,5597,8310,875,218,4766,6117,216,218,53411,42701,7159,62854,52599,8792,56626,46186,8317,4310,9709,16917,6999,30742,12555,3685,3327
101199,15840,48893,16755,20359,3272,856,106267,17886,51590,16602,20642,2244,1342,76801,14120,34733,11649,16122,2513,609,65188,15669,25794,9227,13461,278,420,8818,12635,96,420,27248,20827,4739,34706,25513,8368,28751,19382,8334,18655,15722,13834,4944,10377,3600,737,663
104447,53753,27329,11113,11543,3377,1372,104525,53456,28850,11491,10472,2245,1229,84844,46704,19878,8022,8891,2619,975,78813,46129,17444,7190,6446,672,255,6161,5270,100,255,44433,25621,15918,53507,33892,18275,49386,30334,17524,4442,12115,18043,7414,16367,7615,1704,1227
97597,10125,61328,14071,12936,3716,1055,96402,11167,58934,14813,13112,3132,1313,74099,9036,43854,10858,10381,2883,709,60913,10330,31248,9443,8601,284,550,8903,8005,88,550,28487,22880,4017,33748,26249,6738,28838,19925,7896,16752,17555,14327,4666,8806,2637,525,377
102548,20123,45307,16939,21146,3390,1922,101673,20989,44699,16692,21361,4142,1598,78956,17524,31825,12462,16742,2501,1316,72355,18516,27332,11621,13009,617,472,11021,11900,124,472,35675,23052,10624,45391,29359,15040,39992,23601,15380,10518,18454,20029,6520,11191,3764,696,220
95125,8077,60427,7760,19935,3065,1289,93670,7577,59346,9197,19333,3785,1659,72075,7103,43715,5463,15991,2325,929,57582,6578,33148,5518,10910,284,268,4933,10404,97,268,26705,19554,5762,32570,22010,9888,28348,16660,10929,14689,19322,14089,5330,7656,1660,428,189
100508,24953,50031,7949,19045,3232,1292,98878,25323,49306,7027,19143,3077,1067,77640,21274,36275,5607,14577,2381,907,71357,22003,31778,4402,11935,265,177,3882,10776,37,177,43281,25584,15548,53844,32377,20494,48911,26693,21050,6502,13603,16632,8502,16922,6837,1833,694
95870,14455,44295,9553,30140,2441,1438,101149,14471,48697,12206,29951,2613,1230,69491,11580,30623,6358,21674,1714,935,67303,11942,29613,5894,18230,230,503,5616,16589,63,503,30179,19725,9004,44577,28575,15246,43998,25138,17875,4804,10306,14034,7118,18087,6532,1286,683
100093,14530,74138,4763,7740,3768,980,98683,14430,73683,4967,7106,4426,750,77562,13037,55148,3513,6035,2952,662,61389,12652,41366,2633,4138,277,197,2279,3663,70,197,35318,24354,8958,41718,27827,12919,36689,21272,14419,14770,18645,16432,5000,8095,2969,581,225
101546,36527,48322,8188,8220,3298,1128,97560,33471,48751,8091,8219,3025,737,82477,32406,35919,6768,6526,2623,836,70805,30540,28305,6187,4458,791,232,5464,3548,256,232,29892,17999,9979,38896,23958,13912,32324,17994,13449,9865,14241,15119,5233,11681,5190,1711,928
105342,7955,80065,6426,12197,3411,883,100018,8764,75146,5372,11115,2921,446,80996,7003,59561,4966,9927,2647,646,62955,8293,43142,3859,7117,283,159,3628,6624,169,159,34132,25910,6592,40684,28018,11808,35995,20801,14343,18500,18080,13859,5887,9442,2097,472,361
104364,74420,19087,1535,6961,2555,604,104337,74883,17764,2645,7208,2382,908,84518,62400,13712,1128,5184,1993,390,80725,62914,10856,1340,4306,568,125,802,3368,101,125,53124,21570,28485,65464,29438,34745,62101,26751,33747,4039,9943,16294,6988,23651,10635,3249,1872
101209,64294,17350,2526,15535,2083,668,100471,63979,16022,2977,16257,1625,549,75453,49466,11864,1782,10996,1475,444,69023,48735,9231,1434,8562,509,48,955,7358,80,48,42975,17414,23078,58814,26988,30629,56518,25151,29709,2590,7701,13338,4776,23791,10066,2980,1267
103305,63710,19502,2324,16313,2143,605,100628,59645,20018,1835,20047,2068,600,82887,53366,14040,1707,12317,1578,400,74281,48414,12499,1166,11695,262,23,871,10069,20,23,52600,23191,26404,63543,31700,30554,58580,27923,28774,3987,11482,13871,6363,24647,9402,2528,1827
97644,59137,23820,1912,11334,2275,433,96242,58264,20616,2015,13022,1471,678,78559,50035,16988,1373,8764,1770,293,71253,49075,11549,1256,8439,450,60,811,7239,103,60,46438,21346,22624,57085,29110,26941,53354,25456,26276,5528,10167,12228,5730,21487,10020,3636,1709
96686,60918,14883,2546,16831,1815,685,94808,58356,14829,2652,17003,1583,647,79023,51690,10926,1910,13095,1391,454,71185,48371,9401,1765,10602,569,149,1118,9249,100,149,47318,25282,19337,58775,33668,23939,54271,29497,23014,2339,7862,13332,6137,25607,10600,3542,2271
97857,48613,25116,2549,20387,2509,595,96923,45849,26508,2534,21431,2379,837,79838,42389,18161,1826,16241,1912,439,69742,38925,14590,1602,13481,453,340,1377,12043,114,340,42959,20401,20017,54214,28638,24518,50603,25950,23079,4943,11716,15328,6638,22499,8686,1629,1144
97003,29909,9138,2833,54557,960,484,105682,32073,11115,3014,58664,1460,800,72161,24234,6494,1959,38773,708,321,59642,22617,7097,1790,27232,441,186,1453,25958,129,186,20240,12182,7007,36391,23151,12578,37018,20812,14213,2390,4824,8371,4313,25963,14436,2918,2518
99618,38015,14508,2423,44137,1507,472,94866,33273,15530,1995,43145,1462,572,76268,31324,10427,1675,32163,1111,340,62272,27736,9171,1112,23362,291,248,887,22101,95,248,38622,20158,16125,51085,29456,20528,47403,25070,20275,2649,5421,9514,4348,24081,12933,4346,2357
99680,37967,11840,3334,45875,1421,688,101956,37194,12626,5200,46945,1343,1198,78727,31619,8647,2383,35245,1061,481,65775,28558,8123,2444,25063,306,389,1987,22893,102,389,35455,21060,12288,47331,29645,16644,43311,24860,16646,3541,5348,10699,5083,27240,14198,2957,2392
101422,46556,17011,4118,32966,1373,449,99305,47076,13661,3682,33170,1326,616,86598,40101,14702,3553,27499,1045,333,72084,38561,10503,2997,18816,561,146,2300,16897,101,146,35852,21832,11724,42689,26847,14805,40107,23478,15041,1700,5078,8287,4273,22458,11504,3447,3440
96479,72263,9416,1499,11557,1435,527,94475,69751,9876,2125,10995,1242,260,80489,61920,7128,1111,8715,1122,367,73909,58442,6887,1209,6730,467,28,691,5579,43,28,50938,20578,27518,62083,27468,33431,56690,22953,32195,1898,5939,11645,4826,29128,11519,6070,1821
104267,56098,20041,2471,24528,2068,647,105046,56074,19287,2387,25514,1556,677,83697,47381,14482,1796,18755,1502,459,78738,46781,12132,1423,17612,405,106,1009,16066,41,106,53003,21644,28500,65554,29634,34639,59977,25847,32076,3797,9559,14601,6882,23354,10431,4101,1953
101141,28471,56401,2585,13022,3794,709,101309,27823,56763,2860,13414,2835,517,78410,24761,40545,1915,10346,2900,499,65948,24583,30354,1375,8699,524,211,1232,7495,243,211,33709,18416,13091,42524,24788,16733,38117,20565,16281,10977,14939,14403,5313,13686,5082,1311,728
100792,25353,62366,2560,10116,4621,600,100920,25276,60766,2199,12340,2724,608,77227,22566,43839,1945,8268,3422,459,61221,22552,28232,1127,8722,212,171,759,7752,48,171,29143,17211,9979,35582,21948,12777,32688,18407,13215,14688,14293,13082,4375,13261,3994,1152,578
99942,9802,58902,1767,29280,3098,698,98410,11091,56455,1791,28711,2495,789,77448,8955,42267,1347,24430,2274,487,58986,10120,26737,831,20469,417,176,669,20159,193,176,23826,16139,6485,32998,19278,13124,29012,15612,12704,19041,17491,12777,4155,9291,2233,697,390
98631,5917,84898,1619,6334,6339,346,98424,5797,85238,1689,6374,3726,155,72603,5290,60740,1261,5273,4563,241,49046,4868,38855,708,4400,126,24,608,4251,60,24,19910,15966,2934,24974,18582,5869,20784,13392,6736,26161,15218,10246,1930,5614,1574,578,208
102441,10056,78420,1956,11850,6324,586,106522,9274,82495,1669,13026,3310,140,78127,9116,57304,1481,9882,4777,394,60003,8221,41093,1184,9171,255,4,1020,8885,150,4,26009,19234,5298,33304,23444,9131,28093,17386,9823,21449,16069,12262,4154,9789,3179,534,278
98828,43623,38811,2253,12590,3300,1021,98408,43260,39136,2702,11827,2393,1232,79641,37901,28228,1676,10254,2520,757,67170,37737,18726,1640,7955,273,541,1369,6977,56,541,36066,18577,14951,45776,25671,18978,42023,21492,19211,9742,13099,15384,5135,19778,5691,1770,739
98126,19811,59143,3200,16028,3560,707,94594,20155,57375,2879,14357,2365,557,75774,17525,42609,2328,12925,2734,506,58063,17356,28771,1906,9308,198,262,1627,8659,54,262,28548,17234,9608,37067,23001,13299,32628,18085,13464,13461,14289,12967,4253,12025,3858,866,475
99695,14465,66790,2977,15312,3696,748,101463,13475,68967,3776,16387,2721,534,75875,13004,47522,2184,12735,2843,554,56760,12464,30313,2063,11319,184,129,1915,10906,50,129,22387,15299,5666,30976,20746,9482,27233,16534,9863,19409,14587,10965,4185,10676,3094,652,505
95748,16146,52458,3714,22948,3485,807,93664,15081,51947,3649,22692,2673,569,73727,14106,37403,2822,18721,2613,585,55946,12278,24810,1899,16155,347,279,1653,15458,157,279,25283,16296,7538,33587,20254,12644,27850,14854,12125,16245,16490,13410,3897,10540,2800,388,399
103201,15101,33292,1769,52493,2162,950,102583,13554,33320,1943,53772,1861,623,82619,13603,24212,1258,42792,1642,689,66581,12668,16530,916,35824,197,245,868,35184,43,245,29460,17749,10219,41478,20138,20685,37111,17444,18676,18194,17532,13958,5911,13429,2666,900,413
102902,12035,27101,1214,62301,1944,782,100269,11852,26488,1192,60427,1179,461,83114,10633,19658,915,51497,1457,591,66101,10169,12619,811,41829,365,166,749,41309,290,166,31228,18643,11110,44429,19887,23902,38509,16931,20597,19147,18340,11905,5593,11475,2928,1052,517
95647,38564,22579,2035,31257,2274,851,93670,37727,21469,2716,29445,1916,1663,77444,33413,16333,1550,24888,1715,595,67701,31551,12022,1447,20829,724,665,1109,19603,125,665,38128,18376,17459,48608,23709,23897,44718,20782,22608,7161,13066,14736,5394,17875,6208,2071,1129
96816,62650,15116,1942,14938,2436,845,93928,59755,14126,2657,14956,2377,939,80067,53868,11287,1443,11387,1921,628,74323,51748,9756,1281,9702,1143,191,874,8543,467,191,49318,21177,25036,62055,29028,31679,56987,24942,30416,3908,10631,15031,5893,22681,9090,3064,1279
97018,27542,38483,3765,26450,3182,1181,95776,27604,37945,3160,25975,1957,1381,75368,23713,27189,2651,20690,2354,824,62489,23571,19203,1613,16433,542,528,1300,15434,183,528,33012,17529,13533,41890,22015,18963,36907,17858,17992,12179,15331,13962,4609,13903,3866,939,641
97856,27409,25545,4755,39938,2435,1231,95406,26389,24646,4071,41514,2648,991,77471,23610,18516,3443,31154,1869,904,65645,22207,14991,2084,25047,305,436,1912,23818,46,436,36739,19033,15528,47823,25847,21034,43520,21836,20233,6883,12264,14142,5799,19062,7353,1415,1122
97052,56433,17489,2312,19377,2333,845,98160,57090,17457,2507,20054,1726,766,80480,49203,12793,1671,15188,1819,612,77351,49282,11912,1494,13551,441,282,1110,12106,72,282,49409,22206,24516,59662,28522,29936,56190,26216,28470,4575,11831,15047,7558,21580,9457,2797,1883
100374,52021,18958,2113,26257,2162,562,99201,47736,18846,2182,29694,1644,881,79083,43673,13497,1539,19185,1598,364,71606,40624,12061,1474,16598,463,38,1190,15324,30,38,50279,18550,28993,62032,26191,34666,57687,23068,32634,3014,9723,13991,6160,23360,10816,2481,1543
98282,16941,56438,3699,21099,3732,837,97289,16578,56959,3245,21076,3642,827,75371,14864,39964,2656,17300,2852,583,58986,14593,28857,1834,12892,317,276,1438,12386,43,276,27765,17485,8560,35755,22255,12688,31244,17063,13214,12485,15025,14843,5008,11497,3335,790,466
98745,33113,22702,3109,39441,2146,594,97313,33558,24711,3364,36704,1711,413,80194,29165,16912,2398,31004,1597,417,68208,28436,14292,1533,23391,278,26,1351,22185,88,26,38240,19245,16612,48597,26354,21119,44445,23192,19826,2969,9176,13850,5602,21934,9725,2821,1508
104218,31302,49230,2844,20527,3396,549,103772,28707,49970,3934,22469,3018,538,81397,27036,35681,2036,15875,2559,381,70857,25273,30176,1718,12884,314,86,1453,12388,64,86,38205,18926,16922,49580,26608,21941,44804,22132,21399,8369,14884,16804,6529,16575,6771,1618,1060
102744,14268,71128,13958,3910,4583,444,100774,12712,71941,12417,3659,3649,339,74414,12295,49292,9652,2888,3365,294,59619,10923,38100,7987,1966,627,80,7498,1831,133,80,28042,18686,7661,35720,23829,11014,30495,17598,11938,16084,21270,13525,4505,5821,1331,120,110
99005,19030,57276,17355,5768,4558,504,94112,16356,55830,17183,5533,3126,471,71423,16101,38751,11790,4427,3308,339,56842,13350,29243,10039,3158,624,66,9446,2811,186,66,26036,15331,9005,33587,20554,12145,28639,15376,12332,13597,16293,13010,4573,6338,2662,431,256
100107,18026,51552,26714,4540,4014,524,97645,17229,51649,24921,3588,3444,371,71094,15329,34513,17546,3391,2944,349,62959,14336,29085,16610,2136,601,199,15622,1738,74,199,25721,15565,8547,32634,20830,10872,27399,15814,10696,13130,20125,13070,5325,5205,2568,341,160
103662,42867,35088,16107,8778,4213,670,100583,38424,39825,12850,8825,3204,465,79294,35478,24212,11614,6571,3177,469,71086,31145,24355,8721,5610,811,132,8254,4937,272,132,39709,15431,21914,49891,22228,26502,45068,19197,24650,9709,17203,16750,6236,11238,6131,935,516
101832,51023,31855,5786,11960,3057,599,104309,47601,36555,6562,12455,2547,518,79935,41848,23540,4407,8790,2286,423,74138,38525,22795,4568,7277,655,87,4082,6465,115,87,43592,17939,23123,55826,25449,29227,53845,23501,28894,6242,14577,16984,7123,16977,5336,1107,1141
101126,42730,34127,6563,17398,2792,560,95874,37034,33466,6707,17662,2481,922,76290,34544,24008,4536,12494,2094,399,64597,30961,19445,3449,9623,595,182,3238,8940,51,182,38049,19088,16576,50761,27636,22146,48832,24752,22688,5582,10874,15296,6563,17072,6692,1259,630
102684,44244,36071,5640,16124,3036,533,101981,41334,37421,5430,17013,3034,1045,79714,37242,25393,4162,11936,2316,380,69716,34465,21053,3164,10046,501,90,2756,9145,128,90,40306,20419,17495,52160,28590,22565,48374,24972,21977,6870,11877,15012,6866,17843,5617,2086,1709
100118,29052,49161,7825,14004,3742,706,97840,25793,49910,8657,13339,3792,525,80343,25834,36322,6188,11436,2880,581,70029,23013,31599,6124,8494,438,118,5511,7800,139,118,36237,24073,9961,44323,30019,13300,40248,25154,13651,9467,13486,13718,5240,13371,6949,1730,2287
98006,8387,71045,5947,13112,3941,444,94962,8024,69091,5314,12368,4695,502,74715,7590,51372,4662,11126,2957,337,56033,7392,36270,3606,7986,457,157,3352,7531,326,157,22960,17246,4260,29240,20798,7693,24771,14951,8970,18548,14476,12342,4056,7263,1977,341,263
101667,41505,41439,3921,14617,3511,515,99363,36599,43446,4533,14630,4110,783,81292,35809,30650,2984,11236,2721,384,71277,31535,27927,2279,8489,543,110,1943,7518,115,110,42923,19961,20231,54285,27506,25591,49730,23270,24929,5787,15133,15789,7335,15052,7065,981,1051
100963,26294,52881,5114,17179,3898,522,98191,22614,52323,6484,17571,3146,682,80421,23204,39316,3798,13729,3044,402,70713,20377,34296,4421,10873,527,139,3849,10139,76,139,38425,21405,14660,49499,28623,19840,44756,23447,20020,7963,17212,17154,6362,14724,5711,1202,533
97435,24045,48756,6108,19035,3707,414,96245,21353,51734,5595,18341,3151,868,78132,21144,36610,4735,15491,2952,295,64874,19145,30176,3696,10797,354,194,3418,10116,179,194,34913,22562,10106,44425,29457,13975,39871,24522,14050,10235,14992,13077,5175,15203,6492,1332,1204
101288,4802,76209,1948,18867,3898,296,97616,4072,71102,2136,20495,6238,628,78432,4275,57089,1378,15859,3062,220,60504,3612,41922,1374,12659,390,115,1123,12494,122,115,27356,21200,4605,34950,25247,8982,28877,17855,10153,20363,19559,12733,3788,8062,2063,379,155
101773,3665,82288,1826,14417,3991,357,97234,3348,77616,1812,14368,3332,210,78659,3199,62201,1376,11933,3172,252,60392,3110,46512,1221,8831,587,56,977,8721,485,56,28185,22249,4427,35542,26086,8660,29430,18420,10131,21772,20483,12380,3574,6488,1468,221,211
102593,10937,55124,4684,32726,3493,463,100745,9678,54190,4780,32875,3954,527,82252,9920,41684,3731,27130,2743,326,69668,8761,35798,3366,20967,413,184,3210,20614,279,184,34181,22763,9636,45147,29328,15020,39068,22411,15549,10029,19448,14955,6229,14874,4587,1075,625
98023,11696,23546,3774,59701,1567,513,94181,9365,20905,3504,60149,1682,963,80117,10640,18238,3059,48341,1232,393,64117,8716,14916,2522,36521,507,262,2414,35851,380,262,35897,21759,12287,47814,29009,18060,40297,21412,17422,5852,11603,11951,6182,23473,8355,2025,1466
98600,8778,36892,1784,51665,2189,508,96994,8324,36380,1686,50731,1993,729,80494,7927,28108,1313,43201,1669,379,65816,7364,23048,1279,33326,260,304,1240,32912,159,304,30683,19218,9872,41407,25485,15194,35238,18775,15323,10592,17374,12486,6277,18518,5423,1356,774
97964,18344,69143,2210,8623,4438,488,94651,19534,62635,2612,8253,3629,634,77297,16314,52164,1615,7029,3412,343,68567,17075,43830,1486,5361,545,49,1212,4782,231,49,37944,23743,11895,47098,30118,15944,42459,24354,16886,8532,17313,14402,6274,12009,5423,1253,816
97463,18118,66266,2369,10907,4090,498,96144,16479,65887,2294,11521,3299,512,75809,15845,49105,1657,8853,3190,376,66808,14647,42747,1513,7454,301,55,1385,7172,75,55,35443,21330,12064,45483,27342,17145,40034,21523,17307,9196,19024,15352,5537,11096,4381,643,437
100549,18974,28939,5822,47044,2212,916,97618,16568,29592,5974,45924,1620,1474,82313,17036,21949,4481,38392,1801,719,69937,14879,19976,3994,29850,173,509,3804,28995,104,509,39886,23894,13918,51434,30607,19867,46392,25205,19827,7064,12720,13248,5959,20643,7993,1788,1330
96505,1102,75824,18488,1365,3717,671,92042,1009,73333,16142,1944,4233,509,69317,864,52913,14454,972,2814,493,48597,824,34453,12092,740,225,254,11767,664,94,254,22504,20367,1162,26812,22843,3307,21212,15613,4926,23563,15923,10329,2755,4309,709,161,52
94789,9281,40957,10198,33965,2516,2512,91217,7598,40697,8592,34323,3298,1941,77428,8578,31118,8051,28735,2033,1978,62738,7168,24825,5906,22697,463,996,5587,22226,37,996,31787,23087,7159,41309,28301,12155,35392,22020,12369,12652,15082,14525,5094,15285,3501,487,363
98173,2479,48237,44689,3485,2825,970,95513,2192,48476,41198,4382,2866,401,74844,2214,33803,36183,2820,2117,678,62455,1982,24607,32506,2527,542,235,31850,2293,93,235,36094,32706,2149,41404,36224,4401,35396,28499,6017,15168,15727,14523,5253,8358,4082,537,280
98274,46493,28965,11670,10146,3296,912,95712,43083,30740,11593,10006,2898,1110,86078,43016,23322,9712,8713,2796,724,76238,38299,21851,8194,6357,992,159,7040,5422,403,159,43963,30609,10156,52891,39370,12206,45873,33076,11065,6851,8672,17215,5289,22735,10346,2716,1876
101387,9295,60758,16521,15530,3952,979,97010,9833,61002,12893,13933,3003,605,75978,8395,42607,12299,12488,3017,743,54335,8914,26397,9131,8925,506,58,8633,8590,140,58,21880,17826,2570,28400,22534,5063,23149,16778,5458,23676,13157,13504,3599,7981,2276,267,174
100797,18361,40642,17119,24753,3360,2071,98900,19807,38946,16121,24861,2779,2152,79817,16433,29494,13248,19915,2566,1556,68740,17347,23124,10532,16020,357,556,9979,15411,124,556,35201,25894,7184,44317,32530,10771,38727,26723,10699,11558,12546,16191,5692,14796,4976,1285,1121
101301,44209,33397,7340,15919,3368,1028,101648,43230,33310,7953,16686,3018,1064,81565,38131,24457,5476,12473,2562,755,74522,36901,20545,5217,10190,810,339,4666,8960,460,339,45420,27414,14826,54785,35248,18210,50741,31787,17309,7128,11347,15085,4901,19985,8692,1740,1574
99188,30125,35139,12984,20751,3289,1652,95792,28589,35796,11491,19764,3438,2043,78148,26365,25362,9312,16067,2555,1178,70086,25096,22972,7430,12083,673,1073,7033,11362,93,1073,40910,24035,14241,51301,31424,18747,46128,26481,18266,6688,15058,17219,7675,15212,5542,933,494
101039,6286,68955,15860,9690,4132,1668,98440,6282,66739,16316,10010,4240,967,75157,5649,49365,11678,7702,3156,1201,58006,5505,34634,10759,6233,346,475,10196,6009,24,475,24854,20286,3296,31209,24043,6304,26488,17732,7918,18933,16300,14688,4791,6836,1670,407,193
100175,11795,62181,14072,12285,3736,1149,96324,11603,62949,11443,10953,3540,943,76372,10242,45155,10529,10045,2885,850,59300,9991,34084,7723,6726,461,121,7529,6281,105,121,28113,20305,6343,36617,25287,10438,30759,18625,11240,16325,17198,14857,5046,8924,2907,439,164
103249,8962,73786,5232,15407,4247,729,100353,10313,70505,4962,14930,4058,428,80516,8044,55311,4000,12850,3361,529,65654,9565,42793,3195,9596,195,191,2913,9190,84,191,32065,23609,6735,41762,28911,11885,35977,21664,13165,16082,19816,14464,5102,10514,2520,396,406
103823,5898,91136,2017,5179,4881,361,101895,5312,89669,2369,5114,5384,597,81646,5282,70779,1436,4157,3851,240,70467,4607,61195,906,3050,200,365,808,2988,139,365,37320,28726,6586,46011,33611,11439,39255,24984,13090,18621,21247,14237,5683,8653,2216,560,245
102545,12831,76984,4866,8093,4115,537,99501,11798,74601,4357,9268,5300,699,79788,11317,57882,3662,6726,3283,380,67762,10511,48110,2755,5879,202,129,2523,5676,36,129,34841,24174,8764,43365,28894,13562,37822,21285,15218,13713,17480,14436,5819,12246,3820,981,427
97212,3787,84065,7618,2034,4843,444,94313,3624,81899,7921,1596,4068,204,72641,3281,61703,6057,1650,3747,345,52528,3227,42766,5513,725,157,39,5324,700,79,39,25705,21669,2825,31224,24320,6053,25495,16801,7794,23447,16284,11556,2555,5189,1694,280,112
102095,1616,98732,1219,855,5061,177,100283,1742,96571,1548,1283,3648,221,76972,1359,74319,798,622,3957,124,55634,1453,52558,736,729,81,40,644,689,58,40,27042,23445,2298,32987,26368,5866,26355,17697,7707,28416,16796,10491,3218,5567,1121,114,102
100909,1156,93752,5353,870,4203,146,98165,906,93491,3777,603,3842,250,72707,856,67184,4168,620,3235,106,43910,820,40167,2495,289,89,40,2450,262,52,40,19526,17534,1149,24004,19887,3604,18897,13033,5220,31317,14877,8448,2391,3464,732,147,108
102579,2700,97840,1206,1172,4889,195,98801,3131,93908,1151,848,4002,304,74846,1892,71434,810,881,3851,136,44658,2065,41446,532,472,86,70,475,444,42,70,22079,19170,1831,26981,21444,4854,21730,14143,6697,28708,17829,8715,2611,3477,461,115,21
103788,4096,93703,1525,4933,4666,269,102218,4082,91223,887,5711,6240,534,78971,3513,70441,1074,4091,3682,166,56535,3766,48551,458,3409,53,98,409,3339,16,98,29421,24308,3592,35750,27678,7238,29753,19707,9059,24991,18498,12668,4015,7155,2087,406,360
103389,2111,98285,1270,2142,4895,187,96419,2136,91990,855,1786,4965,46,76715,1727,72623,822,1709,3828,119,50135,1665,46864,377,1045,162,34,334,981,135,34,26147,22745,1938,31204,25882,4495,25259,17840,6398,29207,15560,10100,2725,5169,1454,247,47
98319,2274,70721,1105,24571,3812,181,94650,2448,68025,836,22924,5161,193,74515,1941,51076,772,20893,2864,127,48791,1829,30768,608,15253,248,91,547,15122,153,91,18966,15202,2749,25599,18499,6578,20037,12427,7001,26593,18125,10254,2762,5722,1254,244,137
97675,10164,32864,1407,53558,2216,310,96122,8822,34903,1341,50951,3835,486,79330,9253,24891,1054,44103,1697,227,61981,8362,20217,607,31916,515,158,461,31598,438,158,28456,18640,8330,38505,24340,13507,32464,17883,13597,13867,17741,11396,5556,15198,4378,1042,768
99141,4523,34471,1108,59896,2136,305,95271,5119,31104,1185,58393,1825,320,81616,4123,26592,793,50416,1690,229,64451,4356,20460,657,38420,204,161,503,37853,103,161,28714,20786,6497,38412,26439,11327,32015,19569,11431,17070,17546,10620,5114,15960,4098,1042,665
97766,7262,31976,2338,57077,2377,339,96166,7743,30193,3066,55868,2695,668,81785,6614,25022,1774,48656,1935,249,64523,6952,21191,1909,33762,248,111,1633,33379,178,111,28060,20255,6301,38257,26759,10815,32755,20608,10987,14315,16312,11196,5300,18045,6109,1508,1044
102338,19766,22714,2344,58048,1907,440,100356,18862,22044,2694,56897,1722,676,82278,16905,17068,1692,46540,1514,339,65873,15576,13989,1690,33887,300,72,1473,33199,128,72,36096,24363,9720,47211,32444,13802,41582,26768,13361,9594,11566,9653,5371,22488,9642,4092,2144
96015,25686,18381,3951,48306,1593,359,93982,23873,19632,4616,45623,1794,852,77878,22642,14025,2963,38154,1267,241,65409,20755,13859,2793,26871,432,205,2434,26102,195,205,35796,22644,11086,46721,30496,15273,41802,25545,14788,4863,10740,9443,5407,22649,10536,3716,2097
101581,34938,36271,11108,19438,3493,456,100351,33570,37424,11257,18781,2540,457,85357,31433,27898,9098,16631,2780,348,71108,29299,21559,7642,11687,518,64,6794,10409,117,64,42777,33209,7056,51791,41071,9614,46672,35777,9201,9394,11072,11192,4371,21051,11885,3967,3119
101364,49927,19642,10203,21465,2295,370,98641,45719,19561,10558,22481,2016,185,80758,41890,14372,8444,15543,1829,271,71744,37558,12393,7805,13236,454,25,7284,12065,154,25,51432,34458,13937,61830,43475,17146,56804,38849,16117,3840,8778,11245,6001,22538,12249,5170,3310
98448,56788,20884,3203,17546,1601,382,96070,56044,22624,2496,14487,1223,138,83291,48712,16687,2647,14966,1294,275,62175,37081,13035,1814,9801,264,53,1568,9086,54,53,26871,17941,7464,36535,21973,13906,30714,17140,12506,10840,16997,10345,7420,19864,6645,1322,1017
102046,67775,13956,2265,17729,1450,288,98704,65865,13537,3345,14772,1936,565,83731,56629,10816,1733,14059,1100,203,68958,48708,8743,1504,9136,211,113,900,8120,31,113,39678,23833,13551,50936,29765,20195,45391,24519,19371,5770,13944,11231,6630,21127,9726,2888,1430
103386,58306,24696,4475,15274,2473,448,100520,54511,23476,5886,15720,2020,382,85038,49639,19099,3370,12028,1950,332,73894,44141,15618,3675,9520,672,60,3025,7884,177,60,45083,29906,12470,56451,38143,17176,50575,33064,15972,5232,11485,16646,7765,23157,8094,2375,659
103094,42637,46570,4251,9135,2981,321,100616,41362,45625,5061,7731,3250,386,82861,36281,34808,3410,7624,2326,232,67709,32986,25300,3530,4943,482,43,3071,4580,160,43,33193,20948,10245,41933,25400,15512,36520,19326,16074,15242,16346,15206,5916,12758,3973,1262,725
102659,6448,88441,2993,5129,4737,247,99307,5660,86960,2201,4618,2963,427,77978,5694,65947,2193,4136,3707,178,57583,4859,47808,1536,2993,167,60,1466,2834,125,60,28247,23046,3728,34755,27021,6857,28560,18658,8984,25924,17764,11611,3214,6435,1464,330,89
94938,9924,75791,3650,5883,4228,243,91986,8890,71833,3973,7818,2926,539,72291,8737,55993,2773,4705,3279,177,57520,7619,41369,2569,5210,323,252,2458,4952,67,252,28230,21555,5161,36298,26633,8885,30617,19167,10514,18532,15840,10777,3994,8647,2336,598,286
103299,8426,76398,4121,14624,3438,320,98018,8486,72817,3967,13429,2115,202,77453,7084,55014,3099,12267,2622,218,50074,7079,31434,2417,8820,200,130,2148,8661,68,130,22565,18022,3405,29665,22104,6906,24788,15676,8355,23072,16815,10655,3380,8047,1501,337,175
101796,20438,68742,4682,7928,4211,403,98046,19484,65935,4399,8123,2972,495,80608,17695,52157,3853,6629,3366,313,58542,15433,34228,3026,5201,405,23,2744,4863,219,23,27511,22014,3960,35623,26862,7957,29302,19387,8958,21017,15788,12734,5325,9865,2525,541,305
98627,29583,54064,4739,10228,2894,371,93811,28474,51188,4562,9632,2394,293,77744,24817,40310,3814,8642,2279,259,54405,21431,23608,2822,5900,343,13,2617,5668,79,13,23660,18009,4412,31420,21851,8881,26758,16415,9527,17065,16544,12595,4772,11624,2842,576,255
96765,23955,55648,6207,10768,3485,370,95722,21613,56580,5572,11605,2516,429,76217,20784,41291,4862,8950,2778,257,56157,17752,26275,4132,7304,394,165,3666,6759,86,165,27390,20782,4963,33446,24632,8110,28830,19081,8864,16598,14526,12651,4848,13277,4304,976,481
102092,20546,59548,5632,16470,3703,359,99592,20122,57691,5064,16727,2679,194,79570,17934,43805,4351,13369,2941,262,59607,16763,28695,3205,10168,426,16,3036,9617,24,16,27680,20284,5884,36994,25689,10511,31078,19171,10811,17729,16835,12878,4902,12669,3699,705,404
97026,26067,48524,6139,16452,3009,455,94750,24916,49322,5271,15257,2397,367,77220,22790,36064,4655,13449,2416,350,60986,20249,26690,3226,10041,425,196,2870,9295,114,196,31915,21975,8114,40949,27818,12274,34345,20931,12208,13201,14007,13446,5695,14923,4094,1055,748
99654,39183,32621,6229,21589,2372,540,100272,38969,33316,6140,21173,1758,392,81769,33720,25020,4899,17616,1834,436,72623,31373,21913,4144,14506,439,102,3729,13728,233,102,40464,25903,12192,48971,31002,16953,44423,25399,17567,7881,14357,14484,6742,19376,5891,1550,1297
96295,43846,20917,5594,25708,1883,454,101314,43852,22349,7663,27769,1786,837,78381,37899,15582,4193,20130,1384,334,74794,37011,14158,4757,18075,320,115,4243,16737,121,115,42109,25007,14917,53673,32834,19858,49601,27855,20239,5341,11535,13489,6876,21103,8901,3172,1719
100297,55470,19098,7210,17784,1840,448,103060,54221,20128,8694,18684,2232,688,81974,47211,14572,5512,13805,1410,320,72986,43491,12540,5543,10100,621,112,4944,8460,277,112,40219,26506,11702,50388,33248,16219,45941,27660,16910,5918,12163,14430,5769,23449,9262,2467,1372
102915,59804,24331,7833,10263,2334,424,103872,54382,28513,8988,10965,2610,456,85114,50701,18918,6322,8267,1865,314,75270,44383,16555,6611,6355,703,36,5587,5317,203,36,41874,31143,8462,53128,38601,13517,47693,32589,13809,6709,11867,15040,6147,25504,8349,2986,1422
102740,74034,11254,5681,10628,1364,379,103972,71316,12728,6474,11954,1231,443,84353,62018,8591,4383,8228,1072,254,76839,56559,8701,4049,6689,364,131,3323,4842,127,131,48494,33848,12410,60223,40874,18371,54172,34115,18649,2868,9322,12327,5321,26938,11296,7046,2668
100567,62015,18068,8882,10698,2372,441,102412,60610,19265,11216,11258,1708,250,86249,54473,14505,7438,8646,1950,336,80134,51163,13763,8159,6163,599,49,7030,4993,155,49,47793,37485,7816,58357,46880,10439,53232,41184,10522,3748,7773,14279,5622,31551,9776,3764,1181
101426,66707,15323,7826,9884,2140,461,99134,61464,16855,8469,11541,1897,469,94308,62940,13656,7073,8858,1905,363,82173,54575,12394,6086,7695,761,93,5258,6002,193,93,48321,39959,6111,57246,46429,9876,52584,41512,9524,3907,8285,13684,5795,34212,10849,4672,2073
101452,75097,8013,3504,13325,1006,355,98753,68753,9289,3904,14975,858,415,85545,63964,6481,2827,10930,758,258,75078,57202,5974,2900,8025,403,82,2203,6619,87,82,48395,34464,11852,57965,38944,18251,53319,32297,19799,2565,6556,8849,3358,27526,12416,9776,3629
100940,46914,21298,6386,25627,2313,487,103048,46229,20813,8740,25893,1938,474,88413,42321,17288,5436,22356,1868,354,75457,38871,13003,6381,16118,450,149,5191,14253,51,149,43967,36032,5337,52476,43671,7765,47554,37859,7846,4724,6642,9904,3884,30575,13129,4740,3567
99210,59161,10939,4461,23128,1116,384,97984,54095,11883,6688,23203,1165,533,86264,50483,9647,3921,20932,902,297,76710,44663,9668,5327,16288,328,125,4571,14095,57,125,41301,32262,7097,43401,31224,11482,40379,26766,12514,1995,4644,5952,2054,19212,9681,5804,3124
98634,51579,18763,12305,15242,2065,487,95646,47268,18198,13000,15671,1596,595,84909,45573,15062,10596,12699,1659,355,73269,41099,11569,9725,10023,377,216,8510,8293,100,216,44625,37631,5074,53068,43827,8467,47412,36666,9314,5024,7684,11303,3629,29486,10992,4333,1816
101305,58741,15635,9888,15711,2056,677,96213,54608,15926,8666,16215,2574,984,88343,52912,12720,8240,12976,1678,518,75868,45701,11751,6787,10083,636,136,5837,7963,180,136,45625,35123,7955,54820,43305,10380,50079,38083,10460,2054,5282,10890,4318,30353,12819,4731,2585
101395,48321,25219,8262,18565,2565,590,98221,45411,23637,8162,20623,2337,247,84334,42049,19619,6412,14971,1994,446,70360,36802,14272,5206,13247,573,134,4276,11032,51,134,48983,39488,6853,57130,47321,8712,51495,40858,8873,6257,7983,11758,4097,26954,12051,3920,2487
98411,54723,21946,5261,15639,2250,435,97125,52890,21817,6544,14752,2601,328,86967,49457,18454,4572,13487,1860,317,77260,45484,15447,4729,10684,522,138,3594,9599,71,138,48768,40762,5634,56913,47993,7970,51101,41815,7225,5673,9356,12432,4541,31370,10414,3715,1844
100230,22851,26282,6626,44394,2395,326,99258,21608,26518,7216,43340,2107,310,85496,19732,20555,5698,39268,1840,254,62988,17749,12869,5498,25855,616,121,4395,25130,268,121,29111,23390,4300,39383,29950,8749,34565,25100,8147,10420,12712,11250,3884,26076,7367,2834,1191
98996,21951,54580,5597,16805,4058,391,101362,22805,52469,8333,18094,4514,440,83235,20565,42802,4911,14804,3288,293,60972,19931,23447,6257,10243,624,61,5537,9689,242,61,27547,22855,3121,34651,27708,6200,29926,21970,6525,19846,15605,11725,4058,18293,4465,1205,622
100366,14243,59981,7051,19201,5877,427,100748,13786,60441,8037,18965,4651,402,81582,13321,45289,5795,17125,4600,305,54771,12870,23766,5651,11917,355,105,5066,11255,159,105,23632,20069,2228,31061,25210,5072,26909,19922,5653,23030,12733,10672,3902,16753,4467,1521,512
99726,25603,33452,13789,26657,3063,605,99833,22294,30971,15263,32226,3683,611,90245,24486,27999,12645,24480,2625,461,73300,19572,20165,12410,19507,903,78,10806,18242,249,78,29213,24409,3051,38746,31891,5954,32412,24763,6114,14130,12126,13083,4733,23771,8324,2702,1492
97260,5822,67163,5815,18767,5302,279,95956,4497,68000,6665,17218,3105,245,77576,5447,50231,5019,17079,4072,188,41592,3833,21849,5409,9813,509,100,4941,9628,316,100,16116,13685,1506,21880,16849,4542,18334,12613,4913,27982,15261,8078,2715,9589,2388,417,448
96465,9206,56441,21592,9669,4413,286,94577,11172,54160,20706,8910,2990,175,77533,8225,42680,18163,8519,3519,211,56538,9806,24295,15654,5968,499,22,14926,5669,149,22,30730,27311,1912,38085,32867,4483,32954,26380,5402,18338,15735,11938,3933,12559,3652,996,540
97818,10545,54648,20424,12611,3446,327,96242,10763,55100,17781,12680,2887,337,80128,9694,42067,16787,11608,2831,231,57933,9756,27110,13851,6417,438,221,13163,5638,103,221,25907,23117,1553,29835,25514,3621,23843,18360,4641,19963,12089,10847,3269,8156,3150,573,481
99169,7216,26943,61737,4555,3149,426,96780,7770,25040,61212,4442,2271,494,80846,6269,19723,51633,3678,2540,309,69429,6547,12034,46890,2679,698,207,45607,2233,91,207,44430,40766,2153,51468,46911,3761,44047,38519,4434,9934,13722,15954,5923,14609,7821,1562,1096
98767,1628,76428,19852,1424,4583,227,100334,1620,80093,18374,1001,3312,104,72065,1299,54548,15286,1132,3418,153,46063,1630,30044,13581,509,299,48,13062,493,19,48,21232,19361,1001,26671,22876,3238,20534,15134,4754,29330,15385,9790,3081,4358,1272,150,243
99371,1975,86903,9256,1698,5429,226,95110,1563,85296,7631,1107,3629,491,71197,1729,61342,6965,1381,4029,143,40307,1356,32713,5464,595,162,21,5266,476,18,21,17204,15514,878,20710,17708,2566,16043,11444,4056,33489,12832,8327,2188,3124,964,157,77
100478,27571,49141,3292,20671,3641,484,100660,31542,45446,2917,21254,5177,294,83170,24301,38664,2612,17314,3019,367,71562,26454,29094,1682,13800,389,42,1235,12436,68,42,43016,34907,5709,52174,42913,8217,46306,35931,8460,11596,13521,14028,4598,21824,7960,2633,1486
98476,10024,69095,3666,16281,4508,398,96126,10951,63823,3819,18001,4861,353,79193,9123,53411,2819,13966,3663,279,62743,9724,37727,2439,12207,313,110,2064,11634,229,110,30345,25283,3153,38478,31706,5853,33206,24717,6817,21496,14714,10795,4367,12392,4544,1136,760
99327,5611,83680,4652,5739,4366,304,99165,5507,83541,4625,5425,3820,179,76864,5235,62601,4017,5142,3466,222,54236,5280,40852,3929,3737,392,73,3640,3634,136,73,23014,20107,1598,29320,24450,4115,24219,17684,5493,27863,16358,10034,2841,7489,2016,730,213
98051,1128,74219,22422,879,3658,287,97011,864,76722,19141,1173,2190,368,68602,854,50913,16447,641,2675,195,41876,800,26940,13394,510,113,38,13221,457,72,38,18265,16817,779,23240,20113,2622,17690,13277,3919,26565,15911,9461,2893,3412,638,146,68
100483,1204,71290,27969,892,3516,292,96424,821,73124,21939,1482,3189,266,70009,957,48661,20058,626,2644,195,47182,875,29357,15913,568,182,60,15564,568,33,60,21623,19976,863,25591,22218,2692,19699,14932,4151,25476,16099,9146,2734,3716,1004,125,76
100025,8822,64581,11808,15235,3461,1165,98377,8094,63039,12032,16419,2105,299,75403,7745,46204,8552,12696,2711,925,56276,6996,29839,8293,10627,245,73,7857,10286,38,73,25411,19161,4868,32796,23812,8214,27406,17293,9238,17649,16344,12654,4755,9666,2952,490,325
100814,28355,55826,8198,8496,4124,1111,103428,28507,59304,6899,9361,3969,1317,79700,25256,41235,6120,6680,3262,778,68437,24425,33365,4123,4878,699,481,3838,4080,179,481,34509,22986,9376,42780,28512,13230,37702,22712,13836,14181,18703,15478,5236,13420,4651,1091,812
95699,1469,45996,47545,1500,3088,384,97634,2070,50757,44531,1724,2453,685,72630,1202,32662,37899,1134,2386,273,59928,1777,21913,34540,622,321,403,33977,541,162,403,33154,30628,1391,38148,34269,3201,31297,26081,4460,16607,17593,15851,5312,6746,2247,496,236
99845,8443,43322,26594,22121,2955,1141,97754,7661,47022,22879,20867,4242,1590,78716,7461,31614,20607,18978,2259,859,59955,6987,23082,15329,13154,416,153,14953,12621,292,153,30057,23863,4781,38943,29536,8658,32910,22912,8961,14363,15543,15125,5607,12529,3775,807,435
96391,4220,44783,45243,3003,3594,618,94732,5879,40894,45015,3535,2501,236,76007,3720,33143,36977,2418,2787,433,63969,5269,20920,35402,1683,688,44,34268,1439,148,44,35555,32514,1790,43005,38258,3932,35760,29842,4905,13369,16394,16342,5026,10778,3994,516,426
100826,10895,68701,13584,7540,4244,1037,95806,10181,64243,13675,8818,3941,940,77044,9208,51058,10490,5927,3322,781,56528,8215,33120,8804,5729,156,244,8417,5386,45,244,28940,23295,4120,36807,28562,7410,30595,21034,8398,19067,14808,13083,3875,10762,3526,423,423
102550,33390,34938,7237,26486,3277,1190,101993,31910,33628,6365,29763,3112,712,80267,27670,25829,5304,20485,2502,858,68234,25518,19606,3808,18079,493,212,3152,16554,193,212,40647,26747,11116,50667,34461,14958,44637,28383,14534,8922,13263,12134,5188,22408,7435,1413,957
103890,34878,23504,5564,39238,2353,1170,100070,31863,21554,6306,39391,1783,1332,83597,30645,17350,4026,30430,1841,838,67718,27965,12577,3720,22059,372,453,3217,20459,109,453,41375,23128,15516,51733,31057,19480,46182,25978,18584,4304,14014,13019,6388,24063,9486,2230,1258
101997,53012,11306,3304,33268,1557,592,98502,48884,11858,3324,33728,1270,422,81977,45184,8126,2376,25106,1207,446,69525,41005,7848,1923,17893,474,7,1610,16834,116,7,51399,26750,21593,63051,35772,25914,57907,31757,24224,1753,6320,10424,4598,27573,13373,5756,2983
103208,69604,13175,3328,15145,1886,644,97908,64023,12737,2631,16336,2187,839,82970,58164,9841,2457,10742,1365,470,72993,52506,8179,1791,9240,718,70,1391,7558,106,70,53847,33077,16907,64262,42510,20119,59208,38218,19090,1426,5297,9663,4250,31062,15232,4770,2242
98053,64796,13793,5541,12283,1918,426,95692,60352,14168,6650,13690,1809,312,84375,57510,11035,4370,9791,1591,311,75284,50974,10075,4687,8612,490,144,3937,6740,205,144,52917,42228,7697,59327,48147,10122,54584,42710,10125,3949,6299,9366,4567,29493,13169,6659,3257
103293,78751,8741,3009,10939,1433,394,101870,73835,9792,3566,12044,1766,427,82976,64769,6311,2166,8147,1095,283,76083,59218,6650,2278,6839,915,12,1481,5554,113,12,56470,36370,16983,65820,43910,20701,60235,37592,20900,1525,6220,10864,3757,27023,12285,7177,3716
102462,26073,44253,23900,7747,3482,1141,107690,25823,48102,26915,6974,4012,512,71464,19693,29013,16639,5345,2490,733,64301,20835,21597,17214,3886,734,33,16603,3621,261,33,30037,23731,4676,40346,32702,6902,38582,28271,9426,10047,15735,12912,4811,12679,6125,1775,821
103714,30129,62477,4261,5460,6158,262,99956,31189,58355,4195,5135,2947,69,77930,26426,43273,2570,4275,4477,179,64004,28026,30250,2003,3007,720,9,1433,2701,147,9,36788,24652,9340,43101,30903,11024,38320,25241,11920,17031,19984,12003,3795,12291,4093,621,537
99754,56015,32736,5807,3630,4342,244,101247,59074,30250,5941,4358,3580,877,82655,49971,24228,3766,2971,3354,190,79703,53882,17521,4178,2549,1199,479,3018,1713,314,479,46067,35516,6995,57867,47596,8981,55100,43142,10435,8330,9604,10303,2874,27365,11539,3538,1279
100339,51918,20458,21837,5270,3431,304,102280,53732,20896,20694,5749,3301,781,81027,44889,14734,16597,3752,2614,229,76225,47017,11381,13626,2824,891,11,12483,2100,300,11,48146,38567,6317,56382,47869,7255,51846,42928,7501,5766,11044,11874,3919,26064,11910,3333,1692
103091,77291,12437,5626,5522,2700,291,101542,74280,13116,6593,5315,3412,463,95618,72823,10853,4790,4921,2339,223,92167,70726,10568,4851,3607,1527,282,4164,2390,313,282,55100,41892,8465,65755,54633,9523,60749,49406,9374,2599,6992,10797,4267,36193,13786,4054,2201
98699,76432,9926,5722,4687,2219,255,98703,74352,11578,6503,4728,1732,304,83295,65813,7754,4455,3605,1727,196,80206,65050,7326,4045,2863,594,4,3246,1674,128,4,60593,45645,10855,68213,55379,11504,63193,50675,10880,2161,5583,8712,2793,30290,15667,7176,3008
99694,66267,14892,10245,6483,2726,426,100668,64851,17757,10333,6064,2330,254,82937,57474,11054,7556,5136,2134,310,75985,56339,9282,5841,3205,824,6,5129,2289,280,6,51487,33412,13880,57874,42353,14077,51474,37057,12962,3172,9496,12865,4703,26223,11067,3008,1644
100697,23244,50417,19853,6447,4278,810,104262,22937,53840,21175,6182,4464,475,73508,20376,33571,13772,4698,3085,558,55492,20482,18880,12152,2784,926,140,11226,2133,258,140,25608,17182,6415,30722,22618,7303,29411,19615,8867,14984,18997,12051,5320,8418,3062,586,605
96757,40154,24170,23988,7644,3254,650,95549,37740,25141,24378,8152,3449,433,75898,35084,16674,17089,5908,2384,456,63772,33019,11254,13674,4744,792,61,12224,4079,213,61,37840,24381,10587,43016,30619,11253,35875,23784,10857,6472,14824,13446,6679,15617,6517,1433,1040
97295,51148,21173,15665,7938,3429,600,94811,49428,22415,15238,7656,2833,378,75592,43296,14261,10475,6028,2447,418,67958,42643,10912,8982,4020,755,93,8111,3314,220,93,46626,24516,17792,52367,32030,18872,46959,27383,18141,6229,15620,16579,6583,14749,5482,1051,810
99899,45662,25508,18319,9444,3522,797,107015,49065,27888,20076,10608,3310,1104,71658,34987,16524,12391,6575,2438,516,69345,38444,13337,11440,5093,645,234,10088,4272,61,234,37444,19670,14585,47424,28393,17771,47692,26836,19481,6690,14080,12929,6904,15111,6087,875,722
96306,59332,12294,10386,13054,2500,461,96693,59333,12922,11090,11623,1585,1041,71500,46064,8005,7006,9193,1727,293,69363,46856,7882,6994,6433,476,89,6282,5836,195,89,46483,21799,20796,55987,31120,23443,53627,28994,23006,2550,9904,11845,5129,21222,10781,1912,1664
97896,75630,8204,2745,9209,1894,301,97915,73192,9255,3159,9699,1592,431,75889,60411,5653,1853,6284,1399,192,72881,60963,5186,1802,4210,579,105,1076,3348,154,105,58299,29246,24083,64579,38233,24769,61064,36257,23229,1366,7403,10219,4176,27405,14330,3517,1895
98369,72506,16078,3263,3783,3361,290,98444,72155,16153,3915,3729,3337,288,79760,61124,11300,2249,2736,2575,201,76925,62351,9143,2265,2006,927,70,1690,1417,299,70,53841,27118,21582,60933,36647,22575,57566,34284,21628,3698,13345,13105,4329,23872,10476,2917,1550
104232,63926,28294,3489,6001,4398,294,102157,65037,26589,3567,5978,3381,462,85593,56104,20076,2491,4584,3334,205,81044,58142,16531,1769,3398,853,110,1306,2730,222,110,50856,27071,19189,58838,36417,20732,55630,33614,20450,6083,18447,15838,5866,20030,7142,2001,1112
101911,79597,12374,1893,4982,2999,271,100124,77820,13748,1650,4489,2485,239,79936,64415,8441,1191,3470,2168,184,77680,63895,9007,876,3030,828,59,516,2374,92,59,61121,25783,29819,68747,34459,32369,66099,33578,30624,2311,12563,14919,6423,24540,9293,1290,1370
99913,85595,6511,1084,3728,2264,197,99367,86232,6416,889,3158,1454,239,79033,69023,4503,703,2526,1598,141,77571,70688,3927,511,1821,582,22,293,1386,145,22,60838,29041,26618,71349,39948,29576,69370,39686,27740,1251,8090,10860,4912,26489,13569,3020,2540
99179,76785,12520,2158,4683,3082,249,101256,78257,13078,2394,5109,2958,218,81024,64445,9109,1477,3479,2367,180,80700,66610,8949,1122,2676,1010,61,799,1751,308,61,57679,29560,22876,65507,39925,23760,62751,38745,22178,2684,12865,12256,5625,23481,11791,2223,2152
99594,69033,21627,2931,3115,4291,387,97727,69217,20899,2678,3069,2518,120,81810,59580,15420,1973,2408,3200,239,79584,61251,13769,1634,1837,1068,0,1010,1224,217,0,52345,27775,19629,60398,38091,20583,57067,35919,19449,5836,18895,15733,5336,19860,8270,798,1115
100534,75277,14818,2281,5343,3276,275,100289,74238,16297,2746,5069,2107,376,80750,62433,10474,1471,4052,2455,194,78561,62772,10440,1509,2972,652,28,980,2486,102,28,56096,26723,23957,65506,37712,25866,62833,36691,24433,2568,13358,15189,6242,23245,9070,1315,1345
97467,31816,57117,2819,4154,4774,302,95435,32084,55886,3018,3931,5235,547,72320,27319,38472,1847,3153,3425,224,58942,27907,26049,1332,2476,691,225,1079,2016,180,225,29531,17765,9194,35562,23711,10815,32222,19537,11712,13011,19582,12257,4700,7678,3010,221,323
97620,33506,54112,4152,4572,4594,318,97790,33877,54689,4273,4207,5787,361,69855,27009,35749,2639,3107,3274,201,60538,29111,25964,2130,2212,868,152,1658,1749,312,152,30322,16469,11229,37033,22268,13648,35387,18870,15568,13116,20015,11971,4932,9032,2371,121,400
96001,54533,29969,3211,6172,4319,347,94223,51564,31902,3333,7092,4222,380,75303,45978,20709,2033,4607,3163,188,70338,44566,19838,1426,3771,705,26,997,3111,298,26,44195,22714,17465,51037,30219,19283,46625,26767,18504,7177,18006,14200,5762,14544,6115,850,659
98592,65151,19334,2662,8997,3180,328,101091,66260,20267,3218,8679,2931,564,72969,50451,12788,1680,6100,2237,210,71127,51383,12493,1751,4395,848,84,1353,3617,197,84,46551,21952,20246,56904,31909,23408,57734,32236,23908,3583,11530,11549,5960,19469,8960,1143,1347
101378,56368,33676,3490,5777,4124,420,108964,59253,37939,5202,5548,3891,393,74372,44216,22289,2103,3918,2872,277,75310,46965,21743,2712,2803,879,97,2076,2049,156,97,41643,17321,20649,53526,25527,26485,57756,26548,29754,7240,18366,14657,6556,13643,5375,591,644
99371,74486,12236,2069,8000,2359,239,99727,72923,13315,2389,9660,1427,213,78065,60397,8432,1392,5780,1718,171,74356,60030,7569,1304,4706,456,22,787,3707,117,22,56003,36110,15277,65109,47514,16127,63995,46920,15303,2317,7574,11280,4879,25701,13011,2670,2988
97689,76090,8826,2031,8379,1715,274,96576,76198,9427,1857,7453,1134,137,85852,68033,6994,1664,7110,1363,230,81094,67450,7013,1396,4498,628,55,861,3157,138,55,58769,48163,6671,57181,49772,6320,51190,43500,6233,1107,3059,5564,1794,19531,13711,2929,5101
98325,64647,24214,1911,4817,3297,235,98355,65739,23683,2053,4802,2247,260,77069,53801,16281,1298,3446,2444,161,75233,56659,13550,1130,2621,912,89,634,2016,222,89,48058,27279,16315,56913,38302,17054,55543,37853,16186,5199,12594,13829,5809,20471,8658,1252,1712
97454,80225,9030,1298,3897,2178,173,98544,82629,7837,918,4458,1728,78,79066,66938,6157,867,2738,1642,134,77867,69597,4464,541,2310,885,29,161,1501,265,29,63011,38552,19853,70105,47505,21091,68511,46186,20415,2523,8422,12120,5555,25376,13654,2789,3172
99714,75038,14395,2761,4605,3085,361,101815,79091,13921,2844,4337,1807,229,84834,65680,10815,2063,3857,2371,259,84799,70467,9045,1742,2471,901,56,1189,1465,286,56,52330,32184,14288,54687,39090,13764,52708,37932,13161,2927,9041,9787,4243,18389,9603,1510,2500
97685,76407,11443,2132,4899,2668,303,93878,72396,12058,2817,5037,2151,361,76391,61707,7636,1393,3471,1865,226,72350,60631,7329,1051,2248,674,155,649,1584,129,155,55369,28286,21526,63237,38825,22492,60875,38499,20525,1664,8322,11337,6041,20919,10774,1936,2424
100895,80908,12546,1710,2275,3319,278,105461,83198,15265,2380,2583,1742,169,80715,66964,8351,1049,1611,2434,204,83229,70404,8951,1215,1710,740,94,918,1262,154,94,54008,19537,29279,64962,29400,33654,67532,32032,33596,2424,15290,16444,6947,19413,8507,1538,1474
97519,75700,15074,1407,2389,2980,249,108379,83209,18513,1784,2582,3623,178,71383,57493,9482,782,1449,2018,151,77356,64199,10263,676,1072,907,53,366,812,266,53,45158,13449,27736,60046,21533,36882,69193,25487,41908,3452,14021,14220,6745,19116,7408,1443,1080
95214,40929,45863,3779,2795,4112,378,94849,41471,46358,4093,2458,2678,435,70445,34120,30264,2537,1906,2967,231,62562,35509,23407,1819,1026,497,72,1476,660,157,72,30893,14096,13605,33026,16707,15205,31114,14373,15811,12831,14966,11972,4605,6661,3031,750,361
99770,70250,22409,1531,2809,3377,322,108373,74233,26744,2142,3474,3652,316,73328,54065,14446,831,1864,2346,175,77921,58516,15815,769,1864,917,40,449,1470,188,40,45806,14601,27062,57028,21690,33737,62161,23391,37126,4736,16079,17227,6564,15228,6370,1086,958
98208,61231,29622,2152,2707,3309,233,105438,64607,32884,2779,3196,2603,494,71881,47583,19263,1323,1825,2274,158,72644,51710,16622,1760,1365,856,110,1450,1027,287,110,40807,12715,25125,51372,18893,31215,55046,19778,33936,8291,17976,15116,6686,11794,4718,727,755
96568,69629,20917,2267,1152,3468,298,97808,67432,23653,2712,1571,2814,205,74460,56074,13822,1657,772,2500,214,71149,54905,12364,1704,733,1342,30,1290,335,334,30,46615,8539,35344,51692,10765,39898,50051,10064,38992,7046,21643,15687,7137,9160,3956,705,252
104084,80621,9147,2261,9676,2013,290,103331,81137,9882,2204,8657,1044,175,76837,61241,6009,1441,6409,1372,179,75848,63455,6512,864,4435,362,45,585,3751,69,45,59567,25155,29302,68761,35419,31821,66804,34532,30678,789,6719,11413,5009,28008,13574,2515,1381
96444,69985,9963,3388,11104,2213,367,100211,71407,10896,4044,11952,1810,346,72201,54087,6659,2314,7570,1561,220,72359,57104,7116,2393,4746,613,75,1933,3932,224,75,43408,16492,22945,57084,27159,28393,59440,27926,29962,2137,8232,12045,4961,24906,10754,1817,841
96275,77461,9638,2243,4290,2520,416,105606,83348,10757,3458,6265,1939,332,69746,57764,6023,1362,2687,1717,254,76367,64620,6549,1261,2763,532,153,731,1938,119,153,48630,16189,27994,62349,25850,34864,71695,30544,39339,1231,7626,12006,5182,26137,9300,1422,1320
98834,80578,9846,2389,2896,2811,370,107073,85010,11903,3108,4193,2654,401,77386,64453,6821,1714,1875,2064,230,83326,69838,8180,1831,2042,1093,90,1444,1646,411,90,55842,14704,37011,66795,21622,43625,70652,23028,46002,2859,14809,14611,6761,21110,8744,1390,928
98177,43301,33016,15680,5071,4731,1199,97066,41578,33465,17277,5658,5768,1571,74064,36227,21736,10727,3683,3394,794,67038,35111,17441,9632,2440,1163,250,8373,1724,218,250,29792,13629,13027,35039,19277,14110,32873,17451,14456,7385,18005,16147,6763,8502,3236,466,544
99815,74946,12726,5394,4012,3758,562,99618,74952,13187,5170,4037,2559,515,83666,64992,9324,3861,3018,2866,360,83056,66378,9484,3323,2409,962,73,2399,1363,227,73,54702,25657,23845,60340,33534,24837,57679,32946,23093,3392,12341,16821,6058,20333,10453,2592,2374
103126,71430,17340,7457,4393,4055,575,102057,70936,18425,7500,4348,3626,537,82955,60317,11840,5090,3223,3026,355,80360,60377,11570,4787,2156,1206,13,3848,1528,311,13,50772,18239,27229,56332,25863,28307,52843,25284,25932,4353,14984,18196,8712,15516,8434,1259,1056
99220,63251,18282,9107,6629,3906,897,103247,64836,21560,8746,7870,2921,915,73978,49809,11702,5853,4582,2628,590,74045,52147,12390,4382,3953,824,137,3285,2873,137,137,42700,12704,25559,53090,21271,29755,55278,23100,30690,2540,13882,15681,7599,16363,7038,966,695
98518,70518,12631,6080,7031,3033,714,103854,74884,13300,7160,6868,3104,510,73010,54249,8161,3997,4755,2026,419,74970,57844,7931,4026,3651,893,75,3347,2599,130,75,46709,13438,28222,57325,22828,32426,60247,25537,33037,1755,8924,13201,6560,20168,10922,1644,1232
98156,76834,9105,3964,5448,2638,533,105070,81386,9955,5242,4802,1569,895,74315,60078,5922,2517,3591,1739,345,78277,65618,5758,2776,2779,653,226,2217,2026,96,226,49447,11717,33472,62408,19721,40934,66603,22565,42418,1292,7055,11855,6321,21241,11611,1587,1563
100518,56174,22041,13953,5629,4290,2000,101210,55546,25021,14021,6034,4149,1939,72561,42843,14171,9393,3770,2819,1231,70341,42916,14873,7880,2433,1021,656,7048,1793,292,656,29388,9790,16507,36240,15073,19426,37095,15313,20745,3138,14106,16530,8096,11382,4537,344,230
103868,69396,25007,3418,2685,4688,526,103238,67711,26903,3884,2676,3337,203,79514,55831,16942,2086,1834,3401,324,77880,55927,17706,2071,1160,1011,34,1651,693,200,34,53215,15394,33625,61277,20655,38956,62317,20523,40392,4326,18191,16746,9393,13582,6272,916,675
97159,40161,49757,4090,1282,6308,246,96995,41553,48748,4144,1319,5253,322,75511,34183,35763,2675,892,4621,167,72872,35768,32962,2088,555,1351,70,1828,313,535,70,40889,23317,14007,45101,27491,16329,41171,23206,16858,8268,21438,16719,7726,8400,3438,438,310
102678,75077,21687,1309,1923,2782,271,104803,74853,22724,1716,1949,1853,127,82253,62584,15132,958,1386,2104,190,79916,65702,10706,1170,1102,1049,66,795,697,135,66,52203,28652,19150,61784,38593,21709,60838,37189,21972,4669,14353,11572,6265,24982,9799,2488,1199
102426,83021,13404,1181,2071,2327,371,100647,78409,12618,978,2017,2239,334,84941,70753,9480,854,1591,1794,260,81029,71594,6471,661,1100,1093,123,360,786,395,123,56455,29461,21934,65017,39504,23815,62244,37368,23005,3460,14735,15279,5964,23529,10659,3737,1079
103617,72776,24600,1265,1294,3961,246,104935,73199,25321,1797,1525,2302,190,77659,57363,15849,764,875,2798,144,73182,59435,11267,593,723,1003,81,429,387,288,81,48390,15059,29885,55562,20885,33449,55263,21140,32863,6361,20281,15363,6177,14253,4906,1532,744
103687,78458,17121,1713,2313,3948,429,104792,79004,18804,1754,2188,3152,359,82498,64853,11653,1113,1635,2960,313,81744,66916,11279,1041,1046,1279,28,531,628,368,28,49795,15490,30088,58334,22423,34372,58950,23565,33887,5520,20165,18093,6142,14798,5133,1490,1170
103780,80006,17223,1097,1431,3944,232,106509,83260,17696,1161,1503,3181,116,82547,66128,11491,667,997,2927,149,82920,70501,9719,695,619,1189,19,460,404,347,19,53890,13314,37071,62640,18993,42372,63250,20184,41580,7717,25044,17936,5338,13498,4651,937,765
95743,77844,9178,2700,1279,3851,238,97613,79372,10050,3077,1486,3093,188,80339,66294,6974,2278,913,3071,151,81549,68917,7574,2254,947,1607,25,1778,547,539,25,49896,13117,33060,58422,18662,38223,57724,18620,37580,4899,22904,18884,7207,13946,5730,891,876
100320,55880,38171,1642,1407,5727,372,100959,56150,38528,1641,1628,7228,163,79455,47017,27659,1110,941,4270,239,78088,47671,26421,935,832,2158,30,651,574,645,30,48786,19663,25248,56404,24896,30125,55187,22919,30746,6876,20053,18034,7114,11459,5297,1071,782
97464,74017,11557,1013,1354,9819,297,98954,75265,12158,802,1254,9086,225,78955,62339,8015,655,951,6841,185,79723,65307,7403,394,724,5756,29,218,524,3726,29,53408,24677,23983,62345,33356,27543,61741,33142,26987,3645,17046,14272,5774,20236,8016,1838,1218
98198,13339,49306,34086,4865,2197,293,97566,15772,48358,40659,3689,2029,442,75360,12200,35787,25236,3842,1647,224,65983,14929,30115,19022,1424,680,78,18089,878,94,78,26465,23513,2300,25660,21682,3749,22536,17829,4415,16586,20180,10736,4094,6827,3162,1001,611
100801,39553,10754,43211,7972,1333,171,101690,39267,12146,41300,9605,1013,95,80466,34323,7312,33372,5501,969,115,72374,32779,7471,27604,3847,375,39,26486,3343,44,39,48811,35590,11484,52885,40405,11785,49742,36660,12214,5732,17085,13328,5613,14820,9614,1948,1028
104671,49725,36205,15863,4986,1670,216,105119,52143,35024,16109,4585,1952,361,82562,43522,24772,11184,3776,1221,163,75904,43443,21556,7706,2685,678,11,6421,2296,52,11,38019,23893,12612,41426,26062,14798,38994,22736,15540,10369,21372,12969,6170,10780,5630,1092,757
97343,82707,6517,3052,3458,1203,86,97994,80934,6437,4753,3570,488,136,78809,68719,4289,2053,2481,883,54,77860,68700,3960,2815,2131,194,59,2018,1838,26,59,52714,21180,29277,59240,26866,31490,58116,25504,31729,4876,18863,12325,6950,16505,8636,1577,545
102051,79111,12404,6498,2875,1785,134,102953,72090,16872,9573,4999,1854,81,82461,66993,7918,4259,2092,1334,101,79343,61858,9749,4402,2299,553,5,3688,2034,16,5,48120,19267,26865,53520,24079,28562,52187,22222,29243,5046,22878,14751,7364,14250,6872,1065,454
100314,71706,9141,6954,11162,1081,115,100434,70177,9865,8548,11277,1067,220,79333,59016,6410,4940,7853,738,69,74511,57411,6658,4738,5283,256,8,4188,4710,38,8,53034,33767,16805,58561,40013,17645,56695,38094,17468,3640,9229,7830,4569,23057,14434,5298,3090
101435,56442,19931,18559,6777,1695,182,101498,54603,25003,16301,7279,1188,100,79205,47212,13658,13101,4865,1240,131,74382,46036,15362,9052,3542,253,23,8617,3129,59,23,47797,28568,17067,53309,34284,18114,49920,31057,18066,4991,19295,12032,5619,15626,10179,2237,852
97937,59657,14068,14869,9276,1959,163,98217,60373,13383,15403,10537,1121,88,79033,52139,9317,9919,7002,1455,101,73835,52920,8819,7561,3927,541,0,6770,3687,119,0,43307,24474,16351,49245,31499,16858,46951,28722,17305,4858,19698,12496,6484,15932,9429,1308,809
102466,83537,5632,3994,7199,1502,152,102383,82168,7174,5005,6321,1175,309,84898,69934,4150,3205,5951,1129,100,80386,69370,4290,2986,2889,498,0,2575,2419,29,0,53469,26514,23646,53669,28719,23779,55090,28654,25464,3174,16779,10117,5780,15942,9597,1631,1831
100024,79252,7589,4431,7320,1393,101,100471,79177,8548,5263,6539,796,14,80329,65734,5174,3154,5048,1034,70,76750,64964,5589,3258,2709,247,5,2637,2493,4,5,52863,26234,23858,59567,33021,25462,58309,31103,26136,3816,16810,11947,6106,19283,12359,1515,1153
99836,77541,7569,9240,4206,1616,154,100642,76124,8286,10171,4995,1639,305,83032,66476,5317,6789,3288,1175,109,81689,66629,4970,6164,2852,654,14,5087,2317,30,14,52895,28465,21674,58853,35026,22840,56968,32784,23139,3103,18114,12535,6656,18257,10566,1951,1615
103694,75251,14512,8678,4504,2073,266,104506,75819,15536,7574,4510,1438,319,85623,64910,10174,6300,3319,1534,186,81252,65200,8256,4354,2622,581,199,3851,2250,93,199,51499,27946,21133,58066,35254,21818,57307,33780,22608,4754,19397,13491,6442,17322,10921,2167,1553
96068,75266,7474,5808,4804,3291,446,96156,74965,7946,6259,4881,3255,497,77625,63256,4783,3780,3506,2353,295,75670,63494,4508,3189,3016,1201,62,2214,2410,367,62,45035,22056,20299,51453,28688,21590,50781,27878,21972,3665,18014,14609,6305,14845,8463,1782,1251
98584,60069,20326,10677,6045,3605,364,97579,61788,20540,10586,5283,3866,308,79064,51596,13714,7362,4810,2636,261,73519,52746,11585,5094,2618,1114,18,4265,2322,335,18,38632,19729,16611,42381,23670,17759,41731,22153,18849,7474,23576,14085,5565,10293,5580,948,641
99155,86452,4580,2659,1957,2653,140,99937,86234,5345,3693,2264,2350,195,79329,70951,2719,1580,1360,1903,75,79726,72631,2937,1630,1343,888,16,1136,991,86,16,46110,17820,25222,52781,23081,28530,52781,22016,29948,6225,25139,15101,7197,10028,6310,611,747
97813,76307,8130,7486,4159,1634,92,97006,73983,8686,9162,4129,1037,372,79795,64095,5565,5542,3039,1257,64,76346,63301,5223,4836,2398,637,62,3943,2035,67,62,47423,21713,22988,52925,28203,23721,52098,26646,24613,4294,20161,13243,6846,15985,7913,1571,719
101230,81210,8446,3930,5820,1671,108,101953,79661,8971,5238,6413,1197,205,80176,66935,5382,2608,3853,1175,79,75917,65300,4262,2797,2791,573,0,2143,2615,17,0,53248,25098,25371,59926,32242,26538,58893,31479,26380,4196,15492,11747,5678,19923,10831,3090,1337
101739,87221,6523,2487,2719,1612,121,102541,85844,7513,3486,3480,1418,32,83951,73543,4486,1712,1912,1257,86,80933,72171,4212,1842,2090,495,4,1540,1631,11,4,56492,25834,27784,62349,32469,28936,61554,31137,29482,3216,19507,13714,6147,19061,10627,2575,1158
97698,75564,9462,6423,4094,1234,97,98622,67573,12217,11509,6014,1690,41,77823,62437,6260,4495,2854,864,76,74132,56236,7376,6653,3147,438,34,5783,2763,31,34,49106,20202,26588,55326,26244,28175,53812,24712,28213,5338,17217,11397,5398,15435,11004,1950,1649
98966,64152,9996,18625,6023,1327,124,98884,64217,9923,19062,6042,504,286,81514,55489,7053,14066,4499,1004,98,76230,53828,5869,12768,3282,239,5,12080,2935,32,5,48938,27732,19531,53176,32759,19804,51219,30493,19964,3474,18405,10286,4639,15291,10519,2951,2244
95960,77873,8692,3583,4595,1087,78,95747,75824,9911,3703,4989,753,91,79295,66421,5931,2514,3380,796,48,73768,62797,5255,2455,2996,220,4,2125,2597,64,4,52233,27522,22775,59488,34439,24249,57924,32721,24376,2904,19052,10960,4981,18159,10591,3194,2401
100699,30476,41728,27885,2806,2143,323,101223,27399,39187,33541,4163,1673,329,75122,26161,27941,19613,1982,1575,260,70456,24379,22828,20445,2119,369,95,19009,1844,33,95,28766,17700,10212,30778,19066,11404,28445,16001,12113,12527,25907,13410,5149,6442,3504,758,253
105246,64501,27065,10029,3887,2065,211,104907,64061,28756,9330,3352,1111,70,83797,55368,18434,6827,2794,1563,149,78323,54989,16178,4684,1870,518,22,4102,1633,72,22,45079,23439,19600,51111,28515,21812,48506,25791,21943,8480,24863,14625,6548,12167,6761,1264,713
97567,71026,11863,7981,5821,1288,119,98519,71010,13551,8573,4762,720,110,79713,60947,8100,5353,4241,998,80,76335,59855,8052,5565,2467,276,26,5174,2252,26,26,49146,23296,23876,55512,29926,24860,52903,25409,25311,4859,20371,11877,5524,17193,9930,2357,1176
97109,41174,19543,31712,5522,1920,146,98436,39787,23555,29942,6072,1569,508,77010,35859,13598,23643,4110,1448,110,68597,33694,12583,19005,2482,471,63,18163,2279,153,63,37916,26091,10562,40716,29075,11189,36711,24972,11141,6642,18937,10719,4212,10584,7208,2686,1898
101585,28421,35249,30528,9493,2519,234,100337,31395,33806,29676,7133,1721,170,80085,25893,24498,22423,8120,1838,186,68609,28079,18385,18535,3111,375,4,17630,2597,117,4,30094,25652,3566,29733,24547,4900,27376,21515,5234,10192,18912,7750,2855,10747,7902,2786,3114
98564,79458,8623,4557,3933,1048,114,99814,75559,12523,6724,3871,1186,295,78691,65511,5682,3171,2758,780,74,74158,61681,6719,3050,2115,311,42,2674,1717,18,42,53310,22909,28167,59987,29726,29390,59353,28523,29879,3956,16006,10395,5396,18577,10715,2716,1522
104126,81309,9499,5362,6334,887,73,105789,77061,10850,5634,10307,555,88,81845,66308,6300,3623,4303,616,43,76355,61405,6473,3161,5044,178,17,2813,4664,19,17,56137,24023,29857,62325,31371,30089,61852,29549,31289,3586,15279,10252,5567,21325,13607,2604,1207
100097,49401,29891,8983,6484,1718,141,100847,44799,29989,16121,5511,874,70,78977,42194,20933,6587,4977,1293,124,64121,39409,11962,9477,2937,334,45,8461,2749,45,45,36526,19155,15928,40579,22970,17131,38949,19971,18456,10177,17555,11225,4512,14053,7662,1710,596
103635,83433,7261,2698,7890,854,101,104728,79577,9225,5076,7397,730,90,76962,64043,4573,1718,4942,570,62,73084,61790,4589,2668,3624,256,19,2014,3177,131,19,56698,31440,22303,64000,40084,22829,61344,37292,22927,2198,7995,7596,3284,25176,16527,4818,2117
100650,32614,34391,32865,2837,1733,210,97002,38242,35117,21451,3932,1534,120,78434,28543,24526,24081,2101,1286,154,68516,33898,20156,11886,2100,453,15,11449,1785,242,15,38133,24819,12068,41873,28524,12906,38275,24270,13597,9950,21043,12252,4919,11616,5794,1408,488
100359,20197,39569,35862,3876,2089,272,104941,30746,42874,27096,6042,1892,259,77258,18211,27866,26728,3002,1490,213,63878,26824,20425,13415,2870,232,0,12975,2586,41,0,26678,20945,5062,28509,22354,5879,25681,18430,6922,13003,22736,11691,4954,11978,6131,1315,968
99757,79548,8400,3439,6736,794,73,101312,80570,8728,3263,7042,366,107,76660,62818,5812,2344,4488,572,58,70471,60146,4360,1732,3953,150,40,1540,3528,19,40,52755,31820,18672,59572,39841,18876,57670,36990,19715,2300,8179,6543,2840,23760,15438,5008,1387
101579,54986,26861,12930,6399,1569,116,103755,50796,28672,18180,6499,1477,143,78336,44426,19080,9749,4669,1106,91,68811,40886,13108,11384,3012,83,5,10598,2770,24,5,43739,27232,14558,49602,33326,15630,47278,29787,16775,7305,13207,10185,4549,20340,11317,2873,1227
98710,38170,33784,17382,9556,1824,144,103162,35757,34429,26316,8693,2309,403,79347,33867,24560,13257,7491,1365,114,66980,30755,14578,17604,3670,241,0,17013,3303,85,0,32005,22477,8417,36524,26339,9724,35628,23088,11931,10306,15358,9793,4061,20185,9073,2470,1274
100278,72583,12309,4090,9303,838,91,97838,67224,13565,6281,9251,758,177,77307,57743,8621,2912,6515,593,71,67178,52137,6696,3354,4646,114,58,2752,4286,34,58,51462,29301,20020,59000,36341,21787,55431,32085,22561,2864,8177,6521,3194,22153,16397,5450,2036
100478,31018,12655,55154,2854,1878,173,100807,33710,11482,52756,3534,1895,119,77822,27250,8451,40242,2202,1377,123,75201,29709,5741,37649,1439,870,18,35985,1269,64,18,42953,34932,6433,44860,37854,6499,41199,33817,6761,7294,23532,13258,4210,13050,7255,1994,1091
96422,71277,6110,8706,8910,1280,90,97127,70557,6877,10419,8607,1570,216,77505,59244,4036,6512,6611,911,53,72864,58399,3288,5936,4313,435,87,5612,3829,62,87,54416,30354,21109,59283,37368,21057,56866,34949,21005,2762,13642,10516,5273,20900,11578,3213,2867
99887,66418,9186,14316,9045,1573,132,100583,65191,12141,14057,9888,1217,257,82803,57322,6417,11084,7060,1199,94,77202,56887,6504,8566,4600,610,0,7563,3996,28,0,45713,25665,17286,48904,30937,17028,46023,28188,16995,3239,15048,10487,5194,16668,7822,952,3500
97876,43669,18527,28672,6999,2205,159,98319,41694,19537,30237,7193,959,60,76427,37422,12320,21128,5181,1644,120,69647,36446,9614,19606,3660,277,10,19035,3352,28,10,39033,25295,11828,42194,29519,12093,38841,25868,12380,8110,24478,13789,5001,10041,5107,491,526
100724,45244,12166,34915,8212,1912,114,100936,43774,12826,37011,7328,962,157,78465,37929,7962,25958,6085,1433,80,72946,37521,6094,25351,3430,571,33,24031,3191,58,33,46608,30210,14238,51243,36047,14478,48855,33212,14932,5270,22221,13746,6225,14267,7694,858,1116
98274,59571,6354,26293,4789,2117,146,103256,61440,7256,28197,5588,944,99,73733,46609,4038,18768,3239,1443,90,73910,47582,3780,19711,2619,478,51,18333,2555,7,51,41684,20410,19098,52508,29169,22523,56369,31013,24470,4060,19256,12551,6373,14021,8193,854,1096
97449,47361,8226,36377,4553,2797,254,99513,45805,9401,40684,4446,2056,506,75465,39307,5359,26269,3321,2065,177,73738,38216,5619,26260,2398,1021,40,24563,1872,362,40,38106,20199,15853,45030,27090,17153,44275,26323,17211,6440,20073,13406,5572,11026,5962,762,790
98486,67904,9568,16910,1943,2936,199,104793,71698,9150,20108,2211,2542,193,76175,55198,5911,11787,1420,2181,133,78035,59633,3873,12270,996,1062,4,11169,751,143,4,42604,13815,26798,48954,18542,29662,51054,18785,31484,9587,23802,14804,6366,10075,4870,612,521
99020,77268,8461,9260,1723,2268,120,105120,80930,10054,9967,1925,2525,48,82640,67357,5315,6747,1296,1712,84,85142,72794,3417,6997,1140,896,6,6258,896,326,6,44497,14234,28728,55670,21414,33706,64950,25062,39145,6628,24147,14442,7017,13279,8010,1172,783
101332,70121,13037,14341,1941,2426,160,110737,78693,14111,15033,2176,1262,187,82508,61588,8097,9862,1463,1662,103,85354,68589,4392,10325,1356,826,5,8667,1083,104,5,45438,20040,23691,55364,28328,26404,63265,32541,29968,7954,21930,13995,7309,15886,8542,2272,1641
102163,63225,6776,24955,4685,2576,334,102640,63047,6780,25508,5340,2297,648,84206,54849,4876,18562,3648,2059,229,80748,54988,3324,17784,3057,1244,28,16668,1840,71,28,53653,23816,26660,57465,28761,27545,52676,25475,26276,5086,16658,15218,7910,13920,6656,1983,1788
100577,50565,7704,34727,5159,3028,465,98263,49107,9160,34089,4412,1858,485,78503,43259,5673,23439,3968,2358,343,73674,41858,4874,22759,2605,1122,161,21332,1941,179,161,38625,18084,18512,42173,21312,19987,37901,18087,19204,8408,20621,16297,6875,9088,2880,548,291
104236,76286,5866,13512,4947,3557,380,109623,78344,5716,16862,6282,2381,315,83512,63145,4035,9607,3625,2851,258,83651,64602,3492,10867,2993,1284,39,10084,2447,261,39,55278,14345,38407,63842,19535,43176,65485,19833,44752,5368,18764,18246,9147,14247,6255,961,913
104218,81300,5254,10403,2758,4126,484,109930,84347,6386,10617,3902,2607,591,81194,64015,3704,8068,1857,3119,295,83846,67774,4070,7866,2218,1681,125,7152,1356,214,125,46689,8184,36350,55447,11681,42739,59275,11757,46778,7539,24404,15907,8226,11602,4337,423,653
98711,77104,7083,6337,4636,3358,498,103939,81910,8306,7245,4834,2189,350,75924,61116,4579,4149,3115,2484,306,79759,66097,5335,4464,2084,976,16,3693,1164,65,16,48611,11496,34218,59127,17252,40612,61077,16484,43711,3574,16044,16456,9594,15461,7217,1193,669
104219,72610,10498,12145,6316,3599,698,104730,72717,11687,11762,6530,1634,935,79759,57887,6859,8083,4491,2574,462,77800,58710,6527,7413,3678,777,99,6588,2735,113,99,49834,11387,35177,55479,16177,37950,54134,15234,37939,3690,15953,15270,8347,14998,8233,1569,966
97661,70356,11278,8531,4982,2867,380,103580,75132,12630,9398,5205,1738,696,79002,59345,7706,6006,3764,2156,230,77412,62683,5453,5103,2491,813,120,4604,1917,84,120,48556,12141,33838,57089,17131,39028,56611,15419,40447,5138,16657,16022,7314,19484,6817,1674,950
104746,80715,7677,10244,2449,3797,392,110750,85919,8125,11398,2640,3489,345,81247,64338,4901,7344,1662,2840,239,82200,67173,3851,7589,1196,1849,57,6979,622,365,57,46160,7981,36117,57048,12202,43847,62414,12590,49086,8373,25617,17460,7866,9456,3872,549,272
98630,77756,5297,9168,2964,3303,335,106926,82666,8030,10208,3538,2163,304,77464,62214,3628,6759,2024,2548,189,80217,65757,3954,7039,1795,1275,13,6585,1281,233,13,48324,9282,37057,52730,11248,40728,57417,11888,44764,7928,23072,16635,7018,10277,4506,836,627
101904,70076,9473,15701,3875,3026,360,104996,72196,10057,17663,3461,1953,309,82369,59556,6586,10948,2878,2345,238,79613,61082,4525,10572,2140,940,95,9723,1441,164,95,51109,14779,33774,52818,16713,35245,53365,15453,37103,7628,21061,18295,9279,13236,5191,1375,679
95584,67868,4629,19734,807,2761,199,97113,68222,5240,19824,886,1876,85,78077,56181,3419,15800,559,2155,123,78160,57319,3040,15833,561,1271,51,15218,360,265,51,43989,11753,30909,47589,12774,34396,47601,11319,35854,12221,27523,15040,5757,6827,3568,649,408
95220,48203,8122,34569,3154,1607,166,94348,46732,8875,34745,3221,1632,58,74142,39979,5387,25603,2154,1197,111,70722,38356,4446,25249,1735,781,8,24838,1618,78,8,53257,29968,21451,57583,33638,23317,54456,30498,23135,7177,16260,11239,5697,14480,6327,1684,1857
96207,40628,10401,41110,3608,1665,165,95821,40900,9454,40288,4716,1026,124,82050,37055,8780,32396,3272,1359,127,80955,38465,7277,32378,2028,479,21,31142,1447,35,21,40021,27748,9925,39508,29177,9598,39019,26209,12116,4572,10098,8091,3571,7727,4127,520,605
100499,64862,6740,22062,5203,1885,171,105081,66797,8210,23992,5164,1294,238,80967,54461,4974,16354,3850,1406,133,80861,55735,5469,16332,2595,630,43,15796,2033,50,43,60728,34679,22769,65544,39935,24632,62907,36969,24792,2983,10975,11383,6403,22246,10713,3980,3663
100338,49569,6213,40881,2374,1788,182,104153,49900,7139,43187,2111,1630,235,79263,41512,4361,30558,1680,1447,114,79028,41680,3899,31560,881,1037,74,30727,731,91,74,47150,25383,20251,52090,28387,23122,50409,24954,24813,11027,22770,13603,5780,9554,4584,1506,828
99431,76929,5443,13241,1020,2648,208,102149,78958,6086,13793,892,2452,181,79881,62422,4051,10432,722,1992,120,79781,64427,3193,10190,340,1664,115,9585,224,305,115,44530,9989,33169,50765,11472,38798,53254,10927,41786,11064,30313,14976,5516,6805,2817,527,294
102392,74872,9347,14120,1510,2386,169,104776,76651,10396,14666,1461,2251,79,80828,60884,6436,10300,1132,1862,142,80530,62737,5487,10542,706,1184,32,9318,527,148,32,43600,9603,32676,49717,11292,37974,51321,10738,40115,10281,27238,16750,6298,7838,3374,510,525
97061,75422,4198,14028,980,2207,192,97792,74196,4719,14375,1612,3143,49,76731,59873,3150,11162,650,1662,114,74494,58653,3030,9960,742,2003,13,9066,464,0,13,42704,7747,33779,47809,8293,39002,49753,7922,41445,10690,26931,15010,5755,5608,2551,715,462
97529,54548,13500,22386,6223,2543,495,99522,54598,14822,24111,5915,1295,331,73055,43367,9000,14984,4526,1833,311,73346,44468,9296,15425,3282,349,41,14622,2843,26,41,44389,14583,27764,51610,20422,30330,50725,20049,29920,5107,16501,17693,8581,11865,4383,538,321
96364,73106,8523,8628,3503,2542,422,102286,78826,9896,7862,3976,1761,320,74076,57903,5697,5919,2446,1870,259,77904,63314,6590,5063,1947,737,155,4434,1324,111,155,50809,11542,37195,59224,15852,42526,62043,15856,45424,4412,19119,15820,7958,14518,5009,1621,705
98994,65563,10331,14722,6523,1959,151,101236,64174,11782,16516,7228,1067,169,78418,54518,7346,10155,4748,1475,104,74757,52467,7229,10573,3884,417,4,10202,3301,57,4,53588,27138,23464,60820,33965,25906,59894,32633,26195,2703,13073,10626,8785,17327,10226,3217,3727
98635,57281,14100,17126,9033,1659,178,101334,58726,14973,17700,9231,968,220,81551,49700,11314,12338,7235,1253,147,79870,50095,11559,12047,5379,480,51,11225,4534,16,51,42525,25130,14735,45688,29055,15831,45364,27082,17291,2654,8317,7266,5493,13616,6892,3132,3796
100126,50165,11059,30916,6673,1833,169,103322,54901,11028,31414,5689,1705,73,84692,45321,9239,23008,5904,1486,135,83900,48824,8231,22987,2683,1049,4,21527,2319,187,4,42253,26855,13386,45565,30349,14504,40970,25195,15001,7266,17814,11658,6309,11260,6154,1469,1548
99082,75369,11800,8488,1178,2312,160,106825,79736,15055,9589,1310,1510,82,83299,66063,8230,6085,932,1840,106,87023,70152,8666,6610,852,765,21,6169,616,124,21,48025,14709,31814,58674,18836,39310,65289,19550,45171,9248,30323,15677,8359,10239,4034,1011,350
96396,49233,20884,22426,3194,1868,196,105197,51616,24043,26455,3250,1093,342,77304,43041,15189,15842,2391,1466,154,77877,43840,14856,16836,1703,373,151,16299,1608,42,151,41524,19531,20547,47820,22951,24398,51161,21913,28702,7068,23898,16331,6945,10368,3900,775,671
104261,68909,16569,13830,3143,2471,207,114115,73479,21183,15723,3705,2033,42,81355,56330,11739,9329,2338,1850,169,84513,60226,13257,8485,1596,677,11,7805,1199,96,11,47368,16106,29291,54581,19415,34490,55027,17957,36405,6954,24055,15457,8728,11026,4960,1511,497
99797,80654,8861,6409,1135,2511,176,98932,78464,10667,6908,1753,1462,73,83936,70192,6279,4249,892,2031,123,80023,67617,6558,4090,1031,644,14,3234,768,72,14,50216,13493,35205,57800,16196,41108,58771,15678,42592,9140,28779,16474,7497,9187,3874,910,490
101778,83990,5100,8233,1828,2375,230,111784,89735,7174,10416,2277,1234,141,81023,68417,3416,5865,1219,1777,150,87941,74119,4708,6935,1357,725,29,6453,1159,134,29,52506,12122,38393,65195,17152,47185,72438,18826,52713,6518,23397,15937,7366,14942,6456,1001,966
101020,38535,14608,41255,6558,2229,347,104590,40073,15279,42884,6890,2114,445,75931,31839,10163,28309,5065,1712,246,74865,34421,8060,27777,3730,839,5,26144,3150,87,5,38999,19289,18150,45386,24660,19993,44621,23508,20469,6890,23260,17362,8337,10984,3214,647,174
98119,32400,8343,53292,3761,1928,239,99126,31835,9372,53532,3455,1167,253,73684,27026,5636,37454,2838,1470,170,70792,26996,5000,36006,2072,524,108,35202,1821,47,108,38639,22707,14764,41381,25170,15617,37259,21374,15309,9756,26384,13734,5864,7037,2158,233,211
98058,37238,5372,52616,2058,1580,249,97177,39084,6120,48816,2304,1085,314,76911,32092,3871,38514,1589,1221,185,75703,33639,3739,36289,1334,501,65,35276,1030,79,65,44492,29436,13103,48429,33598,14022,42556,28675,13150,9606,19542,14836,5857,12344,4908,1361,984
99604,37463,6257,52552,2433,1896,243,103465,36394,8474,53755,3491,1287,159,76178,30502,4398,38549,1799,1460,160,74949,29987,4884,37639,1566,561,89,36949,1141,31,89,44149,25990,17057,51152,31091,19433,51531,30668,20206,7277,21848,15370,6519,9994,3854,415,415
95731,36174,13078,42412,4045,1875,292,99617,37453,15602,42646,4640,1825,219,74810,30992,9536,30666,3112,1432,211,70415,31049,8312,27374,2750,759,29,25598,2285,104,29,37284,20980,14688,40673,24161,15786,35843,19925,15299,7990,21557,14541,5565,10008,2893,810,593
98442,65455,9501,14682,7150,2330,492,98537,64109,10768,15252,7220,1155,245,78429,54005,6848,10660,5392,1721,346,73583,51707,6487,10036,4654,486,53,9435,3891,38,53,50128,17560,30025,57115,23180,33034,55505,21460,33166,3156,14299,13206,6914,18676,7127,1510,788
98037,68416,10104,8840,8918,1694,304,98344,66840,11215,8729,9586,1001,246,79942,58120,7344,6337,6655,1294,221,74036,56010,5744,5714,5564,500,166,5064,4696,126,166,50374,17449,30374,58633,23485,34277,59380,22712,35716,2462,11596,10064,6202,22701,9225,3248,1398
98699,65630,11184,11470,7939,1785,243,104695,66679,13517,11800,8490,969,904,78487,54432,7947,8271,5771,1354,171,75942,53908,8652,7876,4271,437,87,7405,3696,7,87,49167,16403,30376,57043,22339,33809,58395,22028,35387,3736,15658,15609,7771,19202,8236,1676,929
97802,52878,16464,19443,8094,1973,298,99402,52958,16125,20416,8805,1540,76,78720,45545,11879,14428,5823,1514,230,72698,44778,8300,14908,4283,511,13,13823,3767,61,13,40457,18361,19906,44912,22674,21377,41923,19971,21128,6153,16824,13272,5892,17376,5928,2138,1227
98629,49677,17127,19179,11963,1950,385,104275,51613,18391,22994,11010,1579,298,79674,42611,12583,14392,9270,1520,284,76093,44169,10978,13857,6002,621,58,13229,4962,58,58,37370,16276,19102,43139,20603,21784,39816,17361,21687,5378,16390,12826,6325,17120,5426,864,587
97488,72341,9651,6015,7443,1922,248,115654,83438,12641,9265,8172,1030,102,68608,52705,5964,3824,4559,1281,143,80507,62939,8046,5550,3549,417,0,4852,2831,0,0,44526,11716,30834,60405,19520,40081,71855,22325,48515,2833,13257,11102,5700,21753,9157,1752,1083
99136,80322,7613,4613,4544,1631,163,109949,89193,8268,4720,5946,775,355,77768,64975,5110,3128,2907,1181,105,83943,71350,5576,2894,3519,479,16,2550,2649,4,16,50589,15886,32447,66670,24488,41342,74805,25461,48202,2556,11825,10394,5608,23451,11561,3266,1654
103390,77455,7064,14833,1898,1969,219,108470,81536,8839,14282,1788,1166,74,84906,66263,5099,10355,1390,1527,161,88444,70486,5721,10352,1287,730,0,9957,1024,161,0,54888,20118,32590,62901,24504,37659,64174,23045,40303,7642,24565,17520,8442,14289,6137,1175,1046
103519,75083,14361,9926,1680,2496,179,113174,79259,18967,11306,1928,1651,18,83233,63303,9487,7003,1240,1959,137,85391,67107,9430,6910,929,902,30,6376,693,103,30,45634,14030,29972,54375,16904,36929,59239,16763,41942,11139,27942,16667,7155,9329,3379,673,384
102393,78569,9663,8789,3481,1823,186,106600,82344,10105,9046,3682,937,221,87381,69294,7162,6588,2677,1402,131,89730,72876,7270,6578,2232,622,22,5925,2029,45,22,57786,21613,34085,68914,26933,41328,73632,26296,46646,5090,23711,17949,8656,17413,6711,1748,1008
101684,63180,8765,25636,2409,2144,192,106036,63051,9112,28976,3556,1058,277,84682,56087,6319,18687,1935,1715,131,84323,55912,5814,19635,1960,721,103,18516,1604,121,103,45756,23150,20639,51028,25857,24492,48168,21985,25527,7921,23619,17711,8643,11809,4211,1407,608
102957,79104,7629,10236,3830,1935,185,109971,85110,8274,11720,3502,1581,8,89027,70647,5837,7489,3126,1597,135,92591,75604,6417,8030,1628,797,4,7314,1311,257,4,49471,19018,28379,58981,23400,34889,60066,22066,37312,6071,23611,16745,9416,14939,6233,1679,1029
103473,87814,6115,4872,1932,2243,131,106664,90707,6878,5287,1996,820,113,87583,76103,4258,3537,1435,1756,101,88359,78781,4418,3158,1254,544,0,2745,862,103,0,54981,19276,33365,65165,23348,41104,67963,22082,45057,5628,24500,18908,9765,15547,5751,1317,860
104079,69381,18599,11482,2912,2294,175,111066,73553,22426,11182,3468,1084,101,83951,58975,13009,8103,2150,1757,117,85576,60633,14858,7178,2280,511,43,6501,1949,74,43,46767,18896,25787,56491,24039,31698,59768,24035,34947,5860,22422,15861,9738,13247,4790,1242,904
97548,45538,35914,14272,2231,2607,247,100664,45005,39975,14399,2178,1348,83,76155,37604,26708,10081,1651,1943,190,73215,36314,26878,8570,1056,382,37,8063,985,78,37,42014,20607,19581,48529,24127,23813,47047,20719,25705,6411,24250,15292,9668,9299,2649,376,602
100929,84874,6856,4272,2401,2096,141,107721,90876,8001,5395,2746,1227,178,85791,73894,4931,2987,1876,1646,99,89470,78165,5845,2667,1393,665,44,2259,1184,78,44,53164,15195,35809,61817,18244,42920,65997,17907,47459,7142,30151,18829,8364,9931,4323,1378,707
103344,84365,10279,4496,1717,2433,208,106754,85650,11951,5479,2060,2036,209,87928,74016,7499,2985,1269,1884,146,89021,75243,8603,2870,1113,1304,42,2004,737,204,42,53064,16659,34392,60332,19391,40362,60725,17651,42501,8260,29411,20504,8311,10560,4379,687,472
98250,73661,12790,7733,1833,2502,200,106051,75937,17824,8868,2147,1844,116,79589,61932,9056,5309,1378,1894,113,83691,64381,11756,5670,1243,573,28,4792,1048,231,28,45973,14825,29218,53915,17551,35720,56996,16765,39622,8672,23893,18116,8269,9798,3340,823,379
104097,79882,14707,5081,2357,2420,183,105982,81189,14932,5443,3148,1163,372,85243,67789,10475,3426,1702,1853,117,83082,68125,9928,2644,1434,630,96,2213,1052,92,96,49823,16403,31388,59130,19803,38685,59409,18324,40465,8336,28371,17395,7772,10253,3590,930,326
103656,77422,14692,7059,2477,2459,213,103692,76303,15995,8295,2320,789,393,86104,67387,10461,4434,1926,1916,157,81902,66205,9756,4119,1112,504,101,3669,972,59,101,43008,16133,24796,50127,19230,30189,46913,16235,30103,8329,32496,15644,7090,8509,3114,562,480
100331,76506,13556,5374,2752,2390,160,100507,73238,17405,6189,3378,1500,139,81234,64433,9497,3414,1993,1816,93,78224,62360,9821,3358,2046,504,24,2857,1615,38,24,46281,16716,27447,52924,19933,32280,50654,17632,32374,7771,28751,15036,7192,8948,3277,689,403
100104,68186,17172,7273,6122,1931,271,121269,79427,23953,10435,7977,1722,389,75356,53157,11832,4991,4225,1363,178,84918,60556,14247,5628,3573,620,11,4935,3060,41,11,42865,15413,25587,59772,23770,35195,68501,25429,42132,2895,15296,14183,7995,19259,7839,1735,1434
98664,52317,23775,14197,7924,1956,228,115010,58774,28712,17557,9502,1847,299,73486,40683,16671,9835,5616,1379,150,81004,45875,19186,9893,5065,584,52,9238,4435,125,52,41859,19012,20806,55837,27595,27476,62537,28226,33110,4456,14080,14413,7102,19020,8795,1388,1529
100874,70699,17616,8971,1887,2297,176,113948,79154,21460,10799,2593,2018,74,83446,61832,12089,6456,1400,1794,123,89904,67289,13527,6899,1200,742,10,5912,934,181,10,42291,14370,26084,51305,18167,32558,57524,19988,36815,9935,28753,16490,7780,11163,4097,852,551
103275,89182,4640,6912,1363,950,94,109781,95115,4728,7355,1841,864,52,99179,86969,3994,5951,1151,843,57,104226,93108,3344,5827,1333,469,0,5500,1097,126,0,66188,19915,44767,78886,25903,52598,90462,28962,60719,4909,26205,19159,9537,21941,11810,2163,1239
102261,71456,16976,9142,2171,2616,181,115755,78847,20729,11508,3237,1341,244,83711,61456,11764,6604,1622,2098,138,90783,68319,12128,7575,1879,801,11,7124,1501,189,11,48277,14854,31996,59183,19528,39146,67339,21391,45286,10465,25432,17831,8895,11912,4930,489,687
102590,81794,10113,6604,1776,2124,200,106243,85258,10247,7375,1628,1190,42,85540,70812,6913,4538,1327,1674,122,86389,74746,6247,3760,897,786,0,3497,731,165,0,47877,13754,32721,58311,17805,40045,59326,16996,41734,7577,27565,19735,8499,10045,5071,951,601
102021,64779,14828,18227,2769,2054,240,109914,67632,19067,19303,2501,1173,534,82705,56344,10201,12566,2158,1581,179,84383,57913,10601,13060,1558,861,297,12515,1112,52,297,44080,17412,25161,51289,21639,29132,52750,20780,31347,8415,25551,16224,8056,11820,5068,793,622
103561,55216,26401,15314,5264,2069,276,114639,55826,31865,19777,5826,1542,141,82005,45755,19559,11355,3967,1589,199,83206,45535,21184,12188,3609,435,28,11641,3267,31,28,41275,19539,20272,56267,27970,27698,63241,28966,33546,4942,17685,15383,10029,15119,6887,813,752
100083,47332,5720,44270,2042,1444,195,101968,50179,6688,41362,1549,1217,100,83299,43370,4339,33150,1574,1140,147,82421,45361,5088,30249,926,656,52,29345,694,73,52,52822,36394,14505,58399,40773,16908,52476,34606,17090,3890,19125,15779,6772,16390,7471,1802,1488
101816,76311,10030,8121,5413,1771,157,105419,77462,11210,9481,5904,1586,277,87817,67639,7981,6157,4223,1447,104,86875,67576,7984,6602,3808,757,122,5605,3219,96,122,54196,28180,22757,63146,35408,26760,57898,30931,25989,3968,13817,16486,6949,24337,10633,3815,1748
102438,67854,12886,11807,7905,2202,209,100055,68885,12434,9995,7913,989,66,85475,59469,9822,8136,6191,1760,148,79950,60047,7584,6385,5130,622,8,5450,4724,112,8,44952,23532,18691,52459,29054,22512,49168,26196,22115,8302,24492,15433,7703,15909,4928,1109,661
99249,83713,6722,3326,3210,1786,191,98229,81039,7957,3965,3512,1084,219,86197,74434,5064,2311,2385,1428,129,82637,71140,5719,2653,2318,742,41,2040,2085,112,41,59570,23833,33049,66363,27708,37856,60163,24000,35399,4335,19625,16281,8431,20539,7216,2477,1139
102784,67107,15092,9648,8744,2234,263,102768,66115,15820,10138,10369,1656,284,85477,58986,10846,6780,6855,1796,195,80247,57355,9218,6376,6459,714,139,5512,6037,134,139,43812,19422,22059,49332,22558,26137,45552,19764,25163,10682,23690,16507,7855,13897,3909,1121,701
99155,75940,9537,8724,2949,1890,248,98918,74624,10364,10484,2467,1098,222,84819,67898,6926,5895,2312,1510,176,80968,65990,6756,5753,1945,514,0,5304,1720,48,0,53551,21646,29539,59429,25519,33216,54386,21966,31765,6353,21480,16478,8655,15012,6201,2102,854
103699,76324,13634,7217,4614,2136,196,107016,77491,14977,8254,4881,1092,278,88106,67508,10088,5234,3542,1662,133,83795,66891,8548,4927,2834,436,29,4081,2390,68,29,54640,24275,27664,61408,29076,31514,57763,25591,31314,5420,22408,18535,7385,18062,7539,2023,1078
102056,69538,15837,11441,3455,2304,328,101325,69245,13817,13178,2885,1716,202,85547,61780,11206,8177,2724,1810,219,79858,60654,8198,8793,1686,585,28,8071,1399,73,28,48912,22877,23356,55367,27164,27371,51912,23474,27683,6729,25012,17246,7266,14666,6045,1041,822
97680,81301,7632,4023,2725,1614,173,97457,80046,9330,4339,2423,860,79,82469,70500,5525,2805,1935,1283,128,80558,69313,6274,3111,1468,396,6,2361,963,57,6,56142,22332,31160,62938,26542,35656,59553,23677,35146,4395,20154,15965,8484,18280,6937,1759,1036
96621,69123,13641,4987,7412,1414,181,100266,69376,16835,5826,7244,680,212,75760,56189,9646,3522,5211,1084,130,74886,57315,10070,3242,3620,217,72,2921,3331,15,72,53992,20904,30715,61671,26314,34627,59246,23794,34608,2991,13764,11332,8045,21492,9875,3141,1592
97287,42207,29268,21598,4821,1832,235,101061,44159,30221,22125,5057,1736,179,77317,36225,21642,15750,3758,1407,164,73102,37669,17998,14141,2401,582,46,13337,1927,96,46,37660,20704,15005,46339,26253,19347,43141,22112,20341,6409,17482,12184,5790,15040,6045,2627,764
96545,43810,26482,20270,6394,1986,254,100795,41119,32335,22152,5894,1076,465,75655,37117,19365,14240,4798,1478,188,72335,34847,20204,13849,2527,342,206,12866,1969,29,206,42567,20769,19495,47810,24951,22073,42991,20696,21624,6646,19273,13671,7471,16340,4675,981,445
100675,38891,31920,25512,5234,2406,277,116417,44224,33631,32758,6821,1544,143,72811,30700,21528,16929,3671,1713,195,75076,34143,17336,18738,3845,368,4,17735,3483,115,4,28894,14895,12588,48735,27522,20481,56152,29542,25791,7982,16332,12359,7506,13717,5902,536,602
98895,56409,23842,15476,2907,1855,242,104842,56673,24500,21460,3493,955,283,79136,50266,15860,10202,2138,1380,180,78446,49358,14212,12833,1583,356,44,12237,1124,41,44,42009,17243,23108,54515,24866,29005,58272,25668,31897,5879,20224,14901,7607,14194,6284,1312,757
102327,66881,18939,9427,5682,2244,231,107110,69142,19142,10672,6299,1386,270,76233,51669,12977,6571,3779,1631,162,75572,53622,11774,6606,2768,615,14,5975,2243,42,14,51772,18033,31157,60100,23347,35898,57937,21239,35831,4357,16282,13620,7273,18083,7851,1365,829
104336,54905,34384,10980,2838,3062,170,106013,55269,34517,13493,2677,2503,54,78535,44886,22594,7700,2079,2418,118,72371,45381,15829,8934,1576,423,20,8570,1313,34,20,40455,13780,25068,46294,16220,29493,45704,14663,30437,12463,24020,12489,6773,10459,3664,612,536
103214,46269,22915,24352,9699,2180,277,106865,46121,27687,23238,10787,1704,288,79480,38442,16202,17097,7245,1648,174,75061,39118,15786,14548,5005,581,72,13612,4724,44,72,40914,22357,16443,47029,27019,19235,42774,22300,19081,7826,16699,12514,6370,14369,7816,1517,1321
102223,50361,20119,16688,14653,1637,284,107370,49990,24772,20040,14122,1091,180,81111,42331,15125,12400,10669,1261,205,76113,41629,15470,11765,6236,456,24,10666,5456,75,24,43529,22465,18955,51096,27904,22474,47526,23435,22928,3267,11955,10291,7882,19412,9907,2897,2085
100286,28912,36374,32641,3918,2053,278,101117,29358,37785,35372,3194,2367,335,78138,26160,26293,22948,3263,1574,214,66251,26090,18739,19354,1319,518,144,18260,1028,5,144,29591,20944,7188,31852,22282,9093,26335,16653,9151,12560,20493,10683,5601,8525,2419,537,399
101550,55748,28125,9242,7819,1658,208,104900,55576,31695,10817,7385,1465,125,80996,46620,21027,6883,5664,1229,151,75703,45630,19823,5792,3959,477,3,5150,3542,130,3,52985,24634,25727,59806,29919,29055,55349,25492,29042,4277,14918,13170,7343,23034,9237,2047,1198
103538,23104,22708,56952,2193,1851,245,103384,23213,25949,53545,2581,2097,144,79261,20413,16976,40718,1705,1377,156,73837,21004,15148,35641,1313,820,90,34221,932,139,90,38613,31619,5531,43694,34882,8163,36691,26762,9240,12303,23048,11993,5776,10839,3793,899,530
98924,24089,60289,11122,5054,1451,162,98452,23244,62817,9579,5027,1290,199,79460,20764,47449,8271,3930,1113,111,63220,19668,34944,5127,2934,371,81,4836,2585,158,81,36990,22545,12742,40758,22221,17989,35514,16200,18839,11315,24500,11344,6363,13683,3701,1436,515
101241,34570,48131,12792,6428,1755,263,103582,35874,50667,12348,5469,1044,192,83265,30042,38308,10082,5078,1395,191,70012,31134,28138,7429,2729,337,49,6406,2280,10,49,39630,23225,14576,45057,24967,19429,39496,18405,20525,8929,21627,13399,7349,17979,5801,1549,786
102247,71555,15593,7733,6301,1618,309,110900,78409,15148,10202,6239,850,391,82788,59514,11839,5626,4705,1312,217,84661,64420,10222,5751,3449,463,134,4879,2727,23,134,53177,24989,24993,61632,31348,29315,58248,26741,30490,2588,10028,9297,4958,24223,12638,5576,2372
99939,41769,28738,25621,3683,2191,206,106999,42866,32207,27213,4286,1521,256,76002,34549,19963,18268,2681,1642,146,73379,36064,17300,17064,2299,394,109,16514,1919,41,109,41403,20429,19217,48530,25951,21999,48603,24906,23028,8698,19168,13251,8082,14810,5266,1032,764
96200,43083,23485,20824,6642,1906,252,100689,41706,26768,22356,7205,1632,252,72728,34618,16429,14923,4917,1408,180,66065,33634,12799,15113,3460,377,224,14551,3008,94,224,37846,19227,16814,48613,26576,21376,48694,25377,22584,8973,16416,12212,5827,13154,6386,1200,678
101866,10753,16451,72038,3794,1354,292,118761,11048,16586,88340,4059,720,244,75071,9526,11873,50936,3119,1071,226,72240,9934,9531,49829,2515,319,34,49207,2351,13,34,34059,28309,4842,37255,30891,6041,30687,24149,6171,16883,25458,15001,8085,8667,2755,422,404
102056,12454,25451,60786,2802,1469,305,93222,11493,22344,55223,3236,626,176,77690,11065,19019,44426,2346,1140,236,56785,10252,11149,32851,2095,370,24,32272,1894,83,24,28117,24029,3242,30742,25847,4535,24183,18786,5031,10381,20451,10558,5110,8263,2870,424,348
95418,43527,21151,14804,9758,1281,316,95502,41766,21097,16764,11061,1066,285,75325,35955,15994,10913,7548,998,226,61455,33334,11177,9664,6703,499,67,9090,6080,38,67,42632,22614,18102,47749,26470,20678,43150,21863,20447,4425,12149,11329,8275,21194,7993,2247,1040
98330,52336,21092,7064,11793,1421,212,106753,57073,21659,9594,12374,1998,189,72351,40196,14808,4903,8355,1023,157,64830,41662,11599,4577,6697,206,20,3994,6265,4,20,31155,15568,14095,49371,26605,22203,53630,26513,25973,1819,8757,10998,7052,22408,7963,3679,1016
99463,30463,43553,19708,5875,1965,387,97366,28934,45231,18536,4013,1428,502,79079,26602,33172,14368,4708,1526,292,61381,25202,23530,9547,2239,435,55,9270,1832,261,55,31960,19775,10781,36906,22740,13674,33448,18900,14039,8560,17799,10933,6504,13986,3661,1195,766
95831,20294,53559,13153,8779,1548,400,94161,18172,56440,13152,7712,1312,271,73451,16454,40426,9554,6737,1215,328,61436,15206,34120,6752,4937,194,182,6557,4714,27,182,33530,23284,8878,40656,26133,14058,35964,19913,15455,6144,15775,11567,7589,13493,5824,1024,549
99291,39347,38530,12448,8941,1767,248,107395,40381,43999,13010,9217,1634,228,73642,30516,27445,9118,6301,1265,190,69557,29728,25639,8121,5220,509,115,7242,4729,14,115,36166,19266,15002,48117,26616,20815,50724,25460,24266,3823,10248,10077,7164,19731,8250,2298,1698
99250,30607,53366,12832,4247,1936,345,100958,28572,55629,15824,4395,1350,54,78870,26485,40688,9552,3321,1535,266,70646,25708,34380,7522,2609,348,9,7021,2177,12,9,40236,24559,13777,43364,25423,17398,38531,20481,17476,7755,20825,12903,9523,16068,4889,1283,655
99683,28097,54188,13246,6541,2154,290,103220,29928,54676,14155,6923,1673,356,78766,24265,41055,9627,5091,1697,211,73612,26594,35061,7375,4057,267,10,6955,3825,61,10,40993,25792,13071,44908,27282,16903,39537,21774,17079,8291,19079,12060,10396,14860,5882,729,551
99612,45391,32398,13939,8166,1891,283,99736,47408,31739,13264,8787,1779,150,81106,39033,24804,10529,6518,1471,218,78649,40774,23642,8148,5196,381,68,7426,4526,88,68,39270,22304,14558,42797,25378,16750,40188,21860,17539,4664,13382,8843,5405,14885,7681,460,671
95339,46364,28634,11926,8213,1976,305,92717,42653,31625,13850,6477,1604,138,79337,40431,22397,9464,6621,1577,235,70443,37132,20410,8600,3808,614,51,7683,3336,93,51,39650,22933,14071,43951,27007,16162,40107,22968,16365,4831,11851,10126,6398,13892,7009,2772,1241
102907,73298,15110,7987,5241,1718,274,106828,73010,18984,7376,6607,1667,253,87189,63432,12086,6263,4083,1377,207,86798,63315,13998,4419,4157,551,73,3942,3417,47,73,57584,30527,23548,66261,39245,25998,64035,37130,25733,2940,11826,9758,6524,28087,13949,4602,2202
98505,44961,27777,21014,5071,2061,235,102787,43592,30242,26140,4691,1559,328,79230,38715,21074,15263,3998,1605,160,77431,38359,19699,16000,2853,393,72,14895,2173,16,72,43671,23194,18166,49512,28077,20695,45315,24248,20329,6521,16586,15221,9556,19634,5422,1615,667
98002,46689,19508,21908,9726,1813,220,103914,48460,23783,22935,9571,1073,128,75326,38503,13810,15662,6883,1308,147,74831,39680,14940,15096,4434,253,9,14542,4161,62,9,44611,22539,20078,51562,27642,23308,51425,25460,25054,5513,16190,12636,7244,17701,7747,2266,608
101642,62661,20725,11516,6037,1990,229,103338,63040,22501,12022,5399,1135,388,81375,52354,15120,8545,4519,1499,147,78852,51971,15378,7956,2761,604,71,7500,2409,21,71,51513,22511,26291,58395,28432,29071,56001,25776,29290,4550,16212,15395,9525,18630,7296,2135,1042
100943,62167,20477,10677,6540,2036,255,101182,61020,21462,10310,8213,1369,62,77886,50001,14637,7512,4683,1451,180,73853,50065,13556,5814,3521,522,14,5376,3085,185,14,49169,21031,25463,58144,27147,30149,58359,25347,31975,2822,13644,11514,7761,20432,8553,1356,1557
102191,59622,25309,10232,6496,1951,271,103654,58539,27259,12099,6275,1867,289,81272,49603,18768,7352,4805,1469,195,77484,48534,18532,6269,3398,434,4,5473,3048,62,4,50908,23997,23798,58226,30189,27135,56869,27708,28162,3895,14329,13024,8388,20144,7876,1616,1238
98016,14339,68077,14950,3718,1862,324,101921,15053,70296,15788,4882,1808,557,75986,11870,52217,11051,2897,1417,241,68320,12683,44724,8170,2154,171,56,7837,2093,63,56,38811,28202,9182,42364,27188,14711,37033,19989,16566,10473,22248,14771,7684,11325,3673,815,356
97224,21845,59899,11980,4762,1809,285,100181,18878,65321,13512,4938,1419,275,74544,18335,44579,8668,3693,1420,193,56770,15289,32447,5884,2388,407,60,5478,2171,69,60,28838,19640,8029,33564,20939,12226,29424,15190,13648,8989,17184,11605,6208,11830,3155,769,381
103638,28682,51282,20493,4417,2010,348,117357,31212,57901,25103,4828,994,200,79405,24126,37836,14703,3286,1535,262,77421,25303,36175,12521,2817,186,37,12046,2363,8,37,37851,25444,11008,48315,30461,17293,48315,27068,20614,7690,19867,15317,7312,11876,6139,1030,802
104074,50047,41893,9060,3355,2454,314,122181,52792,54425,12221,4469,2485,406,78765,39959,29982,6249,2379,1838,214,83686,40999,33943,5941,2013,625,0,5458,1623,0,0,40923,16092,22947,54172,22600,30941,63534,24863,37903,6091,21247,13803,8371,14123,4753,689,570
102735,34043,46867,20327,2735,2101,228,124690,37692,58715,26598,3500,1799,309,79308,29887,33457,14302,2191,1628,158,84516,33372,35074,13253,2069,293,154,12774,1767,50,154,34431,20530,12639,48070,28130,19458,53868,28469,24774,9518,22404,15535,7908,11162,4370,640,627
104608,47184,30666,24272,2173,2147,168,111241,46450,36805,25902,2385,1643,78,80462,40407,20693,17146,1604,1656,127,77293,39176,19287,17281,1255,500,14,16677,1063,101,14,39300,18772,19126,47137,22629,23982,48886,21450,26855,11650,25032,16648,6213,9645,3033,586,366
103807,63228,24873,11842,2510,2392,198,122306,67228,36749,15367,3598,1793,189,82604,53376,17643,8372,1897,1808,153,90011,55828,22687,9056,1855,659,47,7695,1700,104,47,41858,15255,24844,52904,20775,31491,55270,20420,34196,7450,27106,17577,8301,12793,4047,532,730
104675,67506,20981,11899,2843,2522,194,111270,68871,24402,14398,3777,2235,159,83417,56884,14779,8214,2068,1850,138,83939,58015,14524,8424,2050,716,13,7706,1642,139,13,44999,15238,27544,52502,18621,33074,52085,17402,34032,8158,22803,16122,7791,12193,4106,1274,669
101502,48006,23339,27875,1938,2404,198,103809,47336,24701,28869,1655,1297,74,78922,41562,16002,19149,1444,1799,141,74567,41176,13549,18468,891,444,50,17819,692,66,50,35283,17797,15895,38848,19559,18760,35860,16440,18946,12019,27153,13371,5237,6653,2818,434,515
104064,65782,18265,14618,3912,2159,184,108941,65792,21537,17589,3430,1770,78,80323,53578,12466,9904,2979,1617,137,79179,53591,12329,10270,2080,499,15,9838,1732,56,15,48390,16539,29653,55398,19864,34730,55763,18841,36225,7312,22252,15918,7703,12057,4751,936,798
103655,66872,22704,11001,1844,2477,193,108437,68159,27932,10006,1870,1903,71,81400,55651,15129,8109,1318,1822,150,79741,56872,14187,6354,1071,835,12,5847,828,129,12,42711,13304,27730,49169,15472,33092,48386,13859,34018,10603,26084,15411,7128,9098,3405,670,377
100976,76455,8195,10923,2770,2601,306,102110,79202,8270,10686,2016,1237,396,82252,64636,5792,7485,2073,2052,220,81548,66571,5453,7090,1270,849,112,6670,929,220,112,54146,17592,33796,59613,20974,37793,59583,19903,38853,6507,22866,16979,9843,12383,5276,666,631
101033,67705,11519,16185,3565,2320,334,103195,71069,11714,15227,3508,1159,292,81163,57389,7925,11457,2589,1800,234,83647,61692,7431,11279,2259,633,83,10492,1779,168,83,52376,20880,28913,58688,25019,32824,57442,23130,33504,6838,20683,14587,9835,15093,6729,1289,957
99599,81719,7418,4007,3757,2199,296,101763,84265,7995,4287,3384,707,146,84340,71048,5404,2677,2866,1705,203,83133,72310,5510,2552,2275,383,48,2216,1868,9,48,61380,21402,36643,67140,26204,39979,63373,23596,38837,2753,14923,15741,8707,20279,11329,2280,1690
104344,77214,11898,7552,5511,2278,284,110781,81614,13176,8443,5388,1590,374,85787,66113,8583,5106,4039,1730,204,87113,69494,8967,4675,2737,782,52,3845,2113,58,52,55076,19603,32382,64255,25650,37648,66623,25340,40262,4512,18655,16735,9173,17272,9694,1547,1565
102384,64779,14736,16508,4972,2240,240,105216,64962,15699,17572,5217,1361,314,84502,55966,11054,12209,3892,1716,171,82594,56814,10623,11549,2769,646,32,10414,2345,51,32,48804,21572,24558,55906,26718,28314,53867,24021,28985,6860,20236,16598,8990,14437,6789,1035,589
98276,63064,14141,16615,3079,2172,234,109715,63144,20399,22696,5191,1293,571,79051,53621,10022,11810,2184,1665,172,82793,53968,13549,11882,2384,361,29,10896,1638,72,29,46359,18630,25556,56051,23984,31325,62127,25243,36092,5864,21748,17633,8487,11904,5200,584,655
95516,74321,12749,4911,1796,1465,108,100319,77058,14671,5457,1803,964,100,81550,66351,8959,3403,1322,1167,69,84333,70644,9155,2988,1067,432,45,2458,760,150,45,49976,16965,31557,62169,22710,38881,64089,22013,41394,5527,20485,16156,8015,15236,8129,1820,931
100646,52293,15024,30332,1776,1709,163,103211,52874,14881,32492,2219,1966,35,79827,45985,10126,21075,1387,1290,112,76017,45442,7583,20756,1327,949,4,19365,1037,251,4,42315,21187,19968,49117,25024,23552,46534,20906,25088,12225,21084,15893,7339,11942,4373,1640,619
96948,65481,15525,12267,2260,1651,203,100734,64459,18009,14471,2872,1849,163,82133,58894,11298,8732,1764,1296,134,79527,57369,11463,8175,1761,515,0,7560,1451,122,0,47536,19497,26343,55040,23726,30862,55699,22215,32910,7342,22736,17062,7938,13263,5440,988,693
96596,43659,24293,24512,2946,1815,264,109428,45942,31316,29474,2842,1212,243,73385,35521,17171,17333,2148,1360,205,77557,37522,19654,18298,1633,361,102,17467,1482,40,102,38132,19556,17129,47809,25272,22099,51162,24853,25755,6827,21374,15820,8947,10859,3271,827,503
99308,58201,19561,17515,2729,1787,169,113744,64849,22997,22932,3364,1343,118,81232,51418,13878,12581,2116,1368,133,88169,57205,14720,13841,1585,515,15,13303,1537,136,15,44043,18719,23912,55954,25249,30309,67741,29184,37883,6816,23336,15198,8136,13836,5585,1206,1301
100901,69483,20299,7712,1648,2439,152,102031,70393,20674,8202,2071,1614,63,82248,60192,13431,5967,1198,1721,100,78392,60873,9839,5544,1091,805,0,5268,849,164,0,46758,15047,30047,54130,18041,35627,54167,16048,37576,10628,22587,17464,6022,12740,4800,1289,553
97174,74404,13745,5343,2059,1665,130,100961,76088,15842,5566,1945,1188,348,80939,65151,9184,3774,1479,1258,84,79680,66930,7611,3481,1167,387,29,3083,1100,33,29,53636,19097,32513,60796,23242,37011,60725,21162,38860,4475,18256,17016,7517,18246,7019,2522,1074
101235,65511,20943,11538,2089,1870,200,105702,66703,23465,12701,1968,1928,187,83524,58041,14713,7937,1632,1454,130,83053,59800,14060,7199,1128,769,19,6761,1022,177,19,46011,14937,29565,52243,16938,34873,52031,15227,36382,10905,28096,18390,7242,9422,3200,1315,524
100295,61661,25442,10159,1541,1820,155,108188,67502,27370,10779,1970,2427,225,77678,50746,16932,7612,1053,1351,128,79864,55910,14675,7262,1130,478,52,6751,916,97,52,35927,11903,22746,43522,14561,28551,46051,13078,32547,12910,26206,13149,6227,8143,3091,762,237
97203,84845,5769,2863,1888,1378,107,102243,87775,7771,2293,2999,749,95,85856,76711,4140,1991,1431,1114,81,86537,78589,4309,1139,1932,520,11,919,1627,169,11,50221,18354,30051,62600,24288,37760,66246,23653,41930,4314,22657,18828,8250,15355,9336,1692,942
101397,86503,8062,2075,2768,1292,142,103525,88440,8445,2114,2514,861,82,89710,78465,6033,1471,2026,1013,97,86697,78339,4816,1538,1395,419,63,1248,1078,102,63,60213,26318,31482,67963,31725,35570,66218,29109,36323,3387,19790,15902,7809,21073,11712,3691,2091
97375,82478,7935,2163,2725,1404,113,106320,88797,9024,2832,3081,1373,88,83311,72567,5701,1441,1943,1085,86,87203,76930,5917,1881,1782,489,38,1295,1686,60,38,54211,20896,31127,63417,25774,36980,69699,25891,42992,3613,21449,15060,7741,18836,8648,1961,1298
97039,64710,16643,11213,2894,1525,114,100332,66626,17863,12937,2122,735,132,83757,59394,12293,8150,2464,1232,68,79827,59974,9478,8585,1353,400,73,8297,1051,77,73,49329,26329,21052,54845,30319,23944,51573,26213,24652,6936,20827,13571,6042,16983,8708,3107,2007
98090,49882,29733,15494,1933,1877,131,100752,50556,31159,15743,2845,2490,0,78003,44923,19756,10686,1571,1437,92,68517,44787,12107,9500,1508,678,0,8703,1306,44,0,35178,17759,15991,39319,20212,18693,36428,17074,18897,11629,25028,12909,4807,10200,4917,1120,845
98762,73721,14560,6562,2102,1681,184,99696,73489,15464,7463,2304,1036,92,83896,66362,9982,4307,1633,1338,137,79111,65958,7341,3795,1181,569,33,3327,989,70,33,50896,20028,28588,54442,22969,30852,48967,19511,28905,6868,24029,15442,7331,15220,6959,1695,1276
100616,68299,16601,11445,2598,1871,159,110827,74055,19057,14105,2410,1329,356,81669,58984,11120,8186,1916,1430,104,85208,64083,9652,9424,1369,425,139,8661,1052,33,139,45057,17002,26235,55628,22099,32917,59737,21815,37264,5835,24181,16137,8172,15470,7216,1258,848
102242,81199,10085,4320,4524,1639,155,118517,92457,12977,5296,5906,1149,124,83065,68033,6968,3047,3326,1226,90,93776,77748,8390,3468,3784,291,7,2906,3037,65,7,49626,16435,31130,68083,24886,42525,84680,28274,55420,4170,16559,15004,7802,20309,9006,2681,1626
97529,81640,7081,4921,1866,1691,179,104567,87067,8497,4760,2475,755,105,86040,73910,5187,3586,1505,1395,128,89639,78637,5675,3250,1368,514,44,2785,1070,40,44,51109,17497,31723,60966,21779,38616,64281,20487,43183,6763,29007,19950,8270,12968,5576,1286,586
101444,79192,10048,8356,1870,1845,144,109060,83245,11229,10799,1861,1766,194,88288,71306,7393,6496,1374,1405,96,91258,74978,6916,6756,1205,1030,50,6207,1033,376,50,50460,17219,31491,60795,21879,38409,65137,21185,43331,8522,27453,19176,7274,12770,5416,1464,816
97214,70417,18622,4538,2086,1510,108,104864,72884,23432,5621,1800,1137,240,80170,60638,13617,3014,1572,1162,78,82205,63499,13562,3542,879,462,64,3061,678,32,64,46710,15558,29734,58452,20300,37753,59890,17819,41540,4571,25304,19055,7372,13114,4936,1415,1200
98660,65756,23462,5857,2295,1516,155,106911,69851,26867,6414,2415,717,133,81853,57244,17667,3942,1774,1212,121,81209,61183,14804,3331,1426,377,2,2924,1331,34,2,45397,17145,26831,52425,20176,31833,50395,16666,33203,7149,27901,15808,7889,13124,4029,1379,848
96258,70192,17998,5173,1418,1735,76,108656,74538,25850,6748,2179,1285,64,79685,61501,12514,3282,1055,1375,53,81430,64170,12486,3092,1246,421,12,2547,1062,85,12,40796,13226,26304,50249,16819,33042,55124,16678,37954,7867,26395,17965,7284,10253,4191,925,643
95627,40070,29324,22772,2249,2181,118,102997,42906,31144,24663,2770,3535,284,74443,35201,20182,16202,1689,1559,90,67451,37165,12769,15462,1414,487,26,14711,1201,63,26,31062,16608,13349,36067,19926,15782,33389,16041,16900,12009,21709,12077,5703,10828,4556,1528,784
97816,30866,42988,22027,1892,1778,141,114358,32842,53059,25988,1599,1568,172,71000,24896,29840,14448,1466,1292,92,66331,26314,25679,12775,1044,354,46,12130,875,75,46,26832,13893,12098,32607,16616,15675,32496,13837,18300,12429,24251,12760,7377,7857,2297,291,292
97211,68859,18169,5633,3263,1402,125,104133,70859,20873,7909,3965,1082,89,81163,60487,12914,4104,2496,1051,107,79246,61435,10831,4254,2194,281,60,3716,1605,34,60,40597,14376,24936,53312,20620,32270,57779,19896,37255,4508,15502,12713,6087,16374,7601,2167,1199
98624,82291,9176,2956,2724,1101,147,91337,76205,8110,2968,2707,562,51,89155,76836,6731,2159,2096,876,120,79251,70566,4571,2154,1502,358,16,1847,1351,59,16,54497,20433,32437,62127,25232,36517,55306,20984,33686,4017,21286,14981,7391,19246,9764,3077,1378
96798,76744,15100,1526,2005,1159,129,103424,83048,15090,1995,2262,2689,96,86975,72380,10641,1101,1610,885,93,86045,76416,6373,1109,1573,362,8,934,1221,46,8,51323,17497,32427,61052,22580,38094,61238,21449,39084,5976,16828,15635,7960,22323,11107,3077,2076
99988,28920,56137,13154,1397,2452,157,112095,31921,62841,16300,1086,5356,241,72930,23228,39069,9115,973,1730,87,65186,26463,29429,8067,476,629,5,7746,413,419,5,25653,11098,13674,33189,13387,19469,38327,12018,25874,18918,24549,9319,5502,6401,2059,325,398
99154,74106,16813,3714,3072,980,96,101880,74974,18594,3898,3651,743,84,82200,63896,12346,2517,2227,738,64,77755,63937,9903,2171,1557,229,15,1682,1215,11,15,50453,16499,32202,62399,21691,40200,65987,20651,44627,4135,15101,11711,7015,20352,10097,3057,1709
100432,61695,29008,7263,1800,1277,114,104225,60757,33232,7671,2322,2153,59,84458,55972,21471,5053,1358,954,67,72100,52987,13781,3624,1274,402,18,3447,1244,85,18,49036,18254,28947,54897,21650,32781,52715,18828,33183,6885,20515,12859,6286,19060,8124,3592,1590
98411,68104,20725,7113,1460,1304,129,103459,72642,19788,8997,2032,1566,135,86906,64338,15472,4930,1175,982,87,82494,66599,9263,4843,1242,360,85,4274,884,104,85,47757,16021,30230,58364,21248,36687,62380,20189,41575,7560,21676,15034,6454,17722,9452,2473,1121
95421,73381,14241,2967,3378,1586,133,95649,71949,15614,2429,3630,1086,186,76852,61477,9751,2040,2387,1107,90,71160,60531,7173,768,2061,411,50,547,1207,112,50,52036,20281,29780,60015,24409,35063,58476,21597,36180,4125,12556,12191,7288,21051,8964,3215,1436
98331,75238,11753,5314,4721,1143,149,99327,75226,13108,5172,4475,742,206,84286,67086,8710,3765,3534,892,118,78082,65540,6562,2963,2472,273,72,2497,2140,18,72,54196,24255,28223,63269,29375,33364,63167,26823,35536,3004,13145,13090,6520,23785,10220,5261,1682
101156,28873,14751,55396,2760,1431,199,102186,26704,16311,57033,2638,1263,75,78693,26713,10272,39692,2179,1032,152,70778,24265,6765,37511,1724,718,40,36293,1484,121,40,38328,28178,9232,44335,32028,11915,40803,26299,13972,10140,19427,11997,6798,13177,6059,2012,702
104137,33134,31685,35942,3846,1666,214,110843,32518,33821,42299,4970,1500,87,83003,30348,23470,26090,3128,1216,177,71558,29857,16049,22811,2156,396,11,21848,1985,40,11,37121,24963,11178,42666,28103,14197,39286,23376,15412,14220,19948,12950,7358,14383,4995,1253,642
102533,44515,37074,18590,2116,4198,207,106001,43681,40416,20188,1805,1545,122,82919,40428,26904,13439,1700,2895,166,66801,39120,15683,10478,1062,315,0,9843,934,47,0,36927,21911,13539,42533,25128,16936,39452,20376,18491,13144,17431,13943,6701,15268,6187,2481,978
101447,52230,16006,29131,3269,1207,142,105107,49421,18407,34177,3022,820,72,84721,47898,12279,21058,2586,913,109,76123,44387,11028,18163,1884,402,4,17389,1684,60,4,44385,26181,16809,51964,31142,20356,48470,26538,21315,8635,21053,15730,8093,17185,5290,1855,811
100592,64896,11414,19824,2887,1011,134,101258,61727,11734,23398,3592,610,218,87991,59939,9165,15057,2355,809,95,81326,56624,7843,14161,2057,257,18,13612,1718,10,18,50499,27725,21354,59341,32856,25974,55729,27367,27694,7428,15503,13400,6625,22569,9377,4273,1659
96979,25798,52936,16635,2304,2161,175,98501,23676,54264,17991,2789,1006,241,73589,22135,38622,11380,1739,1540,135,54176,20769,23426,8110,1598,184,85,7853,1540,78,85,28653,17219,10452,32942,18394,14224,30818,14340,16071,14375,21614,9766,5563,8554,3030,1067,297
97064,25811,45907,22777,3387,2007,238,99185,22835,45848,27996,2692,614,311,74793,23003,33580,15926,2609,1480,195,58878,20747,22031,14120,1518,298,98,13797,1367,27,98,31386,20506,10012,36870,23252,13289,34412,19000,14960,13767,21343,12487,6308,9821,2917,1027,518
100087,59181,18364,16335,5210,1159,137,103370,55791,21433,17232,5943,1241,38,80352,50953,13059,11503,3864,859,99,77045,49636,13257,9630,3903,242,4,9151,3704,9,4,51024,29292,20403,59863,34793,24607,59237,31647,26907,5217,18355,14642,8046,18069,8190,2075,1680
100555,49787,24951,18651,6679,1246,195,101174,44518,29113,20838,6781,1225,340,77371,40464,17833,13577,4856,948,147,70012,36912,16165,12616,3434,529,4,12075,3024,11,4,48205,25956,20828,56045,30485,25103,53363,26104,26578,4883,13516,12899,7514,16974,7983,2821,1260
97309,40974,24704,27967,2834,1460,153,102119,43209,25546,29816,2345,1344,119,74742,33459,17809,20419,2157,1099,110,70706,34849,15796,18226,1478,516,5,17447,1318,74,5,39121,20002,18061,46334,22614,23310,49374,21141,27680,10959,18349,12785,7234,11823,4415,918,652
97299,76456,10002,6486,3053,592,100,97836,75692,11133,6016,2507,832,206,87452,70890,8048,5063,2325,434,83,83223,69892,7627,4071,1309,275,39,3717,1067,107,39,57689,35626,21091,67698,41470,25932,68050,38038,29433,3073,16569,16683,6399,21054,12340,4623,1866
95889,57481,19335,7393,5119,880,104,105835,60888,20595,9754,6600,1193,241,76337,47534,14546,5410,3833,655,74,70293,49018,12238,5015,3484,205,24,4193,3059,0,24,45265,25796,18306,52457,28844,23270,51847,24300,26888,5606,14381,12888,5578,19429,9030,3092,1258
103392,72004,16810,6694,4748,943,165,105415,72904,17397,7098,4061,780,84,85523,61340,12824,5398,3552,724,105,78545,60333,11550,4417,1886,284,8,4024,1372,22,8,51378,26782,23134,58265,30679,27171,56005,25566,29719,2591,10802,11056,5614,25579,10441,4389,2156
103457,48769,24153,18844,9053,1033,179,108232,47644,23696,24613,8796,1397,266,76499,37439,17174,13432,6409,733,133,70410,35778,14422,14403,5268,258,37,13514,4883,84,37,45886,26090,18463,55738,32478,22817,52897,27153,24953,3025,14743,10239,6311,18013,10407,2833,1774
104351,37519,32867,28326,5853,1156,209,105366,31537,38305,31310,5476,884,7,81523,31971,24819,20031,4390,856,151,72845,27836,23002,18584,2770,245,0,17819,2529,18,0,47496,30737,15351,53038,34465,18147,47939,28300,18964,5981,17324,15519,7970,16200,7074,1102,554
96838,37787,26799,25220,4655,1130,184,96720,36160,28369,26050,5101,1174,192,80955,34369,21723,18791,3804,909,136,68218,31853,18041,15411,1945,378,4,15059,1900,100,4,42122,27093,13970,48739,31184,17201,45411,27178,17679,7312,22496,14917,7201,15349,6031,1592,417
103767,49901,21752,21079,3268,1177,173,104784,45575,24495,25013,2703,961,85,86007,44438,16870,15539,2576,935,144,71186,39738,16015,13454,1549,431,36,12768,1186,192,36,41767,23078,17494,47974,26331,21269,43490,21113,21902,8716,21957,17373,6347,16663,5619,1615,618
104005,41136,21658,36048,2030,1511,132,105786,39187,23465,37446,2743,1460,85,83361,37239,15796,25811,1635,1191,101,67751,34492,10192,20896,1556,317,27,20476,1148,75,27,41104,24394,15700,46108,27245,18497,42213,22351,19413,12453,21109,14629,5342,13823,5171,1675,856
101510,17454,26273,54488,4250,1152,228,104564,16957,25667,57867,4258,834,204,78349,15334,20174,39869,3369,942,185,67863,14322,15481,35124,2526,366,56,33609,2297,32,56,39903,31446,7546,45505,35652,9524,41052,29916,10654,9434,21537,13410,8438,11002,4925,726,603
98831,9891,10265,77459,2191,679,199,99957,8676,13225,76778,2584,911,29,76476,9222,8166,57764,1809,509,166,61065,7129,8067,44197,1360,334,20,43469,1349,115,20,35356,31331,3456,40178,35191,4740,35897,29737,5815,9909,23283,12840,6732,8705,3349,556,697
97163,56428,23613,12547,3065,1402,202,95468,51365,25619,14118,3048,5017,401,83667,51699,18537,9399,2471,1153,149,69526,45047,14129,7349,2139,600,146,6769,1733,87,146,49189,28267,19568,55297,32642,22220,50734,28551,21630,7158,17456,13701,6638,18278,8384,3109,1448
101893,42678,33041,19877,6538,1012,192,105756,40322,35643,22718,7436,1393,307,82443,36314,25883,15012,5126,805,143,74031,34165,21686,13688,3528,207,142,13202,3290,11,142,50225,31038,17640,56944,35034,21442,53164,29470,22987,4582,15438,13997,8624,20574,7934,2997,1201
99174,18391,24659,53057,4318,1036,260,98737,15370,26436,53909,5070,1246,88,78191,16214,19649,39462,3416,810,217,64136,13164,15267,32203,3013,274,4,31566,2919,90,4,43146,34161,7992,48230,37130,10714,42771,30225,12038,8230,21202,13617,7470,11930,4353,798,398
103382,33063,14926,53415,2068,1153,162,107639,30825,16695,57870,2024,1557,212,83490,30444,11856,39282,1681,907,132,73526,26957,9496,34996,1346,357,13,34122,966,107,13,45409,34938,9378,50585,38397,11810,45544,31239,13795,10492,20287,13777,6053,16011,5250,2450,964
99469,58225,28720,8081,3180,1299,203,102616,55734,33250,9647,3529,1044,68,86317,52260,23778,6353,2624,1035,162,71109,44717,18625,5601,1732,457,48,4920,1454,134,48,44713,24514,18686,51803,27719,23693,47661,22330,24734,5586,16811,11738,6968,20283,9566,4290,1580
103440,34913,38054,28499,2876,1348,195,102281,34191,40308,26839,2771,1249,287,83137,29649,30181,21460,2307,1051,156,65585,25657,21168,16921,1086,280,60,16107,803,62,60,40115,27442,11447,45141,29315,15426,39719,22213,16979,8904,21222,13837,7229,14848,5420,2708,631
97718,28839,47195,17048,5186,2399,194,98841,25998,50849,17702,4686,1821,396,76228,23831,36358,12224,4002,1825,150,61817,21653,27481,9467,2178,505,279,8974,2110,274,279,31794,20126,10600,37626,22061,15196,34456,16950,17003,9205,21188,13773,6738,11343,3812,1057,326
96159,47455,31873,8578,8035,1115,226,97526,46590,30836,10372,8937,875,106,74881,38662,23549,6202,5996,835,179,68533,37228,19831,5536,5166,356,18,4499,4483,201,18,48625,26381,20674,55718,30016,25265,51546,24360,26423,4081,12437,11380,6970,18276,8344,3143,1146
98779,32109,51853,6140,7641,1110,139,101353,28755,56758,6573,8245,1300,58,73225,24979,37897,4341,5208,843,96,56527,21432,27967,3204,3438,233,31,2886,3345,16,31,44323,26543,16262,50554,27824,22287,47292,22665,23981,3001,8800,8692,6599,20603,10666,4137,1481
97210,19298,46565,27886,5294,1157,186,98216,17800,48358,30449,3785,1813,92,77340,16460,36731,21041,4143,903,142,65465,15436,28891,18647,1919,206,0,18172,1778,88,0,40845,28364,11340,47106,30754,15968,41848,23858,17498,5633,20523,13107,7758,12843,5168,1149,577
96596,19899,50531,18702,8491,951,159,96769,22255,49413,19198,7676,1074,61,76677,16350,40217,14393,6386,705,119,70606,18543,34358,12773,4157,227,0,12307,3814,121,0,48493,30777,16410,56902,33985,22520,53268,28459,24112,3726,18887,9777,6925,18052,7477,3117,937
95284,6313,30448,58496,2894,982,164,100852,7223,35182,60859,2958,2073,183,72952,5345,23671,43556,2325,757,134,63190,5615,18565,37500,1176,281,4,37072,1172,40,4,37654,32627,4216,43107,35679,7117,38316,28389,9512,8893,25131,14183,6828,9021,3590,767,531
95316,7072,66318,18478,5875,780,93,97000,7724,65475,20169,4589,1100,114,73637,4824,52136,14042,4451,598,72,62117,5708,39982,12964,3164,287,24,12573,3113,30,24,34856,24310,9579,41555,24867,16431,38929,19301,19175,6823,18242,9066,8529,14734,5932,1355,698
104707,3083,44585,59450,1379,667,148,102211,2486,44819,58887,1067,434,225,81769,1973,36294,45346,1036,531,120,64957,1379,24703,37859,704,170,0,37234,614,22,0,42606,37066,4769,47133,37048,9800,42557,29203,12946,13559,25428,11997,6396,8681,3141,946,268
104549,5816,34743,65152,1537,813,137,112070,6822,38595,68046,1422,555,62,80971,4438,27661,49612,1238,612,119,68340,4726,20301,42376,648,219,28,41822,536,112,28,39429,34946,3662,43955,36211,7413,39543,29009,10159,13096,26907,12397,6883,8995,3757,1371,349
99662,10944,31026,56247,3185,1093,151,101802,10118,32143,58980,2922,585,78,78477,8554,25277,43263,2618,860,120,58478,7304,16625,32515,1752,234,4,32129,1618,51,4,35302,29336,5183,38340,30031,7991,32727,22844,9489,12464,24645,10479,6864,9251,2939,967,263
97980,44017,43038,5436,2608,704,79,96182,39996,45381,6416,2814,608,49,80389,35981,35580,4425,2112,549,64,58123,26525,26280,3730,1372,110,48,3334,1120,4,48,35502,21347,13286,43240,22172,20829,41989,16372,25167,4435,12042,12860,5957,20012,9891,3835,1150
100800,3862,44178,55197,718,963,77,105238,3305,50056,53589,936,375,26,78583,2784,35313,42310,553,730,61,63434,2361,24612,35768,593,162,8,35454,544,46,8,34792,30967,3259,37565,30378,6921,31970,22899,8783,17388,23732,10066,6027,8080,2385,706,239
100360,17474,38772,44286,1881,1002,101,105692,15080,43962,46498,1464,1039,101,79128,14446,30757,33962,1470,808,84,60945,11300,21280,27494,673,226,5,27183,500,78,5,39561,32823,5779,43324,33867,9078,37750,26149,11054,12930,20788,9852,6330,12222,5833,1896,886
100392,40829,50187,5056,2976,1080,132,99861,37820,50590,5638,3966,466,160,86060,34525,43461,4341,2536,864,113,63426,27548,30167,3054,2176,248,12,2789,1672,155,12,41899,27344,13267,47802,27750,19653,44394,22102,21582,6893,13824,9571,8241,22739,9794,5158,2329
104037,14054,73336,17813,2142,1576,114,112338,13365,82756,16072,2610,1219,145,86702,12123,61346,14151,1830,1295,85,61825,10648,39504,9829,1480,175,18,9328,1379,74,18,26251,20185,5368,31803,20800,10711,29449,15787,13271,22895,20434,9217,6572,14431,5824,3459,1071
104566,5634,95952,5052,914,1111,73,108108,4657,99913,4216,1202,1015,75,86548,3551,80847,4116,729,904,67,54246,3009,49393,1416,267,129,12,1358,169,39,12,30391,17542,12033,34233,15397,18601,29920,11167,18477,22611,23010,9386,5927,11727,3147,1824,344
104951,8190,94145,3275,1098,617,66,106324,6628,96865,3747,1355,873,61,88934,6056,80768,2777,893,498,57,62818,5069,56210,1112,318,116,31,1048,221,57,31,38739,18973,18594,44894,17008,27606,41749,12986,28401,16319,23132,11851,7022,16234,4722,1645,677
100260,7568,88637,3826,1713,604,88,106203,5481,96351,4031,2203,233,19,80678,4929,72657,3048,1362,501,70,64852,3649,58825,1228,779,40,5,1205,737,4,5,38102,18710,18301,47089,17208,29582,46022,12760,32898,11032,19926,10795,8971,13969,4735,2066,1033
97566,4149,92119,2346,634,426,76,100301,2850,96674,1740,270,557,0,81536,2073,78636,1913,493,324,62,56562,1584,54531,241,123,40,8,232,115,4,8,32895,16014,16074,38072,12245,25646,35855,8121,27514,16820,25377,9737,8059,10523,2677,1373,302
102748,4233,97088,3023,462,418,58,99672,3349,94562,3421,476,265,88,87090,2228,83821,2603,348,324,43,54092,2030,50769,1008,180,48,55,997,153,38,55,31534,14646,16147,35519,10942,24413,32920,7287,25474,23505,25394,8054,5448,9357,2599,1233,374
98604,8772,83088,2706,3579,773,48,100064,8487,86357,2096,2716,614,95,76170,5537,65590,2148,2759,622,45,44540,4490,38315,657,898,91,26,517,877,8,26,26638,18040,7743,35433,17881,17296,36070,13986,21691,9246,9336,7170,6248,19254,8989,4024,748
97232,5592,88224,3189,1416,632,70,92752,4614,84831,3808,1311,509,28,81660,3521,75285,2813,1158,486,54,56172,3127,50750,1444,577,179,13,1370,522,138,13,36877,19537,16139,42849,16579,26015,40412,12303,27796,16954,18377,9090,5682,15207,4106,1902,733
103433,30470,62320,4870,3566,1045,126,98912,26692,60127,5791,5423,1408,98,87862,26368,52396,4236,3051,815,104,61852,20826,34397,3103,3023,243,16,2569,2550,172,16,33481,21280,10967,43770,25325,18072,41963,20443,20836,5014,9352,7753,4684,24774,13822,6556,2032
103929,28253,63185,8608,3677,961,139,104940,27975,61900,8322,5526,944,157,86089,23636,52089,7249,2964,791,118,70843,21531,40391,5601,2691,262,4,5047,2083,56,4,49231,29849,17421,56027,32393,23163,53932,28275,24889,4209,10295,7989,4545,22288,12281,5990,2506
100089,9174,87153,2855,1746,641,75,91926,9496,78778,3341,1454,387,122,83923,7034,73661,2492,1433,492,63,63796,7065,54442,1529,561,117,45,1425,451,97,45,46544,19509,25450,52886,17428,35085,50161,13673,36082,11456,18891,9549,8151,14460,5334,1881,1163
101533,8028,90291,2551,1707,552,46,95999,8605,85048,2203,1693,221,26,84039,5573,75910,2090,1377,410,34,69327,5907,62086,646,639,18,5,533,632,5,5,46364,21801,22954,54427,19542,34556,52673,14873,37406,12253,19590,11629,7206,14982,5456,2015,665
101839,10829,84035,5197,2819,1039,77,99350,11286,81546,5152,2749,381,63,81522,8016,67798,4298,2191,829,59,65258,7984,53111,2102,1750,129,26,1954,1712,83,26,39650,20790,17582,48317,19587,28395,47708,15119,32170,12300,18538,9525,8436,14785,4999,1754,878
104822,11932,82683,7231,4102,1014,110,106421,15149,79818,7079,4667,1076,213,83444,8789,66285,5870,3295,783,84,69985,10577,52511,3997,2346,93,114,3630,2150,10,114,42724,26736,14468,50936,26243,24361,49305,20142,28605,6536,18836,11139,9907,18524,5444,2118,808
97655,18698,66673,9344,3510,761,69,98412,20590,65206,9216,3854,844,60,80853,15815,54785,7699,2986,603,53,67508,15408,44143,5469,1451,239,43,5308,1308,29,43,45221,26694,16953,52273,27595,24279,49615,22687,26382,5718,14498,10645,7906,18872,7611,3153,1323
100913,7296,73680,19689,2342,895,81,106662,5969,77849,22902,2257,875,184,80829,5123,60003,15454,1887,716,62,66874,4086,47266,13563,1455,152,53,13274,1357,35,53,37198,25559,10631,44528,24474,19766,43444,18404,24698,11667,25073,11818,7268,13190,3112,1122,667
101132,29646,58163,9397,4405,926,112,102070,29416,59626,9116,4320,1014,16,78564,23712,44638,7129,3395,766,84,68347,22212,38620,5028,2104,230,8,4618,1942,46,8,48839,27992,19034,56698,29819,26426,54468,24298,29504,5565,13132,10286,6030,18359,7962,4480,2327
98180,8297,65696,24715,1935,1197,107,110280,10509,75412,26395,1300,818,153,71997,5690,49471,17036,1493,909,87,61143,6473,38956,15185,432,136,4,14450,402,21,4,25086,17543,6799,35535,20429,14817,39433,17005,22071,12729,19001,9555,7838,9929,2471,790,420
98262,9885,69581,19425,1713,2338,138,101178,9307,72015,20621,1351,1527,56,70303,7309,50198,13016,1238,1731,101,51860,6689,33833,10622,280,301,9,10354,249,173,9,22741,15271,6749,29545,16960,12331,29210,13210,15725,15165,15500,9679,5666,9122,3135,449,316
104473,56613,30932,14338,1928,1730,186,103914,53942,33204,14129,2029,1000,90,85800,50480,22979,10104,1462,1374,128,73810,47420,17311,7645,765,555,47,7323,372,44,47,46938,22280,22470,52652,25216,26845,49587,20754,28289,9969,21500,15006,6048,14835,6871,1861,995
103166,41067,8962,48657,3580,2242,551,100536,38856,9252,47686,4463,1303,850,77565,33204,5852,35039,2558,1563,363,72019,31270,4879,32722,2148,617,205,31881,1538,43,205,31576,17739,12968,36752,21708,14564,36461,21409,14825,8667,17208,14947,5794,9906,4944,1412,1044
103756,38016,7551,53555,4592,1900,488,103175,35977,8105,55796,4226,1785,136,79487,31431,5042,39262,3257,1383,349,77172,29775,4744,39745,1957,747,72,38525,1556,31,72,37082,22112,14008,43791,27821,15485,44030,28004,15791,6722,19231,16498,7128,12211,6719,1291,667
95451,39540,3639,48546,3100,1310,107,96807,38079,4609,50324,2922,956,149,74019,33279,2683,35175,2349,998,91,71838,31778,2162,35883,1134,492,81,34826,1101,14,81,40154,21919,17143,45941,26694,18699,44768,26000,18519,6902,17693,13911,5173,10471,6630,2828,997
102006,38232,6060,55419,1366,1479,130,100556,36701,5917,54891,1845,1641,167,78600,31850,4126,40753,1050,1167,91,74873,31051,2347,40016,862,934,47,39074,686,111,47,38001,21382,15946,43527,24310,18834,44207,24047,19985,11117,23316,14012,5786,5831,3747,696,551
97509,44680,8364,39341,4123,2108,259,95902,43344,8622,39704,4237,1506,606,73277,36479,5426,27348,3011,1543,153,69067,35825,3628,26733,1859,748,4,25647,1649,41,4,34964,15102,18768,41188,20398,20177,42599,21864,20427,5032,18755,14422,7852,9925,5266,1276,305
97460,56034,4874,32025,3305,1681,178,104521,57899,5880,35709,4172,1461,237,73598,43816,3011,23386,2295,1216,108,76503,44836,3154,25668,1913,688,232,25087,1513,62,232,36151,12160,23162,45779,16731,28503,51208,18957,32005,6441,19573,13617,6782,11713,6350,1375,1330
102364,44966,6494,48178,1898,1474,392,99922,42787,5573,49005,1428,1808,90,80773,37129,4685,36734,1448,1097,256,78041,35502,2697,37934,928,984,32,37312,738,221,32,39685,19752,19375,43630,21481,21828,43674,20609,22909,13188,24507,13964,4737,7323,3102,399,578
105065,28353,2789,72408,1090,1123,135,102042,26179,3080,71148,1045,999,51,81514,24434,1813,53935,836,898,96,76614,22301,1046,52183,537,600,11,51471,336,90,11,42081,27346,14171,44118,29060,14732,42227,27913,14185,11605,21447,14386,6151,8208,4138,1244,1027
95381,50181,6655,36772,802,1534,99,94157,49304,7245,36687,619,1497,47,73771,40993,3997,27349,567,1110,42,69756,39932,2083,26531,584,615,12,26176,564,127,12,34902,13092,21363,39571,15049,24301,39351,13814,25414,11018,23051,14106,6475,5926,2313,884,697
98281,59314,5056,31353,1093,1776,89,98850,59617,5343,31246,1301,1376,268,74845,47049,3162,22606,811,1340,66,73345,47282,2548,21979,613,544,6,21653,509,93,6,38056,12874,24476,44699,15480,28829,45843,15444,30256,9493,22602,13319,6717,8299,3332,738,509
99298,45710,6482,43352,2640,1801,310,100717,46531,7448,43407,3247,1820,224,74908,36624,4348,30980,1885,1322,230,74758,38134,3804,30637,1489,568,47,29894,1116,64,47,30669,13613,16264,37644,18194,18976,38599,16975,21429,6042,17654,12853,5991,9823,4340,1018,1109
99845,62773,10043,23920,1766,1806,116,100301,60555,11243,25068,1694,2727,76,75313,49610,6314,17072,1189,1339,78,71425,47773,3871,17527,866,1281,49,17305,806,123,49,36014,8662,26705,42090,11144,30618,43603,11371,32097,10478,23217,12554,6632,7487,3758,1019,446
97540,53270,4333,34851,3781,1522,242,93291,50672,3859,34384,3060,943,184,78955,45754,3218,25768,3025,1164,160,73401,43025,2652,25867,1429,464,48,25609,1024,53,48,43636,24585,17683,48990,28343,19977,50189,29076,20707,5339,15943,15735,4145,15865,7842,2448,1467
100006,44398,9530,40869,4227,1806,323,102270,43488,9853,44128,4302,2033,225,79740,38153,6466,30758,3451,1351,230,76451,37242,4034,31889,2272,689,28,30829,2098,32,28,39791,22980,15549,45515,27550,17289,46448,28013,18126,5171,17931,16507,5283,14407,6010,1960,1430
97745,41765,9927,39738,5365,1927,301,105318,42164,11246,46610,5490,1473,216,76020,35254,6867,28652,4159,1503,196,76689,36364,5214,31946,2292,382,85,30876,1972,37,85,28054,14725,12456,38915,22361,15971,44472,25669,18503,6848,16514,14407,5573,12760,6793,1201,830
96501,42634,10298,39922,2965,2469,919,101059,44383,11425,42377,3189,2286,858,71447,33708,6820,27932,2101,1740,560,72760,34495,6815,28045,1393,1028,243,26740,863,137,243,27976,13694,13575,36025,18469,17033,39994,19352,20439,6383,20411,15307,6305,7879,3025,549,513
98169,62588,7176,24991,1780,2061,304,98781,62004,7560,26119,2030,1423,227,77429,52212,4794,17702,1304,1527,209,75614,52325,3305,18001,1200,552,7,17394,662,99,7,38288,13216,24111,46984,17465,28947,49640,17716,31692,7629,18976,15374,6129,11521,5382,1564,753
96211,61197,7508,24045,1879,2171,246,98922,62085,8257,25591,2547,1582,133,73354,48252,5389,17162,1307,1573,144,72524,49123,4277,17040,938,825,12,16332,784,233,12,32645,9300,22581,39467,11884,27035,41529,11948,29385,9473,24494,14766,5482,7633,2564,670,334
102093,74089,6562,15925,2968,2820,309,109134,77681,8389,18517,3199,1349,420,73455,55102,3862,10614,1849,1989,189,76655,58389,4356,11600,1367,621,117,10721,1024,95,117,35771,8143,26469,49266,13527,34931,56666,16021,40375,5478,19442,15160,6439,12963,4936,918,432
102580,63166,4666,31475,1956,1703,191,105085,64985,4793,33301,2006,1971,480,81055,51596,3320,23606,1480,1269,141,81911,53756,2151,24441,890,827,31,23170,744,144,31,33667,12285,20336,40356,14836,24973,43806,14997,28616,7514,18777,12678,5416,9592,4197,812,1417
97465,74798,5756,14541,781,1757,100,99068,75467,6515,15008,937,1426,71,73964,58360,3588,10179,542,1333,69,73418,58978,2562,10672,345,743,18,10103,282,80,18,35000,5605,28880,42581,6890,35421,44995,6738,38157,11048,27532,12767,5909,4595,2628,1032,188
103860,66302,11805,23252,973,1942,199,104466,65903,12809,23514,1173,1736,73,77967,51814,7376,16782,723,1473,125,74953,52182,4502,16916,586,718,36,16499,312,73,36,34728,8436,25692,39627,9660,29635,40790,9109,31580,14094,26716,13148,5763,5894,2404,783,493
98748,56182,7713,32446,1412,1386,77,98633,55496,8431,32999,1057,1841,83,76192,45635,4948,23753,1036,1017,39,73334,45272,3223,23728,439,755,24,23261,307,77,24,35015,10751,23670,39681,12514,26779,41050,12469,28448,11108,24814,12971,7169,6005,2905,937,579
104459,60603,4985,37321,962,1243,100,103785,60068,5196,36982,775,952,199,81576,48608,3735,28082,708,957,86,79708,48581,2591,27375,458,675,12,27028,401,222,12,38636,12259,25782,44460,14351,29805,45286,13588,31570,11741,30229,13078,5262,6271,3321,901,321
103584,62052,9072,30493,882,1521,128,105326,60769,9883,30797,1097,3208,65,79077,49688,5634,22258,612,1115,70,77171,48872,3569,22295,450,2045,4,21552,390,187,4,34889,9746,24633,41376,11699,29347,41839,10790,30932,14507,27476,13602,5252,5570,2941,826,306
103633,62874,2662,35331,1139,1622,139,104794,63281,3060,35755,1278,1222,153,82040,51103,1770,26998,834,1241,75,81855,51515,1445,27190,799,859,153,26501,663,83,153,42973,17342,24732,50081,19911,29727,53399,19906,33293,8657,27049,14662,6253,7968,3472,1215,651
98547,43705,3167,50166,681,1165,149,98591,43441,3794,49891,634,1086,64,77550,36006,2024,38331,499,867,89,76289,35841,1456,37822,487,569,10,37361,428,47,10,40549,20972,19095,45631,23100,22225,46147,21995,23995,12654,27932,13306,5460,6347,1903,568,273
104560,29295,6628,65480,2652,1905,438,110981,27651,6516,74843,2356,1798,275,79467,24449,4928,47165,2206,1475,311,82062,22123,3744,53660,1159,761,115,52359,855,65,115,36363,26549,9141,43892,32674,10742,43432,32138,11106,8811,23372,16492,7874,8152,3492,719,373
102047,39102,4821,54490,2975,1698,303,95088,37069,5406,48915,3075,981,430,81432,33954,3517,40765,2501,1301,199,73251,32022,3315,35830,1693,362,33,34609,1279,45,33,38723,22265,15320,43124,26450,16039,40146,24519,15366,8030,20287,13678,5097,11137,4626,2314,1123
104663,69612,6894,18317,8216,2243,445,107424,71562,8395,18609,8018,1228,373,77201,53273,4232,12548,5680,1570,266,77365,54118,5132,12839,4313,651,0,11978,3737,136,0,46602,13026,31894,56962,19908,36133,59788,21134,38157,3704,14722,13925,6721,17133,7887,2833,2156
105059,61967,7114,31913,2585,2564,366,109640,64222,7018,34487,2665,1226,282,79797,49425,4487,22802,1715,1855,227,82132,52051,3121,24740,1395,657,40,23880,917,29,40,42142,14512,26579,51882,19527,31644,55520,20405,34847,8817,24903,14465,9149,9777,4558,1088,904
101847,75621,5597,14903,3976,1645,99,105558,76700,7139,15868,4181,1391,374,82628,62829,3913,11315,3119,1309,63,83414,64584,3807,11808,2246,757,40,11434,1864,72,40,44631,15924,27171,54885,20585,33585,60014,21658,37949,5000,15864,11376,4661,16065,7647,2721,2427
99933,50919,12650,30773,3870,1794,188,101669,51286,12877,31383,4672,2323,286,81471,45410,8789,22456,3375,1396,142,76518,45565,4696,23096,2323,1041,0,22264,1889,142,0,34332,23387,9469,40185,28650,10892,41667,28999,12255,6895,12341,10641,4054,13482,8040,1528,3237
102067,70702,11500,12690,5243,2379,152,107951,71489,14552,15058,5406,2373,95,75340,54170,7282,8754,3572,1741,97,75677,55421,6541,10081,2747,775,0,9484,2427,80,0,37341,8672,27122,49074,13652,34578,55945,16305,39282,7380,20022,15721,5600,10796,4951,1349,1392
99591,66935,2625,27200,970,1836,76,103760,69971,3280,27675,905,1889,72,78525,53681,1757,20947,683,1416,55,81038,56062,2128,21093,475,1267,62,20247,324,143,62,40692,11889,28033,49288,14473,34386,54797,15126,39481,9469,26157,14753,5577,7609,3400,1339,721
102743,79329,4065,15016,1836,2191,135,105886,80586,3966,17352,1932,1247,182,78997,61936,2597,11345,1210,1649,73,81405,64111,2569,12971,832,693,30,12519,604,56,30,47708,10836,35496,58910,14409,43876,66859,16271,50233,7065,22718,15314,6367,13136,5043,1229,658
101116,63170,8764,23725,3865,2223,135,105469,65196,10161,25834,3761,1257,21,76673,49825,5904,16843,2760,1657,102,76016,51294,5022,17204,1954,412,0,16473,1394,8,0,41388,12836,26971,51275,18687,31824,55445,21148,33885,6508,16694,14416,6008,15615,6340,1774,1196
100995,53463,8527,30784,6953,1997,166,104573,53939,9530,33536,6975,1525,204,78146,43830,5557,22835,4818,1403,95,75951,44273,4565,23596,2539,664,60,22708,2285,131,60,50562,21239,27614,60204,29971,29404,62582,32535,29502,3585,14681,12680,6273,19710,9341,1900,1396
101374,36331,7597,52528,4255,1962,164,103093,35351,7997,54087,5127,1039,233,76630,30197,4975,37547,3167,1478,105,76386,29587,3923,39298,3089,496,64,38486,2888,25,64,38305,20104,17251,45670,26694,18539,48432,29656,18496,9396,24854,12580,7456,9229,3910,631,358
101821,42032,7371,49572,2358,1804,166,109778,41132,9030,58352,2279,2340,109,76366,34225,4882,34956,1629,1376,106,77636,33254,4577,37931,1168,1251,5,36465,1049,40,5,38479,17476,19982,49889,27323,22032,54465,32023,22129,4936,21044,14948,6385,12069,4743,746,499
104823,45039,7135,47633,4107,2140,149,105981,41210,7924,53262,3873,1776,17,79100,35934,4550,34665,2962,1522,108,78264,33082,4402,37843,2045,798,8,36380,1768,70,8,47050,21804,24116,57299,31043,25673,59175,35253,23541,5030,22159,15242,7334,12070,5424,1083,782
95670,11896,10913,70174,3354,1678,149,98894,11155,9058,75829,3406,1485,183,71700,10728,7219,51337,2602,1233,95,70218,9830,3408,54307,1820,721,171,53365,1744,69,171,33137,26209,6293,40772,33385,7024,42203,34806,7148,7444,19229,14665,5415,10188,3740,1010,592
101413,9228,19752,65001,8067,2189,154,99843,8300,18889,63947,9108,2469,218,74578,8304,12575,47532,6336,1551,113,63740,6985,6784,43718,4762,844,24,42599,4646,150,24,27858,23240,4059,34366,28503,5523,33969,27935,5828,11131,21476,12153,5105,7533,2100,675,289
100512,4778,11881,81176,3562,1488,138,100187,3957,15472,77780,4541,1354,135,74300,4364,7584,59985,2784,1083,88,66637,3218,5672,54566,2650,445,4,53922,2622,42,4,31569,28801,2314,37206,33588,3266,35557,31462,3901,8386,20816,14650,6860,7861,3418,514,323
102841,30641,9985,59666,2109,1744,192,103374,27429,10642,62938,2775,2301,433,79149,26567,6397,43969,1620,1333,137,75530,23896,3911,45415,1219,879,4,44042,1030,39,4,41922,24326,16559,49708,32773,16460,50406,35292,14801,7371,19575,16270,6079,11451,5744,1167,734
103212,40605,6719,53439,1445,1831,234,110059,41243,8162,59202,2190,2307,4,77102,32521,4253,38399,1010,1353,133,78030,32631,3261,40238,762,846,0,38699,648,81,0,39537,20872,17832,49217,28265,20421,53805,31712,21803,6725,22357,17008,6183,9080,4659,752,517
96673,68499,5228,18804,2001,2130,129,103313,70150,6859,21152,2399,2921,456,73098,53647,3236,13165,1363,1571,77,76528,55911,3241,14238,1373,1765,31,13626,923,167,31,40472,8292,31125,51095,12682,37842,58376,15605,42407,8501,21064,14724,5446,9940,4482,1021,503
103341,57945,13608,16582,14070,1879,188,110117,57211,16518,20480,16242,1538,282,74927,43939,8897,11364,9777,1362,114,69563,42708,6811,11974,7585,477,4,11356,7125,66,4,39571,12184,25736,52520,21187,30531,55681,23380,31789,5911,14622,11021,5854,18848,8388,1718,1191
98871,42769,14582,32434,8977,1841,147,103387,37393,16707,38999,9962,1694,107,71585,33063,9591,21987,6508,1284,85,67543,28436,7914,25210,5203,469,31,24283,4805,81,31,37819,15219,21201,49387,25299,23440,53467,28848,24130,5219,15147,12565,5774,15799,5826,689,1005
100017,39231,19083,23391,18001,2032,180,100776,36745,20652,25781,17927,1231,136,76056,31979,13140,16869,13670,1423,112,64863,30759,8391,15568,9345,486,38,15066,8976,72,38,36622,16463,18372,46117,24667,20694,46254,24542,21074,6230,12443,10866,5866,19207,7288,1289,751
102998,29996,18938,24745,29295,1769,236,103141,29705,18868,25730,28873,1037,118,80098,25582,13096,17869,23215,1289,168,64433,25074,6595,16656,15495,305,8,16046,14906,91,8,32199,17040,13849,43014,25900,16506,43209,25323,17296,4791,11500,8815,6908,22356,8555,2017,1117
99348,19319,34096,30923,15773,2465,174,109370,20412,38381,35660,17189,864,128,73579,16114,23128,22134,12438,1783,133,60866,15616,11516,22846,10390,213,0,22181,10131,31,0,28133,18364,8752,35419,24172,10843,33842,21256,12071,10317,17183,12730,5336,12271,5157,1054,620
101315,31996,19939,39595,9912,2218,136,107771,30428,23254,44216,10459,2496,189,74622,26655,13303,27115,7314,1544,95,69273,24604,9413,28088,6343,739,20,26921,5842,37,20,37528,19799,16510,46102,28147,17354,46902,28934,17391,7681,16351,13851,6786,15549,6019,1100,952
103990,23055,13935,62664,5162,1965,226,109167,24211,15321,66917,5131,1352,854,76062,19608,8843,43960,3774,1435,147,72977,20021,7142,42819,2520,502,12,41570,2250,170,12,40078,26653,12413,50165,37100,12560,51573,38146,12998,4795,16979,14278,7365,15669,6951,976,1015
102174,33177,24335,23846,20459,2489,154,101493,30029,26861,21828,22274,1915,118,75687,27549,15802,16574,15286,1737,95,58340,24343,8351,14442,10732,440,46,13829,10210,94,46,36411,18065,16820,44511,25543,18311,44205,24741,18667,11536,14143,9632,5774,15129,6644,1313,1574
100036,12337,54119,22294,11840,3489,208,88619,12465,47252,18832,10818,1860,373,72084,10633,35579,16542,9515,2399,142,40783,10510,12199,11771,5672,313,96,11460,5548,109,96,18810,13334,4785,23797,16957,6526,22879,14828,7755,13878,14526,8486,4903,10019,3188,768,760
96644,48582,14432,18225,14560,1713,146,98306,49440,14299,20317,13712,1297,41,74116,38845,9702,13877,10909,1194,107,65091,39122,4749,14725,6166,385,5,13985,5794,30,5,40095,19920,18286,48358,27926,19751,48213,27741,19884,3330,8259,7792,5621,24432,12589,3018,1552
98180,36976,32164,17911,10765,3153,156,99126,35397,29668,21138,13350,5666,164,76403,31127,21670,14613,8580,2286,122,60207,29446,7680,15301,7171,427,46,14783,6734,103,46,32012,19943,10536,39449,26738,12103,38549,25704,12285,9220,10477,7324,3418,19905,10216,3351,1845
97884,55448,16391,14263,10812,1867,109,94145,52545,14791,16716,9330,2506,54,79764,46808,11089,12273,8766,1417,81,65664,44026,4379,11475,5191,402,10,11053,4576,31,10,41100,27146,11898,48636,35236,12692,49253,36194,12472,3118,5517,5850,2324,23180,13377,4521,3973
101075,33391,5883,48712,12579,1487,145,103061,33002,7267,52824,10917,2509,439,76528,26634,4221,36937,8282,1142,112,68545,26233,2727,34865,3806,694,24,33571,3479,68,24,38440,33036,4136,46898,41165,5146,47435,41034,5839,7244,15435,10874,3748,16107,9314,3019,2481
103161,22330,8827,62639,9499,1655,167,105804,22296,7977,67006,8018,1149,483,79182,19601,6032,46532,6859,1265,109,71204,19426,2575,44544,3981,483,91,43802,3834,91,91,40335,30630,8542,46820,37048,9263,45384,34684,10156,7902,16963,13702,6795,15329,7616,1970,1459
95394,3013,4031,87967,1175,1228,102,100501,4002,4933,90253,1481,829,112,72938,2718,2636,67053,876,891,76,75050,3512,2015,68544,588,418,41,67731,584,29,41,39882,37646,1660,46893,44170,2368,45538,41885,3385,5915,17814,14368,7927,13611,6011,761,994
99640,2322,2602,94568,895,1176,94,98231,3797,3621,90823,1336,901,265,76791,2076,1818,72718,656,886,69,72636,3442,1401,66864,454,471,0,65485,406,101,0,43561,41711,1349,50917,48460,2078,49736,46322,3104,5145,17666,16837,7174,12608,6456,745,952
99754,20705,3872,73224,1928,1291,120,94753,21627,5649,64986,2382,2054,161,80311,18032,2824,57671,1571,992,96,73113,18925,2690,49252,1345,710,8,47896,1097,230,8,45394,42234,2040,53950,50440,2965,52817,48677,3642,6476,18236,12809,6135,16859,7711,1720,1516
97437,48052,7038,11649,29436,1030,144,96158,46394,6667,12014,29599,1016,142,72598,37840,4705,8279,20857,719,97,60440,35585,3269,7069,14347,170,13,6265,13997,43,13,41972,19250,20908,52557,28932,22984,51783,27528,23453,2886,4970,7718,3659,25456,15503,2471,2721
103143,62649,8406,11860,18481,1549,154,105445,58090,9517,15683,19838,1411,60,77169,48805,5860,8497,12697,1105,107,67815,45422,5064,10082,6640,377,7,9290,6170,50,7,43257,17437,23799,55723,26581,28418,57873,26414,30597,2708,4787,8288,2867,29636,17487,2601,1761
99209,59642,15436,16440,6118,1862,130,100046,58942,16468,16501,5637,1078,186,78017,49179,10520,12322,4590,1386,103,68944,48125,6026,11083,3107,359,7,10037,2671,60,7,44872,20458,22136,54237,29271,24135,54122,28656,24770,3596,8652,10077,4056,27585,12110,2937,1503
96265,64918,5734,9779,13917,1342,85,92561,63525,6241,9126,12156,721,118,73823,51064,3954,7561,9696,1007,53,66639,50016,3678,6583,5966,285,26,6257,5488,41,26,49124,21054,25714,58387,29881,27584,58822,30334,27733,1031,5669,8082,2836,27979,14496,4432,2172
99192,52352,13775,20585,11647,1476,186,96846,49208,11390,26072,10753,1420,190,82954,45571,9903,17116,9473,1171,127,71779,42198,5366,18894,4322,369,0,17490,3869,74,0,37240,20848,14555,47206,29696,16873,47224,29526,17171,2222,6568,9743,3276,30860,14482,4050,1522
98000,64422,6642,16348,9703,1239,164,99573,61013,7237,19409,11873,1408,152,84461,55192,5557,14420,8472,1010,143,77391,50160,4486,15457,6267,450,123,14309,5363,38,123,40335,23001,15162,50142,32149,17330,50851,32833,17462,1551,3280,5695,2118,28845,15608,5303,2374
99887,12472,4529,81390,1978,1417,177,102448,17779,5004,77138,3462,1867,484,79676,10734,3212,64388,1608,1088,144,80108,15371,2930,59037,2048,1161,19,57409,1747,91,19,37212,34271,2049,41678,37988,3171,44527,40069,4036,8271,20721,12438,3520,14646,6001,1303,1034
98868,25176,6231,64028,3561,1473,142,100442,26327,5752,62489,5501,1753,56,80455,22688,5113,49497,3120,1159,123,78891,23819,3584,46872,3948,772,4,45743,3343,248,4,34394,31372,2002,41191,37670,3015,45004,40788,3730,6515,14989,9969,5067,15769,7674,2137,1405
96216,62694,7523,16072,8718,1385,149,95236,60312,8006,18258,8657,1358,71,83795,55514,6032,13678,7502,1107,115,78519,53752,5047,14091,4659,368,28,12911,3877,35,28,47204,38073,6966,57480,48259,8434,55437,46197,8606,1764,4600,6817,2394,29893,17455,7418,3469
100566,68726,9072,11571,8558,2000,154,102804,69576,10385,12984,7833,1739,167,76582,54307,6095,8209,5987,1446,103,73191,54531,5209,8426,4228,671,6,7611,3735,27,6,52463,19418,30320,61105,28183,31727,61581,29326,31457,2687,10397,12877,4807,24128,10908,2305,1300
99280,60636,10828,20559,5596,2176,156,102336,62000,11945,21158,6391,1063,86,75535,48354,7253,14450,4042,1526,109,71506,48258,5251,14107,3370,378,5,13355,2698,81,5,46334,16566,27715,56229,24648,30679,58291,26045,31677,3662,12249,12276,5697,20473,8339,1719,1418
98097,59730,8631,23354,4969,2033,152,98744,56925,8191,26685,5860,1369,129,77233,48929,6034,17354,3678,1475,109,74678,47762,4284,18250,3495,614,11,17466,2961,37,11,46103,17525,26472,55360,25963,28437,57758,28207,28954,2995,11275,10917,4799,21270,8608,1888,971
98659,40190,18974,30738,5819,2323,153,96817,38651,17083,31402,7574,1776,204,77337,34297,12740,23353,4403,1717,107,63236,32840,5385,21654,2751,382,37,20419,2343,88,37,36047,19933,14441,42660,26150,15735,42687,25697,16483,6834,12152,12208,4774,20422,7752,1472,817
96692,33559,24077,31795,6513,2204,145,99290,33051,24820,33393,7180,2642,116,76712,29644,16421,24595,5144,1643,116,66020,29617,8378,23800,3444,625,99,22378,2897,66,99,30041,18765,9818,37961,25707,11548,38562,25850,12338,7069,11636,12542,4548,20034,7746,1509,887
98711,24764,19188,52187,2538,2241,181,100450,24028,20061,54191,2225,1444,383,74785,21761,12334,38289,1920,1673,120,70145,21705,8217,38644,880,467,54,37611,746,36,54,37518,25385,11153,46285,33523,12236,47916,34870,12668,6564,17809,13827,6567,14837,5626,1061,1015
96261,31200,15632,44591,4731,1842,144,100178,31466,19114,44142,5278,2009,185,74031,26304,10265,33472,3657,1392,97,68772,27493,7025,30616,2944,570,8,29567,2681,32,8,39915,26024,12358,48152,34355,13185,48039,34504,13113,5436,12012,12694,4629,20459,9131,2807,1095
96369,1632,2809,91961,634,1007,91,97744,1163,2947,93350,1664,643,0,73322,1470,1884,69882,445,798,68,70757,1154,1434,67584,387,388,0,66905,288,35,0,42287,40628,1149,48947,46725,1922,50085,47114,2706,5447,16458,10765,5669,15344,8899,2264,1157
96546,7480,8508,79561,1274,1426,103,93039,8284,8492,75210,1598,623,16,74051,6713,5562,60861,984,1068,67,66983,7732,3290,54562,1158,275,5,53745,1024,4,5,34999,32051,2327,40005,36650,2987,39951,36131,3473,6642,18561,12335,6062,11959,5845,657,640
101379,20510,7033,72499,1324,1433,112,110371,20263,8137,79542,1734,771,0,75877,17013,4666,52994,968,1052,71,78180,16401,3991,56475,859,295,12,55692,708,14,12,36272,25565,9990,45765,34065,11256,50186,37957,11913,6150,18538,14016,6980,13845,5565,753,630
99667,30726,11858,54436,2231,2101,209,102782,27954,14618,57388,2322,1567,499,75552,26062,7592,39578,1700,1601,139,72937,24055,6175,40301,1326,615,137,39026,1152,92,137,39372,23004,15254,46766,31329,14875,47363,33317,13690,6551,19323,14166,6387,11779,6149,1048,520
97247,50330,8265,35557,1690,2313,153,99632,49115,7859,39509,1952,1160,65,72034,39600,5227,24765,1148,1687,108,71705,39422,3849,27174,718,409,8,26279,500,51,8,37559,14503,22010,47739,21722,25430,49475,23511,25681,6730,20440,14629,4595,11011,4204,733,746
95688,64322,7046,20491,2027,2112,178,103071,65554,9899,23585,2554,2571,218,69484,48521,4470,13661,1338,1559,97,72684,50985,5016,14412,1102,515,105,13941,746,67,105,35820,9219,25471,49040,15961,32375,56739,20222,36113,4961,17507,16949,6046,11677,4659,661,626
104094,64024,4373,31215,2585,1962,161,106416,64671,5100,32745,2688,1072,54,79380,50675,2730,22633,1851,1433,102,79376,51501,2279,23750,1108,743,7,23064,719,86,7,42425,13799,27686,50040,17035,32462,53657,17733,35675,7048,23502,16038,6870,9871,5045,1435,1004
102658,82062,6925,10271,878,2526,115,106233,85149,7627,10105,1036,2242,135,78019,64242,4096,7166,612,1863,77,78892,67182,2876,7357,379,1374,4,6761,284,33,4,36997,6283,29871,46332,7838,38077,52372,8288,43900,11500,29157,13975,4508,6920,2630,1027,590
100674,65238,8996,22846,1503,2491,112,105179,66522,10224,24192,1518,3488,125,76767,51634,5761,16590,1048,1860,84,75052,52906,3408,15894,667,1910,4,15500,477,208,4,36537,11264,24124,45168,14668,29829,49867,16019,33562,9767,20661,14057,5056,8776,3415,1203,396
99009,74671,5004,15655,1640,1937,111,102550,76416,5964,15980,2063,2321,82,77348,60192,3114,11317,1172,1453,52,77746,61831,1916,11546,1128,1372,5,10807,981,147,5,38479,8792,28834,47607,11041,36091,52847,11310,41334,12381,24637,14384,6150,7251,3599,919,435
101077,80252,8723,7125,2599,2401,125,111437,86802,11593,9258,3317,1593,193,75849,61785,5498,4900,1819,1746,83,81366,67595,5212,5926,1860,590,0,5285,1689,42,0,36627,5473,30134,49794,9056,40108,61520,12130,49075,9883,23136,13834,6236,11347,3759,1181,404
100419,55183,32186,9669,1720,2996,119,104047,56848,32930,11121,2717,1617,375,75140,45492,20098,6828,1293,2200,81,67158,46955,10417,7297,1471,582,9,6651,1201,21,9,31724,7932,22742,39933,11429,27888,44049,12099,31682,14085,20705,12454,4033,8933,3559,1737,991
95582,59625,23977,6949,3494,2313,91,101242,60286,28069,7975,3516,1139,158,73206,48816,15532,4999,2549,1678,55,67694,50444,10051,4766,2035,340,8,4512,1708,29,8,35927,7950,26774,47260,13119,33460,54166,15726,38089,10671,15780,13591,5302,12094,4176,1268,1045
98414,51082,7193,5669,33014,1188,107,103087,50133,7919,6090,38063,747,49,69529,39246,4724,3857,20678,734,65,61772,39068,3550,3816,15031,212,5,3707,14525,30,5,38505,11850,25063,49815,20098,29028,51760,21036,30072,2195,6250,7910,3406,25604,14598,1836,1360
104939,69472,13014,5918,13997,2138,124,112169,73940,13067,6083,17215,2362,341,75696,52813,8306,3870,8913,1477,79,72346,56502,6141,3651,5093,543,0,3175,4035,60,0,38888,8599,28560,53189,16502,35866,57885,17924,39366,5089,11147,11825,5049,23914,10007,1451,1131
96711,80297,8189,3590,2049,2505,131,103976,85907,9956,4394,2492,1578,377,73282,62405,5167,2348,1373,1788,86,75554,67606,4235,2076,1027,463,29,1665,771,23,29,41677,6179,33916,55698,11444,43339,63925,14083,49385,5876,16000,14685,5319,17498,7155,1390,593
101656,73209,12428,9561,3963,2362,132,107296,79349,10974,10883,4385,1381,633,77752,57906,8442,6706,2769,1694,102,77408,62241,5285,6568,2496,375,80,5899,2033,34,80,41399,10963,28319,54796,18871,34935,60627,21038,39034,4417,14701,14794,6105,21780,6074,1069,722
103481,71907,15974,9784,3185,3054,163,108432,71620,19160,12296,3825,3937,340,77567,56568,10076,6652,2194,2203,117,74935,57646,6997,7707,1678,617,12,7199,1486,53,12,42143,10265,29973,53196,16833,35445,57465,18738,38271,6113,15081,16497,5469,18155,6155,1304,936
95838,70374,9870,11670,1528,2676,124,100852,74463,11263,12254,1865,1051,571,74286,56689,6334,8187,1110,2055,86,75283,59754,5492,8539,812,392,204,8090,572,25,204,35210,7491,26626,45353,11069,33681,51394,12616,38473,7911,23513,14001,4745,10071,3438,798,679
103818,71101,11942,16591,1797,2884,98,105264,71877,12844,17272,1933,1920,154,79477,57056,7437,11688,1312,2136,58,77127,58478,5287,11416,957,716,58,10393,853,38,58,36095,9527,25411,44467,12842,31005,49222,14085,34854,10466,22599,14459,5179,9526,3833,1472,771
95336,82543,3292,5928,799,2514,109,96200,83576,3704,5666,1024,2065,269,75240,65961,2049,4467,557,1965,60,75171,67414,1848,4031,535,1228,88,3720,240,104,88,34767,5663,28122,42393,7114,34742,46308,7713,38382,11729,24590,14636,5759,6152,2723,642,458
101937,88994,3339,4598,1573,3045,199,102446,90163,4105,3262,1751,2905,161,78802,70055,2102,2906,1089,2283,112,79194,71918,2068,1925,1123,2062,24,1596,881,94,24,38226,7081,29854,46774,10140,35936,50259,11297,38673,8239,23488,16497,6313,10629,4198,1163,533
102191,82111,9604,6070,1746,2704,146,105030,84795,10695,5541,1911,2477,282,81731,67945,5959,4408,1297,2067,103,80108,70366,3595,4036,848,1175,17,3674,749,18,17,40590,6974,32547,49872,9484,39869,55640,10311,45080,11197,24599,14928,4757,9607,4843,1400,1009
101042,90630,3905,1752,1044,3224,95,104562,94284,4485,2301,1170,1636,147,83643,75882,2781,1220,785,2486,64,85854,80002,2412,1552,733,1104,26,1332,568,108,26,43333,7056,35084,55110,10002,44503,62538,11090,51123,9368,22788,15036,5668,11285,4767,1843,1066
101767,89598,6769,1281,970,3131,77,108418,94914,8072,1547,1380,2850,117,82181,73923,4197,780,712,2369,62,85761,79290,3633,793,651,1261,53,600,353,56,53,43027,6116,35807,55361,9131,45598,65047,11276,53433,8904,23956,16126,6662,12991,4905,1571,839
97517,75481,14871,3475,1149,3353,91,99662,77079,16180,4686,1560,2528,274,73710,59230,9288,2260,817,2476,57,72410,61467,6930,2403,683,516,151,2083,469,57,151,31303,4981,25532,39422,6686,32348,45074,7441,37460,15106,23248,13645,4547,5714,2825,675,378
102864,57875,36916,4919,1741,4146,81,103598,57517,38573,5195,2025,3644,249,76262,46881,23553,3349,1211,2834,60,66886,46623,15402,3260,1090,499,28,2737,778,12,28,30398,7937,21537,36746,10670,25636,39828,10953,28655,17181,21079,12381,3743,7260,3540,1235,373
100675,25157,12373,2153,48275,4571,38103,106389,24656,13776,2837,54628,4519,41041,79260,22668,7854,1400,36706,3065,25036,79967,22071,7776,1054,24443,578,9245,776,20602,111,9245,32993,21949,7831,43692,30407,12206,41077,26630,13511,5180,21983,14415,9348,13072,4668,1275,1320
99954,39531,9902,1835,34270,3803,30345,99380,36960,10227,2036,37003,4187,31638,79451,35459,6517,1199,25094,2691,19880,72457,33063,5703,1029,13918,1230,6874,701,11521,207,6874,31874,19310,9670,44122,28324,14691,41746,25533,15237,5117,20327,16848,7356,14798,6249,1984,1112
99794,35883,10065,1834,41067,3275,24547,99585,33377,11363,1548,45687,2517,23938,79350,31662,6790,1279,31155,2304,16155,72438,29092,6479,771,20713,749,5031,549,18082,153,5031,32536,21116,8177,43759,29621,13102,39508,24925,13661,5741,20521,16646,6866,15052,5283,1722,761
92477,23542,9166,1635,44074,2793,32885,91122,20891,8665,2124,46118,2525,33768,72146,20627,6026,1122,33249,1842,22289,66081,18238,5324,760,20387,454,8832,445,18017,27,8832,29564,18562,8407,40202,25922,13420,35055,21264,13147,3884,20226,13271,6216,13081,4934,1658,926
92503,26883,8745,1523,42744,3037,30175,90777,26028,9326,1527,44188,3421,28224,71894,23306,5719,1000,31873,2008,19774,64999,22340,5385,767,19716,617,6708,549,17602,61,6708,30801,18417,9498,39589,24031,14718,35404,19988,14671,4517,18096,13473,7108,13433,4060,1201,981
100803,20890,5525,1782,68297,2199,16916,100137,21202,5224,1667,67634,1665,16569,83168,18831,3873,1182,55501,1491,11842,77235,17882,3668,934,43137,305,3350,712,39509,70,3350,43124,27751,12655,53999,37419,15775,48249,32585,14802,3225,12777,11620,7205,24011,10135,4135,2190
100545,10772,5221,2132,72085,1723,23362,98797,11406,5118,2330,71356,1609,21032,81302,9647,3666,1486,58896,1161,15913,72001,9877,3293,919,44887,210,5201,650,41229,14,5201,31461,21072,8348,39029,26523,11906,32292,21332,10388,7546,18872,11945,7605,16130,6122,2946,1710
101641,20461,7018,3571,63925,2262,16881,99917,20864,6198,3877,63102,1629,16238,89552,19661,5677,2869,55603,1763,12717,74728,19323,4746,2255,38475,434,3124,1616,35370,86,3124,29408,19580,7785,39089,26759,11605,34534,23549,10245,5427,17207,14312,8143,21023,9023,2316,2223
98897,13940,6985,4621,65868,1862,18952,97991,13848,9817,5553,63646,2084,18894,79612,11574,4811,3168,54409,1329,13265,67167,11147,5570,2747,37594,487,3896,2050,34989,53,3896,21619,13880,6349,31088,19796,10754,26948,16867,9570,9695,17093,13706,7878,15695,4797,1874,846
92936,28005,10401,2733,45277,2966,26855,94310,26832,10707,2879,46998,2597,26182,74633,24070,7175,1879,35296,2007,18589,72977,22334,6729,1097,25549,640,5146,902,21542,71,5146,31730,19210,10063,40763,26537,13305,36797,23193,12823,2319,15557,12501,6493,15684,7382,2239,1748
94476,9104,7392,2906,71866,2112,22166,89018,8434,6222,2411,66367,1583,19931,77136,7963,4993,2016,58887,1346,15542,69262,7525,4154,1195,44080,380,3674,991,40430,127,3674,30612,19224,9559,39222,25096,13513,35559,21775,13219,3924,17599,13916,9429,15945,6274,1183,767
97402,14787,9014,4479,62890,1937,19174,95222,14076,9268,6101,59476,1773,19858,74760,11823,6154,3009,48841,1332,12554,64281,10892,5935,3327,33709,425,4288,2906,31370,41,4288,15538,9371,5309,23407,12211,10811,20557,9842,10428,6564,19081,14043,7168,10572,3759,499,297
92421,13836,11862,5306,57144,2917,28392,98871,14365,14339,5797,60703,3615,30893,68507,11713,7389,3608,41091,1855,18042,67898,12140,7659,2631,28179,537,6189,2232,24893,109,6189,20208,10520,8210,32240,16714,14886,30812,14580,15742,3857,17022,13278,7751,14193,4627,743,554
98243,11861,10654,4180,69630,2926,24853,95454,10392,10560,4838,68091,3062,23139,76640,10268,6927,2857,53723,1851,16083,72100,8965,6507,2293,40182,508,3467,2058,35747,47,3467,31559,18408,11081,42123,25240,16112,37661,21415,15680,3230,16178,14930,8794,16742,6221,1349,448
92504,19713,14600,6093,36731,3145,40496,88265,19028,12781,8311,29002,3434,40311,68494,16352,9536,3910,26231,2084,26770,60622,15296,7767,4051,10321,410,11870,3605,8721,130,11870,15910,8521,5905,22145,11530,10060,20502,9566,10537,4367,20288,12162,5700,7812,2450,415,334
99266,87349,2977,5350,1445,1208,887,99030,87398,3234,4769,1812,571,855,76916,69388,1931,3057,1052,837,517,74808,69737,1391,2577,625,402,107,1893,466,15,107,49721,22850,23460,53926,25657,27214,52770,23705,28224,3976,22138,11788,7151,14121,5422,1032,656
98537,79944,5032,3980,7613,1395,1342,100466,81361,5184,3812,8470,1177,180,82031,67274,3945,2833,6501,1030,1302,78985,68756,3379,2206,4050,347,84,1811,2864,106,84,50667,25709,19458,51038,29175,20340,49526,26765,21665,1526,8372,8976,5684,15589,6867,1197,3529
99678,81708,6515,3640,6011,1265,149,107968,87326,7453,4521,6324,997,133,72050,60866,4003,2033,3905,856,96,74566,65969,3576,2109,2329,370,33,1686,1922,34,33,38252,15701,19339,56022,26879,27987,62961,29402,32374,2451,12229,11128,6053,22847,8178,1900,948
101764,72278,8983,15827,3028,2639,133,100932,71841,9065,15852,2762,1943,158,79044,59789,5691,9653,2239,1841,97,77782,60509,5667,8998,1573,788,47,7603,1215,127,47,46696,24776,18223,48653,27561,19935,46050,24283,20895,5514,20677,15138,8127,12987,4960,1158,650
95283,70329,6958,9335,6958,1215,120,95869,70888,7457,8916,7443,1058,64,78470,60273,5107,5898,5728,965,96,75069,61520,4361,4429,4323,351,8,3900,3290,25,8,49800,34013,12230,51198,37740,12423,52308,36974,14294,2395,8655,9074,4190,14831,7501,2286,3484
95385,73940,5055,10312,4390,1241,288,98756,76000,5268,10399,5643,1389,96,72219,58205,3246,6361,3195,851,179,71198,60410,2719,4732,2499,572,20,4018,2015,97,20,45308,24883,16897,52917,32163,19600,54682,32293,21385,2056,11504,11715,6935,17757,7627,2749,1943
97235,83789,3051,5239,3175,1609,160,98031,85861,2874,5210,2672,1283,96,74310,65890,1898,2951,2053,1115,95,73427,67553,1474,2311,1212,471,23,1931,983,70,23,52838,26225,22140,57650,31984,24248,55755,30290,24422,2562,16334,13445,9158,18103,5977,1402,711
95250,74344,4045,11670,3029,1815,354,93987,73851,4437,11509,3721,1494,121,73996,60543,2644,6982,2103,1264,235,72469,61540,2693,5701,2004,418,17,4152,1516,27,17,46097,24016,18170,49549,28166,20021,46858,25647,20223,4372,18525,14198,8418,13015,4127,1103,370
102968,75287,5810,15599,3916,1705,902,103270,77526,6273,13793,4082,1633,953,80599,62431,3620,10147,2649,1267,516,77395,64133,2732,7912,1893,504,125,7082,1569,53,125,48830,26259,18877,49605,28839,19753,46320,25125,20395,4901,19083,13364,6808,12264,4794,1093,1138
95676,74149,6771,6498,6470,1287,153,97444,74876,8620,6769,6557,896,108,73816,59946,4241,3872,4354,875,94,71149,60590,3468,3960,2801,241,0,3192,2310,12,0,54284,27475,22595,57085,32728,23228,54556,30744,22824,3156,12540,11808,6919,21946,7499,2660,1365
97989,66201,8394,14309,7649,1592,170,97219,65932,7909,14808,7568,1302,209,77125,55846,5526,9220,5329,1176,112,72026,55678,3707,8346,3716,329,6,7286,3344,65,6,48300,31325,13117,51290,35963,14180,48521,33590,13986,5963,12675,12149,5661,18816,7434,2204,1117
101758,79022,8594,7288,4743,1806,196,106154,80944,9542,9239,5337,1449,190,76217,61843,5213,4346,3117,1226,122,74371,63567,3490,4297,2471,350,14,3752,2248,27,14,44323,20670,19864,52390,26999,24126,53598,26682,25974,4703,17161,13056,7542,17544,5572,950,762
99030,57663,20245,12145,7372,2598,153,97672,57538,21542,10346,6691,2253,209,73742,47670,12285,7157,5098,1887,97,66627,48776,8243,5035,3921,477,54,4283,3659,77,54,38292,22155,13445,41668,25411,15333,38118,22239,15256,8372,22233,13905,6493,9676,2082,674,302
97948,85225,4051,3775,2944,1457,160,104686,88820,4704,5563,4446,556,5,70755,63087,2361,2084,1785,1014,101,72969,67007,2214,1689,1801,260,4,1476,1521,47,4,46356,18179,24471,56322,25149,29933,62045,26820,34200,1823,16485,10938,7084,19063,6107,812,1260
102811,88011,4283,4762,3591,1848,111,103213,88277,5122,4090,4507,917,120,77914,68806,2522,2607,2269,1295,69,76184,69308,2584,1784,1836,433,18,1462,1581,51,18,53422,22584,26909,58752,26654,30931,58226,24472,32681,3671,19030,14405,7625,16402,7085,1335,1020
94738,89157,1681,1483,525,1225,296,95269,89015,1933,1924,676,1101,251,72662,69070,1061,850,354,838,201,72331,69588,952,915,329,497,28,794,217,55,28,49105,17726,28041,52782,19091,32776,52404,17449,34032,4029,25523,13473,8827,9696,3097,550,454
95142,78410,11571,2186,1229,1684,44,94147,77231,12015,2628,1205,1302,103,72495,61838,7284,1196,807,1192,33,69655,61325,6088,1087,613,489,0,807,363,41,0,44912,17558,24121,48471,19996,27455,47126,18064,28245,5681,23961,13366,7735,10092,3136,500,583
101750,88691,3648,5025,2004,1794,185,100627,87366,3965,4631,2614,1409,276,79750,71265,2285,3010,1423,1292,91,76594,70460,2152,2571,609,641,25,1926,329,134,25,50552,19252,27651,53942,21448,31348,51789,19337,31523,5140,24323,14993,9152,11787,4556,1039,653
96580,78887,10756,2570,2400,1760,161,96613,77558,11709,2825,2877,1400,155,74500,63378,6467,1622,1576,1198,101,70226,62459,4884,1244,983,484,68,860,794,105,68,46847,19065,24652,48460,20219,27312,47481,18342,28274,6087,24440,12853,7591,9600,3326,697,693
104119,90610,5992,3613,1289,1980,674,103369,89416,6570,3618,1463,2264,883,79607,70952,3655,2195,879,1412,349,76531,70443,2713,1661,788,704,49,1200,604,26,49,47819,16164,28870,49885,16868,32030,47968,14540,32573,7257,26910,14762,9243,9400,3140,688,379
102365,94319,2674,1478,1431,1550,152,104977,97363,3176,1773,1613,929,111,77021,71982,1617,769,907,1064,86,79014,75142,1705,852,856,357,0,494,593,28,0,53752,18571,31136,60095,21886,36952,62398,21648,39639,2891,21466,14546,8363,14723,4720,1004,752
102653,93364,4125,1736,1087,1716,229,102397,92691,4722,1885,1227,1671,170,78754,72592,2581,1062,737,1264,148,78047,73139,2411,1007,495,793,21,649,308,94,21,51112,13951,34258,54212,14971,38364,53105,13813,38493,5439,26965,15140,8124,10624,3045,760,445
103997,88784,8031,2999,1274,2507,167,103638,88380,8618,3120,1632,1490,404,79872,70068,4904,1759,908,1733,106,77869,70443,4258,1539,691,751,112,1183,437,145,112,47721,16668,27881,51071,20158,29906,49633,18976,29821,6566,23914,15853,8274,11241,3753,822,435
101793,90451,7211,1495,922,1475,199,101107,88549,7843,1833,986,1337,291,77976,71072,4217,832,569,1040,110,75619,70246,3134,923,487,636,35,508,352,44,35,51885,15345,33523,54873,16739,37281,53427,15333,37209,5713,25180,15785,8817,10875,2688,736,468
101338,90151,7449,1235,769,1420,227,101604,89669,8126,1607,915,1148,211,74971,68473,4305,567,474,898,150,73069,68760,2627,678,428,499,9,488,258,134,9,52243,10007,39494,55447,12003,42563,55086,10734,43491,4636,23157,13375,8791,11711,3056,814,386
101440,67990,18643,7133,3658,4392,778,101953,67369,20067,7442,3804,3393,1208,74966,54018,11346,4115,2687,2706,454,69648,54367,7951,3577,1910,1490,251,2869,1492,1029,251,41276,15687,22914,42900,18128,23869,40405,15645,23988,8054,20789,12867,6984,10243,4052,786,526
97549,88766,3232,1656,790,2853,167,97023,87526,3531,2411,1032,2200,130,74896,69514,1878,795,531,1856,112,73417,69382,1514,853,462,1163,19,603,333,745,19,52551,17859,31247,56047,20173,34846,54903,18146,35887,4041,23577,13933,10082,11468,3361,899,348
95671,88673,3180,1459,895,1174,92,95470,87691,3416,1616,1099,873,52,74772,70302,1885,856,639,817,68,73273,70308,1063,770,524,530,7,576,340,136,7,50927,19957,27582,53812,21326,31515,53152,19593,32663,4207,24562,12250,8608,11031,3301,900,728
98243,88815,3936,2432,1382,1268,271,97137,87843,4364,2500,1152,844,290,76520,70569,2455,1267,958,876,162,74417,69995,2188,1162,627,464,9,782,548,135,9,51693,20402,27992,53662,21767,31024,51817,19726,31213,4563,25835,13550,10185,10482,3012,831,380
104402,92274,5311,3573,1329,1713,167,103767,91185,5950,3575,1765,1396,66,81185,73482,3204,2177,852,1209,137,79846,74098,2542,1946,509,651,11,1412,366,48,11,52674,19050,30077,55151,20504,33662,53089,18174,34054,4995,24724,16729,10414,12128,3134,678,455
104250,92176,8020,1525,839,1478,179,103082,89841,8579,1978,943,1440,216,80778,73428,4653,924,529,969,104,76977,72107,2848,1028,440,423,56,688,330,53,56,54826,15818,35983,56835,17020,38899,54143,14892,38442,5405,25481,16375,10808,11014,2558,634,248
103761,87444,9762,1661,2704,1289,807,103630,85514,10438,1829,3185,1358,761,80174,69909,6074,939,1743,854,488,75385,68862,3745,766,988,785,208,664,880,136,208,52950,13769,36366,55161,15696,38618,53286,13835,38674,6500,24344,14318,9335,12304,3122,1138,441
101061,90421,3681,610,1208,3674,303,107623,93143,5490,802,1819,3489,287,80898,73360,2429,367,805,2730,188,84781,78276,3140,407,642,2053,80,302,357,567,80,44524,10515,30438,56095,14187,40624,60800,12946,46457,6762,24463,20104,7189,11428,3959,1163,475
97991,85142,5384,807,2049,3491,482,108388,93711,5844,697,2234,2715,399,73502,65217,3338,417,1285,2338,291,80844,74202,3641,263,1125,1307,11,141,551,459,11,34670,7461,24296,49223,12129,35764,55650,11499,42915,4825,18671,20127,7198,12393,4068,1111,710
102426,87340,4964,1238,2741,4822,453,104194,88416,5228,1676,2982,3845,687,82036,71253,3508,746,2016,3383,317,83209,74348,3725,978,1346,2420,60,695,687,1050,60,44499,15991,23364,53808,21309,30774,52893,18683,32646,3977,17261,17215,7239,13974,5382,1645,1439
102429,84473,8461,868,1581,6481,347,106468,88014,9600,893,1793,5483,342,79420,67432,5347,461,1035,4507,196,81488,71562,4999,340,870,3533,37,154,605,1680,37,42364,8991,29670,51662,12421,38010,51845,11344,39282,6646,23321,18672,7732,11315,3308,666,926
104743,83481,13275,1622,2213,3436,504,109391,85945,14551,1771,2825,3010,378,81947,67516,8536,1111,1592,2476,307,82946,72115,6665,1040,1334,1491,96,690,840,360,96,43464,13419,25913,53486,19287,32849,54783,18445,34981,6788,21582,17343,6935,15745,4527,1424,478
97700,78045,14399,1051,1747,2585,375,100499,79959,15314,1197,1534,2190,497,68560,56522,8585,613,1109,1657,188,68382,59489,6465,524,634,1004,19,343,396,372,19,34922,8150,20180,43408,13241,28623,43361,12837,29010,4746,15766,14842,5844,13089,4504,841,735
100556,84506,10516,1272,1989,1880,660,105248,88460,11156,1257,1681,1813,685,74713,63288,7299,970,1489,1257,461,75663,67106,5844,567,782,879,156,364,350,238,156,34389,3031,22587,39730,5554,32672,41813,5847,34599,3091,10968,12306,6674,9921,3077,404,604
99285,78344,13638,819,1497,5345,298,104925,83003,15090,946,1983,4304,306,69176,55969,8370,371,943,3570,162,71886,60579,7374,448,906,2361,62,90,432,1789,62,36863,6389,24071,43661,9236,33155,47205,9753,36050,6019,17361,15096,7088,11270,3420,791,820
101212,83148,9016,1522,2209,5185,648,104510,85306,9988,1502,2545,4179,703,74039,62203,5653,921,1533,3477,384,75840,65481,5932,808,1021,2289,190,528,434,1391,190,38913,10726,21081,46217,15339,29176,47160,15009,30608,4376,18169,17485,6448,11956,4064,732,1215
103672,65995,33559,601,942,3227,336,107054,66445,35514,623,872,3655,130,72996,49298,20900,317,612,2217,184,67667,51110,14201,241,428,1586,18,190,147,522,18,33564,5705,23604,38949,7691,30298,38765,7004,30779,12041,20726,15306,5949,7025,2567,638,299
101959,76229,18125,1622,2300,3394,428,106237,79036,20015,1485,2218,2882,552,74194,57710,11426,852,1502,2373,259,73782,61806,9012,487,1078,1247,105,258,656,411,105,33798,6824,22880,41243,10207,29716,42333,9820,31405,9247,19229,15844,7017,9027,4116,889,807
98702,74300,17815,1017,1838,3201,573,106484,78620,21298,1268,1755,2525,760,71757,56220,11059,519,1187,2249,376,75368,61805,11079,455,947,899,104,340,696,115,104,36823,6938,25806,44856,10458,33246,50324,10497,38639,6433,18206,17843,6129,10667,3464,943,778
101414,59919,33945,1756,2057,4224,678,106585,64402,34875,2033,2865,4286,640,73345,47048,21027,1018,1405,2944,377,72335,51288,16914,767,1227,1481,82,499,661,293,82,26895,7940,15540,32889,11763,19958,34506,11072,22442,11140,20435,15961,5633,8496,2105,610,162
105059,82669,13900,1551,3459,3013,658,119906,91697,17452,3454,4805,2627,551,73708,59934,8254,834,2203,1958,373,83505,70196,8984,1322,2005,733,114,1031,1229,189,114,35530,8483,22216,51417,15860,34026,59994,16329,42237,3162,14874,17825,6894,17216,5798,1478,919
104661,83732,10706,2521,3986,2987,713,112631,91269,12010,2134,4323,3057,607,76236,62514,6924,1420,2596,2138,429,81082,69431,6890,1081,2254,1231,100,682,1376,389,100,33924,8675,20548,48577,15945,30969,55495,17413,36545,3802,16151,18363,7479,16391,5196,684,759
103518,81001,10399,3000,5521,2988,632,107285,85821,10990,1802,6005,2577,422,79432,64310,6784,1694,3833,2158,421,81714,70996,5639,696,2956,772,160,419,2162,177,160,43033,14358,22492,53195,23053,28274,51880,22191,28120,3336,16915,17392,6606,19018,6805,1135,834
106362,88592,8292,2284,3567,2781,507,110306,92897,9217,2229,3728,2041,435,83626,71573,5496,1251,2438,2029,331,85489,76029,5382,900,2030,782,101,584,1147,149,101,48392,22879,19790,63553,34228,27661,64149,31924,30501,3530,12458,16701,5990,23686,10460,3128,1576
106356,83186,9332,3484,6609,2838,698,106528,83280,10303,2991,6635,2343,751,86815,70099,6765,2165,4779,2064,482,84887,72021,7061,1378,2987,975,284,1017,2048,346,284,43857,23287,14582,55312,35113,18324,52101,32359,18030,3799,12622,15139,5567,21755,8940,2402,1871
100420,71249,13597,10546,3144,2425,123,100703,71499,14647,9437,3673,2524,289,77882,57975,8950,6941,2467,1719,74,75711,59187,7691,5730,1888,999,0,4826,1352,61,0,43600,20466,19091,47819,24643,21905,47570,23648,22716,4167,14908,14173,6200,12450,6161,738,1032
103998,75117,2733,21989,1995,1997,109,101849,74651,2915,20252,1971,2000,181,80964,61675,1706,14475,1384,1486,70,77487,61096,1373,12727,809,1235,51,11541,737,80,51,48060,18343,26866,49387,19847,28589,45509,18009,26562,5436,26398,16332,6113,11357,4370,691,606
99563,87497,2174,4517,2889,1874,100,99900,87977,2393,5714,2775,607,52,76849,68798,1410,2843,1980,1329,61,75990,69809,1280,3385,1198,267,28,2780,913,20,28,54102,17691,32305,58863,22327,35212,57443,21792,34074,2448,18638,13659,6317,16843,7920,1990,1134
96780,62970,3135,26114,2642,2010,140,95047,62802,3328,24438,3052,964,244,76339,53837,2052,16759,2000,1560,82,73184,53687,1995,15563,1413,321,24,14144,1130,57,24,44271,23216,17639,45888,26590,18273,42330,24282,16905,6853,20134,15804,5644,11379,5573,1823,624
104637,59998,10016,16208,17048,1997,142,103634,63388,9955,15883,13796,1160,105,87507,51443,7499,11389,15955,1515,104,76386,54550,5071,10123,6236,535,0,9033,5557,54,0,44717,24844,16119,43148,25188,16746,41898,24665,15924,2916,13819,10643,5012,9271,6886,1198,2878
101228,65282,6650,17355,10182,1799,185,105107,66887,7294,16494,12863,758,193,78911,53820,4471,11375,7708,1298,129,74420,54988,3770,10289,4826,406,0,9629,4397,58,0,46911,25293,17249,51904,31879,18539,48358,29649,17041,3498,12637,11389,5537,15641,11482,2467,5092
100161,72329,6275,12993,7138,1652,116,101775,74569,6638,12321,7825,979,86,80540,60389,4474,9170,5270,1212,90,78203,63020,3855,8310,2604,251,12,7498,2138,15,12,46871,24009,18315,49057,28504,19050,50289,29421,19450,2053,11326,10519,4633,19713,7940,1541,1629
101059,85191,4888,5900,2927,1931,113,100235,84875,4901,5768,3184,616,65,76436,66241,2987,3537,1976,1406,88,72880,66267,1964,3210,1020,279,82,2770,770,20,82,50728,16382,30045,55807,20839,33491,54613,20475,32760,2998,18589,14190,6235,17938,5893,1126,555
101077,91802,2522,2464,1296,2272,138,99836,91090,3026,2708,1323,766,41,78722,72593,1561,1407,820,1721,93,78083,73214,1975,1688,601,482,31,1437,441,153,31,47786,16490,27584,51187,19409,30474,50655,18924,30531,5132,22757,16907,8480,11730,4663,702,422
97826,70248,4154,13937,7739,1624,107,96516,68610,4486,14815,7667,654,71,75692,57296,2605,8996,5378,1144,75,69941,55318,2277,8829,3192,229,10,7842,3052,17,10,46180,20333,22423,49960,25114,23522,47778,24108,22203,2555,13728,14162,6924,17718,8967,1956,1567
99366,63604,6449,26076,1403,1992,88,98356,63409,6960,24678,1984,1893,359,76446,52307,4426,17171,1048,1486,65,73888,53419,3445,15079,936,548,35,13854,803,62,35,39407,20642,16262,40906,21692,18269,38672,19527,18175,7616,24029,14902,6450,8484,3305,663,362
95452,80070,4239,7730,1495,1867,268,93759,79176,4288,7143,1652,911,83,76828,65818,2942,5239,1201,1437,236,73216,64979,2571,4474,560,504,35,3852,373,24,35,44907,18589,22972,45207,18970,25364,43732,17483,25249,5846,22503,13943,7503,9198,4007,576,918
100861,68818,13258,13868,3424,2376,132,99946,67914,14350,13514,3680,1373,279,78742,57646,8553,8804,2293,1701,82,73225,56857,6990,7587,1311,447,37,6342,938,40,37,45276,23082,18783,47062,26225,19774,45060,24576,19404,7187,19865,17607,7125,10840,4599,918,706
99502,74212,13715,7870,1933,2024,71,97758,72700,13274,8792,1889,1611,90,77575,60812,9089,4742,1316,1494,41,73779,60091,8260,4282,708,425,39,3560,536,43,39,44300,20251,20830,47071,22719,23356,45169,20562,23555,6697,24474,15975,7572,8894,4422,628,299
101635,85298,8878,4174,979,2110,112,100940,84677,9528,4354,1043,1215,195,80259,68837,5809,3160,647,1576,66,78154,69151,5163,2963,441,344,4,2664,342,70,4,47127,16025,27398,50693,18583,30983,49929,17588,31212,6961,25204,17586,7426,10085,4077,767,360
102879,86937,5361,7111,1273,1867,103,102151,85145,6563,7068,1568,1794,230,80835,70807,3213,4290,795,1316,63,79065,70197,3088,3983,703,1058,7,3356,594,131,7,49381,18414,27330,54339,21748,31408,52732,20482,31100,5264,24140,17547,8127,11431,5123,872,513
100791,76186,16017,3761,2388,2488,117,99581,74182,17117,4097,2120,2464,82,76751,60957,10100,2149,1631,1716,76,71704,59223,8193,2144,1210,874,14,1824,978,50,14,45536,17291,24788,50015,20838,27982,48822,20193,27593,6827,21214,16154,6353,10509,4894,887,565
102124,63359,16042,15683,5589,2391,106,102313,61675,18878,14854,5666,3149,117,79210,53587,10398,9695,4036,1720,72,73763,52316,9434,7738,2776,1305,40,6804,2363,111,40,42279,20260,18747,44817,24175,19701,42751,22747,18926,8011,19738,16022,6174,11940,5003,1641,520
99669,49201,19522,27034,2686,2585,121,98096,50416,18476,24924,2983,3127,72,76285,42436,12634,17965,1894,1905,79,70237,43138,8943,15175,1401,1391,29,14084,1032,144,29,37537,20964,14245,38059,22001,15340,35618,20008,14794,10479,22915,16202,5764,8269,3120,679,293
99966,81426,11638,3268,1291,2134,64,99497,80918,12077,3267,1520,983,79,78917,66439,7489,2238,905,1556,44,76190,66370,6788,2058,633,290,22,1812,483,9,22,45944,19144,23538,49547,21887,26712,48303,20253,27132,6256,24802,17856,8244,8822,3571,572,417
101106,86075,8973,2396,1242,2045,128,100903,85029,10177,2728,1400,709,69,77751,68268,5483,1340,838,1430,76,77141,68408,5907,1793,611,302,4,1517,357,17,4,46718,15640,27653,51557,18188,32328,50472,17073,32380,5322,23703,17395,7455,10529,4409,653,347
100655,88909,5804,2901,1024,1694,142,98805,87066,6161,2200,1176,1588,169,78632,71098,3613,1689,642,1242,100,76490,70923,3261,1174,393,688,43,921,302,46,43,50882,17652,29592,52684,19070,32543,50884,17531,32129,5591,24923,15745,8148,10964,4079,709,475
98792,88100,2036,5388,973,1825,164,97586,87869,2286,4871,1060,1343,116,77208,69869,1352,3657,620,1319,93,75744,69500,1470,3339,538,795,74,2988,360,60,74,48420,11211,34924,50686,12270,37407,48373,11406,36006,5603,25399,15473,6719,11139,4220,670,442
104958,95555,3608,2566,925,1950,114,104238,94518,4136,2873,1139,819,120,80985,74808,2200,1627,643,1397,70,79551,74632,2127,1823,481,450,9,1455,309,40,9,50256,13069,33458,54776,15349,38256,53346,14550,37687,5684,25398,16181,7581,11569,4911,773,658
101265,79788,5901,12525,1005,2006,64,98835,78601,6225,12087,1063,764,73,78324,64365,3655,7841,748,1502,42,75317,63242,3335,7697,638,333,0,7340,466,50,0,43846,12543,28837,45608,13231,31602,43005,12001,30153,6941,28509,14974,8077,7475,3148,477,189
101596,77142,4704,14350,2846,2411,180,100590,76736,4588,14900,2762,1428,130,81712,63367,3326,10528,2391,1872,99,78633,62944,2813,10803,1141,699,20,9985,838,55,20,48680,18722,26659,46824,18377,27549,44777,17498,26324,7399,19768,16919,6354,9133,4738,1265,1418
104957,93403,2421,4310,1340,2685,80,104199,93909,2703,4899,1588,1418,111,82227,74336,1539,2680,912,2033,52,80820,75011,1566,2872,652,536,0,2354,510,116,0,50563,13308,34686,52278,14966,36423,50913,14147,35886,6165,22761,19222,8793,11076,4963,898,781
101652,91810,2013,4402,772,2211,141,100125,90870,2305,4027,776,1942,146,79987,72827,1412,3205,474,1668,101,78867,73196,955,2841,364,1408,12,2671,222,47,12,50959,9986,38857,51549,10827,39990,49608,10176,38724,9080,24633,17718,9806,8123,2899,788,373
96330,83757,2268,6643,1115,2113,121,94865,82363,2492,5381,1056,2556,91,75034,66260,1549,4346,823,1636,84,73033,65687,1290,3434,582,1892,33,3057,442,123,33,43658,10613,30926,44915,10958,33209,43133,9988,32445,7072,23850,16659,8204,7499,2909,614,269
100403,92407,1894,2924,997,1827,118,98900,91102,1876,2342,689,2628,137,78665,72531,1326,2380,734,1332,75,76986,71778,994,1819,374,1914,9,1611,275,123,9,48370,9426,36564,51151,10470,39812,49525,9760,38906,7021,24180,15178,12367,8166,3419,494,296
98924,88457,3804,3175,1227,1833,136,98329,88759,4018,3161,1265,995,130,77963,70419,2650,2147,924,1379,95,77011,71605,2280,1956,534,549,14,1607,361,39,14,45833,12928,29968,47895,14282,32683,46217,13436,31767,6804,22818,13892,7556,10179,4251,730,653
104216,97450,2373,1301,868,1730,84,103204,96655,2562,1600,803,986,35,81259,76573,1696,724,544,1239,44,79772,76170,1378,1004,500,678,20,777,409,54,20,50361,10844,36862,54093,12217,40959,53005,11498,40485,6095,27884,15284,8328,10545,3371,786,378
98601,87324,4708,3499,882,1973,172,97405,86280,5115,3706,995,1348,179,77447,69725,3008,2342,622,1499,95,75093,69165,2323,2255,438,781,8,1764,268,58,8,47077,13320,30397,50151,14982,34059,48001,13850,33065,5510,26271,15400,6775,10357,4030,715,475
95673,85794,2802,3902,858,1734,132,95239,86190,2674,4055,793,1596,36,75884,68251,2015,3246,619,1245,84,75206,69161,1412,3337,414,848,13,3053,329,206,13,45354,10965,31501,48943,12327,35588,48164,11701,35369,6235,24481,14413,8518,9640,4206,457,360
102520,92098,2494,4094,853,2191,105,101256,91441,2505,4170,1367,1527,53,80555,73048,1649,3025,562,1614,78,78764,72869,1227,3158,467,860,22,2901,264,109,22,53062,13996,36092,57243,16060,40170,56261,15716,39286,5500,22487,17200,8434,12524,5650,849,645
102164,42630,6566,48903,2452,2170,204,100716,42515,6843,47268,2482,2906,166,76817,34461,4094,35319,1650,1595,106,74007,34418,3321,33499,1114,1295,4,32293,982,109,4,48584,31164,15173,49003,31817,16313,44512,27749,15646,7992,19294,14999,6602,10625,7060,886,683
103475,62628,4514,31055,3325,2297,283,102227,63526,4100,29405,3262,2294,221,79850,51380,2866,21517,2366,1654,201,78365,52967,2411,20277,1603,1534,0,19054,1000,173,0,47516,22590,21559,51038,28073,21781,48299,27291,19684,3857,17000,18512,7960,13816,7881,1154,525
99013,87440,2925,4069,1594,2315,150,98730,87717,3271,3272,1829,1721,49,77019,68964,1916,2741,1048,1726,94,76397,69947,1956,2591,843,934,16,2210,494,62,16,50064,15565,30955,55112,19033,34768,55470,19324,34737,3330,18493,16891,8086,14500,6495,828,1023
101846,74795,6418,15578,2342,2374,167,101529,75302,6948,14932,2205,2566,146,80345,61300,4260,10911,1677,1800,118,79116,62914,3863,9866,1117,1459,62,8949,730,117,62,48092,22225,22418,49212,24783,23235,46974,23642,22072,5145,19654,15787,6465,12574,6456,1007,1130
96330,78728,2372,11167,1122,2474,95,95451,80221,2539,8958,1070,2307,130,76173,64065,1543,7428,798,1883,68,75053,66059,1325,5228,647,1692,0,4521,406,137,0,46456,17686,25675,48459,19681,27619,46684,18895,26718,5141,22235,17672,8240,10517,3878,703,564
103801,94969,1720,3543,843,2128,126,102712,94558,2040,3759,878,1057,93,82483,76228,1192,2392,575,1607,94,81675,76729,1261,2593,471,591,56,2189,337,75,56,50598,13634,34105,54201,14875,38258,52588,13915,37687,6709,29127,14550,7567,10262,3611,910,469
97856,50406,13631,31528,1102,2078,85,96117,47918,12938,33312,1462,1437,96,75981,42480,8687,22822,775,1539,58,71790,40175,6275,23965,757,549,14,23119,529,102,14,42386,22232,17802,44426,23899,19675,41084,21062,19150,7382,22745,16605,6393,8094,4901,665,409
98995,83094,7101,4881,1432,2039,84,100274,82408,8806,5722,1489,929,98,76863,66289,4499,3100,1037,1460,64,77405,67737,4960,3518,721,341,11,2898,539,33,11,45835,14699,27936,51121,17261,32806,50868,16367,33438,3968,24167,16935,7005,10510,4221,718,529
103821,89944,7645,2077,2546,1345,51,104540,89222,8512,2491,2424,927,76,78133,69217,4862,1346,1570,877,22,75895,67624,4925,1590,1516,294,5,1192,1065,4,5,50312,18159,29011,58515,22998,34591,58056,21341,35351,2284,15930,14047,7044,19167,8815,1337,820
104737,35551,42900,24604,1541,2902,84,104921,34926,45270,23691,1981,3879,140,79450,30986,28534,18278,1145,2038,71,69243,30520,20658,16496,978,457,0,15557,781,21,0,35696,23374,10329,36526,24364,11465,32285,19505,12076,15474,21868,15887,4561,7476,2361,460,310
103023,60204,22975,12321,6434,2282,113,103533,61035,22176,13649,7108,1842,180,76983,47929,15253,8137,4589,1601,76,73692,47862,13350,7982,4133,174,7,7445,3713,19,7,44267,22796,18543,50906,28351,21630,49169,25644,22420,4779,17061,15065,7036,15309,6259,535,546
96229,44125,26962,15282,9109,2416,118,98146,43034,30574,14185,10066,3009,219,73432,36574,18083,11050,6871,1771,71,67544,36610,15318,9649,5745,182,27,9063,5301,11,27,39426,23722,12956,44256,28102,15278,41062,24122,15725,7722,17342,13415,5258,13601,5882,720,581
98760,54831,8973,8749,25343,1094,118,99376,53492,8241,10082,27309,779,9,71074,41235,5848,6089,17164,694,87,65602,39484,4856,6481,14375,155,16,6050,14061,60,16,44122,24294,16802,52910,32405,19666,49731,28118,19659,1844,7487,8971,3904,24180,13707,2499,1476
104379,41857,6966,52634,2698,1319,65,102899,41191,6704,51456,2945,1058,87,81318,34353,4527,40057,1946,999,42,78503,33465,3820,39005,1818,338,16,38668,1363,27,16,52905,36800,13743,57386,40879,15801,53158,36678,15507,3456,15954,17117,6246,16485,9168,1485,1039
98215,22478,19853,54930,1278,1933,184,96087,24424,17884,52562,1727,2172,389,74673,20103,13178,40284,959,1379,129,67863,21453,8459,36771,541,565,56,35391,451,36,56,43635,34188,7796,44925,36202,8156,40646,32181,7884,6040,16956,16514,4530,11903,6017,1025,639
102633,14998,39956,47481,746,2934,133,99394,13924,37616,48187,1276,2671,258,77943,13688,28077,35715,529,2131,105,67829,12876,20622,33228,788,184,49,32849,664,13,49,39907,32494,6093,40048,32980,6581,34998,27053,7391,10634,22627,17198,6024,8083,3249,550,302
101083,10400,12358,77547,1055,1350,108,98678,9901,14515,73457,1278,1520,140,77795,9362,8028,59672,727,1004,83,70093,8910,6118,54000,638,513,50,53158,587,60,50,48157,42652,4219,45986,41000,4515,39366,33821,4970,7355,20632,19056,5316,9117,4610,647,349
102374,43561,19013,36319,3050,2027,87,100276,40316,21846,34450,3262,1260,62,79155,36722,12476,27063,2248,1447,61,73895,34377,11969,25441,1513,429,6,25083,1398,86,6,44419,29305,12997,46053,30910,14479,41731,26250,14702,6032,20563,17474,7042,11682,5199,647,424
98246,78883,8244,4376,5678,932,73,96495,74795,10532,4596,5694,913,175,78535,64607,5642,3118,4265,687,54,72560,59436,5782,3309,3514,406,40,3108,3423,11,40,49362,21711,24841,54924,26261,27853,50943,21981,26275,3804,16407,13521,7227,17848,8735,1583,1026
97886,15552,18625,63091,818,1723,110,95375,15770,18186,60736,1264,2190,397,74461,13465,12786,47516,595,1217,84,68047,13041,9664,44188,605,566,12,43200,556,28,12,43855,37670,4768,42110,35825,5738,35867,28274,6952,8388,18556,18342,5487,7847,4359,584,308
97817,38628,7646,50397,1070,1274,93,98197,38660,8339,49217,1634,1074,15,76078,30165,4933,40022,717,926,77,72950,29808,4316,37608,540,482,8,37058,474,175,8,54693,40030,12325,55444,40143,14503,49537,33838,14916,5218,14639,15812,6653,15078,9595,1218,984
96382,901,2223,93364,411,932,108,89949,1748,3557,84578,940,1089,86,76240,781,1477,73957,275,690,76,69621,1335,1595,65805,373,638,8,64723,333,62,8,48496,46648,840,44801,42805,1556,35187,32100,2547,7770,16112,19596,5129,10938,5002,828,442
100225,1468,7790,91324,565,1449,88,96660,2880,9353,84094,585,1396,113,79373,1308,5595,72476,429,1087,69,73421,2415,5271,64868,308,563,16,63907,248,39,16,45541,43547,940,42650,40502,1688,34324,31124,2619,8369,18827,19891,6322,11088,6386,389,590
96754,1498,15186,80285,478,1661,103,95121,1382,18761,74818,496,1948,80,74327,1346,9941,63031,342,1228,73,66550,1263,7013,57783,177,474,33,57072,173,65,33,44655,42706,1046,40345,38088,1809,31646,28096,3018,10891,20913,16695,5229,6313,3244,368,296
96778,1619,18663,76660,776,1861,133,92118,2505,20164,68867,878,1637,92,70197,1351,11792,56975,544,1249,98,61888,2269,7085,51786,512,414,0,50706,365,137,0,35495,34065,696,29916,28047,1457,22514,19626,2488,11396,20671,13493,3681,5685,2753,240,217
98605,17720,5000,68082,8399,1288,172,99438,20365,5462,64394,9378,1508,101,80496,15832,3924,53588,7348,1002,127,73557,16961,3303,48240,4264,648,21,46654,3622,108,21,42725,39983,1137,43099,40713,1773,37291,33911,2533,5445,10984,12347,3990,14133,11916,2925,4701
100506,42625,7953,27425,21731,1154,174,103779,40090,9803,30597,23048,1585,50,89867,39764,6813,23047,19324,965,133,77550,35767,6693,24251,10328,551,0,23340,9678,53,0,39812,32779,4771,43647,36977,5972,40610,33951,5747,3719,5162,8045,2948,25094,17276,8240,4731
100897,20710,13540,59182,8012,1481,144,104529,22431,17372,57304,8211,1122,139,79950,18789,10031,44432,6738,1041,104,77429,20044,9256,44216,4271,127,52,43760,3897,74,52,37746,34144,2117,37711,33263,3814,32945,26944,5225,10374,14841,12160,3891,14439,7363,2356,1473
99755,1758,25763,73274,537,1832,132,100316,3583,28701,67946,717,1815,107,74111,1546,17553,55386,364,1333,98,64848,2300,10439,51708,351,271,0,51213,308,53,0,38711,37201,827,33136,30877,1857,24366,20853,3095,15364,22496,14899,4577,4603,3007,376,102
98846,33724,10618,50189,4575,1375,114,96121,34416,10303,47526,4807,1265,66,76394,26726,7362,39196,3105,1028,82,70787,26536,5660,35581,2626,239,38,34497,2250,20,38,50658,45144,3284,50062,45576,3707,44138,39357,3999,6044,15448,12138,4103,14744,11168,3048,2098
96783,24401,21696,47060,3880,2007,120,96483,25110,24977,43444,3434,1717,65,76892,20904,15046,37779,3073,1489,98,69127,20834,12367,33520,2002,297,0,33071,1881,42,0,45656,38035,5659,47547,40098,6785,42424,34438,7355,7856,18573,13819,5768,12857,6685,2101,827
98397,22826,40491,4651,30795,3852,156,97130,23994,40027,4998,28332,2994,343,80519,20472,31359,3571,25086,3082,113,65156,20948,23762,3078,16556,414,79,2481,15900,130,79,31220,23390,5766,34009,25387,7839,29435,18985,9557,15897,17128,10370,3128,15446,7296,1636,1170
101713,3782,87998,8729,1762,5977,183,94293,3260,79038,11539,1932,4725,237,72691,3314,61686,6582,1327,4342,137,47784,2677,37373,6527,950,122,46,6463,862,82,46,20521,18394,1336,20422,17504,2596,16188,11253,4581,18057,21539,7915,2951,4573,1279,345,69
98030,3725,86851,2922,5071,6185,123,93280,5738,78713,4236,5549,5049,0,70923,3279,61977,2018,3962,4518,80,53255,4914,43055,1706,2909,127,4,1570,2852,62,4,19613,17314,1374,19855,16769,2695,15988,10788,4768,19855,20342,7988,2890,5310,1645,388,369
95506,10419,77179,6303,2079,5663,97,92383,10709,73977,5687,2655,4053,123,70458,9628,54535,4802,1596,4173,67,54122,9626,38962,3984,1441,56,4,3922,1426,17,4,29210,23587,4370,30097,23616,6016,25393,16663,8242,15350,22280,9937,3455,6327,2536,384,279
103938,15874,78193,8182,2244,5825,128,99726,17074,73028,7378,2784,4954,18,77355,14097,55675,5901,1756,4230,101,58038,15547,36294,4413,1673,133,0,4340,1567,10,0,28858,22991,4398,30385,23938,5906,26390,18165,7687,14410,21178,11523,4815,8203,2970,589,265
102400,27530,69572,4071,1430,5683,125,103124,23686,74682,3463,1472,4485,297,77454,24318,49054,2989,1083,4065,87,62044,20930,38296,1908,678,247,0,1665,631,32,0,35542,22765,11045,38151,23820,13755,34586,18083,15817,14005,23630,12539,5449,9219,3271,441,413
97871,60122,27259,6341,3493,2327,93,95297,53156,31759,6664,3051,1911,9,75859,49074,18742,4810,2562,1721,71,64181,41119,16164,4849,1678,365,12,4479,1378,10,12,37309,20251,14976,40654,22626,17460,37282,17966,17888,9089,20971,14010,5920,10957,4051,626,409
100038,77104,12632,5592,3633,1183,73,97449,70018,14294,7199,4472,1279,30,80120,63551,8745,4153,2686,913,58,70576,54424,7927,4978,2870,377,0,4266,2396,0,0,43110,19528,21083,47219,22522,23954,43960,18470,23310,6160,20325,16291,6751,13401,6089,1352,849
97915,60481,27823,5719,3114,2327,77,95080,58278,28205,5238,3507,1435,90,74733,48908,18723,4233,2111,1668,62,66297,45874,14875,3461,1835,219,5,3203,1582,11,5,45047,27566,14102,49871,33108,15785,46974,30567,15514,6441,13650,12428,5285,16565,9244,1796,998
97360,32592,56365,5415,3475,3256,79,93766,29677,57166,4812,3113,2722,140,75121,28441,39942,4053,2746,2438,59,56016,23312,27943,2758,1740,222,5,2495,1711,0,5,29282,18986,8885,31665,19723,11444,28666,15444,12736,14778,19843,12031,5366,7825,2184,563,84
95258,30678,54320,7374,3845,4035,171,91515,30139,52310,5768,4305,2842,301,74317,26727,39317,5618,3076,2980,126,57865,22954,28418,3448,2677,156,5,3302,2547,44,5,30653,21713,7553,34352,23488,10366,30620,18679,11334,11696,18005,12866,5250,9397,4646,977,469
102972,34313,58038,4939,6285,4410,213,101240,34164,55835,6526,6108,3974,167,81953,30306,43140,3552,5000,3361,173,66317,27559,31079,2878,4365,359,32,2228,3855,91,32,35664,28089,5474,40268,31981,7559,35846,26463,8470,11458,19705,12273,5223,17041,6438,1140,412
100064,66402,21887,2665,9100,1821,154,99073,62715,21778,4362,10334,1491,149,80770,55959,15748,1849,6959,1316,107,67234,46780,12470,2101,5406,339,44,1627,5088,51,44,38089,19674,16384,43600,21558,21399,40949,18430,21694,7411,20629,14771,5771,16096,6982,1308,617
100863,25535,66412,6650,3478,4694,229,95966,26498,58589,8332,3845,3656,126,79474,22983,49457,4740,2809,3499,190,61777,22837,31452,4183,2796,317,0,3866,2202,42,0,34621,30173,2516,37038,31880,4416,31597,25235,5475,13135,15967,9604,3558,16046,6630,1574,694
97773,67144,7126,6092,16251,958,138,99138,60963,9889,8658,19015,695,51,91712,64150,6296,5359,14709,794,110,82748,57362,6966,6454,11261,317,4,5354,10355,59,4,40794,29892,7987,47802,36670,10266,44095,32890,10321,1040,3008,4750,1488,35414,19070,10054,3197
98624,50306,33420,9340,6338,2485,225,97240,51359,29012,10134,8145,2012,168,83324,45297,26190,6828,5136,1996,168,75141,45067,18562,5995,4986,268,5,5124,3867,13,5,42917,36357,3686,48370,41831,5498,42859,35991,5653,6021,9192,7512,3667,29664,11858,4082,1683
96701,71367,6326,9541,8422,847,106,95062,69801,6892,7462,9734,1050,191,84729,64215,5314,7469,6802,673,84,78445,61399,5085,5634,5750,233,46,5135,4604,0,46,46981,35931,7457,50778,41208,8644,47656,37406,9374,1488,3143,5221,1913,31202,17234,7895,2508
100268,72801,9401,7302,9839,1306,164,99199,70073,10898,7690,9824,1412,96,91045,67116,8188,6274,8495,1073,124,82962,62640,8094,5859,5641,438,5,5089,4628,78,5,51106,41833,5736,56455,48842,6567,53133,45780,6364,1903,3730,6650,2136,35548,17291,6155,1939
99658,72069,13267,4008,9355,1567,143,101526,72997,13252,4644,9753,1332,111,80194,59083,10393,3061,6811,1207,111,77238,59003,8850,3093,5813,441,13,2541,4861,85,13,50173,40724,5751,57141,48981,6980,54145,46256,6843,2341,4605,6362,2218,33234,17582,6122,2066
96911,49067,14041,18974,13933,1977,175,97066,48734,13925,20190,13549,1842,446,86449,45994,11569,15718,12142,1657,150,76887,44486,9023,13793,8447,810,187,12838,7533,83,187,45049,38531,4047,47671,41902,4926,43571,37890,4562,6765,9999,11232,4328,23398,12797,2942,2043
97176,41339,19928,11537,23741,2032,167,98284,44000,19695,12130,22575,1802,497,76369,34660,14731,8280,18058,1517,117,61862,35743,9123,6522,9871,329,38,5747,9001,52,38,35656,28412,5347,39476,31005,7841,35084,25706,8303,9116,13014,9726,3611,20825,10381,1948,1326
101404,39676,37537,6181,17876,3258,194,100320,42862,33025,5885,18367,2643,192,80349,32958,27819,4646,14501,2508,142,65207,33785,16429,3490,11025,319,81,3030,10415,62,81,36924,28323,6307,41382,31813,8719,36889,26820,8871,10260,14587,8883,4441,20646,9980,1987,1345
99378,65747,21453,2831,8804,2111,163,102717,65932,22258,3637,10227,2172,111,78981,54278,15527,1974,6511,1631,125,73740,51349,14187,2070,5641,344,36,1642,5189,63,36,46454,27961,15504,52073,32094,19023,48816,29049,18643,5271,15316,12863,4419,21622,10581,2230,1114
104448,78242,12591,6905,5802,1348,99,103316,74701,14866,6820,5993,1436,23,81327,62866,8575,4700,4358,941,74,73282,56815,8240,4262,3547,455,0,4051,3140,53,0,47044,22009,21841,53888,26687,26239,51682,23898,26153,5375,16365,13541,5402,18698,8792,3368,1178
101764,72726,8633,4913,14404,1182,140,100541,70581,9734,4357,14656,876,117,79655,58768,5819,3528,10620,828,118,71690,54526,5875,2621,8259,163,20,2171,7879,15,20,50918,25581,21475,57867,31907,24870,55173,29087,24045,2682,11222,11188,4361,23467,12702,4339,2221
100906,66470,9659,7089,16341,1182,148,100766,65293,10528,6475,17351,576,142,78825,54101,6512,5103,12011,852,95,70473,51164,5595,4319,9051,255,8,3744,8160,14,8,49262,27543,17498,55005,34150,19682,51290,30694,18601,2629,8120,10250,5588,23770,13686,2617,2446
102361,75380,7977,5558,12101,1236,111,102567,74206,9004,5916,12268,709,254,81449,61761,5421,4210,8967,905,73,77029,60260,4826,4186,7282,276,5,3829,6717,31,5,52205,28091,19734,59140,35475,22345,56683,32600,21671,2569,10148,12452,5777,25625,11671,3088,1759
104178,75008,13055,4568,10131,1554,82,103250,73057,15066,3938,9484,1099,88,80834,60616,8802,3162,7138,1116,57,76000,59928,7404,2654,5658,250,27,2322,5150,12,27,52100,27438,20325,58324,33971,23003,56920,31569,22847,2879,14381,12452,4837,22133,10290,3090,1257
100387,73305,9448,5147,10976,1336,126,99855,70939,10833,5689,10692,1147,182,76040,57607,6295,3545,7424,926,84,70968,55600,4989,3854,6159,329,10,3348,5756,70,10,50020,25470,19617,56131,32377,22308,54008,29887,21456,3650,8817,9567,4214,23029,12332,3048,1610
104765,54932,12098,10892,25869,1419,146,105406,53583,11614,12063,27442,1401,131,78999,44612,7989,7606,17874,973,101,67269,42295,6482,7684,10344,292,17,7180,9944,32,17,44647,26569,14574,50935,33236,16646,46995,29253,16056,2821,8663,10493,4482,24128,15595,2099,1676
101399,55864,26182,3875,14333,2297,119,101866,53889,26073,4712,16212,1505,330,78011,45923,17488,2593,11029,1642,78,68709,44219,11371,2694,10052,173,121,2262,9583,4,121,43735,22686,17917,49990,27480,21500,47521,23866,22029,7137,14680,13152,6064,18439,7635,1385,796
96739,50235,16608,6060,23326,1749,169,94132,46807,17832,7611,21954,1343,125,75289,41718,11508,4119,17317,1331,132,58945,35999,7699,3321,11557,254,25,2912,10996,25,25,37789,22607,12648,41878,25772,15369,38082,21335,15795,4525,14203,13061,6071,18549,7593,635,668
101838,55748,21098,6311,17895,2051,192,101308,55360,20665,7161,17921,2161,17,80353,46928,14485,4314,13805,1465,136,72415,45287,11223,4216,11386,149,15,3808,10802,5,15,42108,22627,16789,47489,26143,20438,44472,21694,21082,7159,17610,14748,5828,17544,6122,1210,717
98388,51193,34631,3668,8331,2580,126,97525,49901,34774,4550,8228,1717,32,76653,43258,23789,2556,6401,1915,93,64445,40401,16183,2543,4978,176,4,2358,4813,22,4,35802,18786,14842,41052,21840,18524,38859,18524,19221,9692,19795,12148,6218,13216,5605,878,543
95708,58426,15022,3558,18153,1550,88,93773,53159,17599,4637,18335,2168,23,76643,49385,10425,2628,13635,1132,62,61317,41314,7972,2569,9043,354,5,2267,8677,8,5,38062,20751,14808,43020,24416,17878,39746,21131,17876,5374,14968,12041,5484,19081,8437,1468,949
96116,53437,21957,3962,16249,2224,85,93791,50224,23953,5349,14443,1570,204,76493,45260,15082,2851,12763,1549,73,59551,37970,10408,2715,8137,159,4,2507,7650,10,4,35805,21111,12399,40454,23993,15805,37610,20382,16427,8833,14784,12189,5819,16538,7388,1905,537
96045,65035,8672,2128,19592,1002,82,93867,63234,8941,2649,19170,860,188,76641,53000,6016,1520,15516,701,59,65693,47913,4195,1355,11696,217,4,1180,11327,42,4,42128,23490,16226,47972,26595,20693,44825,22640,21058,5440,14069,10764,4590,21593,9609,2432,1200
97675,50550,9535,7250,30110,1187,190,95356,48373,9520,9380,28299,1168,101,77050,41518,6755,5153,23206,834,137,66283,37380,5723,4702,18071,299,4,4280,17525,79,4,42129,29308,10767,48911,33120,15170,44052,26441,15898,5624,11367,10517,4230,22003,9385,3049,1674
95926,40914,18200,27943,8539,2599,201,93809,41737,19297,24425,8509,1898,190,76928,35014,13212,21491,6673,1947,168,64480,34104,9632,15607,4350,345,22,14481,3856,83,22,42428,36006,4054,44997,39045,5197,40338,33550,5799,6192,10293,10752,4126,19356,12205,2561,2679
96035,73142,5152,3739,12688,755,116,94528,71658,6194,3638,11697,880,101,73973,56775,3566,2905,9730,514,95,66778,54444,3716,2356,5858,149,25,2045,5125,26,25,51979,38414,9552,55364,43602,10775,51499,40518,10143,1085,3094,4380,1609,21476,17048,7249,4162
97300,68935,6297,1786,19310,768,86,95488,65390,6461,2533,19588,324,221,75513,55364,4141,1225,14026,549,68,68340,52217,3651,1722,10428,175,22,1407,10139,14,22,49281,30254,15615,56337,36551,18975,52282,33256,18082,2469,7187,8556,3573,23343,15430,6042,2348
98777,72271,11907,1912,11804,1197,78,95031,67275,11514,3094,12736,860,47,77316,58576,7982,1284,8741,799,64,65851,51385,5406,1602,7102,213,12,1363,6719,12,12,46533,25392,17638,52657,31011,20695,49426,28476,20009,4983,11585,9908,5093,23055,12415,1908,903
104258,71338,9117,2831,19929,1069,87,102337,69399,9434,3701,18711,1160,127,82452,59131,6295,1955,14149,796,58,70989,55231,4319,2105,8686,316,9,1879,8167,69,9,51568,25999,21358,58587,33358,24053,54758,30555,22855,3098,10889,11739,5359,25512,13095,3083,1378
101296,51801,27061,3696,18136,2201,102,100760,52494,24311,5254,18324,1940,292,79528,44556,18260,2612,13442,1549,88,61543,40004,10258,2881,7832,285,54,2654,7524,188,54,35738,21915,11532,39685,24982,14032,35696,21516,13525,8006,13501,12001,4819,21126,9881,1246,1162
100737,69411,7268,1922,20945,973,118,100812,68993,6635,2790,21132,674,135,76155,55233,4816,1313,13951,673,77,68443,54645,3369,1356,8872,211,28,1007,8126,33,28,48427,26441,18421,54491,32416,21078,51290,29747,20033,2368,7078,8330,3601,24832,16290,3179,2213
104066,69737,20000,9876,2979,2293,123,106367,69288,23134,10066,3239,1956,130,77481,54799,12838,6537,2009,1610,83,77202,55075,12896,6696,1921,619,4,6191,1507,9,4,46213,20135,22731,53402,25468,26906,54083,24521,28383,3964,19885,16461,6725,13550,6394,733,741
99830,48571,36014,9901,4858,3219,120,102202,48201,37125,10952,5098,3743,90,72676,38408,23743,6585,3253,2175,69,66194,37979,18169,6867,2299,803,0,6449,1922,183,0,36704,19936,14093,41345,24544,15907,39708,22719,16134,9508,16240,12989,5761,12575,5939,693,595
97790,31838,51368,10686,3762,3758,137,97573,32310,52145,9378,3592,2978,570,72900,27190,34852,7715,2734,2572,99,60435,27268,24797,6057,1889,388,5,5776,1586,145,5,30590,19650,8784,33339,22268,10321,30862,19313,11079,14459,17096,12795,3608,10209,4486,472,510
98772,79632,9799,2608,5028,1515,80,98387,76367,10492,3545,6012,1527,42,75656,63112,6294,1612,3339,997,56,73342,61792,5983,2032,3095,343,19,1810,2661,74,19,50084,23923,22439,58481,31890,25202,55749,30576,24431,2740,10813,12466,5277,21702,11057,1903,1602
103049,78005,13422,5504,4624,1870,74,105384,79725,14912,4477,4809,1149,155,75779,59432,8615,3495,3035,1290,52,75996,61174,9003,2854,2544,319,30,2621,2228,37,30,47404,19590,24541,57183,27343,28714,58744,27572,30199,3063,12445,13544,6275,19961,8806,1387,1056
100411,56852,30892,5128,6633,2703,134,101188,56729,32102,5884,6171,1339,111,75552,46679,20247,3021,4757,1804,96,68173,45939,14760,2789,4125,262,0,2430,3547,51,0,36992,18316,16591,45585,24042,20701,44716,22394,21786,8134,16047,13323,5878,17071,5847,886,547
100952,77582,14026,2458,5072,1941,99,100737,76450,15236,2562,5110,1126,58,77829,62264,9041,1525,3614,1352,66,73668,61754,7393,1371,2807,275,8,1116,2350,42,8,47841,22081,22538,55118,28527,25412,53756,26942,25502,2978,15005,15870,7287,18432,7196,1172,662
104777,80411,14816,2524,4827,2057,103,106230,80057,16378,3674,6157,1206,30,79632,63586,9568,1463,3369,1426,68,76718,63272,7974,1688,3464,216,25,1379,3057,29,25,47025,21024,22944,55616,27568,26830,55715,26853,27533,4599,17268,15435,6425,17720,8430,1235,800
104500,80666,17863,1683,1818,2414,84,105624,81315,18629,2389,2054,1997,109,81416,65807,11468,939,1254,1737,60,77327,66633,8138,1004,935,399,20,841,750,35,20,46884,17698,26130,53140,22059,30018,53611,21575,30898,5453,23835,17285,6569,13581,4905,776,429
99323,76812,13024,3035,4561,2085,215,100514,75289,15096,3049,5457,1212,24,77342,62311,8401,1861,3175,1438,121,72931,61476,6927,1383,2760,314,17,1155,2303,65,17,45510,19145,22831,52065,24808,26207,51247,24161,25846,4342,15601,15253,5704,17956,7304,1170,660
100092,39702,37191,6264,16686,3463,161,97913,34020,40315,6680,16876,3135,402,77161,34112,25211,4321,12992,2469,121,59482,28136,16818,3364,10412,479,0,3182,10034,239,0,33595,19905,11634,38738,23547,14504,35034,18893,15168,9857,18636,11115,5670,13910,6001,939,566
104471,43520,45533,8225,6756,4368,197,104326,42499,46026,8109,7632,3960,576,78841,36827,30741,5510,5010,3042,128,67207,37574,19741,4988,4247,337,8,4016,3884,49,8,34647,19883,12556,39136,23562,14779,36796,20698,15576,11877,17374,15351,5873,11841,5242,801,492
97103,73014,11110,5349,6426,1258,270,98206,72170,12717,5479,7006,1462,409,76659,58344,8265,4391,4763,867,206,73648,57302,7647,3486,4387,433,80,3125,3825,180,80,46877,31055,12415,51041,36249,13996,48929,33988,13564,1710,4774,7342,2426,22208,13045,6965,2234
104631,70242,17739,3436,11981,1760,201,105163,68907,18970,4158,12134,1787,194,80901,57039,11850,2237,8720,1250,137,73939,55241,8670,2662,6940,400,44,2171,6280,46,44,50558,26853,19360,56556,33798,21547,54158,31907,20521,4165,12140,11620,5150,24229,11874,2464,1769
100674,55902,31795,5734,6108,3026,189,99704,53068,32772,6480,6537,2843,94,75089,44975,21134,3514,4327,2148,126,64534,42987,14318,3558,3285,338,35,3362,2632,37,35,39652,21242,15142,44503,26373,17103,41237,23367,16858,7827,15992,13146,4609,14548,6612,700,807
96500,12160,60622,20701,3113,4897,202,95035,13394,60003,21616,2790,3925,149,70630,11046,41488,15246,2421,3439,135,54001,12252,26384,13753,1199,324,27,13016,1069,31,27,25188,19643,4255,24908,19340,5061,20668,14594,5648,15828,19808,11635,3750,5781,2351,320,254
99447,41854,29648,17678,9599,3031,231,98622,41483,30652,15963,11127,2200,159,75168,35461,19537,11990,7124,2172,173,68411,35843,14814,10211,6875,323,0,9457,6511,80,0,40919,22583,15449,43810,26596,16357,39894,23018,15781,6691,16695,14061,4584,14595,6929,741,917
96360,15838,15079,65510,554,1852,120,94571,15519,17532,61656,754,1216,148,70660,13205,10241,46775,361,1292,69,65803,13318,9760,42080,277,433,46,41404,215,55,46,37797,33189,3639,34236,29212,4665,28907,23144,5377,10262,24504,13999,4821,5097,2535,342,230
97108,26843,42481,27114,1147,2892,133,96183,27535,43604,24503,1615,2657,194,72190,23599,28886,18456,841,2080,89,65844,24269,24444,16109,663,301,44,15327,523,106,44,32071,22344,7972,31724,22063,9160,28017,17774,9758,10902,26079,12358,4690,6709,2175,262,100
103312,56603,15773,27670,2421,2470,107,103694,58986,15134,27259,1873,1407,7,80435,47124,10367,20042,1707,1788,64,79902,47637,10949,20002,802,541,0,19115,683,27,0,42965,23983,16621,47837,27487,19593,45251,24704,19876,5398,26343,15607,6110,12271,4531,550,614
101274,68758,16335,10437,4383,1986,82,100426,68159,16884,10906,4168,1552,49,80588,57726,11051,7281,3309,1430,56,78988,58051,10679,6994,2582,528,6,6201,2348,90,6,47194,22777,21679,52506,27111,24607,49783,24539,24474,3511,21719,15294,6460,16900,6498,1532,914
100646,83064,10259,2867,1896,2163,69,105505,86840,11430,2794,2765,1425,40,76778,65358,6453,1753,1227,1542,51,78970,68207,7040,1896,1336,431,0,1628,1081,29,0,42776,14642,25714,53539,18997,33735,57449,18925,37785,3051,21056,16449,7087,13973,5979,1092,453
95203,70396,12780,7737,2140,2265,108,96983,72522,13837,7361,2264,703,77,74244,57460,8385,4985,1553,1672,78,74579,59481,8931,4531,1251,317,9,4061,941,11,9,40350,19080,18178,44771,22697,21171,43409,20967,21648,4860,23003,14335,5278,11199,4820,921,1021
94777,69920,8100,13176,1336,2062,120,95186,70846,8219,13352,1189,1356,49,74056,57312,5129,8849,947,1519,86,72787,58484,4485,8524,493,626,4,7274,422,49,4,39056,19056,17190,41893,21591,19511,40013,19691,19618,5470,24535,14166,5698,11079,4135,837,575
95652,82634,6009,3042,1220,1919,100,94566,79921,6809,4141,1220,817,8,75121,66067,3792,2231,865,1408,65,73562,65239,4233,3114,546,460,10,2764,291,66,10,44469,15338,26151,49138,17885,30323,49054,16632,31569,4934,24803,12932,6461,11205,4765,1256,758
95847,42403,14368,28699,9285,2158,172,97831,43578,14913,30438,8838,2636,183,68426,34174,8623,19046,5527,1425,118,63731,35073,5657,19426,2894,684,31,17630,2746,49,31,29833,16330,11938,32372,18912,12805,28954,16183,12317,10636,19697,12817,5453,7844,2355,246,226
96126,66342,9447,13907,4462,2481,150,96720,66830,9926,13369,5238,1923,116,74881,55057,5955,9006,3032,1823,101,72889,56771,4459,7895,2843,711,34,6672,2477,42,34,32987,14487,15694,36835,19234,16540,34593,18086,15801,6536,20158,14875,6106,11186,4115,485,660
96011,76165,5318,7637,4936,1753,129,98263,77924,4942,7255,6163,1220,146,72920,59923,3221,4758,3500,1243,90,71538,60544,2587,4707,2998,602,91,3587,2639,61,91,44418,14772,26948,50673,20610,29031,49274,20360,28123,3629,14868,12370,7496,16387,7158,1695,1109
97426,85239,3790,3767,2623,1685,100,99564,85490,5608,3835,3460,753,47,70976,63509,2278,2219,1607,1147,65,70742,64025,2589,1991,1541,340,31,1628,1236,23,31,41327,9790,29287,49120,14433,33707,50158,15331,34042,4099,16243,12664,7397,15627,5503,1511,655
104020,64867,22655,12329,1876,2966,125,104225,67095,22699,12834,1359,2346,12,76904,52264,13795,7600,1318,2065,79,69979,54105,7629,6601,894,625,18,5779,695,191,18,32597,11567,19206,35979,14228,21119,33536,12355,20717,11311,25706,13882,4728,8522,2912,677,239
103027,80172,16939,2908,1460,2123,122,102907,77653,18920,3184,1964,1571,143,73577,59536,10408,1533,937,1505,60,68914,58032,7702,1590,1026,379,47,931,677,145,47,33642,9173,22661,38342,11880,25853,36158,10727,24935,12049,21605,10705,4798,8817,3833,704,550
97945,71921,6102,12239,5472,2029,165,97450,71469,6142,12826,5867,970,47,77107,58904,4107,8177,4073,1482,117,72819,58366,3211,7978,2600,432,9,6577,2144,75,9,42694,20211,19485,44529,24178,19605,42234,22373,19225,4106,15083,13212,5474,15642,7536,1930,2146
99237,51871,16996,26948,2173,2340,173,99847,52533,18901,24774,2826,1567,159,75039,43835,10633,17634,1668,1620,112,70108,45011,8312,14929,1175,521,67,14012,824,81,67,34854,20706,11895,34778,22163,12077,32464,19719,12263,7665,19564,11975,5238,8761,4260,952,1001
99101,86159,4380,4140,1359,2384,148,99108,85453,4759,5336,1173,1349,120,76205,68007,2658,2328,917,1692,99,74645,67127,2814,3098,696,763,69,2617,343,65,69,43610,13824,27008,45968,16205,28948,46199,15559,29986,6861,25544,13799,6402,11024,4161,885,588
96867,82443,5154,4480,2651,1786,136,101770,86208,5746,5172,3467,844,46,71453,62343,3115,2688,1778,1239,86,73661,66415,2520,2665,1454,535,20,2280,1296,63,20,42199,12296,26852,51990,18992,31892,52921,19781,32116,2770,14470,12022,5408,20452,6670,1725,1192
96151,82637,4824,3277,3226,1688,133,106230,88301,6668,6179,3627,1127,233,69723,61242,2954,1919,2053,1141,69,76505,67172,3272,3821,1760,307,17,2924,1413,28,17,40833,12328,25254,52063,20219,30652,59454,24064,34266,3266,13509,10993,5915,20337,7034,2029,1121
100770,76263,4586,4532,13741,1091,127,102393,77065,5694,4522,13793,525,78,75192,58701,3068,3061,9171,789,76,71994,59596,2735,2714,6787,106,24,2246,6076,9,24,49801,20819,25534,59329,30487,27747,57287,29575,26607,1314,5626,7495,3481,28050,13738,5060,3077
103938,78530,5340,8623,9579,1498,109,107877,83137,4893,7513,10364,459,80,74063,57668,3179,5497,6341,1016,69,73215,61158,2647,4891,4189,249,48,4082,3452,5,48,46050,18070,24610,57244,27911,28192,55382,27372,26962,1315,8348,9006,5092,27404,11726,2908,1593
103583,40722,13853,43315,4842,1783,133,104513,41477,13905,45120,5946,1350,229,77882,33532,8944,31113,3524,1265,93,69972,34274,4641,27826,2165,392,17,26118,1818,10,17,44530,29573,12226,48046,34382,12861,43158,30373,12073,4811,13087,13318,5730,19106,8314,1940,1417
97618,63680,7988,20890,3714,1569,128,97656,62580,7295,22693,3639,1041,75,79006,54614,5280,15125,2744,1175,81,72367,52491,2549,14893,1943,385,16,13609,1397,31,16,49270,30708,14768,52905,37219,14619,47649,33856,12910,3026,9159,12583,4661,24390,10255,3361,1367
96570,53510,11580,27434,2923,1933,179,93845,53991,10610,25740,3494,1439,103,75222,45185,7180,19558,2252,1451,127,68479,44899,3679,17518,1902,295,71,16461,1483,23,71,46893,25271,18514,50017,30925,18207,45799,28445,16543,4652,14014,11046,5892,19390,8105,1894,948
103520,36129,25572,39118,2054,2316,122,103133,35870,24967,40297,2347,2869,84,76182,31111,16048,26783,1528,1669,86,59575,30020,7047,20733,1207,740,17,19392,1086,21,17,29997,17660,10536,30363,19394,10378,25696,15985,9263,10083,21490,12474,5426,10383,2899,598,358
98269,33357,10309,51540,2244,1922,156,100685,39217,11189,46818,2758,2311,44,75987,28174,6481,38898,1759,1428,100,71865,32326,4559,32888,1379,737,5,31255,1047,86,5,40169,33932,4251,40529,34913,5017,36529,30860,5130,8555,17184,12204,4182,11940,5748,2346,1247
97252,59401,14569,17876,3586,2552,143,94352,58600,14266,17304,3199,2052,94,78766,51786,9420,12749,3180,1978,90,71277,51535,5326,12050,1537,780,24,10674,1236,66,24,29203,17734,9077,33073,22651,9707,31045,21624,8885,12895,18613,8855,3213,14070,5300,2476,1160
103975,25976,17040,59140,1294,2110,187,106402,24022,18586,62539,2096,2164,69,74469,22201,10416,40286,963,1464,127,67845,20661,5132,40880,874,831,0,38876,531,95,0,33084,23965,7741,33339,25227,7613,27970,20749,6827,10493,22917,14359,5365,7305,3352,255,99
95066,60835,13263,14247,4702,2388,142,95060,53559,16338,20729,3896,2507,486,69045,47830,8068,8519,2962,1770,101,60012,43083,5139,9895,1246,313,28,8596,1084,14,28,28996,10495,16522,31482,13274,17514,28786,12005,16292,10545,21531,12447,5391,8664,2432,372,355
99541,71992,6660,12657,6142,2042,156,100121,67050,8926,15528,7287,2243,161,73601,55957,4058,7788,4109,1540,108,68766,52636,3832,8498,2854,677,5,7749,2592,25,5,40374,15627,21831,45341,21073,23372,43555,20455,22382,5802,17898,12369,5327,15356,6591,1308,648
102362,64510,9429,9047,17533,1924,221,101546,63627,8971,11195,17046,1148,225,77111,53555,5900,5745,10381,1469,170,66385,52473,2951,5318,4925,421,84,4265,4576,111,84,33983,11865,19702,35825,14739,20342,33182,13395,19229,10266,21166,12560,5377,11406,3372,599,428
102984,76202,6043,13021,5573,1900,208,108684,78081,6683,17072,5591,1107,465,75305,57992,3751,8076,3848,1307,141,76516,59912,3694,9237,2793,741,17,8271,2632,107,17,44540,15240,26080,51860,22159,28463,48154,21495,25858,4432,14853,13261,5447,19674,8227,1624,596
102564,91667,2620,3560,1921,2197,116,106240,92452,3788,5881,2767,1211,133,78745,71401,1650,2342,1241,1605,63,81212,73652,2207,3753,1289,374,0,3336,924,24,0,44968,10101,32066,52119,14122,36826,50127,14061,35192,5355,25017,14695,5808,14235,5501,833,557
100652,92045,2624,1770,1393,2248,99,102665,93910,2545,2477,2607,679,54,77486,71994,1538,909,921,1668,68,78101,74280,1199,1205,1067,409,4,821,768,18,4,42645,8763,31380,48889,11633,36131,49254,12004,36395,6492,25329,14049,6767,9575,4146,634,497
102133,83180,4437,4452,7528,1998,140,104729,84725,5249,4960,8233,1623,470,75885,63648,2702,2524,5129,1458,79,75879,65246,2877,3022,3852,552,45,2644,3399,25,45,42624,11854,27941,49318,17207,31113,48715,17002,30891,4724,19102,13702,5720,15777,7050,1470,1164
99017,82837,3494,8608,1564,2235,125,99098,83452,3937,8852,1704,1666,96,77219,66516,2138,5391,1124,1705,72,76104,66815,2251,5371,807,771,12,4640,631,27,12,44931,12810,29274,48725,15137,32559,46754,14090,31817,6037,25910,15950,6596,9587,3767,511,299
97976,89992,3463,1139,952,1824,128,98405,90516,4063,1605,999,757,42,75611,70380,2116,624,655,1346,101,75265,71413,1973,809,547,367,8,202,374,18,8,39382,9545,27512,44469,11743,31816,44692,11838,32105,5907,27297,13340,6164,9562,3418,515,419
101818,91579,6973,822,651,1607,88,103046,92530,7014,1157,484,973,245,73548,66896,4398,463,424,1152,39,73570,69108,2953,561,267,508,94,248,146,60,94,34856,7503,25256,38683,8985,28915,38539,8722,29160,14938,23320,10758,5494,7703,2672,512,271
103223,81348,10869,6734,2151,2042,129,104979,81625,11542,7376,3477,1299,43,76955,63263,6670,3846,1511,1491,76,73834,64030,4212,3715,1253,587,0,3531,1094,27,0,41454,13431,24982,47542,17681,28719,46346,17566,27930,6207,21426,13484,6359,13153,4707,905,1233
100187,65924,8600,7516,16195,1618,2830,101291,69427,8767,7415,14546,1111,55,83133,56076,6168,4937,14313,1216,2796,75056,59652,4349,4440,6031,414,21,3874,5417,80,21,29527,15550,11261,32467,19319,12270,28734,17025,11123,3185,11514,7455,3209,11508,7015,1188,3060
98061,78866,14427,1730,1057,2121,113,98255,78956,14928,2503,1184,1210,24,74007,62039,8744,1006,705,1548,65,69925,63132,5008,765,372,484,4,366,190,63,4,37495,9242,26147,40474,10824,28846,38617,9897,28091,8196,29034,12618,6284,6971,3091,428,192
97735,86647,6573,1065,632,2252,119,97530,85131,7419,1400,639,1251,86,75007,67920,3936,552,409,1645,81,73051,68491,2679,740,306,748,8,470,179,45,8,40754,9838,28565,45320,11147,33348,45406,10261,34391,7043,28161,14697,5646,7956,2791,431,493
97175,81984,10431,1267,1365,1808,71,97147,83229,10458,1385,964,816,73,73685,63911,6480,699,997,1313,50,70453,64856,4057,713,316,457,11,375,241,28,11,38283,8862,26962,42131,11012,30214,41130,10480,29900,9174,23643,13441,5167,8899,3952,544,236
96098,84673,4395,3183,1248,2321,124,96135,84139,5175,3441,1457,1144,149,74692,66911,2697,2243,862,1690,74,74132,67569,2923,2195,521,808,92,1678,318,100,92,39532,8033,29037,42592,9793,31816,41197,9252,31245,6986,26837,12921,5784,9086,4265,369,484
103336,88374,4462,6845,1070,2405,82,103093,88946,4838,5262,1363,3238,211,81460,71305,2829,4429,771,1853,62,79580,71641,2435,2760,564,2096,62,2297,353,130,62,41753,10516,28657,44952,12270,31690,42853,11499,30570,6918,27679,14260,6915,8478,4301,459,450
96579,89250,3852,1106,614,1564,101,96826,89747,4079,1498,589,1173,41,70750,66056,2441,565,379,1161,64,69644,66139,2021,551,377,456,38,225,176,16,38,39384,8523,28700,42058,9466,31743,41296,9003,31562,6643,28119,11573,6259,6731,2489,438,290
100072,80603,5433,10403,859,2469,92,100802,81491,5697,9412,859,3006,70,78597,65471,3222,7153,601,1890,62,78404,67065,2626,6553,468,1819,4,5462,385,138,4,41679,15208,23939,39317,15459,23102,40541,15065,24723,7593,28573,15265,6760,7559,3617,424,296
101120,83102,3412,10408,1887,2010,156,101289,84114,3547,8215,2431,2697,210,81741,68784,2447,7290,1424,1533,97,81363,71011,2219,5294,947,1742,4,4429,717,42,4,40250,16594,20840,42579,18814,22983,40290,17249,22320,5877,19821,13598,6101,9587,5088,715,1039
101838,89245,3772,5176,1194,2048,82,101775,89541,4027,5356,1237,1459,66,79216,71006,2187,3266,841,1519,51,77683,71867,1522,3041,460,779,10,2095,240,32,10,41362,12327,26968,44342,13697,29723,42790,12776,29281,7825,27444,15956,6901,7857,3471,682,628
100488,89883,2552,4800,1162,1711,98,102693,91047,3270,5542,1268,1638,147,78353,70736,1638,3570,774,1289,62,79514,72326,1557,4033,592,856,0,3409,536,53,0,42353,10899,28688,45007,13342,30719,48356,14368,33137,5852,26750,14591,6562,12385,4121,452,269
103378,92958,3834,2908,1364,1985,124,106677,95457,4749,3624,1683,741,46,79744,73047,2255,1780,933,1447,71,80810,75372,2109,2082,729,506,22,1506,508,41,22,45231,10768,31449,51360,14185,36001,51596,14866,35736,5981,25398,15164,6558,12468,5104,710,679
103126,97008,1794,1271,751,1963,79,103223,97002,1918,1742,500,1375,60,79629,75566,1103,722,509,1439,48,79059,76092,795,851,304,821,14,610,164,43,14,44212,8974,32895,48268,9838,37586,47521,9416,37357,7783,30713,13114,6526,8555,3361,344,289
102711,89058,8171,2045,1136,2356,101,102638,88317,8427,2159,1935,2721,154,78667,69977,4828,1265,773,1756,57,75681,70441,2400,1018,661,930,25,670,348,58,25,38729,10755,25788,41972,11651,29513,40911,10787,29384,9374,29895,14075,6467,7118,3183,448,434
101435,93267,2349,1941,1320,2308,100,101939,93680,3258,1834,1308,993,60,79256,73768,1451,1158,892,1734,65,77612,73963,1340,1005,667,614,10,685,472,23,10,44522,12245,29783,49693,15024,33689,49875,15275,33758,6059,25882,15109,7067,10560,5281,758,518
99912,92327,3259,1262,703,1873,123,100991,93283,3427,1810,840,1147,58,77583,72444,2086,728,503,1438,58,77304,73776,1388,1016,352,604,4,642,202,41,4,42753,9677,30843,47009,11008,35065,45937,10420,34649,7384,28062,14851,6531,8201,3368,389,705
104135,96343,1945,1949,1013,2316,164,104844,97657,2180,2448,1122,970,18,82026,76277,1263,1436,735,1773,126,82391,77838,1276,2024,548,681,13,1595,307,35,13,43547,9592,31701,47638,11179,35514,47197,10865,35554,7846,29989,14825,7908,8295,3024,629,380
96228,90765,1210,977,726,2004,154,97007,91786,1416,777,767,1278,13,74343,70643,729,512,485,1544,100,75376,72891,690,350,484,948,0,159,379,53,0,45185,9183,33903,48157,10033,37432,49459,9679,39052,6824,26891,12924,6312,9679,3972,359,444
104646,81585,5245,6129,9425,1919,166,105603,82170,5372,6048,11078,1089,157,89256,70597,4201,4549,8068,1466,119,85306,72072,3390,4118,4993,581,5,3465,3865,29,5,42930,28016,12299,45093,31770,12549,40963,28766,11632,2910,10479,9047,3997,14775,11296,1862,3468
98229,91818,1754,1198,644,2157,111,98337,92868,1921,1601,678,1537,14,75711,71562,994,611,409,1612,64,75837,73037,922,818,343,673,4,453,201,19,4,42860,10790,29970,46136,11706,33594,46763,11220,34704,8289,29277,13625,6301,7727,2813,584,270
94867,86024,5222,1251,722,1373,80,94993,85899,5533,1629,560,1038,62,73517,67789,3132,854,479,1006,61,71820,67797,2021,1016,282,653,9,690,212,99,9,44259,12609,28892,47468,14123,32427,46510,13083,32507,6065,27479,11490,7571,9197,3387,429,281
100292,90926,3534,3017,773,1681,118,100275,89726,3804,3240,1075,1806,17,76139,69622,2174,2237,504,1279,91,75139,70313,1392,1767,462,1139,0,1332,326,27,0,39880,8566,29457,42091,9400,31951,40329,8527,31158,9857,25098,12165,9128,7111,2796,371,286
96909,87505,2063,2806,2306,1735,82,98261,88131,2397,3477,1812,1491,172,73588,67529,1244,1656,1530,1257,44,74182,69549,1118,1650,881,873,21,1152,641,90,21,45443,12807,30214,49967,15946,33143,48979,15014,33176,4351,21656,13066,8312,12055,5378,1428,430
103432,85524,3213,9188,2593,2204,121,103344,86572,3377,9202,2840,1711,97,82330,69009,2229,6753,2060,1687,79,80518,69849,2029,6274,1524,783,52,5082,1212,132,52,38868,15559,21085,42135,17733,23529,39494,16002,22712,6413,22005,14604,6424,10150,4950,700,1192
97683,78858,7527,2985,5941,2084,154,99142,79612,8014,3342,6903,1112,105,75082,62597,4541,1887,4230,1539,93,70144,63502,2756,1493,1591,676,21,1162,1454,82,21,40717,12359,25655,45197,15970,28187,44091,15357,27867,5433,21649,12149,5961,13189,7689,1242,675
99901,88622,3628,3321,1777,2141,126,101938,90764,4164,4178,1672,698,171,76083,68794,2171,2011,1164,1576,56,75976,70453,1907,2354,732,383,4,1477,589,10,4,48278,14141,31419,54756,18000,35751,56666,18277,37468,4633,19918,14122,7010,14440,5711,1023,856
101676,74751,7345,15249,1787,2729,252,103334,77176,7836,15540,2028,2286,118,79785,62024,4504,9907,1269,2052,168,79665,64846,3250,9548,1030,727,71,8091,678,8,71,41353,18612,20048,44874,22604,21317,43048,21558,20674,7625,25599,15892,7192,10476,4334,684,675
103545,94369,1908,3276,1729,1789,124,104829,95036,2660,3087,1867,1389,61,80892,74850,1185,2035,1141,1302,82,81418,76204,1498,1665,969,1091,12,1357,750,99,12,49072,14818,31482,53008,18153,34013,51946,17391,33858,4194,22616,14019,8266,14278,6327,1077,738
101813,72715,4780,19336,1949,2318,740,100404,72931,4556,17447,1704,2748,625,79744,60291,2994,12692,1472,1801,424,75790,60651,1508,10734,908,1875,52,9526,604,37,52,36895,17233,17418,37804,20073,17037,34820,17908,16404,7776,23861,15468,7247,10800,3533,683,548
100249,79052,6169,9041,2168,3761,376,101472,81008,6926,8875,2310,2733,344,76249,61585,3894,6410,1349,2665,241,76565,63758,4319,5982,971,1355,144,4999,678,287,144,38638,12727,22851,46272,17080,27944,46474,16762,28749,4239,20629,15124,5625,13536,7795,965,592
101996,89727,3683,2806,825,4801,266,101237,89247,4291,2951,789,3697,201,78408,70416,2245,1764,527,3154,155,76472,70385,1723,1611,332,2244,38,1313,175,1186,38,47661,9090,35709,51926,11001,39878,50169,10326,38915,4824,25585,16398,7178,10181,3716,839,444
97307,73872,8899,7079,4796,2743,463,98150,75814,8795,6744,4835,2316,454,77580,60178,6372,5080,3730,1967,294,75810,62545,5493,4444,1951,822,132,3980,1354,132,132,32225,11566,17719,38254,16078,21062,37785,15457,21441,2141,10293,11582,4840,13266,6264,1117,2688
96947,67763,14033,9335,3209,3229,816,96094,67217,14926,8593,3703,3091,650,72595,53008,8999,6104,2227,2202,514,67882,52332,7398,4940,1472,1441,179,4055,905,171,179,32842,10501,19844,38427,13867,23547,36939,12800,23323,4895,19007,14403,5831,8836,4464,543,442
100891,39017,24383,30303,5362,3418,385,101275,38246,26649,28896,6914,4109,426,73698,31842,14746,22101,3314,2435,247,65641,30969,10059,20314,3086,1174,151,18658,2982,207,151,33496,20705,10739,37969,24490,12802,34334,20790,13018,10570,19458,14814,6471,8644,4191,659,479
103831,52410,33537,11006,4841,3459,239,103078,53586,32702,11460,4933,3299,233,75388,41441,21776,7075,3312,2488,141,64409,42462,12794,6111,2070,800,22,5236,1658,168,22,33115,16386,13825,39756,22436,16496,37908,20768,16495,9864,17430,11799,4777,13617,5320,1100,468
104678,81608,10443,5803,3920,2721,186,104553,82140,10754,6303,4299,1641,160,83276,67265,6967,3900,2834,2009,124,80718,67612,6029,3725,2633,476,8,3137,2064,58,8,56163,29696,21293,63346,39140,22941,60673,37709,21907,2805,10635,14117,5611,24346,11395,3853,1668
100363,77619,4722,4173,11609,1662,112,103205,81052,5107,3850,11887,815,116,77730,61847,3092,2929,8222,1199,76,75538,65017,2959,2397,4557,479,5,2245,4255,45,5,53868,24740,24842,62077,34190,26849,60668,33984,25766,1162,6217,10693,3306,28428,15731,4872,2206
100587,73207,9560,7032,8311,2405,178,99348,71909,10449,8096,8048,2287,159,78578,59556,6350,4759,5958,1768,108,74240,59837,5399,4754,3382,630,14,4367,2852,106,14,49879,22991,22404,56813,31719,23917,53452,30229,22256,2269,8856,12155,4969,25246,11062,2794,1685
100145,74736,9633,7959,5398,2344,181,102865,75833,10858,9408,5857,1536,218,75448,58495,6022,5165,3823,1645,114,72962,58945,4903,5530,2952,471,35,4780,2161,72,35,46208,19908,21768,57003,30057,25642,57787,30717,26024,2503,10078,12504,5218,22734,10577,1929,1597
99003,69931,12672,7782,5802,2656,237,100418,72453,12956,7225,5773,2131,62,72136,53278,7927,4865,3935,1829,150,70264,56863,5367,3817,3507,712,5,3203,3155,126,5,42776,16777,21774,50610,24967,24411,50615,25192,24409,3526,10333,13261,5522,20434,9262,1257,1524
103801,85422,6449,3641,4444,3318,210,108481,89822,6896,5307,3891,1904,89,75056,63537,3824,2153,2757,2261,109,76754,67958,3592,2212,1949,958,15,1857,1599,131,15,42992,12786,26654,54362,19295,33815,57630,20472,36093,2749,16659,15189,6160,17333,7340,1549,710
96917,71153,7394,7627,5911,5621,187,98100,71929,7645,7448,7281,4611,48,79637,60075,5358,5367,4843,4269,137,78011,61734,4747,4935,3586,2802,24,3735,2311,942,24,39428,26859,9263,47037,35201,10784,45291,33970,10638,2265,9677,9660,3121,16427,9170,1852,2935
99655,77663,8314,7884,2635,3824,204,101364,79535,8450,8186,2706,2525,164,76139,61861,5032,4896,1798,2625,131,76424,64350,4598,4572,1451,1170,9,3675,1085,153,9,48713,19939,24420,54807,25773,27633,53768,25163,27569,2460,17794,16170,5420,17490,7682,1519,1359
101122,67338,16448,12602,1460,5249,260,98863,66376,17182,11862,1976,3761,640,77675,55255,10371,8141,1045,3640,162,73452,55255,8656,6972,671,1760,69,5417,373,513,69,39053,18323,16939,43308,22826,19312,40801,20757,19217,6643,22558,15055,5308,11061,4050,963,522
96755,83247,4642,3204,1141,3988,303,97109,84534,5097,3140,1379,2554,248,74038,65065,2826,1958,837,2873,180,73315,66628,2705,1450,786,1470,57,942,576,295,57,39726,10835,26152,44636,13088,30524,44421,12662,30951,4846,20716,15135,5750,10102,4824,570,454
101422,82371,5277,4435,903,8479,206,99944,82831,5615,4097,937,6041,179,77175,64688,3161,2711,592,5805,125,75285,65550,2825,2375,603,3735,104,1854,193,957,104,41376,9385,29699,44948,11003,33097,42331,10034,31558,6742,22516,17757,7853,9440,3808,540,326
97397,83777,4576,2810,1762,4231,170,98106,85390,5170,3081,1768,2634,216,73464,64537,2802,1830,1108,2878,113,72987,66311,2709,1849,611,1386,37,1537,380,372,37,41462,9491,29016,47600,12578,34013,46603,12352,33330,4129,19701,16568,6849,12040,5275,641,472
105316,51489,22076,24000,5741,4293,319,105012,55661,22125,20417,5099,3242,181,81122,43724,14105,16903,4455,3006,202,73977,46471,10090,13334,2474,1569,36,11909,1978,372,36,37062,19785,13824,42163,25502,15692,38337,22636,15075,8580,14095,13836,4738,15617,7498,2136,1185
102640,47606,24160,18648,9413,5161,430,100645,47458,24785,17110,10222,4201,470,76807,39920,15242,11994,6898,3686,277,68399,41019,10428,9641,5660,1492,56,8042,5067,397,56,26282,12405,11109,30768,16938,12995,27230,14800,11939,11453,19772,16340,5305,8445,3327,794,488
105637,71681,18396,8035,3582,5355,214,106908,69447,20469,11600,4656,3822,204,81153,59183,11350,4619,2552,3769,150,78402,57791,10270,6401,2694,1055,0,4979,2379,127,0,40940,14475,22709,45690,19383,25106,42038,17941,23424,8080,21425,18010,5556,12500,4967,681,521
104291,79552,9776,4537,6058,4755,312,105758,80573,11009,4931,5361,3359,521,76784,60851,5765,2646,4156,3270,192,75564,62528,4920,2433,3498,1472,71,2088,2938,379,71,41373,11273,26265,48987,16489,31301,48001,16417,30749,4738,17012,15717,7114,13956,6318,1100,696
105940,85943,8222,4472,3567,3894,196,109903,89733,8771,5422,4017,2377,49,77011,64541,4755,2702,2324,2543,110,77008,66627,4320,2734,1980,1252,0,1996,1678,316,0,46141,11689,30446,56080,17558,37322,58546,18712,38931,2985,15524,15839,6464,18209,8000,1067,668
103392,84494,10419,4109,1106,3449,168,102495,84352,10811,3989,1215,2821,149,79848,67232,6667,2656,712,2535,111,77974,67451,6086,2474,709,1237,43,1920,500,240,43,42460,12504,26711,49199,16385,31755,46973,15509,30557,5895,20642,19101,8072,11421,4149,937,522
104611,69745,25779,3337,1530,5229,347,104010,69463,26515,4132,1665,4094,361,77255,55205,15847,2067,1053,3504,219,70906,55232,11092,1783,976,1694,8,1427,676,477,8,36726,8677,25754,41077,10832,29412,38891,9891,28306,8290,20586,16456,7203,10040,4197,529,477
98921,81003,8898,4188,2105,2921,214,98188,81575,9242,4126,2382,1568,406,76603,64811,5491,2619,1438,2069,134,74460,65535,4497,1987,1268,775,4,1635,854,89,4,41799,11063,27349,46571,14209,31274,44662,13532,30287,4542,19172,16731,6872,12791,4517,1100,966
99807,88446,6399,1577,846,2386,263,98971,86972,7014,1879,706,2012,247,76506,69152,3966,911,531,1686,167,74389,68040,3663,979,299,1256,37,570,157,265,37,47435,7075,37653,51383,8648,41802,49136,8070,40229,4572,20782,18229,8440,11565,3777,741,423
104726,87484,10642,2597,1075,2795,242,103803,86014,11078,3090,1325,3058,148,81487,69897,6846,1761,746,2003,167,79031,69650,5614,1765,547,1313,13,1314,264,258,13,44191,8471,33100,48752,10945,36835,46754,10320,35634,5582,21131,17778,7017,12342,4330,1012,710
99533,45219,47002,3253,2675,3158,206,97842,43164,47731,3964,2763,2996,162,70470,35537,29788,2087,1858,2114,118,56816,33271,19791,1538,1220,961,32,1360,1167,188,32,29655,6883,21187,32482,8645,23245,29374,6881,22012,15020,16450,13067,5075,7216,2307,508,295
97342,82711,4605,6589,1108,2095,130,98118,83360,4990,6824,1264,1093,237,76621,66745,2761,4423,793,1638,80,76022,67764,2247,4627,552,634,103,4043,454,65,103,43878,10528,31499,45953,11897,33393,44535,10351,33577,6872,24561,12664,6035,8792,4624,712,623
99534,83498,2674,9296,1188,2495,91,99307,85102,2936,8868,1141,1062,143,78183,67317,1629,6183,791,1877,56,77512,68883,1604,5619,508,621,73,5208,409,125,73,47982,12806,33096,51127,15266,35117,49549,13891,35026,5227,23048,16623,7022,10898,5642,1340,657
103312,87327,4145,7163,2755,1778,127,103648,87989,4412,6047,2719,2086,39,78502,68520,2306,4391,1780,1335,88,76060,69179,1225,3387,1073,1190,22,2750,882,150,22,45781,14163,28907,49245,17286,31025,47097,15673,30705,6066,23487,14667,7422,10844,5178,935,636
99052,68836,6667,19914,1703,2311,438,98853,68794,7320,19488,1896,1620,486,73564,52989,4338,13506,1157,1633,242,70522,52059,3765,12581,866,968,158,10721,523,56,158,33602,9817,22648,36596,11292,24629,33979,9773,23777,8592,19693,14101,5735,7358,3146,545,222
98036,84759,2852,7460,679,1977,121,97164,84590,3217,7178,535,1072,146,76521,67385,1680,5234,429,1520,70,75636,68147,1262,5040,297,673,96,4622,176,51,96,44362,11827,30906,46728,13342,32762,44471,11659,32246,7874,29065,15097,6720,6469,3260,470,326
98152,87139,2057,6369,598,1740,141,97442,87236,2264,5873,1102,1360,200,76440,68831,1259,4394,406,1354,95,74846,68758,880,3769,582,572,13,3416,452,84,13,43936,9830,32558,46950,11491,34793,45051,10209,34290,8703,28189,14169,7182,5823,3315,797,420
100547,87266,3084,6188,1473,2092,164,106601,92671,4020,5612,1243,2576,358,76036,67147,1868,4190,903,1563,108,78394,70834,1572,3604,709,1771,8,2942,574,101,8,41470,9914,29811,48005,12596,34618,50219,12107,37423,6899,25410,13084,6934,10203,4618,795,491
101621,69347,8432,14019,7191,1990,755,103568,72225,8332,13971,7780,1601,810,78490,57076,5372,9501,4583,1513,474,74014,59596,2756,8251,2519,445,157,7065,2177,34,157,33485,13300,18183,37791,17300,19715,37377,15600,21136,8091,16791,12370,4618,11197,5151,1586,1013
95673,86483,3164,2717,757,2205,188,96201,87608,3491,2919,767,1697,216,72316,66487,1778,1642,461,1689,88,73388,68842,1612,1730,218,887,16,1395,96,50,16,41267,9257,30302,46144,10816,34573,45684,9549,35471,9695,27208,13082,6006,5819,3538,598,191
97974,89116,2489,2209,1058,2521,90,101134,92058,3277,2440,1142,1235,60,74999,69282,1468,1228,655,1867,51,78438,74285,1528,1183,525,822,0,812,321,23,0,43696,9811,31982,51203,12614,37752,52530,12264,39523,7125,27934,14986,6789,8294,3855,419,264
102319,92538,2743,3894,642,2121,114,103603,93533,3044,3817,817,1400,109,78071,71307,1720,2633,429,1665,81,78547,73460,1252,2421,422,863,12,1972,360,60,12,41559,8943,31157,46538,10662,35280,46553,9560,36468,12144,30623,12706,5273,5933,3020,831,385
103302,90844,3044,6270,929,1884,149,104184,92608,2802,6757,795,1447,58,78982,70789,1745,4166,596,1403,118,78812,72567,824,4215,205,941,5,3781,161,61,5,45767,12848,30989,51046,14374,35910,51009,13243,37112,7838,27467,14320,8112,7532,4794,1003,224
100613,71829,6495,15939,3760,2837,723,102360,74477,7112,16323,4174,2315,293,76365,56521,4136,10849,2650,2071,466,74819,57060,3962,10580,1963,966,39,9350,1327,144,39,38254,12907,23347,43592,16785,25905,42627,15279,26578,5057,20211,18233,7122,9819,5259,992,275
100251,91082,3112,3361,727,1569,95,101415,92278,3416,3952,551,1152,169,77528,71368,1784,2280,521,1230,58,77538,73022,1337,2351,172,586,30,1963,128,35,30,44100,7544,35165,48224,8499,39147,48192,7503,40234,10983,26973,12767,5951,6505,3660,1085,530
99634,91534,2749,2827,495,1867,106,99808,92089,2990,2880,546,1188,32,76348,70468,1732,2190,368,1421,84,75885,71165,1479,2080,186,873,22,1738,102,187,22,40051,5769,33283,44593,6745,37338,43646,5929,37295,13624,27680,11823,4679,5190,3744,576,489
105346,97409,2524,2082,708,2257,59,106564,98816,2767,2381,841,1118,60,81763,76425,1509,1308,453,1768,33,81978,78269,1273,1255,330,723,10,973,256,56,10,44285,6988,35849,50236,9054,40508,50497,8418,41522,12454,28614,15028,5969,6754,4000,1079,304
99964,93603,1502,1933,615,1995,91,99961,94282,1627,1981,688,1001,144,77145,72422,1021,1448,422,1563,56,77366,74149,898,1165,290,645,75,1028,112,108,75,38848,4930,32816,43700,6127,37038,43177,5438,37228,14313,27971,12209,4785,5752,3465,963,414
102669,96594,989,2281,484,2055,62,99954,94443,798,2436,448,1246,46,80018,75624,661,1536,357,1634,37,76843,73842,454,1405,204,880,14,1167,110,75,14,41621,6395,34071,43423,7196,35745,41315,5896,34966,15507,27052,13509,5917,5160,2995,809,395
103388,98509,881,1533,526,1777,74,100823,95767,888,1841,500,990,71,80790,77235,576,1028,385,1416,30,78459,75897,279,1069,312,758,79,807,167,103,79,40978,8767,31046,43301,9272,33443,41200,7724,32827,16255,26967,13643,5761,4954,3282,981,310
103630,90093,3165,5588,2213,2261,889,106715,94375,3515,5522,1782,1054,293,81840,71810,2152,3993,1844,1780,855,82835,75593,1660,3813,770,693,17,3068,665,35,17,41504,12621,26620,48885,16616,31230,50002,16034,33028,7145,19763,12337,6149,12122,5851,972,1186
100498,62427,9861,21587,4846,2086,123,102723,63127,10250,23178,5148,1134,261,76930,51035,6088,14808,3500,1572,86,71174,50986,2964,14564,2033,401,35,13442,1649,45,35,42889,21248,18903,48874,27714,20136,46670,25750,19997,5046,13876,13939,5993,17886,8088,2573,1635
102696,97161,1289,1886,621,1496,59,100037,93539,1180,2056,482,620,124,81209,77045,882,1454,454,1173,32,78785,75557,777,1559,289,458,62,1312,219,77,62,43512,8333,33981,44079,8858,34768,41758,7135,34114,15327,27981,13435,5415,5822,3734,772,204
101519,96856,1178,1520,402,1438,68,100401,94576,1180,1728,917,902,97,79489,75879,821,1289,269,1135,39,77984,75106,420,1200,562,583,4,977,433,73,4,40261,7811,31154,44295,8884,34841,42675,7317,34810,15033,29464,12407,5113,5254,3226,779,434
102498,92528,3125,3805,832,1902,81,103016,93929,3340,3163,1213,2590,45,79523,72682,1877,2599,579,1463,70,79423,73947,1824,1709,397,1499,0,1508,329,137,0,41071,12520,26822,46650,15087,30784,45968,13730,31517,9151,26332,13239,5380,7845,4400,848,641
97303,90608,1114,2459,773,1909,68,96377,90401,1308,2509,830,725,123,75924,71353,691,1556,544,1442,43,75202,71846,619,1680,400,518,47,1184,247,62,47,42025,10952,29500,45800,12779,32345,44046,11138,32321,8419,24444,15007,8554,6760,4201,1033,592
103636,88814,5130,6055,1280,2132,117,106624,92183,5558,6749,1193,1276,151,78279,68775,2993,3931,800,1555,82,79718,71959,2249,4130,737,538,33,3558,399,15,33,43594,13323,28013,50848,17218,32699,51643,16678,34121,6912,23792,15366,5838,10572,5663,1092,673
102348,94065,2368,2713,601,2177,143,103246,94599,2635,2939,771,1090,38,77422,72120,1347,1645,345,1603,76,77968,73772,1301,1773,475,594,28,1458,315,82,28,41912,9130,31196,47750,10336,36780,47984,9324,38021,9962,28916,12314,6164,7668,3427,580,274
102569,89216,4767,4141,2055,2210,117,104617,90722,5197,4201,1942,1775,61,76367,67648,2816,2842,1254,1561,66,77514,70187,2372,2744,1020,1081,0,2282,815,48,0,47641,14081,30772,54501,18775,34678,54558,18145,35415,6406,19101,13971,6273,13480,7177,1651,975
98291,82552,6597,5641,978,2335,128,99563,84099,6848,4536,1083,2684,211,75070,64781,3903,3830,591,1744,84,74497,67094,2452,2774,465,1670,6,2172,244,74,6,44448,11670,30602,50717,14926,34915,51725,14317,36535,6961,22637,13815,6569,11267,5553,817,500
100558,85698,4325,6607,1531,2132,103,103097,88328,4721,7110,1899,978,148,77051,67277,2665,4231,1053,1628,68,77606,69668,1952,4579,756,543,12,3936,655,32,12,43863,11878,29418,49421,15695,32722,49975,15012,34099,7538,22871,13332,6046,10524,5763,1445,1040
99888,65486,11870,16688,4052,2069,156,98195,66167,11806,15233,4530,1221,26,82963,57708,7836,12464,3300,1656,120,75217,58152,3659,10724,2114,420,5,9312,1419,27,5,36199,22096,11573,39679,27119,11763,36157,24156,11180,6776,11915,9883,3790,13678,6585,3126,2610
100407,74328,5795,11896,6595,1881,127,99886,72541,7316,12904,6722,911,76,77786,60383,3755,7613,4594,1419,90,71523,58872,2577,6889,2668,424,0,6140,2148,25,0,49192,22364,23144,54350,29820,23327,50820,27345,22236,3381,10627,12726,5637,18872,10436,2709,2743
100189,76745,6284,12796,2417,2003,108,102042,79033,5867,14042,2545,1496,191,78371,62317,3894,8883,1722,1474,67,76919,63773,2184,9095,982,608,55,8420,798,72,55,45379,19743,22786,51083,25129,24896,51041,24414,25596,5802,18487,14418,5512,15244,7552,1484,1305
97684,37850,4947,52377,1259,1877,145,96105,35481,6156,51789,1357,3165,161,73253,31325,3282,36754,823,1387,111,69154,29760,2289,35112,359,1928,9,33614,299,87,9,40239,28098,11019,41538,29795,11103,35303,24118,10689,9069,24023,16280,5969,5504,2217,147,139
97935,36096,8992,49016,2998,1909,228,94728,38189,9422,43635,2381,3258,142,78046,32155,6600,36186,2358,1461,157,71294,34330,2913,31316,1050,1919,41,29649,593,170,41,32682,26693,4705,33439,27674,5145,26588,20954,5110,9223,21382,14315,5026,7456,3651,895,921
97086,57072,10113,22993,4959,2251,319,95370,53538,10806,23747,4970,3093,277,74187,47225,7040,14845,3463,1743,209,65121,44421,3288,13010,2210,1927,18,11677,1844,103,18,35756,17255,16759,37999,20078,17166,33813,17061,16113,9653,21018,14586,5152,8114,3743,485,406
98319,81527,4075,6793,3838,1773,167,97776,81368,4092,6180,3961,1753,165,82326,69771,3048,5035,2746,1380,124,77779,69141,2036,3959,1499,1177,12,3274,926,80,12,55966,34321,17776,60592,41742,17704,55973,38581,16127,2780,11549,12321,4804,22518,12666,4170,2351
99349,76268,4821,11163,5365,1552,135,98123,75893,4673,10830,5160,1738,64,79811,63133,3313,8088,3864,1169,89,75232,61888,1982,7039,3046,1100,1,6278,2343,99,1,55288,27745,24171,61792,35375,25301,57892,32940,23813,2878,9687,12724,5322,24224,12018,4256,2452
98400,59424,10324,21823,5431,1830,154,100301,59730,10381,24422,5822,1418,138,76830,49175,7254,15409,3835,1385,114,69034,48363,2912,14153,2506,1015,41,13521,1823,13,41,44253,22586,19342,48625,27678,19968,44039,24302,18922,4531,18394,16259,6568,14738,5798,766,1074
97796,74742,4517,9801,6952,1681,160,99913,77372,5647,8998,6509,1561,55,75691,59750,3086,6762,4716,1204,102,73942,61353,2678,6343,2401,918,3,5901,1984,107,3,49984,19670,27669,58713,27152,30507,58804,27592,30237,1919,9677,12988,5391,22970,12125,2467,1836
96400,67272,11232,13260,2612,2205,171,100706,63618,16100,16462,3286,2291,263,74232,54687,7477,8614,1798,1677,112,68554,52337,4642,8818,1465,1179,7,7746,1292,54,7,38789,14468,22327,43497,18864,23752,41682,17522,23542,6997,23483,14834,6591,9868,3842,951,463
99939,85223,4590,4296,3074,2175,228,101627,86117,4664,5078,2928,1076,601,72034,63066,2758,2338,1989,1454,129,71364,64770,2014,2761,1240,423,101,1920,978,16,101,43505,10660,30256,51645,15260,35433,53367,15704,36741,3429,18144,12695,6057,15298,7197,1005,943
100059,81339,6240,7150,2590,2150,443,101437,83516,6113,7208,2993,1346,264,77255,64934,3929,4476,1843,1573,285,75237,67236,2276,3856,1281,416,138,2932,974,42,138,43123,14034,26222,47238,18139,28118,44789,16860,27081,4715,18841,14143,6505,14818,6213,1975,584
98283,89858,2019,2376,1421,1942,95,101308,94009,1962,2685,1893,570,63,73751,68450,1207,1286,932,1361,63,75477,72123,960,1123,891,336,0,963,608,10,0,45768,11553,31521,53530,15905,36637,55014,16181,37845,3969,19897,13498,6234,15650,6195,1276,514
99827,81092,4908,9585,1672,2264,199,100183,81711,6304,8779,1558,988,127,79578,67123,3018,6130,1252,1741,163,77738,69124,2140,5231,600,505,12,4222,415,35,12,39610,17650,19091,45501,23242,21237,43533,21667,20877,7106,18025,13129,5327,16686,7318,2149,1017
98344,5486,5361,83446,5180,1038,89,97423,5724,4445,82717,4500,1946,44,72541,4730,3468,60891,4074,804,71,72574,5083,1977,61661,3425,933,10,60403,3280,149,10,33380,30157,2506,35660,31961,3264,31297,27299,3486,10004,19115,18178,4608,10839,5211,973,740
95453,24129,13332,53533,4612,1798,188,91304,20277,15707,53163,3869,2071,14,72025,20252,8947,38971,3676,1374,133,62150,16888,5616,36533,2458,738,10,35745,2371,40,10,35437,24517,9652,38708,28337,9738,31964,22758,8486,7865,17564,15306,4063,11969,5190,1336,985
96280,25061,11095,54051,5866,1761,90,96232,23317,13003,54405,6111,3041,103,72026,20527,7672,38934,4537,1284,62,67477,19278,5181,38945,3315,583,22,38407,3099,120,22,36713,24303,11517,38617,25688,12405,32579,20825,11250,10595,21441,16031,3979,7382,3079,434,348
95431,30581,7046,55367,2194,1756,120,89150,28963,6704,50978,1901,1979,156,79584,28531,5461,43179,1943,1431,100,70717,26410,3433,39107,1121,703,18,37981,785,103,18,43185,37755,3516,48010,43109,4014,42611,37200,3947,10219,15752,12993,3035,14960,6745,2822,1399
94964,42972,9215,39304,2795,1650,91,93707,39216,10987,40222,2910,1993,52,77004,36050,6761,31345,2194,1305,68,72362,32830,5701,31119,1705,525,13,30282,1384,141,13,45012,33476,8976,48428,37154,10208,43459,34072,8094,5883,12381,13807,3183,18626,9624,3883,2012
94801,57156,12899,20148,4511,1892,170,92535,53200,12153,20513,5837,2104,45,78892,49542,9969,15900,3547,1484,130,71762,46891,5812,14854,3484,830,11,14097,2763,179,11,44589,24540,17629,45853,26460,18521,43933,25823,17136,8665,14182,11115,2781,14073,7416,4319,1821
95995,60042,18166,12240,4854,1707,90,92876,60126,15568,12103,4013,2559,74,77062,50868,12863,8911,3696,1256,64,65642,49357,5828,7779,1769,501,5,6993,1591,35,5,42859,11655,28894,44571,14044,29608,42350,13886,27479,4474,16425,13281,4459,18575,6643,3162,1203
102019,64275,19324,12259,4513,2176,123,102265,64910,20183,11467,4494,2632,69,82025,54330,13842,9039,3350,1630,80,75128,55548,9812,7267,1856,721,5,6790,1616,111,5,46477,11977,32122,49597,14970,33698,47545,14958,31513,6583,19363,16993,5978,17564,5652,2399,838
98145,48014,17314,28606,3157,1940,107,94044,47799,16916,23401,3216,2761,107,74615,38406,12100,20862,2246,1374,75,67098,38490,7904,17323,2041,1125,74,16637,1751,358,74,42790,17412,23797,46664,19973,25904,44526,18143,25591,8067,19420,14946,5324,12585,4386,695,538
94706,34513,6344,52587,819,1190,109,93799,33034,7271,52747,945,1162,103,71797,28324,4266,38150,604,869,67,69886,27465,2931,38216,552,647,17,37571,489,75,17,45669,27070,17515,50415,30239,19440,46457,27145,18712,8469,23955,13277,5732,8301,3215,587,228
94463,68397,7673,14587,2094,1789,95,96786,71386,7718,14097,2085,1450,134,68168,51022,4842,9723,1341,1214,58,67546,53829,3048,9046,891,703,12,8172,590,118,12,41837,8485,31653,45932,10252,34739,46632,10803,35066,6188,17545,12914,5639,12657,5060,777,521
103347,65434,11259,19038,3467,4696,158,98602,62696,11362,18186,3193,4057,214,76721,51302,7320,12569,2445,3248,114,71732,50625,5320,11669,1660,2218,42,11152,1252,1375,42,41191,10125,29691,44430,11198,32519,42354,10479,31292,13319,24003,16252,5046,7295,2494,604,291
95277,60603,6586,18587,1654,8671,121,92124,59862,7190,16851,1437,7757,64,71793,48421,4206,12652,1166,5610,76,66955,47941,2861,10865,592,4832,25,10149,468,3535,25,38277,8792,28319,40282,9262,30415,35404,7821,27140,11313,24555,13057,3687,7111,3001,387,291
102726,68758,4808,25494,872,3067,80,104051,71505,4444,24586,1347,2969,56,78952,54941,3248,18261,599,1995,58,79377,57486,2224,17166,733,1611,0,16501,541,1064,0,46566,12842,32404,50776,13243,36777,47774,11857,35333,11523,28026,11183,4956,8969,3231,604,862
103204,63020,4163,33669,1226,1338,94,103871,62481,4685,33917,1139,1777,138,79619,50494,3065,24321,822,1045,68,78312,50251,2059,24348,534,967,76,23802,405,149,76,52828,18659,32833,54415,19163,34402,50570,16991,32997,12130,30459,12467,5603,7839,2762,343,205
98139,49437,7355,36529,2683,2505,123,93724,47620,7276,34083,2792,2290,348,74183,39953,4877,25793,1968,1748,79,68443,39011,3260,23330,1457,1191,23,22714,1290,593,23,44299,16680,26624,45241,16872,27756,40018,14311,25267,12940,28483,10728,4626,5539,1841,203,123
98310,44455,6155,44946,1696,1475,98,98160,43082,6371,45594,1858,1119,170,75677,37186,4070,32249,1334,1032,66,72406,36735,2657,31538,790,521,45,30773,571,92,45,42352,21426,19084,45008,23922,20164,42867,21161,20953,9078,21958,12256,4519,12236,3852,843,578
98782,75176,6054,12781,3021,1737,104,103705,80503,5212,14199,2637,626,54,74417,58244,4241,8600,2040,1269,83,74865,61337,2535,9058,1263,458,4,8400,1216,41,4,43876,7550,34250,47167,10531,35637,44791,10843,33128,3915,15285,14489,3545,19682,6155,2836,1058
102237,74959,5415,18273,2160,1483,72,103087,72980,7000,19834,2042,1146,32,76724,58087,3544,12451,1561,1073,49,75725,57884,2303,13899,1064,780,12,13102,904,65,12,46764,9388,36023,50771,10675,39314,50148,9861,39709,11790,27466,10915,5225,10654,2926,747,662
95226,74049,3227,14772,1724,1380,135,94062,72284,3406,14570,1570,1327,270,71409,57142,2115,9872,1196,993,86,69516,56239,1723,9672,727,900,90,9249,675,196,90,43603,8260,34096,46204,8541,37024,44149,7555,36108,9796,26178,11988,4582,7617,2349,553,453
100292,43389,5422,47521,2667,1747,182,93226,43208,5568,41425,2114,1707,260,76390,35632,3722,33991,1944,1316,127,69405,35730,2455,29550,851,626,34,28572,793,98,34,38207,19418,17250,31759,17398,13705,34553,17185,16761,7779,19980,14660,5471,9703,3930,1106,736
99664,79509,5505,10330,2000,2164,129,97243,77693,4826,10589,1779,1183,202,74265,60743,3540,6844,1402,1537,95,70477,60366,2105,6332,902,466,33,5898,722,50,33,38790,5983,31248,41399,7220,33359,38842,5910,32413,7045,23624,13850,6447,10438,3799,639,562
102128,76850,5903,13795,2174,3365,610,100412,75028,6591,14450,1894,2052,423,76261,58507,3876,9691,1509,2375,371,73420,57516,3940,9466,892,1353,143,8803,682,344,143,38496,5953,31399,43130,6804,35684,39829,5528,33868,7540,25719,14143,5130,8582,2784,396,268
102697,67782,4876,27275,865,2018,99,101684,65949,4711,27346,828,1795,224,77540,52364,3883,19274,615,1413,75,72678,51398,1474,18346,263,1130,187,17201,222,291,187,47703,13436,33173,49583,13548,35407,45666,11765,33464,14699,27181,11914,4531,6665,2217,736,205
102118,37308,2805,59467,1344,1662,97,100825,38044,3105,57666,1212,1765,76,77240,30719,1977,42589,1002,1234,69,74538,30795,1447,41263,437,1015,14,40036,359,182,14,44314,25183,18035,45021,25982,18175,38546,21272,16672,12388,25629,13798,4030,7245,3010,860,557
102541,76002,4301,17089,1876,3197,97,100130,73850,4581,17763,1685,2847,32,78319,59410,3079,11908,1398,2323,73,74321,57655,2400,11824,805,1606,5,11220,600,431,5,45515,8260,35970,47929,8562,38591,45190,7980,36712,9166,25821,14480,5430,8489,3092,954,566
97941,66344,3706,25445,839,1763,136,96450,65600,3166,25670,424,1991,126,75718,52215,3086,18485,683,1281,91,73617,51914,1952,18028,227,1345,95,17626,168,126,95,47099,11232,35077,49041,11388,37183,45122,9544,35160,13262,28616,11448,3954,6602,2516,500,461
95594,58924,4556,26648,792,4851,179,94232,57636,4658,27187,1026,4473,30,74846,47371,3762,19482,593,3577,107,71391,46407,2258,19545,494,2702,9,18906,393,1517,9,41601,11672,28863,42767,11327,30870,40009,9516,30075,9585,26898,11744,4509,6786,2718,382,436
103299,66102,3685,28325,2520,2780,165,102594,66352,3603,28464,2009,2011,302,79499,52431,2395,20788,1750,2087,86,78200,53295,2188,20427,823,1221,95,20071,658,385,95,51230,15761,34059,53784,16740,36300,49928,14747,34559,9222,24027,14113,5782,11625,4860,1164,744
103759,33053,3475,64508,1473,1681,111,98926,30704,3340,62628,1944,1096,86,78410,27934,2289,46007,1097,1275,70,73704,25998,1570,44314,1085,430,51,43745,820,65,51,46005,27767,16841,44351,28710,14894,37331,24680,12127,8551,23452,15939,5155,9390,5308,1234,568
103958,33907,7630,58893,2229,2207,244,103144,35358,9610,55638,2341,1000,192,78737,28504,5185,42166,1701,1681,172,75829,29750,4385,39288,1614,685,20,38082,1366,171,20,38263,23959,12870,38451,24799,12792,33824,21426,11806,10642,24443,16429,5179,8438,3743,1251,451
102991,73820,4989,18808,2091,3119,199,102236,71213,4313,22102,1818,1647,34,77864,57162,3117,13711,1350,2263,139,76488,56602,2014,16509,742,798,30,15880,402,135,30,45088,8871,34930,48899,10691,37525,49742,10756,38440,6013,19970,17149,6071,11851,5468,838,563
99533,55290,2921,38403,1262,1809,112,97827,53496,2704,38188,1196,2258,133,78915,45135,2024,29407,1004,1418,69,76776,43702,1313,29545,669,1397,80,29171,489,252,80,43228,16082,25883,44071,16462,26911,40178,13919,25735,8597,23561,11462,3993,8862,4173,802,654
103630,78402,4353,16478,1574,2423,88,101571,77439,5046,16268,1371,1131,58,79617,61865,2795,11625,1125,1864,57,76742,62019,2335,11308,555,575,14,10836,521,81,14,48986,8059,39543,49843,8804,40361,47752,8309,38987,7668,23572,15831,4091,12428,4591,1418,504
103474,35533,2821,62447,1596,1627,83,102281,36212,2467,61926,933,835,83,77277,29149,2152,43826,1253,1164,58,75741,29683,1203,43980,416,410,29,43630,378,42,29,41777,24215,16665,42098,24709,16811,37256,20750,15958,10292,23513,15710,4397,8177,3518,767,445
95917,51574,2512,40257,562,1278,144,93509,47039,2699,41807,399,1566,147,76004,42704,1903,30146,406,925,80,73853,38556,1565,32329,200,1286,35,31504,118,349,35,46693,20433,25393,48236,20321,27187,43706,17077,26106,12538,26747,13123,4338,7921,2385,630,186
98653,59049,7567,26976,2762,2789,177,101936,60451,9129,27483,2260,2219,505,75728,47827,5186,18763,2000,2057,109,74703,49763,4093,18278,1278,832,360,16759,1005,131,360,45508,13995,29603,54087,19695,33460,49200,18555,29949,7776,18130,17763,5592,11819,5136,966,791
103518,82311,8581,7562,2483,2133,152,106697,85435,8222,7584,2972,2351,329,78920,64277,5924,5180,1672,1513,108,79985,66989,5080,5333,1432,1018,134,4370,1164,215,134,47209,9151,35399,48705,11679,35855,50732,12607,37088,3617,14147,15199,5013,22206,8114,3020,1051
98210,72366,5330,17140,878,2319,95,99195,71649,5477,18207,620,2386,658,76141,57683,3623,12318,613,1719,61,75983,58010,3193,12562,311,1502,310,11910,175,288,310,46492,9770,35318,52326,11576,40028,51256,11026,39619,9716,25191,14406,4434,9816,3501,717,299
97775,50615,4849,39797,993,1850,112,99090,52870,4686,38999,1243,1027,89,74745,41398,3243,28093,776,1386,82,74365,43570,2462,27195,444,608,46,26617,316,122,46,39648,16616,21965,42247,17793,23762,38960,15080,23304,12400,22334,11187,3437,8318,3345,664,484
97988,77823,5094,11248,1050,2244,110,100728,79661,6173,11915,710,1150,10,73551,59883,3273,7647,661,1620,79,72408,61212,2097,7981,363,495,5,7621,255,65,5,43058,6582,35143,50370,8040,41526,51566,8226,42777,8879,25225,13507,5853,10236,2664,643,546
100248,78763,7082,9922,1477,2437,120,105606,81629,8076,12634,1425,1565,32,73189,59396,4341,6216,954,1747,86,75109,63631,2486,7767,663,708,8,7425,441,88,8,37215,4476,31323,40937,6415,33739,41880,7393,33891,5855,23071,16041,4728,11440,4023,315,415
96373,61223,6522,21302,5890,1402,92,95290,57972,5856,24957,5285,718,20,75472,50220,4647,15223,4158,1091,71,70053,46632,3625,16756,2503,449,5,15865,2256,92,5,44378,12547,29227,45790,14534,30229,46894,15794,30035,2497,11278,14104,3582,21360,8290,2963,1752
98668,49328,9506,33151,5402,1557,44,102844,50620,9734,36010,5733,1057,70,77966,42061,6661,23978,4134,1209,34,74065,42204,3117,24815,3439,506,45,23635,3022,71,45,41531,17826,20911,43821,20826,21933,42104,20721,20244,4172,14039,13747,4119,18793,8897,2769,2018
99014,33679,7339,53835,3674,1215,117,96899,33745,7797,50568,4615,1286,0,80635,30747,5463,40726,3185,992,95,74500,31109,3151,37270,2203,614,8,35924,2066,92,8,32491,24722,6135,36919,28606,7510,31613,23577,7284,7251,13781,8773,2617,9293,5342,1074,1837
94796,30589,5559,56406,1373,1322,62,90889,29226,6278,52669,1874,768,0,70377,24334,3573,40747,1014,996,43,64069,23848,1490,37585,938,284,0,37372,607,65,0,47307,26791,19441,48278,28899,18682,41147,24785,15738,7183,20368,14211,3077,8273,3881,462,184
95129,30650,2869,59874,892,1120,87,94990,31495,2699,59239,865,699,206,71688,24087,2066,44265,609,804,66,72052,24693,1424,45085,256,443,9,43758,199,34,9,43496,26325,15873,47471,28912,17750,42721,24951,17046,7205,21585,12991,4337,10252,4580,555,600
99262,82998,5519,6178,2220,1853,91,99962,83629,6324,6453,2835,1836,57,81581,70288,3666,3920,1706,1446,59,80675,72338,3353,2985,1443,451,5,1948,1111,59,5,49069,32421,12799,52913,38095,13607,50804,34428,15163,5220,21828,13781,6117,14497,7882,1858,1642
98150,85073,6357,2256,2255,1653,120,97165,84967,5747,2073,2445,852,90,81301,71994,4375,1563,1585,1268,74,78348,71834,3838,1072,1033,486,27,598,874,109,27,52171,27024,20751,57165,33144,22527,56074,31026,23496,4723,19572,11920,7606,15287,9242,1507,1459
102587,87685,5539,3212,3621,1934,131,102045,88204,5987,2835,3498,1129,151,84958,74146,3635,2161,2823,1488,89,83449,75722,3722,1765,1616,530,18,1295,1377,51,18,56381,34398,16668,62003,42641,17720,61325,40210,19171,4003,18416,11872,8218,17613,11021,2247,2617
99946,74125,8213,5553,10929,1478,200,100091,75958,8743,5590,9431,1059,148,87078,65617,6263,4526,9656,1180,146,82327,67480,5872,3017,5263,378,23,2304,4158,34,23,50350,37259,8944,50388,40448,8675,47484,36835,8751,2642,9307,7783,4111,14238,11041,1778,3919
95765,61402,25444,5335,3807,1590,213,95124,61168,25486,6040,3650,1351,308,76273,52045,17579,3724,2766,1229,152,73424,52100,16456,2715,1634,315,0,2356,1417,27,0,43633,23575,16980,46011,26103,18983,43245,22588,19503,8459,20235,11869,6583,12705,6199,1070,639
104881,46659,43514,14938,2203,2571,367,104861,43753,47069,16929,2124,1548,126,81472,40417,29950,10569,1600,1851,282,77539,37724,30523,7619,1249,465,13,6980,836,47,13,40882,25775,12348,41726,26398,14398,38869,22142,15689,13159,23585,12991,6200,8382,4395,403,391
104159,32907,41921,28329,4540,2394,327,102927,33252,42598,28011,4359,1726,175,79127,29418,27739,20012,3433,1732,239,74319,29296,27028,15181,2395,365,9,13773,2143,84,9,36614,26224,8296,37175,26682,9736,35311,23112,11344,11986,21565,12198,5828,8294,4321,1196,558
104040,89170,5961,3365,3713,1504,135,103533,87895,5782,5474,3066,1195,113,84034,73751,3979,2315,2531,1122,98,81290,72687,3988,2527,1321,399,10,2005,1190,0,10,56756,25525,26803,62528,32435,28678,60939,29706,29798,5592,18835,13673,7931,17357,8933,2231,1124
99493,86133,5942,3086,1616,1989,154,100007,87306,5516,3982,1594,941,66,79907,70969,3712,1912,1163,1481,99,78890,72155,3236,1869,990,481,9,1164,792,53,9,46832,19898,22276,51768,25625,24494,52509,24128,27112,6376,25493,14834,7970,11598,5168,573,534
98372,82492,5319,3450,4858,1375,110,99020,82796,5099,3752,5136,918,131,77969,67201,3441,2189,3351,997,77,75260,67399,2903,1528,2771,541,29,1003,2208,88,29,52010,24536,23007,58259,31995,24753,57303,29842,26081,3888,17775,11542,6727,16629,10180,1442,1528
100256,64070,21426,8830,3967,1749,162,100496,65018,21679,8923,3645,838,371,78884,53913,14332,5995,2848,1306,112,75192,56243,12778,3592,2075,456,4,2969,1562,28,4,42931,21827,17473,47155,26936,18922,45481,24121,20215,7524,20449,13882,7136,13696,6247,667,759
101967,70603,4758,3040,20178,921,111,103171,69151,5717,4169,19466,459,94,78933,57428,3181,2084,13685,675,84,69478,57933,2807,1770,6694,221,14,1539,6278,4,14,52480,29872,18130,58490,38293,18604,56057,34790,19243,2927,10309,8673,4539,22399,17273,2915,3082
103347,82986,12836,3531,2138,1821,106,103978,82985,13422,4941,2638,846,78,82500,68518,8619,2238,1548,1349,82,80610,68733,8240,1954,1321,320,9,1563,1071,49,9,49633,20745,24577,55108,26816,26870,55297,24848,29265,5646,23048,14506,7101,13508,6325,898,578
102860,84633,6451,2670,2553,1352,108,103770,81884,9564,4514,3401,2687,88,81151,68613,4171,1670,1840,990,89,75258,67403,4165,1230,1981,263,20,977,1579,54,20,52989,24432,23881,58855,31658,25645,58200,29078,27635,5186,19391,13033,7015,17895,8487,1169,893
104779,41179,33608,20534,9565,2177,196,103085,40655,33767,18492,9528,2155,213,82975,36633,23852,14453,7795,1594,131,68554,35532,18762,8558,5187,408,9,7606,4610,65,9,26738,18752,6215,28838,19818,8357,25500,15740,8944,12210,19426,11140,4833,10460,3669,711,938
101739,59860,17128,16407,6856,1578,183,103970,60061,18526,17086,7464,899,175,82550,52619,11733,11182,5464,1174,135,75677,52618,10625,7784,4076,341,40,7165,3562,15,40,38655,24332,11517,42532,28766,12812,40030,25183,13654,6577,18248,11171,5682,15623,8580,2070,2104
103409,85630,7345,4083,3408,1442,179,104158,86449,8623,4508,3471,812,135,82205,69328,5250,3112,2347,1057,126,80007,70575,4959,2017,1839,366,50,1862,1512,57,50,55742,26659,23586,61643,34820,24969,61347,33313,26415,3555,17414,12629,6308,20583,10615,1531,1686
104500,74849,9714,4222,7512,1416,113,104700,71269,11327,7350,8577,1311,117,83024,61711,6652,2899,5486,1093,77,72159,59702,5624,2616,3848,232,17,2069,3368,68,17,52792,30824,17263,57693,38453,17662,55615,35493,18588,5790,15361,10947,4872,20155,11722,2138,2251
99298,72659,4036,3119,17320,879,120,99455,70155,4354,3256,19067,669,46,76342,58248,2667,2084,11725,637,87,69579,56075,2217,1470,9372,341,4,1073,8613,43,4,55802,37453,13719,61452,46245,13639,58856,43183,13803,2057,6729,5988,3351,21391,19714,3455,4796
105239,64879,13399,6797,10356,1318,137,105619,62010,14978,9715,11314,1189,331,81830,52506,9378,4809,7709,1006,99,66274,51141,5653,3388,5671,229,33,3038,5099,65,33,48937,34036,11257,53704,40311,12108,50449,36236,12646,5653,11458,8264,3716,22424,14481,2675,3496
102453,78270,4603,2829,13273,836,90,103513,76222,5407,2918,15472,618,41,78465,61986,2997,1950,8978,583,65,71113,60843,3284,1539,5016,182,21,1390,4599,64,21,54269,34139,15619,60735,43225,16047,58971,40601,16680,1693,9817,8269,3965,24780,17731,2949,3352
95655,70643,6676,5259,11023,877,82,96402,70356,8266,5671,10639,757,42,76091,58553,4341,3465,8090,698,66,71282,57756,4916,2400,5751,255,0,2237,5456,9,0,48133,23323,21135,53545,30216,22119,51605,27498,22933,4463,16778,10722,5794,17341,8809,944,1256
101288,39515,22902,11641,24154,1315,243,103536,42665,21305,12785,24779,1244,158,78728,34176,16052,8058,17781,968,179,67301,36188,11472,5499,13792,258,8,5297,13413,5,8,31445,20643,8596,32875,21969,10237,29633,18175,10637,11929,20577,10247,4744,11334,5812,630,733
97985,76606,4029,4357,10995,771,64,98250,76934,5036,2944,10283,797,123,79504,63796,2866,3042,8298,588,56,74714,65056,2477,1370,5300,379,13,1116,4921,27,13,52780,25959,22911,58449,33345,23787,55663,29642,24566,3477,16974,10931,6202,20360,10717,1768,1885
98601,85672,3197,2053,5581,764,94,99045,85040,3295,1737,6723,273,86,77840,68837,2130,1346,3987,537,67,75061,68970,1790,478,3543,141,0,372,2922,0,0,57297,29308,23592,62627,37117,24100,61048,34417,25214,2634,14015,9217,5036,22520,12639,1969,1869
98107,15960,75896,12248,2349,2460,361,96562,14419,76901,11235,2195,1392,181,72805,13675,54527,9094,1826,1781,288,52511,12932,36916,1507,995,80,16,1398,979,27,16,27920,21854,4983,27186,19385,7345,24683,13930,10115,16021,19834,10805,3272,6862,2082,511,224
102704,63599,27821,7885,3805,1619,174,104274,61008,31231,8084,3969,1564,217,80864,53724,18972,5449,2901,1161,132,75643,52905,16435,3279,2547,316,3,2837,2222,5,3,44270,22769,18486,48915,27998,19855,46861,24479,21340,7324,21002,14473,6825,13562,6061,800,747
101594,91738,3491,1722,2223,1173,73,102235,90092,4526,2027,2596,476,45,82190,75568,2204,1118,1454,888,50,80318,74951,2787,834,1401,287,4,389,914,12,4,59635,31237,23468,66663,40410,24594,65510,38455,25480,2811,14391,12341,7001,22718,11894,1639,1680
105350,83855,6426,3368,9949,781,111,106056,83347,7228,3845,9942,1004,78,82755,67917,4358,2240,6909,558,76,80234,68544,3991,2122,5199,385,49,1865,4845,58,49,55637,29632,22060,62520,38122,22932,59429,34354,23471,3288,12391,8589,5511,23633,15020,2504,2654
102886,90741,4671,2350,2762,1121,132,102265,90176,4943,3201,2981,612,32,83373,75139,2989,1423,1901,843,87,79138,73631,2407,1272,1645,174,5,912,1155,22,5,59731,34747,19782,65333,43439,20315,63783,40950,21147,2622,14353,10808,6705,22447,12679,2471,1790
98501,78096,11464,5094,3148,1045,162,100096,78703,11794,5563,3151,787,111,81215,66504,8097,3656,2335,771,104,79088,67323,6998,2483,1842,321,40,1863,1487,122,40,52574,34542,14192,58060,42479,14313,55714,39028,15203,3428,12504,9208,4827,23168,12691,2847,2277
96100,74866,8416,4568,4138,849,90,96532,70624,12263,6520,4339,1387,189,78412,63398,5713,3100,3012,635,67,72701,60526,6002,3328,2338,353,35,2837,1970,8,35,49959,24018,23170,54232,29074,24216,51823,25001,25874,5913,21150,11000,6780,15894,7673,1548,688
98574,68195,4762,4502,17979,731,83,99589,67921,5679,5054,18818,886,335,78116,56902,3234,3075,12547,502,56,70154,56417,2747,1734,8793,300,66,1333,8389,38,66,51339,31777,16864,56788,38514,17192,53609,34364,17712,3206,12841,7499,4018,19585,15515,2769,4809
104587,37569,44662,16792,7770,2812,194,105034,36282,46707,20547,7703,2678,576,79228,32630,30153,12112,5727,2007,126,63796,31348,19683,7589,4427,374,57,6638,4260,76,57,35642,23510,10174,38301,26291,11267,34048,20427,12706,15198,20707,10933,5891,10550,4117,939,591
103259,37476,19952,18560,18388,1335,113,103527,36699,21471,18824,20542,1489,178,82789,32344,14480,13913,15020,1030,87,58581,30269,8521,9046,10290,221,29,8216,9884,56,29,31877,21964,8258,34970,25514,8864,30216,19448,9714,11605,21138,10876,4330,14992,6411,1110,1329
101555,69340,5987,8862,14020,855,141,101428,68020,7728,7595,15979,747,44,85048,59587,4482,6922,11401,652,119,76679,59269,4783,4255,8116,212,24,3403,7465,18,24,51771,34719,13723,55424,40797,13467,51926,36599,13616,5232,14627,8704,4623,23552,13891,2282,3817
96573,70935,4183,2853,16934,700,89,96931,69432,4526,2812,17796,776,151,73683,56178,2752,2025,11469,472,61,66357,53615,2689,1736,7807,338,38,1454,6892,72,38,54110,38853,11459,57777,45447,11073,55107,42494,10736,1875,6403,5016,2690,20142,19410,4982,7480
100547,65199,13437,7018,12678,1022,111,100445,62429,12457,9343,14151,1183,162,85577,57583,9771,5511,10745,801,86,74382,55202,5960,4894,7776,337,91,4274,6832,174,91,45050,30521,11533,48123,35394,11588,44520,31587,11688,4653,12196,7189,4527,21842,15283,2471,3884
101012,63093,10635,10042,14409,1077,157,101546,63132,10529,10316,15756,936,221,88330,57404,8254,7730,12436,839,130,76157,55646,5938,5800,8272,210,49,5184,7138,10,49,50264,42464,4739,52869,46809,4978,49605,41788,5461,5494,8996,6268,2357,25546,17152,3292,6315
98436,55334,9262,11168,21871,1104,241,98286,53882,9221,10780,23200,809,241,88002,50715,7783,9027,19644,859,189,69978,45311,5859,6959,11440,260,39,6189,10003,72,39,43104,37839,2712,44126,40451,2824,40126,35120,3210,2810,3842,4622,1494,20006,17802,4104,10278
96888,69868,4953,3717,16767,554,100,98290,68185,5370,4614,18255,683,250,75751,56092,3467,2940,11989,384,79,70028,54303,3110,2499,9698,225,55,2066,8520,59,55,49888,36948,9654,53749,42430,10037,50068,37945,10431,1565,4533,3545,2059,18471,16654,7125,6780
96627,64099,5821,4135,21247,629,149,95946,62044,5228,3950,23488,635,107,76874,52916,4301,3011,15564,469,114,66238,50232,3171,2039,10367,172,13,1520,9412,10,13,47894,39034,6168,51057,43386,6745,46644,38036,6931,1408,3373,3741,1731,18157,18065,8626,10056
102973,36191,50001,8986,5466,2158,151,99920,35037,50440,17702,4258,1257,153,80557,31214,36290,6602,4528,1681,118,52916,28346,17434,4606,2044,298,0,3716,1950,148,0,29228,19464,8482,31414,21515,9418,27066,15498,10696,16479,24311,9866,3996,11292,4055,959,480
99166,58343,27252,5875,6684,1462,152,99204,55900,29284,11162,6855,1304,235,82914,51676,20282,4262,5733,1135,117,66304,48563,10585,3298,3287,360,5,2983,2910,42,5,40188,26942,10602,45530,33285,11310,42310,28388,12522,9773,15027,8622,3341,22902,10611,3834,2344
98010,65388,9213,7462,16095,735,136,94482,63016,8962,7419,14959,636,331,88232,60864,7231,5742,14260,569,106,76427,56954,5859,3949,9097,368,82,3383,8360,96,82,42498,31050,8489,47691,36797,9829,44685,31453,11794,5145,8319,5426,1959,26119,14168,5262,3479
99302,60342,10500,6701,20208,939,178,89883,53635,9193,7769,18855,1210,122,92260,57258,8890,5763,18911,774,161,71223,48972,6011,5262,10492,328,53,4403,9082,85,53,35884,28421,4702,37736,31489,5187,32899,25915,5309,2855,5149,4158,1853,24065,13552,3410,3403
98740,45165,16907,17825,20149,1123,216,92807,42547,17184,16786,17526,1415,139,89380,43116,13538,14347,18948,891,179,70697,38987,11464,10363,9247,387,52,9622,8031,114,52,31912,27708,2433,31948,28364,3002,27175,22482,3688,6560,7251,5674,1822,15241,8863,4817,2835
101503,55966,17613,22333,7024,1352,190,104956,58883,17910,23018,6733,947,112,83079,48228,13206,16841,5550,1077,148,78688,49750,11388,13232,4105,375,19,12561,3399,102,19,54316,41978,9475,58158,46931,10181,54395,41705,10857,5242,13432,9343,5348,21532,16039,4807,4154
98403,12815,29022,54908,5851,2180,294,95328,12799,30063,55071,5459,2169,222,75391,11474,20211,41272,4745,1665,241,62606,11246,14482,32801,2949,730,4,31847,2818,276,4,37084,34062,1707,37887,34064,3291,31365,25802,4395,12329,18221,11089,3519,11331,5567,1243,757
99839,18690,18019,57695,9356,1520,201,108512,20534,19245,66070,9123,1686,405,78473,16357,12579,44589,7251,1187,173,74730,17966,10283,40120,5723,702,50,38607,5563,144,50,42172,36125,4531,45097,38076,6395,39298,31037,7219,12525,20585,14584,5648,14341,7744,1277,847
97106,83585,3729,3163,4665,843,98,97913,81343,4922,3602,5129,722,43,76228,66849,2470,2271,3183,597,65,74485,66795,2625,1988,2720,279,4,1575,2031,9,4,52394,25793,21677,59134,34385,23114,58493,32066,24882,2509,13664,10509,5702,20937,10566,1612,1876
102560,83632,5036,4236,7940,684,95,103082,84212,4727,4802,7931,569,165,78367,65531,3310,2976,5336,470,68,73767,63808,2831,2486,4186,296,37,2259,3682,21,37,58283,35160,18380,64380,44236,18608,61985,40441,19543,2370,8839,7044,3722,23235,16811,4765,2883
99022,50086,7460,27777,11813,1122,124,98831,47520,8761,28038,12981,751,59,78738,42406,5080,20988,8634,880,93,71530,41095,5496,16463,7993,309,4,15546,7585,119,4,48013,31345,13918,53605,38019,14618,49222,32744,15285,6478,17265,10747,6588,16898,9610,1768,1274
100877,74481,5266,10589,9029,922,98,101182,70906,5839,11929,9842,482,71,78624,59866,3579,7771,6225,686,81,71619,56289,3373,6942,4625,269,86,6520,4130,100,86,54125,32379,17927,60137,40128,18674,56944,35868,19450,3293,10172,8053,4973,22670,14302,3365,2662
101636,55055,5214,7724,32312,851,135,102127,54815,6672,8458,31068,655,117,86072,48851,3992,5970,26082,624,104,73435,47581,4179,4747,16425,368,4,4356,15973,116,4,40519,25327,13183,45550,30287,14257,42133,25651,15210,8331,16385,11116,5630,21306,11751,1901,1613
96580,71890,4424,5815,11699,916,115,97404,72132,3849,5297,14271,362,114,78264,60358,3138,4043,8547,691,89,73972,60919,2155,2899,7706,170,72,2572,7416,21,72,49757,25866,20409,54622,32227,21204,51737,27886,22509,4335,17864,12212,6033,18864,9015,1575,1014
98370,81696,3754,5441,5654,930,91,98846,79831,4148,7287,6104,447,181,77758,66277,2509,3688,3888,675,58,75301,65829,2245,4009,2832,229,0,3433,2638,0,0,50948,25626,21181,57593,34203,22023,56010,30736,23630,2692,14775,10311,5648,21083,10898,1594,1558
99739,83075,5615,4942,3844,1396,118,101030,84575,7107,5243,2945,922,86,79680,68139,3699,3283,2752,1029,92,77796,69057,4021,2279,1813,409,0,1971,1641,42,0,48063,22495,22217,55185,28972,24914,55593,26830,27531,6259,20581,12129,7274,16462,7532,1075,842
100516,79073,5905,10269,2295,1318,148,102007,78094,6905,11261,2682,1090,74,80238,65560,3787,6789,1689,942,108,77570,65842,3665,6248,1201,708,4,5530,961,119,4,45265,21702,20133,50671,27050,22377,50768,24572,25108,8531,21713,12804,6050,14105,5700,942,397
101079,57498,24525,14120,1539,2865,202,100998,54677,26070,14457,2513,2379,210,78482,48713,15785,9682,1114,1988,154,67094,46998,11583,6736,970,660,21,5579,674,114,21,33165,20812,10327,34877,21267,12964,34659,18372,15552,15898,23376,10924,5872,7804,2405,423,373
98256,72694,11690,8400,2905,1437,175,98059,69575,11619,10289,3284,1391,62,77911,61029,7372,5239,2115,1043,127,69455,57640,5036,4017,2218,799,0,3073,2037,70,0,35107,19619,13504,37638,20623,16323,36365,17545,18129,15602,22628,12234,6395,9262,3374,494,505
99858,87195,3967,3864,2089,1038,105,99945,86236,4290,3812,2529,1069,177,82552,73279,2704,2831,1561,747,70,80774,74033,2684,1843,1411,525,24,1321,1187,20,24,49742,24418,22242,54661,28002,25628,55681,25717,28987,8029,23381,11487,6932,13928,5300,1306,1100
98976,91464,1996,1276,2140,739,96,99453,91999,2434,1066,2452,460,22,76795,71884,1275,821,1351,528,73,76550,72760,1533,468,1491,296,33,337,1152,51,33,60202,32225,23304,67376,41781,24116,65503,38750,25124,1617,10408,8645,5381,25443,13451,3466,1721
101072,85681,3307,5802,2333,1053,112,102302,85212,4602,6190,2867,637,74,79736,68957,2170,4034,1677,785,82,77076,69053,2921,3127,1527,404,8,2679,1276,113,8,54282,24514,25629,59846,31713,26606,59106,28493,29251,3309,19996,12149,7332,17316,7826,1105,674
98390,25793,12065,51902,2655,1423,226,97020,24639,12542,50635,2988,1221,76,74467,22569,8234,36889,2017,1004,169,60987,23010,6136,29558,1610,522,17,28841,1473,77,17,32881,23802,7621,35295,27195,7604,31856,22720,8448,12018,21458,11721,4845,8989,3310,480,318
97227,84819,2919,5098,1777,1117,99,97767,85005,3448,5054,2231,708,118,78250,69386,1987,3614,1292,798,57,77050,70680,1998,2648,1209,405,39,2239,927,41,39,50068,20339,25636,55980,27071,27462,56648,25059,30436,3540,20925,12150,6702,15777,6332,925,591
102660,92094,2647,2754,1825,1253,90,105877,94031,2958,2612,1947,835,125,82617,75251,1777,1834,1245,882,71,84163,78900,1822,1717,1061,563,58,1281,648,51,58,56424,26739,24982,64036,35975,26463,66797,35223,30072,3394,17590,12616,7133,21825,11260,1891,1089
100852,87454,2685,3998,2042,1771,125,101129,87067,2737,3959,2637,1995,688,85048,75379,1784,2744,1495,1301,95,83100,77104,1162,2070,1277,962,171,1412,968,282,171,57375,29211,24164,63748,37025,25359,64350,35641,27365,4032,17950,14588,7593,19052,10322,2241,2081
102250,82383,4511,5640,2259,2051,153,104014,83808,3869,6232,2237,1747,64,85902,71445,3139,3880,1644,1485,132,81895,74789,2045,2791,1327,1073,13,2218,1006,319,13,57311,28729,24756,63416,36741,25491,62537,34655,26597,3920,18562,15046,8531,18845,10046,2403,1241
101624,85688,4767,5313,1758,1418,196,103024,87159,5652,5693,1981,846,71,87974,76082,3393,3924,1272,1101,133,85489,77761,2989,2975,949,586,24,2311,680,128,24,61547,37825,19374,68217,47127,19647,66801,44929,20333,2545,17101,13904,6832,21462,13304,3291,2530
102825,78643,4547,15496,2333,1883,140,107219,80074,5326,17369,2357,989,291,83279,65739,2922,11353,1716,1427,95,84035,67926,2197,11644,1430,646,55,10911,1260,28,55,54097,17523,34120,57703,21336,35175,59943,21212,37273,7198,26280,16932,5903,12695,6086,977,861
97420,50337,6455,36274,3205,2020,162,96085,49288,6490,35987,3650,1537,118,77147,42641,4147,26890,2430,1496,103,71265,42421,2589,23627,1815,930,5,22478,1521,79,5,37051,17728,17424,40845,21002,18876,41092,20276,19601,7343,19764,11879,4933,10199,4488,1185,825
96511,67956,8136,17171,1723,1951,196,97704,68716,9124,17573,1641,1947,60,75767,56152,4930,12262,1159,1392,119,73420,56957,2788,12265,801,653,20,11372,583,35,20,46777,17755,26561,50642,21620,27730,52058,21508,29202,7588,22205,14033,4963,11408,6100,2021,963
98969,79871,5317,8457,3189,1743,201,101428,80484,6823,8441,4019,1139,303,77616,64313,3408,6166,2117,1255,147,77593,66234,3252,5609,1909,380,0,5092,1185,21,0,53122,21541,27697,60488,28458,30213,62201,28774,31336,3646,15740,13447,5211,18663,9876,2050,1750
103725,83485,5450,9894,2087,2771,162,104960,84359,5852,10311,2371,1078,151,80465,66652,3376,6688,1462,2020,112,80054,68451,3269,6485,1079,600,34,5540,695,55,34,45269,13650,28868,47462,16809,29439,52831,17628,33871,6174,26216,14847,5650,11804,5943,837,732
99485,52636,7607,34041,3912,2578,320,102325,54714,7951,35771,4061,1359,341,76405,43867,4959,23301,2955,1829,209,77964,45990,4149,24532,2307,354,19,23306,1747,62,19,43794,21955,19115,48472,27606,19564,49469,27359,20655,4751,19810,16416,5682,12805,7347,1089,1130
104092,83441,4812,7790,6059,1770,201,104101,83014,5584,8413,5701,987,297,80447,66529,3044,5308,4060,1202,117,77533,66028,3112,4788,3048,362,119,4273,2588,8,119,56097,17682,34483,62919,24966,36104,63153,24835,36295,3390,16695,13798,6091,18092,10758,1643,1212
101628,90328,3004,2975,2605,1920,94,101188,90150,3288,3300,2627,854,58,80461,72695,1932,2086,1704,1383,69,78159,71973,1844,2053,1733,466,5,1889,1334,89,5,63782,17116,42574,66642,22101,42597,67151,21748,43259,3626,17299,12291,6057,18487,11789,2417,1380
98319,51844,6429,32299,6108,2353,128,96223,48716,4621,34616,7274,1452,278,75471,43638,4047,21951,4386,1708,84,70110,42804,2329,20768,3462,639,34,19737,2928,144,34,40595,18732,20020,42143,20772,20461,44276,21509,21544,7029,22139,13357,5600,11501,5715,1136,859
95179,63083,11685,14778,2758,3487,144,94203,62276,11018,15740,3006,2407,46,73534,52166,7203,9864,1993,2505,102,68796,52139,4950,9193,1470,818,16,8375,1196,226,16,40537,14469,24196,36297,13742,21674,36334,13000,22366,9504,26853,13356,5080,6565,2362,411,345
102334,56770,5451,27852,10693,1770,128,100520,52802,6304,30230,10679,1105,204,80351,48052,3589,19430,7927,1277,82,74236,45274,3229,19404,5809,454,78,18597,5581,73,78,49513,24398,22188,49909,27575,21008,50012,27598,20884,6161,18414,14937,5647,16721,8066,981,1224
96888,58005,5826,25570,6878,1344,135,94457,57936,5835,22990,6948,1235,13,78436,48738,4192,19673,5299,949,97,72522,48638,3456,16408,3433,510,4,15560,2971,78,4,47647,29185,14998,45864,31758,12739,45695,31610,12414,2940,10711,10141,3559,17860,10307,3267,2277
103885,70395,6995,14567,10872,1254,148,103133,69602,7520,16441,9684,838,80,82063,58580,4606,10064,7905,910,86,77256,58166,4627,9531,4521,406,12,8767,3944,50,12,54315,29118,21193,60122,36627,21763,59023,35526,21309,3322,9509,10513,4188,25093,13254,6149,2332
104679,24033,8379,66023,6401,1762,133,108620,25254,8642,70346,5803,1572,93,82129,21089,5574,50440,4959,1318,103,79774,22068,3407,49919,3425,677,40,48740,3042,47,40,41063,32136,7124,51329,42921,7523,49816,40513,8042,5281,15676,15717,5822,18214,11696,1784,1066
104417,25055,6299,66776,6140,1422,182,105613,27354,9516,63788,5872,1363,68,80222,19915,4194,51459,4451,1066,117,73367,21108,3458,45596,2766,396,7,44709,2438,95,7,42517,34921,5857,51582,43269,7490,50899,40064,9379,6177,16336,15773,5889,15807,9063,2295,1373
104553,54657,9012,26371,13043,2030,203,104170,52121,11073,27035,13150,1070,816,82301,45672,5897,19794,9659,1459,154,76576,44861,4081,20248,6675,300,16,19379,6005,102,16,44494,25777,15589,47836,30166,16207,47177,28649,16463,7291,17639,12893,5025,15263,8730,2203,1221
95438,30884,4386,56508,2985,1243,103,96637,29308,5704,58954,2566,873,50,75043,23851,2983,45153,2517,981,80,70895,22399,2585,44288,1174,376,4,43286,1017,79,4,37969,30504,5480,44880,37064,6970,43778,34818,7765,6280,16211,13590,4302,12436,9803,2777,1802
98543,30533,4712,53603,9348,1491,133,96165,29424,5726,55375,5919,1357,163,84117,27683,3848,43533,8662,1196,106,75803,26202,3423,42303,2783,507,30,41364,2270,173,30,42547,37385,3087,41059,37291,2915,40226,35644,3036,7964,16711,11915,3959,13277,10187,2796,3145
95861,12185,3162,76462,4081,1405,129,97778,10512,4449,80189,2581,1087,292,78072,11517,2503,60216,3793,1071,95,73951,9950,2286,59842,1184,678,20,58297,936,126,20,39558,37058,1125,36716,34584,1498,34388,31206,2058,9356,22836,15685,3571,10151,6242,2056,1125
95549,26396,7585,57150,4125,1636,112,90217,25668,5449,54513,4042,1658,69,78195,24351,5416,44477,3580,1256,85,69807,23242,2690,40967,2167,674,41,39960,1497,272,41,41814,36470,3274,39320,35075,3366,40658,35173,4055,9009,18598,10234,2622,13884,8256,2750,1938
98520,24198,16115,55454,2296,2222,117,95971,24964,13946,55129,2424,1826,315,76097,21589,10409,41819,1816,1609,97,67266,21394,3769,39908,1334,466,19,39069,1035,23,19,36377,28803,5806,36938,31027,5181,36192,29543,5488,9148,21599,12944,3684,11086,6499,960,909
101797,33100,9967,54713,3533,1964,159,96475,29038,11744,52508,3164,1931,150,80176,29472,6486,40599,2962,1493,117,70955,25944,3970,38586,1703,917,9,37179,1450,75,9,41137,32453,6433,38548,32219,5444,35512,28725,5582,11318,19586,12903,3022,11600,6696,1730,1069
101971,86670,4744,5434,2744,2064,130,104654,89760,4796,5328,2958,573,55,79998,69743,2957,3701,1838,1440,79,80770,73281,2091,3155,1837,371,0,2747,1402,72,0,50520,13377,33291,56895,19223,35645,58954,19749,37332,4320,23249,14281,6590,15194,7100,1048,1083
101740,81013,4156,5270,9149,1706,143,102149,79220,5832,6486,9413,1125,128,78686,64587,2635,3805,6063,1176,84,74453,61862,2877,4156,5060,392,17,3701,4617,34,17,60104,20920,34614,62946,27104,33615,63130,26975,33671,3615,13633,10829,4571,20656,11104,2021,1998
99207,50394,4454,11467,31897,1072,150,99047,50469,5061,11202,31280,1070,143,73695,40391,2852,7742,21766,714,91,66692,40327,2302,7091,16299,428,84,6219,15433,138,84,45226,26591,15142,56300,37867,16829,56105,36608,16738,2126,6401,6728,3233,21004,16043,4615,4373
103320,44860,10633,32228,15297,2090,206,102892,43735,10420,33480,14582,1470,432,80474,38165,7142,22942,11658,1455,148,74709,37761,5569,22617,7913,526,36,21200,7151,74,36,52848,39080,9801,58392,46760,10020,57111,44150,10609,3252,9055,10198,4477,21502,17659,3325,4357
98970,39000,11120,28271,20119,1865,197,102907,39303,11949,30070,21639,1786,426,73331,31670,7239,19516,14188,1344,133,69295,32288,5169,18628,12395,352,24,17841,11337,0,24,45343,29196,12851,48859,34936,12501,49642,34149,13348,4456,9907,9822,4160,19761,13556,2260,2253
101240,35246,12494,43509,10087,2268,365,105607,36300,13578,46725,10025,2614,124,77507,29034,8356,32212,7601,1638,212,74884,30578,5883,31859,5829,556,40,30208,4853,82,40,33414,23078,8137,44194,32781,10283,46637,33940,11101,4298,12815,13595,5972,17598,11172,1552,1185
101521,56606,12107,25479,5598,2839,268,100980,53098,13477,27270,6257,2770,162,78979,47076,7898,18152,4245,2113,196,72525,45672,4909,17899,2937,946,30,16666,2351,209,30,44106,19836,21622,44603,23120,20208,44006,22536,20053,7300,21950,15463,5313,11174,5166,739,776
101893,74614,6455,13737,4722,2457,211,102615,74987,7074,14903,4603,1435,48,79432,60171,4087,9818,3388,1781,140,78320,61627,3432,9759,2884,782,0,8596,2036,116,0,51120,17589,30333,55351,23615,30197,56574,23824,31088,4666,19601,16783,5555,15792,8239,1201,778
98782,67763,6837,14840,7658,2035,274,100348,66150,9487,16655,7261,1425,258,75269,53530,4418,10540,5380,1405,206,72862,52226,5487,10636,3550,493,46,9624,3134,59,46,49268,22641,22630,57511,31696,23909,57551,31820,23490,3240,12673,12266,4200,19896,12184,2143,1322
103038,70828,13095,13882,3588,1901,177,105560,76160,10727,14079,3566,923,222,82522,59708,8415,10434,2612,1401,108,82486,63981,5357,10417,1995,392,86,9835,1570,66,86,47241,24904,18768,59265,35561,22167,58655,34436,22278,4643,12970,13471,4750,22116,13064,2940,2350
102908,77265,4618,15226,3133,2638,309,105193,78836,5355,15574,3823,1745,410,79127,60963,2856,11223,2065,1832,165,80052,63177,3258,10869,1718,819,31,9536,1350,110,31,53298,20336,29617,55487,25263,28887,60690,26113,32987,3873,20200,15592,6027,14388,9180,1400,1132
101215,69784,6188,18229,5094,2540,309,102310,70296,6517,18921,4626,1903,42,76814,54848,3970,12814,3502,1794,206,76408,56006,4117,13237,2245,808,6,12208,1601,72,6,43694,15967,24388,49368,21354,26469,52166,21782,28709,5493,19403,13100,5189,13884,8926,817,908
99245,53180,5315,35584,3597,3216,325,102183,52298,6514,37888,4545,2877,568,76794,43020,3343,26338,2438,2326,222,76155,41952,3262,27537,1813,1315,90,26008,1300,177,90,48587,22926,23440,53836,29058,23604,57881,32076,24258,4256,21879,16612,5878,11627,6263,854,688
98413,16568,8363,68121,5902,2591,226,100375,15622,8507,72764,5946,3724,89,74056,14315,5389,49879,4344,1872,124,72126,13382,3970,50130,2852,1518,22,48167,2699,238,22,43367,34437,7254,52789,44441,7399,51956,42572,7993,3429,17373,15628,5749,13415,8389,661,922
94902,6239,15205,68374,5595,1902,196,94504,6660,18711,64946,4885,2503,250,76491,5645,10318,56096,4601,1404,168,68545,5671,6372,52792,2766,695,31,51280,2682,240,31,43447,39441,2756,49556,45229,3486,46009,40582,4230,7020,18949,16422,4258,14570,7726,1038,685
95161,10021,8369,75038,2456,2093,210,96487,9552,8475,76487,2267,1733,314,75343,8829,5556,59308,1900,1611,161,74177,8183,3554,59980,1199,558,22,59198,1148,85,22,40445,35725,3549,50498,45348,4289,48999,42990,4758,4662,19642,16408,4784,13279,8123,714,704
97735,2002,11672,83472,1261,1769,125,92192,2851,13071,75443,1507,1756,240,76180,1793,7625,66139,956,1339,88,66400,2604,3915,58900,489,629,113,57823,456,77,113,40396,38631,946,39162,37144,1311,33963,31114,1893,7093,25146,16972,3573,9579,4405,380,422
97051,3474,6442,85560,2658,1449,143,98412,5359,6216,85977,2641,2224,182,76657,3198,4332,67713,1985,1118,96,72979,4620,2526,64113,914,721,0,62615,823,84,0,40579,38129,1499,56281,52985,2492,55352,50757,3396,3997,13343,14906,4262,18668,11086,1924,1568
96662,4364,22415,68591,2087,2034,165,96452,3782,25283,67122,1924,1905,47,72792,3605,14818,53259,1506,1487,127,57561,2869,6626,46784,724,442,5,45357,658,8,5,41838,39262,1403,37347,34550,1942,33760,29887,2876,9422,20841,13376,4003,10921,4548,795,763
99760,9155,48438,39739,3546,4047,230,98826,11294,47458,37355,4200,1961,174,75772,7818,33317,32406,2970,2951,171,47589,8369,11501,25755,1481,459,5,24868,1266,68,5,33721,30441,2114,27918,24688,2513,25673,21156,3492,16910,16288,11143,3388,10563,5796,1151,1389
100697,23729,41425,23854,12062,4488,157,101389,19140,44545,28406,10508,2505,213,79936,21919,28668,19068,10453,3350,122,50341,16873,8594,18791,5485,553,10,18101,4821,114,10,27813,22928,3327,22281,18624,2996,20877,16356,3648,16188,10445,6069,3794,9007,6168,1008,1211
99356,17795,19950,55468,6831,2180,163,97115,17100,20599,52401,7020,2441,49,77359,15715,13292,43260,5407,1647,115,64671,15345,7184,36735,4371,883,9,35842,4064,89,9,47019,38785,6201,48477,41322,6081,45751,37353,6772,8043,14746,12560,4902,15716,9115,1678,1579
99142,17821,25359,47404,9231,2419,185,98637,13972,25915,50302,9153,1746,94,77159,16202,17292,36449,7401,1773,146,60586,12981,8003,33278,5295,867,11,32279,4944,119,11,38535,31007,5710,41269,34062,6164,41708,32724,7496,7961,14097,11712,4910,14127,9426,1741,1838
97283,32362,7273,52715,4884,1854,167,95212,30620,8456,52568,4096,1303,191,75739,26551,4780,40604,3504,1346,120,69975,24911,3988,38223,2268,717,38,36625,1799,73,38,44254,30425,11296,57360,44594,11456,56658,43073,11889,3687,12409,12171,4845,16862,13077,1817,2165
95276,32829,23529,30608,8416,2476,195,95715,34233,21231,31116,9666,1861,275,74044,27286,16405,23811,6538,1767,142,59609,28076,6794,18848,5048,416,28,17876,4377,107,28,35743,31604,2424,43837,39790,3105,41707,36208,4053,8081,8713,6683,3190,16476,14305,4758,4432
100033,25410,18009,44781,12432,1873,157,101859,25330,19250,45452,12267,1828,167,76224,20855,12679,32820,10002,1410,117,65905,21216,9482,27111,7755,316,43,26346,7189,117,43,40937,33104,5736,47906,39497,7329,46173,35141,9316,6290,11978,10770,5455,16891,11409,2720,2911
100221,35675,20500,28397,14834,1823,186,100678,33902,20354,31308,14290,1546,352,79045,30822,14205,21301,11851,1318,143,66412,29034,7872,19011,9538,428,51,18138,8937,101,51,45956,33524,9949,54098,41964,10958,51380,37837,11681,6433,12385,9831,4666,18905,11673,3219,3054
96069,31036,36818,16290,11653,2805,196,96692,31109,38346,16812,10253,1924,29,73165,25078,26229,12302,9176,2116,134,57400,24813,16259,9733,6294,326,8,9266,5641,147,8,42208,33495,6251,42641,34483,7021,41253,31189,8517,10821,11778,9575,2989,14243,9672,2996,2332
100037,70244,8701,6015,13461,931,157,99167,67997,8920,7203,13845,787,148,77898,56231,6236,4452,9709,673,119,67967,51602,5087,4071,6541,354,18,3733,5533,62,18,52650,41808,7484,58555,49546,7749,58778,48536,8180,1401,2244,3196,1147,19608,19768,12183,8645
103599,57926,11000,9361,23839,1003,180,102160,56342,13270,9053,22595,787,161,81345,47731,8003,6740,17661,704,128,71176,45021,7642,5489,12441,296,19,4981,11293,19,19,49948,36267,10399,58399,45395,11675,56360,41676,12336,3027,4211,5440,2513,21882,18867,9494,7986
95042,44378,16658,11885,21203,1655,185,96268,44487,17893,12322,21344,1481,248,75310,37192,12122,8784,16317,1227,130,63770,35242,8932,8121,10852,306,10,7605,10192,150,10,44227,31894,9524,48801,37880,9659,48682,36396,10370,4888,7698,8625,3403,19063,13914,3838,5803
99884,36646,27847,20302,14778,2530,222,98362,34279,26632,20984,15976,2663,308,76130,30597,19058,14484,11463,1747,151,64636,29146,13063,12024,9671,402,121,11370,8905,162,121,51504,35700,12676,49927,35914,12596,47398,31843,13583,7113,12434,10532,4757,18712,10575,2389,2138
104535,36153,23908,17657,26397,1879,244,104957,34654,25934,16111,27252,1646,153,80532,30255,16638,12875,20257,1371,164,63298,29142,8023,9701,15864,341,19,9233,15405,42,19,42634,31536,8650,46556,35913,9477,45022,32755,10540,6718,9391,8826,4597,21447,13755,2599,4542
96452,26024,21647,27002,21902,1907,201,96377,24015,21411,29074,22649,2009,133,73160,21932,15160,18812,16941,1422,145,61757,20582,10157,17211,13216,367,0,16593,12721,67,0,40042,29831,7928,44326,34097,9043,43068,30683,10646,6602,10268,10485,4566,16695,10827,1706,2733
97349,51598,11348,12743,20685,1628,164,102307,50770,14714,12923,23056,1376,202,71226,40266,7556,8316,14202,1107,106,68603,40801,7500,7438,12158,407,12,6712,11658,102,12,44319,24420,16648,53885,33840,18627,56133,33683,20116,3160,9297,8759,4124,20611,12430,2726,3383
101436,64507,12182,17352,6269,2188,226,108982,67254,13820,19833,7800,1468,158,79098,53679,8118,11744,4411,1536,159,79555,56175,6583,12087,4072,416,17,10865,3671,91,17,46057,24556,17765,54342,33538,19264,58958,36052,21005,4529,17052,12611,6138,17852,11197,1720,1890
99708,81241,6283,5701,4221,2134,181,105076,82731,9003,7076,5262,1203,167,76478,64369,3936,3704,2710,1501,119,77756,65460,4930,4371,2493,437,20,3721,1869,69,20,51782,17758,30281,57084,24134,31208,61054,25849,33403,3796,17411,12757,6042,16305,9307,1360,1389
104010,58139,16357,23069,5205,2551,193,104283,58770,17024,23682,5445,1703,242,79680,48464,10440,15868,3750,1853,115,73225,47615,6257,14966,3140,477,0,13503,2668,111,0,36809,17745,16567,40848,22455,17307,42654,22434,18877,9288,21439,14721,5706,11259,5526,1127,943
94832,78033,5030,7664,2133,2052,176,95823,77725,5415,9293,2749,745,157,74587,63001,3212,5365,1404,1479,94,73019,63817,2392,5279,1273,316,81,4534,811,41,81,45710,12233,30940,45910,14825,30105,50047,15968,32821,6763,24328,13482,5291,9438,5679,744,426
96912,85355,1470,6910,1175,1679,116,96067,85020,1721,6473,1232,1264,57,79374,70205,1045,5667,884,1283,79,78121,70623,1019,4989,612,811,29,4377,488,212,29,44665,10442,32046,46252,12439,32888,47975,12687,34124,6561,28255,12617,6663,8619,4905,964,770
97314,89142,2011,1499,1920,1739,124,99738,90580,2451,2084,2141,1159,108,79186,73576,1318,916,1291,1277,70,79062,74642,1338,1074,1369,513,34,823,998,106,34,54424,28341,22358,61571,35921,24033,62861,36465,25191,3585,20301,13839,7886,16816,7579,1688,1047
99832,89874,2129,2234,3010,1711,84,101996,90969,2801,2439,2553,1055,43,82323,75434,1415,1397,2088,1300,66,83495,78286,1736,1356,1424,703,5,666,701,114,5,54950,30329,21140,63269,39374,22260,64124,40065,22814,2768,19138,12935,7716,19274,8486,2752,1538
95140,75572,3548,9677,4135,1519,152,96033,74819,3244,9937,4659,875,121,79924,66324,2542,6133,3123,1158,119,76397,68058,2042,2800,2743,540,10,2366,2283,87,10,52862,38891,10813,58555,46484,10344,55709,43874,9831,3271,11883,11442,5434,24021,11095,2841,1688
95720,86996,2124,1788,2230,1771,107,97660,89587,2396,1709,2078,910,88,77437,71402,1462,1153,1517,1293,78,78175,73929,1549,855,1249,537,13,402,737,37,13,58052,33429,20619,65373,42068,21450,66480,43460,21510,3067,15164,11330,5855,18354,10942,3229,1901
97873,83617,1973,7765,1453,2345,134,100277,86304,2334,7695,1898,1410,51,77440,68618,1276,4162,1014,1721,99,76634,71195,1470,2248,970,642,13,1731,752,28,13,48557,20666,24079,51474,24975,24864,51229,24316,25813,5738,24200,13699,8549,10593,3929,889,479
98371,87778,2001,3216,2627,1789,121,100519,86957,2573,2488,3264,1473,133,78848,71592,1348,1990,1807,1345,86,78617,73241,1413,1104,1850,982,8,837,1169,173,8,53845,26658,23390,61460,34850,24758,61815,35154,25406,2176,18162,12845,6968,20219,7170,1874,1099
99453,92309,1444,1146,1071,2350,116,101109,94052,2024,1257,1061,1270,107,82075,76841,978,742,746,1829,91,82861,79310,1295,588,571,904,9,258,366,151,9,57942,28159,25660,63709,34366,27602,64827,34968,28293,4304,24739,13372,6112,16927,7216,1665,1089
100033,90977,2175,1637,1725,2629,127,102801,94173,2117,1731,1794,1723,38,81494,75070,1419,1000,1252,1977,84,82323,78103,1396,886,799,1057,4,636,477,146,4,53509,24271,24990,58304,29001,27486,58958,28613,29120,3980,25027,14318,7217,13628,5738,1429,1689
95085,87981,1528,1054,1283,2227,104,96652,89597,1701,1410,1291,1422,106,78449,73352,1033,662,906,1664,78,79051,75578,1217,616,660,872,5,352,370,226,5,55126,26784,24132,60081,32063,26256,61892,32895,27441,4132,22590,13407,6565,15804,6964,1368,1253
94423,87566,1364,939,946,2494,86,96856,88325,1277,1079,1042,1509,223,76303,71588,842,516,609,1856,59,78867,75875,755,546,398,1108,70,301,256,161,70,51473,19934,27393,57732,25496,30430,60674,26342,33238,5313,25445,13726,8741,11681,4803,702,463
99065,91584,1447,1128,1081,2672,123,100558,94319,1538,942,988,1275,77,79908,74625,874,630,763,2054,95,81844,78891,1032,466,606,822,17,233,414,115,17,53022,20545,27825,55645,23538,30433,57133,23204,32881,5342,29643,14815,8400,11179,3546,688,465
94333,87850,1333,885,774,2637,106,95602,89928,1089,965,727,1734,63,76855,72268,831,489,526,1982,69,77601,74802,659,480,406,1188,36,415,193,211,36,51142,15909,31651,54210,17642,35275,56499,17887,37717,6048,28777,14608,8459,9952,2824,556,421
97517,87268,1953,2200,2361,3101,123,99627,88696,2777,2212,2107,2536,97,80098,72741,1344,1443,1779,2315,85,80279,74588,1648,1145,1134,1673,44,895,807,729,44,51345,24196,22979,54584,28352,24187,55116,28476,25391,3241,18894,13060,7648,15299,6704,1551,1738
98200,89750,1579,1136,857,4518,112,98389,89499,1944,1620,815,3990,140,79745,74073,974,727,590,3034,69,78564,73600,1191,677,424,2584,17,425,191,1484,17,51686,19623,28564,53402,20940,31389,54049,19926,33330,6795,27632,14814,7584,10986,3865,833,733
99684,89661,1655,1671,1606,4322,156,99987,89497,2026,1686,1902,3600,155,81343,74081,1124,1260,1268,3025,88,80150,74510,1224,1142,783,2370,86,950,552,1245,86,47496,16856,27992,54315,21033,32428,56372,20828,34734,3776,23789,15993,8127,10897,5011,728,1409
99195,83514,1916,2289,1024,9813,147,101357,85641,2008,3290,1504,8515,299,80885,69673,1348,1703,734,6799,81,82966,72197,1265,2566,679,6025,13,2092,354,3391,13,48221,21660,23395,55109,27518,26577,57044,27941,28122,3579,20897,15702,6848,14005,4866,1055,947
102729,86743,1745,3328,757,9869,114,102044,85813,2046,3999,871,8179,52,83766,72171,1079,2896,515,6632,75,82556,72437,1184,2784,426,5586,14,2224,267,3403,14,49511,16407,30631,56862,19698,36346,59064,19722,38530,6076,28759,17107,9194,10176,3751,731,407
101536,92506,1831,859,790,4494,171,102599,93639,2186,1436,981,3386,90,82751,76430,1143,508,548,3241,137,83462,78476,1293,660,506,2366,23,356,318,749,23,55734,18836,33873,65752,25564,39160,68921,26738,41138,4685,22006,17341,7498,14443,7120,1736,713
97228,87381,3218,1222,1283,3192,152,97909,88240,3455,1501,1159,2694,14,79813,73136,2105,695,840,2217,76,80343,75249,1985,751,677,1521,7,619,416,519,7,57275,25565,28532,66435,34397,31047,68562,36336,31177,3210,14530,15685,7269,18574,9278,2547,1425
96368,85723,3628,1720,943,3573,151,97841,87327,4005,2220,1134,2267,82,77372,70073,2274,1180,620,2561,86,78157,72032,2369,1622,557,1597,30,1110,321,589,30,48636,17375,28368,57433,22496,34021,60730,23555,36285,5365,22964,16539,8168,11624,5080,954,595
101712,93867,1483,1019,770,3735,116,103054,94759,1816,1497,883,2632,45,83305,77863,933,519,508,2719,79,84170,80018,1088,776,461,1737,5,553,239,551,5,53093,16422,34025,61791,20719,40164,64740,21371,42480,6315,27207,18470,9235,10160,4453,1027,367
100840,93698,2049,945,751,2538,121,102160,94146,2351,1428,826,2087,75,84165,79036,1325,516,511,1978,69,84811,80537,1696,751,446,1341,9,468,342,155,9,53847,16548,34711,62082,20170,41083,65577,20518,44202,8161,28517,20156,8574,8212,3959,1022,305
99372,91980,2074,930,538,3053,64,100336,92233,2311,1513,724,2111,71,79747,74586,1306,502,380,2258,39,79850,75818,1420,808,344,1461,9,507,248,424,9,47068,14823,29963,55578,17880,36926,58730,17795,40163,7940,27769,18279,8083,7007,3131,411,388
99980,83166,4332,4317,3429,4270,184,100118,84941,4649,3631,3432,2850,200,80002,67873,2895,3144,2547,2998,126,80008,70848,2991,2423,1915,1677,8,1748,1444,1014,8,44405,19345,21924,51074,25138,24959,52688,25648,26161,3054,15719,11951,6290,13788,7317,1271,2300
103856,90811,5930,3302,941,2527,63,103008,90838,6117,3343,1063,1807,87,83217,74716,3735,1794,670,1824,27,82471,75157,3920,1689,620,912,55,939,399,73,55,52934,21642,28328,60324,26186,33157,61331,25767,34792,6785,25312,18784,9176,10450,3416,763,466
97437,88675,2557,1992,897,2662,74,99532,89875,3061,2515,1021,2024,62,76163,70119,1673,1253,640,1918,42,77754,72959,1628,1412,462,1204,19,1061,330,327,19,44784,13395,28903,53603,16565,36098,56460,16887,38676,5751,25603,14772,6572,9294,3902,465,853
95747,84058,4954,2416,793,2746,133,97432,84729,5261,3116,802,1850,156,74835,66682,3419,1619,515,1974,76,75948,69193,3193,1810,483,1059,53,1356,299,296,53,43211,12587,28332,51744,15999,34905,55592,16653,38121,7797,26641,15313,6402,8284,3118,539,342
99354,85010,7281,2139,875,3223,89,100857,85863,7758,3524,731,2071,230,76594,67421,4448,1123,575,2275,50,77845,69826,4221,1940,466,1245,13,1083,294,377,13,46364,17005,26510,55698,21072,33640,59219,22057,36277,4773,25099,17152,8387,9490,3828,616,351
99126,62919,6702,25561,1290,3001,147,98036,64100,6978,24377,1497,2010,349,77029,51894,4233,17849,870,2109,85,74133,52416,3581,16229,711,1077,83,14800,447,355,83,41286,23439,15556,48219,28489,18864,48184,27972,19472,6447,23854,15527,8055,9780,2896,707,208
95746,65201,6308,19489,2241,2143,100,95154,65045,6166,19369,2399,1432,62,75676,54927,3890,13353,1548,1524,59,72830,55364,2543,12960,1183,757,47,12134,708,128,47,48280,23535,22427,55100,29553,24750,56029,30079,25234,6308,17347,14961,6482,14080,7114,1537,775
98552,71988,16789,3645,4584,2333,155,101444,73843,18487,3677,5040,1640,243,77073,59364,10924,2067,3182,1644,99,76558,62200,9497,2026,2272,530,17,1544,2012,137,17,46907,20276,23663,55860,27861,26967,57908,29003,28007,4988,17200,13335,5560,15144,7212,906,1521
99256,81229,8729,3170,4255,1736,124,98950,81361,8947,2753,4219,1046,268,74842,62824,5579,2086,2922,1172,74,72921,63529,5066,1526,2429,324,37,1113,2106,35,37,42691,9973,30261,51922,15923,35050,56513,18071,37589,3246,15813,12114,6088,13442,4252,521,391
98392,88303,3864,1956,1844,1676,109,100809,90992,3490,2345,1628,993,38,74153,67882,2336,1105,1131,1133,82,75578,70624,2089,1222,1022,508,0,935,740,90,0,52307,14724,34543,60845,20921,38896,64086,22579,40537,2635,16680,13723,7178,16519,6269,1085,879
102936,85917,4529,6609,3876,1740,138,103751,86099,4746,7473,4088,811,274,79716,68475,2885,4344,2505,1181,83,77630,68266,3140,3717,1821,424,72,3183,1390,122,72,56184,26217,26416,65062,35745,28112,66904,37116,28643,2680,13279,13601,6327,21929,9890,2338,1519
102306,73322,12526,11906,2584,2818,193,100569,72201,12225,12090,2888,2367,51,81539,62015,8216,7477,1977,2005,137,77306,61460,6226,7397,1452,654,9,5886,1167,184,9,45039,21615,20043,53214,30155,21845,54515,30970,22562,4592,17937,15027,6151,16531,5560,1035,666
99337,45597,32639,18379,2455,3409,161,100974,47402,32660,21546,2039,2580,178,72636,37909,20446,11823,1812,2336,115,64337,39159,12457,10869,1015,494,5,9851,688,131,5,36060,18960,14676,41516,24580,16042,41709,24478,16502,10807,18205,14416,5339,9302,3011,568,569
96730,54024,11770,20427,9778,1953,130,96636,50798,12949,23819,9223,1887,97,73303,44607,7478,13371,6932,1395,78,65322,42530,5848,11787,4336,558,4,10161,4078,134,4,40773,20364,17925,47857,26993,19974,48609,27069,20673,6831,16842,13436,5825,14906,5146,594,497
98370,68808,6269,16807,5151,1658,90,98909,70611,6503,15198,5377,1268,53,77102,56355,4194,11709,3681,1189,60,74010,57381,3389,10304,2473,484,0,9382,1705,98,0,49626,28356,18174,57308,36739,19454,56999,36326,19628,3081,9571,11357,4957,22058,10037,3349,1541
97433,87460,4173,1532,1339,1939,82,98712,88116,4109,2023,1669,1131,108,73033,66982,2446,797,752,1318,36,73615,68978,2197,867,823,683,0,438,407,128,0,49121,14867,31158,59559,20956,37437,64080,22701,40431,3449,18177,15489,7488,13798,6480,1083,633
95364,72970,6185,9500,4454,2217,130,95737,74356,6298,9285,3885,1343,68,75131,59351,3940,6684,3321,1581,84,75411,62425,4384,5983,1698,744,27,5189,1144,153,27,50112,25487,21732,58637,33173,24517,59612,33342,25305,2866,14543,15856,8262,17310,7218,1836,1243
101555,73383,7665,14805,3656,2600,125,99585,71261,7889,14774,4530,1628,250,77870,59098,4865,9477,2525,1922,84,74823,58361,4643,8549,2274,677,54,7767,1921,61,54,48981,24475,21297,56553,31011,24377,56739,30189,25550,4777,17668,17582,7449,13157,5365,1339,675
103997,59052,13046,23592,6976,3125,192,106342,59763,12557,23695,8581,2621,178,83942,51636,9077,16201,5328,2351,142,79810,51886,8351,14848,3480,1046,9,12616,2503,227,9,43660,30164,10783,48372,35550,11861,49292,35568,12647,5346,14252,15602,6339,13445,6799,1344,1588
100876,76868,4955,7819,9225,1815,118,99575,76066,5741,6288,9830,1340,128,83319,64645,3577,6054,7344,1350,96,77042,63924,3438,4165,4604,559,0,3431,3438,158,0,49115,29069,17470,52103,33435,17881,54978,34558,19388,1866,9374,10122,4151,14796,8867,2974,4005
102145,92306,3892,1753,898,2506,123,103054,93119,4529,2092,1252,1602,135,79029,72610,2406,937,604,1752,78,79153,73972,2454,1060,647,874,45,705,446,113,45,49315,15384,30658,57953,19607,37247,61398,20255,40216,4845,25502,18184,6695,11152,3607,583,469
104755,92366,5428,3283,757,2255,109,105156,91631,5488,5186,988,1362,69,81048,72553,3402,2472,440,1586,63,81835,73521,3246,3784,372,790,0,3178,164,149,0,46581,14353,29437,54824,17669,36166,57611,17910,38844,6240,28100,18095,7628,9131,3184,384,353
102113,87809,5074,5939,768,1943,119,102404,87721,5422,4850,762,2554,113,80522,69395,3407,5348,446,1408,81,79992,70364,2941,4155,361,1983,22,3455,251,462,22,39697,12613,24358,47596,16127,30529,50915,17005,33136,6981,28026,17536,7030,8030,2822,376,170
99038,79624,6046,7148,2481,3091,172,98730,79367,6395,7557,2464,1833,170,77737,64371,3753,4903,1848,2173,120,76147,65573,3329,4549,1520,1092,8,3828,1074,192,8,43371,14104,26895,50526,18410,31164,52984,19063,33175,5699,21431,17186,7416,10763,4737,713,1166
97768,78942,8975,4787,923,3879,134,97924,78778,10082,4627,1097,2754,67,75633,63529,5322,3083,595,2670,89,73776,64332,4798,2881,469,1247,24,2249,260,427,24,42233,15497,24261,49529,19519,29176,52549,19797,32037,7619,22656,15807,7241,9614,4035,585,345
100510,84374,6434,4241,3363,1927,141,103816,87069,6692,4683,3458,1085,82,74450,64285,3940,2423,2204,1298,91,74810,67130,3360,2364,1559,418,20,1694,1353,115,20,49576,13259,33507,60138,19861,39175,64151,21526,41662,3312,20187,12940,6323,15285,6360,996,948
97561,83996,6114,2884,1186,2632,74,98057,83373,7504,2428,1463,1411,78,74409,65805,3705,1621,717,1866,52,74904,68021,3912,1331,844,713,25,966,505,103,25,44905,16101,25887,53363,21065,31210,56802,21777,34122,5377,23957,16020,5974,11219,3792,803,427
100701,63252,7909,24257,3070,2875,137,100239,64925,7620,23014,3220,1329,110,79944,53956,5340,16048,2546,2112,87,77831,56211,4373,14939,1551,627,32,13174,1319,140,32,43693,28515,12300,47794,33504,13264,47926,33337,13749,4509,14136,12732,5313,12867,5734,789,1027
103160,79028,5064,11228,5510,2305,119,104250,78610,5806,12470,5725,1647,359,79836,63454,3300,7432,3831,1641,81,76794,63094,2862,7003,2873,820,24,6250,2375,122,24,52184,27293,21700,60483,35489,23852,61237,36018,24146,2944,12592,13396,5504,18870,9870,2191,1913
102691,92473,3045,2835,989,2702,80,102053,92498,2839,3381,992,1521,93,79846,73275,1881,1588,616,1883,50,78869,74057,1498,1776,454,870,7,1233,296,121,7,50537,15552,32222,58554,19593,37922,60847,19935,40065,4728,24298,16639,8402,11344,4376,645,343
101817,86107,7867,3713,1163,2303,101,102450,86592,8636,3755,1312,1836,47,76825,66633,4719,2478,769,1689,57,75142,68322,3193,2242,581,684,14,1731,333,44,14,39420,11968,25419,46209,14699,30695,48034,14648,32628,8527,26135,16236,6932,7548,3108,451,317
100639,70036,6546,17268,4128,2870,123,100339,70720,7090,16725,4283,2409,254,77170,56735,4144,11315,2789,2075,80,74524,57228,3866,10701,1683,1113,16,9031,1431,214,16,41713,19254,20129,46991,23062,23048,48687,23207,24809,6204,23516,16285,6301,9973,4232,781,599
99427,77101,4369,13590,1690,2540,74,99320,76664,4506,13778,1617,1565,27,77835,62356,2648,9434,1168,1904,61,76824,63074,2837,9280,696,784,22,8075,374,193,22,41388,19241,19778,48025,23897,23278,49873,24532,24588,5992,22481,17035,6629,10510,5794,902,626
99423,83126,8494,3994,1013,2774,64,98415,83433,8797,3987,889,1772,155,78518,67300,5490,2719,657,2046,40,77152,68080,5410,2296,422,789,33,1973,272,75,33,45897,16750,26430,53374,20918,31541,55012,20787,33463,6164,24831,15926,6946,10011,4635,572,403
95097,46087,12447,34780,1345,2177,125,94232,46360,12660,34196,1093,1388,113,72888,38953,8104,23850,992,1567,78,70838,38559,8057,23077,533,553,0,22209,321,98,0,43970,27859,14278,47063,30776,15632,46011,29298,16116,8437,20815,16028,7116,8305,2785,648,286
95027,82635,4457,3793,1870,1714,71,94433,81584,4721,4614,2061,1009,63,75716,66903,2941,2792,1348,1249,45,75670,67871,2895,3320,1013,530,19,3028,786,99,19,50229,16537,31191,56284,20312,35153,57835,20217,36796,3950,21986,14769,7983,11169,4973,1156,662
103235,92890,2880,2950,1258,2435,84,103027,93583,2932,2700,949,1256,120,81857,74932,1756,1836,876,1805,65,81175,76748,1571,1621,508,619,37,1263,275,107,37,50418,15626,32173,58701,19405,38319,61360,19426,41068,5071,25589,16552,7053,11802,5293,860,824
101256,36098,4823,57957,825,2542,110,99934,36526,4902,56571,1299,1341,41,75781,29630,3240,40874,620,1902,78,74723,30699,2972,39705,496,786,22,38078,311,223,22,42231,33795,7105,43784,34743,8518,41558,31735,9251,9984,25351,18575,5065,5124,2270,330,201
100582,71573,3808,19415,3147,2459,90,100222,69981,4719,19769,3149,1588,142,79032,57997,2559,13959,2344,1847,51,76908,57913,2660,13483,1834,808,23,12535,1669,143,23,50335,26210,21842,57963,32322,24805,58406,31094,26244,4605,17667,17710,7985,13090,5775,1960,682
100833,83593,4320,8186,1034,3057,109,100174,83002,4360,8621,1181,1900,61,79260,67444,2681,5495,726,2280,71,77610,67685,2809,5361,492,1077,0,4643,128,277,0,49172,21585,24997,56124,25669,29602,57643,25235,31660,6256,23531,18397,8071,9943,3351,474,203
103540,92219,3308,3292,1188,2738,92,102975,92947,3195,3859,1337,1118,30,81836,74020,2149,2113,767,2073,57,80536,74364,2103,2702,707,670,5,1998,434,106,5,54405,21161,30231,63445,26656,35789,65661,26606,38148,4377,21471,17803,9467,13182,5780,964,509
98942,91225,3250,1088,595,2009,63,98314,90401,3730,1500,625,1266,43,78487,73343,2099,560,380,1460,33,77777,73577,2437,731,272,728,10,483,223,56,10,48238,13364,32692,55361,15899,38718,56955,15694,40575,6475,31334,14627,7780,7398,2696,624,247
97279,86850,4460,1599,793,2620,78,97283,87586,4652,2149,1168,1411,118,76993,69756,2847,1136,514,1963,59,76958,71679,2625,1260,585,761,14,789,254,83,14,49272,13928,32804,57534,17733,38950,60530,17636,42120,5507,26355,17813,7297,8757,3633,507,326
98615,88281,3517,3114,645,2325,82,99467,89534,3144,3704,819,1040,42,78518,71320,2232,2186,399,1637,53,77534,71827,1873,2697,406,713,9,2319,165,106,9,48056,12699,33003,57683,16294,40552,61207,16286,44135,5888,25620,18100,7633,8828,3477,550,266
101814,88227,3868,5557,1158,2518,85,101421,88975,4372,5197,1094,1521,87,80364,71463,2481,3301,831,1767,54,79785,72451,2854,3081,567,761,20,2245,374,75,20,47936,17044,28028,56228,21844,33407,58763,21553,36275,6155,23159,18697,9375,9151,4674,892,310
99680,91040,2951,1233,911,2546,148,99823,92675,2889,1462,943,1174,0,78067,72362,1860,571,567,1866,109,78311,74240,1984,757,500,777,4,405,323,108,4,50169,17157,29962,58760,21567,36165,61479,21646,38942,5025,23584,18270,8365,10131,3658,624,457
94892,86569,2773,977,1480,2119,133,95987,89168,2909,819,1500,967,156,74478,68741,1856,595,993,1604,91,75834,72034,1920,387,864,604,4,273,525,139,4,50176,15554,32012,61195,22443,37819,63765,23013,39940,2876,17076,16457,6752,16824,5636,956,363
98624,84721,4587,4724,1195,2774,60,98462,85590,4656,4569,1308,1763,153,77811,68704,2895,2808,839,2009,39,77683,70507,2887,2530,759,796,13,1935,400,37,13,46136,17894,25797,53402,21599,30924,55387,21177,33390,6663,22778,16733,8095,10076,4561,893,568
95583,56509,3014,17969,16651,1204,79,95019,56321,2632,19003,15626,1100,252,78055,47857,2137,14166,12741,862,55,69197,47372,1597,13957,5280,522,110,12740,4807,107,110,50062,30069,17819,55939,36166,19067,54289,33924,18958,3024,9954,11572,5424,21290,14729,2746,1360
95579,29535,2277,60102,3155,1244,95,95043,32138,1841,57541,2905,1134,42,78297,24320,1652,49324,2529,1001,76,74604,25035,1044,46417,1416,915,9,44013,1242,56,9,55125,45100,8659,60421,49959,9982,58058,46543,10605,3752,11591,17262,5544,15623,11019,2818,1004
102845,88134,4054,5786,1240,2928,101,104392,90138,4374,6093,1131,1436,81,80723,70143,2721,4253,782,2190,65,80974,72674,2345,4275,680,889,28,3273,418,108,28,50299,17905,29679,60596,22879,36709,64182,23303,39906,4854,24903,16434,7968,11692,5010,796,575
100655,89504,4137,1990,2065,2042,73,101646,90579,4230,2258,2232,885,71,78345,71047,2586,1219,1311,1481,44,77415,71871,2355,1508,1194,474,0,1073,901,59,0,53652,15188,35954,64344,21004,42478,67513,21347,45270,4136,16269,16715,7602,16543,7557,1011,517
104417,82388,2906,8897,8223,1457,108,102960,79313,3542,9941,8635,888,309,84152,67852,1997,6471,6281,1067,77,76710,62185,1810,6973,5107,509,121,6360,4505,26,121,46442,19656,24684,54763,24883,29233,57273,23236,32751,7907,21605,14714,7584,14595,6134,842,708
104573,86567,2877,4829,8409,1287,90,105518,84463,3458,5371,9479,1065,212,84323,70831,2051,3425,6582,960,57,79770,67586,1795,3646,5683,650,195,3259,4948,222,195,49001,17432,29696,59284,22584,36048,62026,21249,39649,7993,17836,15597,7116,16176,7901,2168,822
104451,87234,3221,7050,4621,1529,97,105897,89731,2847,6449,5358,933,84,80068,68089,2052,5064,3185,1078,61,77446,67968,1637,4521,2745,501,0,4156,2445,111,0,51409,17978,31501,63885,24710,38491,67130,24023,42209,4284,16633,14955,8356,15282,7798,1171,529
103405,72870,3242,22441,2622,2082,90,102673,71240,4267,22211,3282,1936,174,83596,61912,2177,15754,1957,1537,69,81067,60468,2136,15735,1828,922,0,13926,1368,75,0,48886,23507,23193,55503,28731,25967,55996,27596,27513,6228,25166,19158,7784,10374,4145,753,361
96512,81829,2889,7306,1793,2259,97,96809,81314,3175,8415,1754,1427,161,77822,67507,1898,5047,1249,1623,62,76758,67147,2039,5680,934,665,16,4843,591,51,16,50515,17927,30365,60142,23308,36008,61974,23129,38050,3991,19136,18246,9353,11913,5329,894,423
94839,60439,2604,27708,1865,2013,86,93576,59155,2381,28425,2029,1042,76,75202,51266,1682,19096,1322,1504,53,73360,50204,1761,19763,1087,598,4,18745,751,54,4,47005,25057,19702,53664,31019,21888,53838,30550,22491,6004,21395,19114,6928,9688,3912,787,186
97250,68440,2495,19714,4024,2306,109,97347,65625,2851,21229,5632,1357,197,78048,57807,1679,13643,2863,1766,78,75625,55157,1669,14465,3366,730,58,13790,2867,107,58,45825,21967,21815,52275,26973,24537,52546,25830,25615,7538,24386,19108,7337,9543,3126,404,332
96867,56947,2568,21904,13306,1889,113,94866,51525,2129,24243,15666,1616,161,76046,48038,1770,15067,9385,1431,79,69728,43548,1343,16020,8004,868,10,14869,7700,124,10,39692,21600,16416,46194,26593,18924,46521,24060,20562,10064,20727,15526,6649,8914,3125,1115,337
100615,82864,3734,4777,7066,1578,111,99492,78934,4712,6537,6648,1042,167,84541,70956,2746,3640,5477,1172,75,80425,68414,2979,4435,3723,512,11,3840,2993,132,11,57079,32199,21223,65390,41502,22823,65633,41172,23246,3166,11588,12358,5882,26234,12246,3019,1591
103590,67413,3438,26225,4349,2109,74,103157,67449,3040,25068,4734,1227,285,84977,57420,2510,19739,3468,1666,55,83539,58329,1920,19531,2743,700,72,18675,2256,74,72,53473,36755,14046,62417,45035,16479,62449,44190,17123,6252,17386,16838,6332,19596,8732,2145,807
103436,74816,4637,4686,17122,1423,92,104390,75033,4415,5323,17092,1245,33,81136,60579,3082,3462,12386,1037,62,73798,58918,1766,3296,9225,377,12,2726,8445,68,12,54231,24192,27526,62791,32089,29947,62521,30539,30541,2311,9591,9443,6069,23272,15991,2408,1787
101118,70671,3095,4318,21465,956,55,101607,69114,2479,4585,23490,792,108,77720,56427,2031,3144,14999,651,46,69596,53970,1367,3036,10795,294,36,2715,10430,15,36,55239,26934,26038,63397,35190,27556,62437,32952,27921,1540,6391,7792,4042,23750,17847,5896,2700
99406,73459,2584,11662,9984,1031,97,99362,70607,3673,12925,9951,600,167,79590,59684,1760,9123,7697,700,68,73603,56602,1916,9351,5443,265,13,8806,4963,57,13,58425,32400,24023,67448,39290,27552,66849,35723,29260,3005,8356,11205,4449,22180,13536,6888,2121
100770,63349,4337,9594,21622,1365,100,101572,62997,4271,8894,23365,717,131,79205,52636,2981,7210,14965,1018,73,68417,51609,1906,5888,8441,433,6,5483,7927,75,6,45425,22401,20893,54315,30118,23540,54368,29186,24125,1845,10745,11644,6100,22657,14095,2488,1763
96864,86080,3296,2055,2149,2288,76,98471,87282,3581,2390,2893,1091,7,76192,68862,2062,1307,1453,1682,59,75136,69465,2225,1408,1450,545,4,1197,1212,57,4,52556,17697,32007,62523,24804,36813,64951,25194,38785,3627,16350,15667,7185,17009,7605,1153,599
101802,83896,6697,5818,2464,2397,63,101444,83607,5736,7183,2444,1486,234,82702,70169,4424,3898,1756,1862,51,79994,69894,3135,4432,1458,871,52,3707,999,175,52,52841,19974,29854,62290,26997,34264,63000,26922,35173,5285,19808,18131,7863,14732,5832,854,544
99714,85565,4722,2851,4014,1901,53,100803,85452,5406,3097,4029,922,92,76790,67222,3022,1867,2730,1358,38,75366,67738,3194,1844,2089,466,8,1610,1541,80,8,55394,19054,33390,65096,26417,37670,66467,26710,38809,2733,12889,13532,6281,20027,10852,1897,861
96842,36538,15968,37073,6655,2179,125,98271,35090,19067,35196,8502,1802,447,74755,31623,10354,26711,5118,1650,91,68676,31007,7732,25632,3236,715,4,23813,2919,133,4,34236,23422,9386,39849,27712,11548,39943,26467,12776,9151,18564,13729,4561,11670,6261,931,374
102405,90863,3093,1665,3656,1958,97,104897,91819,3784,2037,5012,947,78,79279,71550,1935,1100,2389,1435,56,79428,73719,1955,1401,1770,486,0,1171,1286,68,0,55662,20239,32428,67154,28702,37430,70469,30104,39425,1874,14634,15075,6155,22538,10695,1443,991
96016,70192,5008,7231,11502,1744,173,97758,71056,5422,7925,11755,857,101,76200,57402,3390,5151,8614,1271,134,71631,57496,2660,5333,5591,275,17,4262,4933,27,17,53331,35829,14925,62806,45824,16134,63889,46213,16276,1831,5996,8958,4383,20912,15887,4323,4546
97837,52447,7120,29484,6986,2419,211,95843,49583,7553,30461,7279,2050,290,78857,45009,5043,21651,5469,1887,146,71956,42310,4039,21008,3588,759,35,19090,3004,121,35,43892,32118,9545,49720,38536,10405,49440,36555,10839,4546,12223,15059,4916,13813,7931,955,1644
96406,63771,5012,6629,19392,1092,178,94002,61671,5170,6364,19528,1237,169,84326,56746,4137,5560,16520,859,151,73684,54358,3700,4962,9783,626,4,4034,8173,250,4,46150,39089,5369,50922,44764,5690,53862,45788,6942,901,3099,3391,1452,14041,13089,4879,7175
102258,79022,3954,7240,9994,1573,91,101390,77494,4054,7311,10888,958,42,81033,64704,2645,4972,7069,1148,53,75032,61989,1983,4676,5773,425,10,4372,5139,103,10,57507,27374,27298,67581,36430,30235,67720,35585,30548,2464,11441,11948,5354,23100,14142,3595,1990
102945,82171,5964,7896,3791,2582,98,100786,79884,7316,8624,3580,1212,52,81498,66865,4001,5487,2668,1957,68,78013,65079,4384,5887,1882,761,28,4967,1476,90,28,52557,22605,27644,61978,28734,32381,62861,27346,34371,4643,21903,18500,7642,12457,5847,1235,372
102083,73154,15504,8739,1720,3373,146,99841,70287,15743,9919,1782,2289,361,81210,61183,10217,6020,1272,2577,107,74008,58649,7867,5375,950,946,208,4661,686,63,208,44045,21693,20050,51868,27300,23735,52248,25811,25602,9030,25501,17642,6248,8493,3198,442,383
101922,68470,10602,17338,2671,3030,136,99653,66895,11382,17308,2949,1254,0,78952,56053,7059,11541,1943,2228,95,73866,54433,6598,10696,1467,706,5,9858,1096,27,5,42319,21165,19183,49270,25824,22700,49664,24119,24459,9571,24212,16174,6616,8789,3204,319,474
96036,82146,3176,4461,4332,790,85,92681,80949,2168,4181,3714,688,40,68768,58581,2273,3351,3221,618,42,58930,53008,1469,2643,1472,295,4,2480,728,28,4,32180,21276,9236,36940,26184,10268,34239,12155,14729,9497,13177,10233,4940,10730,5306,1434,1038
95467,76623,4698,9421,2524,1810,104,94061,76225,5043,10236,1554,1090,50,72798,59396,3196,6520,1900,1399,79,67336,55922,3050,6919,779,690,27,5911,505,34,27,38889,20497,16270,44412,25852,17929,42152,17226,19488,6651,19809,14782,6699,10245,4566,952,615
100118,66960,4469,21285,4684,2743,108,97909,62877,4291,24027,4810,2100,28,80976,56235,3091,15638,3708,2060,74,75638,52775,2589,16774,2471,955,5,15583,1769,249,5,44712,23661,18651,52346,29552,21981,52138,28228,22865,6698,22819,18236,6894,9913,4089,679,294
97809,40804,4029,49040,2153,2501,142,96348,41473,3835,47909,2035,2681,100,75085,33898,2673,35319,1631,1869,94,72822,35373,1942,33439,990,1391,28,31402,906,130,28,41879,29509,10863,47950,34093,13251,47552,32122,14491,7837,21463,18071,5169,8699,4050,308,397
98659,60325,3749,12174,20509,1604,95,99041,60349,4131,12252,21926,1242,90,75585,48051,2544,8664,14880,1173,65,70043,47045,2331,8101,11786,710,12,7357,11302,149,12,47684,26165,19364,57220,35064,21506,57769,31930,22841,3382,9865,11652,6049,20562,12230,2164,1710
95535,80242,3483,5572,4023,1772,73,93851,77191,4168,5156,5211,1218,28,78430,67169,2369,4152,2998,1327,51,74587,64750,2385,3761,3040,542,10,3311,2649,42,10,55359,24194,28247,63344,31789,30620,62662,30845,30475,3723,15494,15920,7900,18198,7558,1237,625
99545,23680,2662,71330,989,1939,60,98696,22319,2822,71785,788,1877,48,76557,20667,1766,52544,735,1430,48,73432,20044,1493,50705,282,917,15,49339,239,232,15,44669,36072,7237,49497,40774,8140,48556,39378,8336,6676,22315,18669,6590,8189,3267,352,176
99883,10265,4740,83989,836,1438,131,96427,12399,4666,78317,587,1815,175,71174,7411,2954,60172,488,1025,87,67446,8437,2604,55248,170,544,34,53984,98,110,34,35966,34243,1189,37529,35249,1960,36405,32527,3113,11125,22888,15558,4724,4103,2622,241,137
99672,3703,1250,94134,494,1293,102,102014,5804,2107,93144,1078,1408,115,76924,3308,785,72281,335,944,67,77189,4824,925,69996,529,492,4,69166,447,141,4,47962,46250,1068,50471,48295,1842,47383,44015,2597,7425,20712,19777,5834,9069,5519,917,714
101870,10397,1898,86845,2579,1430,146,97977,11669,2350,80506,3212,1124,166,80118,9831,1379,66321,2324,1098,104,74894,10585,1308,61115,1408,876,15,59602,1287,95,15,39860,38247,893,40547,38481,1650,39444,36136,2485,9906,20167,17444,4974,7737,4233,662,504
100636,22691,1358,61077,15084,1165,100,101086,24716,1247,58251,14767,1084,144,72718,15391,849,45839,10281,861,63,65085,14674,595,42786,6295,534,24,42069,5574,313,24,34072,32249,1364,36538,33914,2311,34371,27080,5698,14432,24334,12753,3527,5822,2324,284,364
102141,20001,1718,78923,1227,1203,78,102788,20681,2208,78606,1241,1775,119,74367,16791,1066,55346,881,840,59,74409,17254,818,54740,577,659,9,53824,394,109,9,45107,36627,7451,47105,38666,7974,45687,36612,8393,7936,21299,15953,5764,8014,4268,872,486
101448,36267,2463,59973,2193,1358,102,101495,36390,1745,59780,2674,966,272,81362,30193,1734,47193,1762,1024,66,78609,29547,1167,45929,1446,631,52,44746,956,117,52,49337,37780,10184,52906,41091,11327,51050,38634,11552,7408,16725,15562,4333,15115,9061,3632,1363
99329,20028,42172,35990,1237,3359,186,99520,20822,42691,35095,1286,3088,173,71888,16466,27115,27068,989,2384,122,61503,17387,17334,25343,569,903,8,24117,473,207,8,26401,23258,2506,28783,24764,3713,27779,21934,5157,18560,19555,11281,3333,5611,2155,771,469
95235,77871,5760,4065,4599,2401,180,96686,78184,6168,4961,4728,1854,33,70289,59383,3584,2255,3018,1576,105,69615,61094,2670,2410,2463,960,9,1846,2000,545,9,48659,16618,27981,56795,23337,32195,58812,23725,33858,3359,13036,12814,8601,17220,5559,976,523
98650,83419,4367,4337,4160,1741,118,99279,82141,6151,4270,4028,1609,148,72612,63533,2560,2253,2602,1081,76,71447,63595,3225,1984,1733,678,52,1684,1413,290,52,51365,19276,27488,58793,25845,31557,60997,26549,33085,2686,14743,13729,8907,18051,5286,1224,630
99643,63962,8895,14092,10600,2078,214,101659,63921,9689,15859,10875,1050,203,73676,50902,5617,8033,7521,1354,144,71698,52081,3762,8594,6519,598,16,7428,6033,139,16,48419,23257,20704,54974,30958,22602,52849,29026,22347,3945,13220,11995,7901,20523,6564,1230,719
97969,69592,7893,10795,7607,1664,162,102657,71512,7053,15024,7967,1411,241,72884,54958,4901,6319,5106,1159,107,72460,57214,2738,7380,4433,509,19,6284,3869,107,19,49466,23357,21610,57266,32423,23451,57083,31978,23598,2527,12903,12503,8042,20670,6844,1614,875
97137,71841,9529,7595,6034,2163,156,98101,74682,9666,6484,6172,1550,139,73444,57536,5936,4377,3910,1435,112,71817,59974,4773,3033,3172,528,42,2566,2658,106,42,50930,24832,21295,58109,32729,23927,58432,32691,24318,3000,14038,12593,7485,19951,6980,1315,698
102176,72574,8869,10202,8782,2005,190,101946,70648,9887,12590,7965,1513,130,79875,60200,5795,6258,6191,1375,116,75020,58683,4818,6338,4402,444,21,5152,3797,145,21,57630,31645,20453,64287,40903,21778,61773,39512,20626,2689,10967,14001,7365,23097,9105,2967,1300
104248,72471,5783,10370,13673,1794,166,107666,73158,6184,10924,15645,1316,99,77724,57738,3554,6154,8805,1170,96,76914,59244,3258,5231,8491,669,48,4594,8165,236,48,53993,27715,21664,62913,36935,24556,62371,36525,24269,2387,10876,11611,6856,24118,9921,1762,1921
104198,83635,5474,6002,6316,2264,194,108773,87008,6779,6922,6326,1214,176,79012,65918,3271,3785,3958,1535,138,81502,69482,3344,4052,3627,702,62,3507,3331,244,62,56084,25745,25161,65203,34566,29090,67828,35855,30462,3106,15213,14264,8003,20302,7674,1988,1314
100457,86620,3732,3295,4373,1832,106,99543,85598,3490,3333,4923,1185,122,77939,69304,2238,1810,2772,1195,67,74639,67977,1724,1677,2607,545,18,1187,2303,94,18,59073,25688,28177,65728,32879,31343,65499,32650,31416,2420,14270,14319,7267,20323,7598,2074,1287
101144,71811,6288,9821,11314,1959,152,99303,69965,7073,10098,10926,1516,316,79228,59853,3893,6125,7816,1319,107,71881,57025,2670,4882,6296,699,18,4176,5744,230,18,56321,30455,20226,60417,37921,20948,57965,36317,20058,3093,12505,12593,6526,21910,9177,1927,2190
98346,62230,6767,11886,15706,2139,195,96614,58238,7532,12007,17040,1678,261,77860,53956,4356,7352,10570,1477,125,70434,50389,3288,6306,9595,638,69,5589,9047,191,69,52351,30995,16564,56561,37797,17439,53858,35733,16755,4603,15069,12037,6195,19139,7117,1823,2088
103895,30569,13492,20770,38004,3223,234,100437,30213,12247,20971,36489,2886,206,72372,26542,8584,12699,23254,2231,164,63170,27109,4314,10822,19726,826,32,9593,19508,458,32,35131,24846,7385,39054,28184,9893,34182,23075,10244,12147,17964,12050,6141,9868,3544,673,413
103963,44497,11015,27458,19668,3436,220,103380,46472,11248,27965,16706,4119,277,78624,39431,7564,17351,12799,2330,142,73630,42175,5695,15285,8890,1057,33,13761,8356,373,33,43981,33685,6593,48223,38621,8466,43557,33817,8407,8965,14544,12309,6223,15729,7495,1899,1419
103669,76921,5577,12607,6443,2082,198,103467,76927,5587,12564,6910,1958,100,86247,66433,4063,8922,4919,1565,141,81320,65867,3569,6457,4220,1070,0,5355,3103,72,0,60444,45695,9552,64664,53882,9405,62301,51520,8944,2612,8747,9398,3980,24464,12874,3939,3816
101427,63364,9546,18485,7313,3096,154,102781,61630,11982,19494,7839,2369,163,77973,53735,6061,11073,4969,2103,98,74806,53430,4582,10327,4859,1221,10,9376,4258,394,10,48315,24847,18815,53327,32322,19561,49885,29133,19060,5931,21625,16227,8114,14619,3678,728,431
102790,78688,4924,7700,8910,2209,154,106274,78882,4562,10268,10214,1893,370,76492,61474,2929,4398,5810,1497,113,77076,62777,2206,5518,5565,772,0,5104,5250,262,0,51696,22015,24883,60205,30175,28507,61686,30025,29659,3538,17570,14161,8137,18214,5996,888,875
99844,80988,3621,7576,4929,2185,127,100480,80456,3552,8936,5395,1972,226,75623,63967,2202,4329,3096,1455,80,74115,64191,1532,4394,3141,729,30,3682,2641,252,30,52671,19535,28259,59760,26490,31735,60046,26464,32201,3190,16702,16272,9633,15297,4624,788,453
100961,90724,2311,1541,3095,2214,111,103410,93534,2618,1233,3675,1431,166,76884,70591,1352,761,1812,1477,74,78484,73478,1285,677,2089,846,12,377,1729,240,12,54092,14760,35017,62075,19044,41590,64782,19429,44081,4021,22270,17237,9163,12509,3898,507,493
99991,69683,6809,10816,10702,2296,158,100453,69177,6692,12638,10316,2132,101,88932,64623,5276,7497,9737,1807,121,83116,64125,3850,7863,5957,1309,14,6259,4233,497,14,50883,37928,7916,54931,45830,7736,53952,44260,7987,2991,7372,8907,3951,21248,10113,2628,2042
101308,29312,12273,43435,14575,4329,197,97534,29626,12426,42127,12034,3642,123,71435,26000,7763,26956,9198,2762,144,63262,26443,5046,23428,6643,1429,4,21660,6553,519,4,37325,28257,6124,41502,33140,7170,36122,28045,6930,9549,16067,14700,6276,11017,4009,702,593
98604,39301,16684,34181,5413,5286,192,97029,39153,15062,35635,4969,4777,124,80666,37274,11750,24287,4803,3893,131,69473,37807,5976,20766,2950,2130,33,19280,2331,1260,33,40554,33297,3713,43743,38578,4134,35553,29409,4468,10993,10774,10841,4979,17113,6663,1356,1053
101526,71023,10548,12875,4251,3412,188,102132,74474,9370,11840,4659,2753,147,80208,59389,6873,8744,2898,2414,129,76916,62117,3956,6977,2654,1082,37,5460,1924,342,37,61299,49232,7190,66448,57782,7351,63076,55036,6319,4382,9227,11812,5669,25930,12578,3056,1914
98756,75623,7787,7114,6195,1863,182,99305,73794,9709,8129,6111,2436,62,81879,64972,5468,5010,4720,1407,137,78233,63597,5393,5114,3050,850,0,4294,2543,231,0,60988,46808,9424,66244,55281,9603,62761,52713,8355,2667,6941,10566,4408,29611,13648,4620,2623
96584,63796,10984,12315,7528,2355,163,94973,60267,11719,14634,6494,2103,48,77402,55177,7010,7808,5655,1645,111,69756,52404,4444,7619,3940,875,0,6438,3638,317,0,52735,29385,18657,57662,37134,19156,54639,35129,18055,5313,13351,13150,7173,20794,7197,1287,922
98483,40053,7766,31541,18069,1794,168,95690,35745,7222,33173,18631,1647,252,72103,33881,4850,20282,12009,1242,107,62293,30833,2783,16512,11506,498,8,15354,11240,161,8,42312,25763,13340,47241,31451,14688,43641,28740,13761,7243,14775,13434,8186,13707,4440,964,542
95932,69179,5755,13535,5424,2113,161,93639,66644,7011,12426,5448,1850,204,77316,59026,3794,8931,3901,1466,127,71524,57263,3428,6911,3228,592,0,6033,2441,163,0,54547,35023,14551,60622,43521,15513,57469,41649,14374,2956,12534,13476,6411,23688,7786,2561,1321
97160,73419,4696,8758,8419,1498,124,95838,73125,4893,9044,7473,1318,199,77253,61151,3084,5675,5876,1042,88,73220,62384,2455,4485,3150,581,5,3723,2604,64,5,55104,34750,15607,62579,44545,16694,60064,42673,15758,1738,7722,10602,4832,27706,11345,4316,1935
100043,75142,4210,7296,11607,1286,132,98101,73257,4618,6324,11758,1212,120,77477,61309,2741,4225,7877,895,83,70972,59193,2102,3378,5606,594,5,2932,4917,39,5,59321,32103,21985,64819,40861,22537,62265,39445,21098,2226,7384,9965,5812,27739,12470,3048,1833
99299,73958,3917,7699,12129,1345,125,97830,72260,4304,7497,11683,1253,148,77135,60418,2531,4849,8069,953,90,69879,58656,2048,3614,4778,606,28,2966,4165,263,28,55357,30291,20158,62854,39777,21748,60282,38409,20223,1488,7661,11110,5192,27992,13283,2592,1794
96860,75109,3430,8249,7966,1671,117,97051,74172,2954,10078,7733,920,66,73808,59885,2183,4824,5395,1138,77,70881,60174,1512,4569,4007,463,28,4258,3588,139,28,54113,24808,24250,61860,33852,26476,61060,34020,25476,1647,11457,13731,7646,21328,8905,1656,1283
97019,85247,3391,2239,4082,1338,96,99921,85418,3338,3286,5011,1073,100,73177,65899,2073,1233,2490,914,63,71157,65845,1644,1068,1994,476,13,858,1700,128,13,55439,21643,28855,65464,30871,33167,69289,33182,34440,1552,10712,11192,5454,24619,10570,2606,952
99028,84203,5007,3072,4822,1281,103,102106,86959,5033,3528,4843,1015,365,71925,62964,3017,1613,3060,790,77,73756,66649,2528,1661,2211,392,50,985,1897,85,50,51454,20528,26088,61576,29540,30542,64361,30565,32175,2415,10529,11071,7314,22349,8508,1936,1140
101453,89024,3748,3573,2634,1629,122,107418,93092,3943,4858,3388,955,38,71903,64637,2153,1826,1588,1047,62,75961,69765,1713,2440,1595,398,0,1869,1403,117,0,48889,14956,29609,58175,21391,35358,64996,23834,39733,3075,16990,13674,8473,16910,5709,1026,551
99385,89748,5120,1316,1152,1489,109,100589,90076,6223,1354,978,1102,162,75348,69570,3007,685,661,926,74,75078,70822,2551,542,478,568,9,358,308,70,9,51552,13290,33981,58421,17103,39932,59580,17078,41297,4212,23996,15540,9640,10327,2977,775,417
101655,77050,5701,9445,7587,1532,138,103200,77889,6036,10681,7209,780,193,76303,60917,3537,5331,5104,1024,87,74169,61672,2978,5256,3522,418,0,4801,2983,85,0,49629,21883,22483,56468,29795,25316,56649,29766,25320,3835,13071,10747,8366,18522,8373,2446,1814
101221,77512,8576,5861,7247,1528,395,101641,75249,9272,6318,8556,1311,258,77739,62569,5152,3519,4997,991,257,72900,61009,3658,3327,4531,370,82,2614,4198,107,82,48215,21822,22008,54262,28595,24401,53244,27667,24444,4140,17593,12096,7900,15011,6924,3661,1987
99300,91119,2807,1933,1652,1242,88,99456,90652,3125,2009,2133,904,43,78420,72945,1861,1090,1167,922,62,77914,73772,1494,921,1297,385,6,545,1013,120,6,52925,20789,27335,56507,24494,30746,57517,23871,32466,4356,19461,13168,9946,12792,4437,725,649
99802,83964,6454,4209,2216,2209,191,100355,85010,7048,3530,2342,1748,109,78704,67656,4354,2749,1746,1464,132,76887,70048,2807,1706,1363,863,27,1378,1033,439,27,51899,22425,25111,57055,27043,28556,57898,27226,29382,3746,22036,13236,8174,12736,5502,1355,1040
101525,84943,8433,4639,1478,1614,142,102811,86157,8262,5201,1523,1002,187,76469,66685,4962,2375,931,1111,89,75677,68136,3830,2339,792,489,9,2057,624,203,9,50968,16102,30624,56827,20406,35039,57484,19754,36580,5147,22787,15096,8934,12267,3723,1023,437
95937,83729,6923,1520,1986,1396,120,95448,82321,7718,1767,2023,1105,204,73755,66347,4155,722,1188,935,79,72077,66105,3654,678,1099,412,24,563,905,70,24,50384,15547,30801,54073,18587,34277,53922,17808,35095,5141,21874,15180,9679,10669,3148,678,363
98844,78617,13931,2099,2829,1824,239,98155,76781,14908,2436,2921,1576,155,74935,62724,8233,1141,1840,1171,146,69588,61500,5080,948,1511,442,26,745,1275,119,26,48121,14148,30128,50613,16257,33314,49580,15098,33462,7098,22524,14553,7922,10724,2735,665,322
99326,84974,6363,2151,2461,3178,417,98808,83687,7144,2150,2615,2717,407,75345,66837,3632,1192,1452,1946,235,72206,65816,2428,1113,1328,1407,57,706,1227,879,57,50617,14623,31991,53539,17088,35403,53170,15939,36145,5072,22436,15786,9302,10548,2798,561,631
103396,76863,4355,15886,4024,2104,173,104454,75616,5453,18165,3978,1298,123,78739,62327,2828,8917,3008,1439,105,75020,62002,2507,7726,1962,609,18,6757,1620,98,18,48122,18859,24676,51215,24300,25393,51017,23030,26681,5049,15538,15052,7992,12271,4596,1104,1019
96275,88234,3812,1969,889,1066,70,98004,89222,3707,2227,1594,787,205,73120,68253,2257,1065,608,653,39,72984,69492,1487,850,780,315,62,600,342,43,62,51528,12357,35813,55880,14859,39948,58439,14883,42511,4371,19145,13490,10268,10526,3481,686,626
103115,87192,8845,3631,1198,1765,263,103579,86661,9752,3825,1328,1681,266,78539,69108,5284,1902,731,1150,136,76267,69205,4024,1567,586,748,16,1174,436,362,16,53520,17286,32052,57170,19543,36436,57212,18423,37685,5319,21494,15557,10872,11756,3397,942,515
99087,90991,3031,1691,974,1694,101,100050,91787,3294,1775,1122,1106,125,77616,72684,1794,853,620,1104,73,77577,73963,1523,774,477,675,92,477,327,177,92,54285,15567,34905,60564,19826,39599,61842,19690,41002,4139,20015,15424,11920,13304,4065,1255,703
97765,86892,2052,1196,785,6523,174,98623,86667,2610,1496,929,5243,68,74257,67737,1149,588,457,3918,96,74494,69039,1301,589,394,3133,13,400,207,1524,13,49815,14823,31436,55316,18468,35691,56584,17950,37536,4355,20209,15404,10410,12143,3673,970,479
101064,81971,5383,5191,1613,6919,164,100952,81745,5752,5783,1900,5966,224,76049,64368,3132,2967,1126,4235,104,74908,64904,3230,2603,855,3258,34,2004,633,1743,34,45847,18539,23138,49453,22598,25697,49407,21629,26665,4215,16932,14027,9014,13925,4155,799,985
101085,81340,2647,1696,1476,13748,159,101035,80674,2847,1763,1587,13088,127,76992,64713,1628,995,935,8339,99,76303,65126,1682,813,793,7827,40,472,645,6040,40,49768,16390,29254,54751,20412,33126,55442,19884,34525,4792,21087,14952,9405,11289,3794,1025,585
101428,91759,3542,1147,752,3650,168,103005,92535,4026,1437,834,2751,133,78182,72208,2067,595,486,2309,106,78923,74556,1631,606,351,1612,70,360,248,962,70,51855,13264,35266,57529,15664,40784,59667,15276,43369,6372,27735,16531,9349,8395,2718,671,303
96189,85927,1338,1132,863,5976,92,98678,88133,1654,1530,999,5230,87,75843,69466,788,543,558,3674,48,78156,73000,968,734,468,2911,5,267,309,1927,5,51841,15931,32269,58462,20068,37296,61729,20473,40182,4096,20986,17591,9055,12489,4378,1252,462
101529,90877,2402,2133,1710,3393,138,104021,93107,2778,2574,2152,2482,87,79098,72043,1463,1490,1016,2258,70,80902,75195,1451,1567,1051,1546,41,1167,852,726,41,52216,16185,31862,59813,19999,38450,62215,19951,41139,4801,26030,17559,9938,10047,3439,577,337
103921,93368,1503,1632,840,5750,129,103762,93593,1423,1677,973,4133,55,82609,75853,881,897,525,3715,79,82910,78182,771,775,399,2633,53,526,242,1565,53,55275,22447,28288,59995,25738,32975,59473,24348,33926,4465,23072,20306,11541,11386,3948,852,378
103675,88353,2339,4832,2415,5177,192,103787,90642,2590,3940,2429,3714,129,84410,73626,1611,3152,1782,3630,123,83521,75773,1512,2079,1368,2617,17,1552,1050,1161,17,57680,33306,18794,60679,39905,19243,60625,39588,19654,3243,14464,15510,6926,16001,6883,1967,1659
102423,91338,1394,1571,921,6405,145,102714,92152,1807,1835,1159,5236,97,82021,74496,843,1069,601,4277,96,82083,76210,1044,935,581,3245,5,802,317,1680,5,57837,26788,26285,63717,31747,30556,63969,31186,31394,4023,22047,17551,10735,13623,5149,1150,857
97183,84761,2820,4605,2104,1920,160,100560,86314,3400,5754,2336,1847,220,71512,63831,1745,2653,1301,1297,100,73152,66684,1948,2319,1242,706,7,1984,1056,213,7,48283,13293,31053,55612,18065,36222,57960,18329,38491,3593,18231,15554,9310,12484,3901,746,371
103566,86509,5021,6866,3190,1568,161,104282,88371,5240,6256,3148,1098,116,81651,70031,3378,4282,2487,1110,104,80773,72368,3100,2844,1832,408,0,2348,1502,152,0,51690,22314,24104,55176,27952,25749,55859,26999,27541,3191,15574,12946,9119,14603,4940,1094,1418
101102,20167,2819,71788,5574,1341,117,94988,20302,2712,66744,4974,1577,161,82721,18905,2285,55612,5209,1062,96,74703,18580,1992,51199,2338,609,49,49827,2189,97,49,44539,41220,2189,41505,38219,2765,33109,29840,2721,9361,20003,15066,4216,10222,6355,2592,1912
100736,35189,7595,52157,4456,2190,116,97042,37143,7244,47981,3508,1627,5,79851,31967,5308,37815,3525,1784,92,72748,33730,2585,33808,1646,682,18,32306,1333,144,18,34858,28536,4739,35575,29995,4963,30680,25272,4657,8486,18414,14917,4190,13480,6839,1548,1331
99740,74012,4991,13114,5253,2010,132,96482,70774,5341,14740,4727,1130,118,84975,64871,3661,10115,4228,1642,109,77969,61552,2923,10176,2693,610,15,9554,2052,109,15,51487,34479,13904,56713,41875,13746,52482,39346,11964,3767,14796,13863,5282,22628,11691,2716,1957
99266,11386,1519,85210,645,1359,85,97644,12502,1238,82622,566,1350,360,72888,10270,996,60701,462,1000,56,71332,11539,599,58061,190,684,27,57108,179,76,27,41711,36357,4281,39338,34759,4096,32859,28670,3750,7888,23237,18071,5652,6322,3313,192,326
100014,33865,2472,60651,1673,1788,95,101233,32562,2394,64335,1601,2648,9,77410,29180,1610,44176,1225,1368,64,75711,28682,1110,44542,711,1115,8,42946,540,34,8,50002,35010,12927,50411,38467,11179,45271,34827,9758,5383,17668,17106,7889,11692,6048,968,568
101883,34614,5963,55770,4227,1919,142,102915,35750,7000,54059,4763,1098,82,80431,29787,4062,41768,3649,1475,94,76228,31033,3246,39401,1997,582,15,38037,1364,64,15,48004,38387,7766,47316,38693,7890,41185,32974,7542,6500,19276,14835,5640,13587,7475,1917,1462
100793,53545,7182,29868,7729,2491,149,99180,52960,7848,28864,8736,1420,178,79258,45928,4708,20666,5857,1878,111,70964,45533,2562,19670,2286,584,7,17922,2019,25,7,45046,24989,17605,46000,28691,16453,42238,26673,14813,5299,18943,15309,6029,15258,7686,880,655
98198,72844,3653,8765,11189,1255,113,96900,72434,2860,8077,11285,533,28,77220,58891,2560,6376,7992,898,81,71952,58963,1650,5406,5766,213,12,4958,5146,21,12,54252,27391,24409,58908,33528,24427,56222,31812,23191,1656,6942,9087,3878,23832,14751,6252,3522
100585,78175,3590,4192,12643,1506,89,99101,72743,4417,5295,12435,956,67,78951,63471,2402,2896,8732,1057,48,72398,60701,2125,3444,5693,330,0,2917,5281,55,0,56123,24179,29158,60814,31143,28711,58923,30580,27098,1690,7386,10604,4188,25596,15007,3278,2724
100805,85669,3061,2905,6576,1828,72,100835,83182,4068,2150,6707,760,116,76641,66471,1920,1971,4396,1294,50,74805,67241,2150,1193,3701,374,15,1042,3284,38,15,56026,19337,34032,61768,25379,35465,60727,25466,34230,1644,9896,12068,4499,25504,12051,2143,1789
100544,80248,3491,8726,6093,1463,111,99485,77359,3075,8625,6909,802,84,79243,64168,2393,6654,4528,1082,80,74007,62963,1901,5775,2838,293,9,5191,2269,38,9,55618,34667,17901,59921,41118,17793,57530,39726,16693,1566,6426,9170,2944,23335,14353,4853,3139
103206,89447,3092,3546,4549,1901,104,100328,86094,2797,4101,3946,760,119,82266,72913,1980,2259,3148,1419,63,79219,72462,1505,2485,2212,459,13,2176,1776,44,13,55993,26392,26320,59814,32828,25923,57981,32380,24489,3489,15756,14290,6791,20617,10103,1854,1391
98831,84910,3155,4479,3626,2017,108,97948,85342,2715,4549,2635,838,208,80069,70477,2150,2690,2669,1498,87,77192,71242,1531,2519,1333,454,35,2252,1023,48,35,50374,19968,27988,51833,23506,27502,49802,22527,26418,5147,18730,14590,6614,16054,6947,1086,885
102592,81403,5333,8951,3932,2427,173,103051,82392,5508,8969,4430,1073,215,83107,68085,3667,6185,2822,1801,122,81598,69790,3008,6018,1950,514,52,5221,1735,37,52,49162,19347,26879,52508,24483,26918,52149,24641,26582,3926,17234,14625,6536,18200,9122,1491,869
100277,84666,3372,5728,3549,2262,133,101911,86973,3294,6488,3464,824,171,77925,67329,2143,3740,2472,1601,89,78195,69997,1994,3963,1742,474,29,3279,1366,11,29,55877,19383,33490,59537,24869,33564,59459,25603,32957,2587,16227,16205,6341,18627,9100,1022,1030
100710,82521,4112,5958,5255,2241,141,101421,84314,3935,5753,5587,766,174,74741,62776,2552,3805,3482,1565,78,74138,65234,2265,3940,2167,318,16,3438,1765,33,16,48773,15881,30491,53113,20787,31470,55778,21959,33048,2998,14062,14537,5929,19132,9019,1311,897
101683,87289,3194,5970,2194,2402,169,108152,90246,4668,8267,3124,1162,63,74844,65536,1952,3752,1422,1667,119,79255,69715,2425,5018,1515,509,36,4412,1189,14,36,46925,14015,30790,56834,19391,36437,58780,20023,38001,3238,16234,15156,6316,18078,7283,1414,662
102021,79995,3771,9706,5739,2312,143,104591,81725,3439,11153,6476,1098,161,80908,65088,2695,6688,4231,1758,102,80312,66737,2242,7122,3475,679,52,6187,2917,91,52,48477,23954,21148,51233,27766,22173,52052,27986,22854,2548,11392,10093,3999,17592,9150,2646,3227
102796,75602,4760,14784,4373,2966,264,104588,78706,5456,13555,5347,1576,168,81407,62398,3269,9812,3311,2247,184,81515,66308,2896,8687,2424,909,35,7830,1675,111,35,42821,19522,20042,48244,25057,21858,45956,23011,22024,4738,16483,11477,5148,15724,7056,1791,1762
100355,82101,3147,10353,1662,2569,211,100637,82503,3464,10388,1627,2440,66,77838,65609,1965,6762,1121,1903,141,77323,66690,1989,6432,579,1771,21,5543,405,201,21,48541,13551,32683,52307,15805,35516,53709,16255,36687,5555,21709,14302,5836,14927,6207,1166,727
95106,84154,2941,2991,817,3121,112,100234,91182,3339,2748,967,2399,191,71643,64483,1775,1740,551,2307,59,75362,70466,1672,1508,500,1158,61,1151,283,83,61,40688,9490,29270,47390,11376,35070,52228,11878,39781,6636,25701,14775,5845,8776,2814,274,268
96736,34271,27374,27782,5933,3119,422,97537,35424,27830,29402,4192,2589,391,75756,31297,18498,19884,4648,2479,271,66680,32991,11299,18803,2542,933,85,17367,2140,70,85,27495,22270,3816,31996,26374,5031,28460,22663,5214,10845,16280,11056,3905,12746,5222,1881,751
98136,34037,8515,52228,1717,2942,386,97041,32189,9487,53457,1385,1601,166,75823,29501,5496,37984,1219,2183,247,72418,28589,3460,38755,816,591,19,37736,528,43,19,41591,30068,9796,42805,32122,9822,37573,27717,9177,6331,23842,16724,5080,9397,3397,657,262
98726,69671,7413,15461,3782,2742,229,96565,69880,6786,14022,3770,1233,235,82717,60500,5450,11698,3079,2079,141,77658,60076,4108,10530,2109,791,133,9325,1602,127,133,50435,33776,13885,55769,40687,14060,53133,38377,13760,2877,10491,13533,3819,24827,11902,4005,1621
99160,35887,7678,51482,2651,2725,270,102444,41544,9427,47814,2835,2134,329,73793,28679,4851,37134,1784,2011,163,72326,32483,4086,33223,1322,906,84,32059,1127,156,84,41658,29516,10499,42646,30625,11235,41031,28406,11876,5306,19753,17038,5515,12229,5098,945,527
99283,76061,5864,11010,3138,2946,366,99521,77339,6147,11073,2652,1565,570,74980,59976,3568,6909,2065,2140,184,73360,60704,3658,6717,1172,808,91,6303,876,68,91,47168,19540,24861,53285,25919,26297,53232,26459,25913,2248,15634,15524,5988,16895,7777,1515,943
98290,81003,5352,5795,1915,3544,515,100766,84062,5788,6608,2317,1719,265,72356,61522,3107,3391,1182,2495,305,73269,64593,2732,3911,1031,811,65,3131,816,116,65,44192,13715,28019,55465,20418,33992,56102,20674,34701,3521,19614,15372,6113,13771,5853,1095,527
98790,69820,11110,11339,2041,4151,1048,97310,68080,10750,13503,2252,1990,1204,77112,57882,7118,7008,1465,3051,732,73038,57714,5148,7516,1078,912,375,6899,610,114,375,40081,16533,21123,41414,19138,21342,39804,18723,20428,5909,26020,16315,6257,9216,4110,656,215
98523,67972,11265,12016,3090,3948,859,101324,71414,13214,12363,2681,2434,522,76308,56120,7179,7526,2114,2892,513,75054,58209,6427,7211,1550,1196,154,6364,1124,251,154,38952,17833,18474,44346,23321,20051,41305,21183,19378,7000,21802,17499,5660,11573,4522,688,581
95923,75859,6112,7590,3248,2774,365,97719,76555,7601,7452,3848,1680,624,69504,56793,3700,4648,2091,1883,205,70275,58036,4425,4627,2226,796,108,4128,1839,143,108,40652,16266,21823,45665,20974,23782,52466,24361,27285,2498,13991,12804,5628,17644,7078,1311,793
97293,65961,8976,13818,4917,3042,1197,98461,66608,9106,15421,5377,1954,781,75992,54320,6005,9214,3576,2284,728,74541,55912,5306,8949,3191,1114,258,7269,2583,106,258,40091,19703,17902,47417,27040,19353,46072,26032,19274,4122,16532,16700,5635,16458,7157,1549,630
96397,83708,4137,3041,1749,2923,277,99781,87490,4504,3332,1813,1442,66,72391,64029,2535,1831,1131,2111,162,75482,68807,2802,1780,989,787,0,1308,703,131,0,47117,15113,29422,55902,19803,35092,56816,20342,35673,2935,16889,14055,5299,16001,7017,1579,897
102928,85147,5991,6597,1659,2949,609,101633,83327,6788,7242,1988,1563,889,79829,67794,3936,4257,1124,2215,370,76985,67354,3396,4131,736,888,282,3574,543,155,282,44711,14058,27985,46350,15796,29705,45590,14910,30013,6648,26530,15568,4540,11390,3717,926,656
101050,92874,2088,2059,1074,2506,158,100606,92507,2267,2409,1190,1382,78,78377,72472,1360,1549,768,1819,87,77543,73237,1245,1750,414,916,17,1477,303,118,17,46920,9913,34765,49068,10773,37551,49161,10345,38323,6170,29194,13932,5509,9282,3647,576,457
97300,87361,1983,3927,762,2664,164,96749,87334,2304,4064,741,1679,230,75807,68682,1224,2786,490,2029,105,74691,69184,1406,2684,339,884,13,2444,181,189,13,45048,10392,32451,47529,11016,35725,47839,10813,36511,7006,28383,13633,5754,8240,3165,543,508
98338,88723,2829,3047,1378,2119,136,97880,88883,2956,3245,1465,1104,154,76207,69472,1891,1922,1059,1592,72,74417,70072,1599,1332,632,685,17,1032,399,121,17,44962,10529,32508,45918,10841,34387,45362,9806,35103,6502,26824,11817,5206,7619,3524,647,1038
101417,89822,2165,5551,774,2453,151,101304,90724,2361,5879,770,1958,84,78158,70283,1342,3673,485,1856,85,77831,71697,1037,3696,366,955,27,3251,273,247,27,45168,10480,32929,47607,10972,35848,47653,10519,36668,8195,30769,13365,5508,8413,3624,556,216
94949,80863,3875,4502,1724,3325,439,95998,83083,4206,4509,1665,1635,382,73379,63425,2544,3139,1256,2463,278,73150,65823,2529,3013,688,857,55,2291,423,103,55,41095,10866,27765,45493,12647,31793,46355,12449,33265,4701,22500,12313,5255,9221,4697,619,818
99872,82214,5350,6471,1582,3613,228,102622,85102,5853,7072,1767,1815,428,75522,64080,3214,3986,1019,2553,140,77751,68078,3313,4447,834,958,46,3912,534,177,46,46703,13963,30040,52078,17851,33166,53844,18558,34545,3971,21815,17310,5633,12740,5409,727,540
98889,80642,8032,5357,1023,2813,696,98714,81318,8487,5703,1089,1427,666,75147,62848,5053,3620,694,2071,428,72570,63400,3897,3791,482,671,203,3046,293,42,203,42104,10282,29758,44462,11244,32321,44322,11089,32675,7848,24128,13918,5715,8791,3677,606,536
96905,88716,2401,1094,722,3140,173,99103,91511,2817,1073,836,1951,88,76655,70984,1560,578,489,2377,109,78190,74329,1417,582,424,1379,7,473,286,154,7,47208,9080,36550,51450,10428,40360,53080,10460,42135,8411,27055,15544,5971,9496,3452,779,544
99553,90529,1441,2676,565,3251,151,98939,90597,1517,2464,515,1875,107,77885,71026,954,2233,351,2450,87,77000,72545,1003,1632,323,1374,47,1461,174,142,47,42807,8575,32684,47378,9303,37478,48611,9179,39050,9763,28006,14520,6470,7210,2984,467,188
95993,87683,2035,1649,879,2701,126,97375,86494,2378,1688,1058,1250,59,74293,68736,1203,953,608,1963,86,74571,71324,1156,767,367,638,35,574,202,70,35,46547,11575,32840,49729,13616,35132,51020,13656,36768,6362,22694,15749,7575,9279,3781,1024,301
96566,87249,1701,2969,899,2785,111,97674,88335,2036,3013,784,1499,121,75298,68483,1106,2214,601,2094,80,75625,70965,1145,2114,344,926,9,1662,278,189,9,40221,10986,27452,44812,12381,31705,46481,12113,33843,7411,25358,16678,7266,7272,3650,786,552
99144,89263,2446,1571,1344,3337,73,101295,89577,2647,1996,1319,1270,117,77099,70236,1600,865,885,2557,42,78986,74808,1641,1003,746,626,26,570,640,59,26,46072,13295,30397,50213,15606,33688,50058,15149,34261,7218,22752,16032,8308,10640,4292,716,315
100204,89595,2515,1901,1523,3197,130,100110,88919,2700,2153,1592,846,43,76356,69393,1536,964,1009,2319,87,76099,72177,1594,975,823,505,16,497,607,35,16,47459,14565,30402,52205,17537,33715,53789,17320,35745,4858,21371,16660,8999,10896,4109,433,464
100666,85050,2617,8014,1941,2423,79,101711,86873,2906,7106,2152,2244,161,78872,68357,1675,5007,1475,1823,50,78302,70181,1612,4316,782,1275,53,4016,482,127,53,45715,10012,33925,49756,12424,36564,50177,12318,37301,6187,21926,13176,4177,13220,5275,1099,816
96693,84565,1998,5796,575,3248,109,96453,84743,2177,4906,609,2825,75,74974,66737,1220,3610,390,2473,72,74475,67836,1156,3130,327,1976,13,2775,113,72,13,45903,8390,36133,48122,8531,39071,47553,7957,39273,10162,27933,13560,4761,7572,3206,407,345
97995,76444,3459,15118,488,2171,114,94937,73063,3549,12282,559,3085,68,74875,60409,2099,10063,321,1680,64,71042,59614,1422,7756,332,1813,28,7287,197,61,28,40633,9326,30464,39504,8233,30939,38248,7281,30724,12474,29703,10137,4958,5476,2861,477,155
101194,89592,2041,3894,949,3982,127,101784,90962,2366,3713,1087,2255,98,77614,69843,1204,2358,630,2942,85,77157,71289,1385,2206,577,1566,12,1661,250,139,12,44844,7612,35736,47244,8175,38469,47245,7692,39168,10737,28578,14384,5530,6584,2847,638,634
98593,73806,7338,9158,4738,3429,724,99088,75255,7589,8691,4666,2040,717,77246,58778,5276,6646,3645,2579,459,75618,60979,5207,5391,2096,1307,227,4693,1413,248,227,31979,7688,22585,33971,9377,23809,34849,9144,25237,3930,17798,13224,5796,9644,4969,1036,1151
100166,90782,2252,1908,756,3701,187,102232,92538,2575,2306,833,2515,178,76768,70143,1346,1313,495,2777,100,77521,72232,1512,1463,499,1641,66,1037,361,280,66,45728,7205,37029,47894,7426,39845,48702,7052,41237,10092,28293,14584,5692,6907,3405,340,242
94652,86714,1954,1221,629,3286,143,96524,88843,2405,1633,735,1993,106,74545,68988,1188,699,438,2481,98,75521,71580,1271,957,308,1327,24,767,128,161,24,45406,9659,33865,48918,10418,37786,49128,9975,38716,7818,29591,14797,6187,6277,3130,524,245
101863,93170,2162,1192,726,3810,134,105110,96259,2635,1656,848,2625,66,76046,70244,1317,622,462,2717,85,78249,73690,1582,824,401,1700,19,649,171,193,19,44144,8091,34194,48988,8983,39137,51269,9119,41646,8323,27443,14726,5390,7580,3510,601,507
100420,89492,3251,1560,1315,3949,204,104880,95050,3785,1945,1427,1946,407,74755,67732,1974,762,798,2818,130,77836,72944,2043,927,625,1178,37,543,317,196,37,48067,9492,36432,53825,12147,40818,58078,12846,44621,5647,20000,16865,5906,12499,6087,1215,846
95695,82764,5220,1648,1278,4033,371,97450,86058,5431,1990,1106,2080,90,77434,67957,3648,1064,906,3148,295,77638,71606,3045,931,486,1496,0,621,258,159,0,44495,7984,35073,49616,9597,39372,50727,9647,40637,7558,24159,17518,5576,10384,3195,793,582
95838,77126,9138,1228,1731,5381,1065,97327,77538,9776,1308,1864,3376,1355,72172,60164,5372,694,1051,3941,667,70388,62933,3875,464,978,1908,131,277,667,356,131,39521,6940,31116,42555,7601,34316,43930,7544,35982,10363,26667,14106,4893,6439,2160,556,223
100889,84674,5240,1534,1430,6408,1007,103263,87016,6012,1407,1488,4807,1071,76271,65787,3126,835,905,4462,557,76017,69136,2562,737,559,2833,64,423,447,795,64,47079,7939,37462,50815,9145,40939,52705,9368,42837,7563,25921,15550,5786,10068,3179,923,410
99726,76627,10145,3975,2054,6573,631,100543,79047,10799,4572,2270,3750,561,75515,60641,5970,2380,1425,4628,409,73751,63146,4656,2370,1163,2292,54,1609,981,434,54,37521,9055,26304,40117,11722,27491,40400,11933,27809,7846,22166,14019,4497,11348,3898,756,589
98030,84455,3643,3603,1391,4110,202,100407,87394,4405,3551,1487,1950,125,74320,65754,2101,1917,852,2944,117,73577,67693,2043,1815,665,1228,57,1015,331,250,57,43026,10462,30342,51201,14024,36245,55690,15471,39545,4923,21793,16248,5530,11488,4222,998,411
100028,83284,4360,4136,4224,3595,273,101697,85603,5364,4202,4378,1349,569,78896,67467,2886,2433,2935,2661,182,79619,70786,2847,2406,2547,729,38,1941,2100,52,38,48492,15456,30398,49418,18633,29751,49138,19463,28940,3308,16031,17116,5487,16877,8029,2198,881
100857,78629,6389,8093,3268,4259,442,101271,81939,5836,7787,3297,2431,651,84228,67505,4688,5655,2553,3405,324,82089,70250,3854,4670,1527,1389,121,3700,923,264,121,37142,16810,17295,41129,22411,17634,39209,21037,17471,5274,17689,14731,4793,11805,4830,1266,680
97049,68432,4139,19914,2448,1910,133,102477,68641,5233,24852,3279,649,49,72393,52242,2603,14253,1642,1446,81,75824,53631,2429,18165,1500,306,0,17778,945,29,0,38231,9294,27765,46137,13235,32139,49787,14776,33958,4703,17039,15801,6999,13725,5524,959,758
98047,41887,6213,46519,1877,1673,159,98299,40941,6006,49024,1492,1081,33,72716,34310,3879,31905,1351,1248,91,70920,32757,2536,34178,885,404,4,33620,684,15,4,31031,13964,16177,33549,17610,15249,31962,16083,14905,7066,20787,14216,7343,9093,3683,586,318
101388,35277,2344,62402,831,1003,66,96241,33961,2381,59014,726,1019,47,78370,29399,1917,45999,601,765,42,72606,27636,1142,42986,361,509,14,42371,231,108,14,44704,26287,17815,46652,27362,18680,39855,22376,17045,12363,21994,14715,6430,8609,3364,663,699
97297,25411,1728,68961,846,805,60,92839,23244,2087,65911,760,720,36,73854,21097,1223,50540,673,632,29,68375,18970,943,47511,361,574,4,46834,321,165,4,39561,26804,12260,40253,27427,12346,31765,20865,10600,11923,17602,12634,6515,8523,3911,1172,585
94830,30161,2257,61620,557,739,67,90229,27634,1776,59731,279,462,19,73187,25219,1657,45665,422,558,46,67874,22711,838,43833,118,355,0,43401,51,81,0,40486,24585,15439,40396,24418,15523,34752,20203,14255,12543,20310,12281,6169,6364,3854,809,226
95024,49945,3023,40568,401,1167,123,95108,49390,3351,40254,269,1273,248,74003,40679,1882,30267,297,904,91,72644,39962,1271,30233,72,1020,125,29630,54,58,125,41530,19380,21531,44537,19643,24333,42266,16504,25364,11105,22063,13979,6805,5999,3048,786,333
100449,61438,3470,32997,1277,1457,60,99949,60218,3122,34486,1148,873,250,76918,49335,2112,23562,882,1112,48,73610,47464,1006,24117,393,496,247,23391,342,24,247,40803,13678,26347,45095,15999,28382,42572,13706,28418,9800,18824,14259,7010,11042,4075,1182,686
99478,69956,4353,21300,2270,1634,94,102296,70416,4621,24220,1806,902,203,78924,56958,2818,16051,1812,1227,72,79093,57442,2236,17907,880,517,24,17247,705,120,24,38704,12937,24584,44319,15469,28170,43355,13459,29308,8137,17003,11708,5574,10660,5619,1284,1755
97321,75099,3882,16196,572,1576,46,97003,74378,4073,14954,608,2352,88,74809,59204,2307,11685,366,1173,37,73095,59133,1443,10677,302,1386,14,10139,141,123,14,42062,8621,32666,45438,8922,35991,43614,7296,35969,13155,21278,13612,6714,7411,2911,718,444
96558,76324,1729,16471,352,1493,46,96147,75817,1886,15184,536,2082,66,75464,60353,1133,12409,232,1156,27,74396,60066,903,11762,353,1421,8,11206,338,117,8,41329,9343,31330,45289,9971,34742,43568,8469,34795,10651,23550,14116,7152,6246,2787,775,367
96788,42010,1748,50766,950,1516,94,94975,40584,1509,50058,780,1649,16,75239,34354,1209,38024,707,1076,66,72334,33011,919,37130,347,1039,5,36651,269,238,5,45791,24715,20399,47500,25858,21008,42018,21706,19946,9437,21699,12365,6413,8861,4041,891,529
94800,57200,2430,32000,1974,1216,89,93953,55339,2281,32720,2065,1242,126,76702,47987,1739,24409,1527,975,46,73864,46424,995,24540,913,1002,4,24137,758,33,4,40113,15583,23559,42518,17094,24761,38798,14438,23927,8583,15524,10034,5627,8917,4801,691,1956
103283,39831,2528,59895,532,1116,106,100657,38996,2625,57419,388,1168,41,81581,33268,1891,45585,396,846,70,77534,32304,1194,43243,184,684,9,42890,166,61,9,50508,28599,21335,50783,28335,21830,44245,23122,20704,11317,24145,14591,6757,7725,3612,741,523
99271,33876,1881,60977,1752,999,49,95525,31522,1759,59978,1585,1393,22,77606,28521,1300,45812,1302,791,34,72201,26043,683,44147,450,692,7,43755,427,142,7,43231,25644,16789,46891,29639,16717,42736,26745,15465,5425,14289,15185,8497,12874,6653,1014,1337
97657,22264,2214,72030,856,855,71,91805,16718,2177,72155,431,785,21,76196,19457,1633,54095,722,667,58,69796,14290,827,54166,260,487,0,53370,184,98,0,37390,28777,7756,38849,30546,7678,32103,25023,6547,8462,14494,14714,4602,10572,5217,1864,1299
97441,30719,3527,60740,1842,991,55,99405,31905,3813,61944,1418,634,60,75082,25349,2227,45635,1378,725,36,74400,25605,843,46981,801,395,36,46443,771,94,36,44361,28731,14872,47141,30849,15792,43832,26675,16667,6950,14614,15620,5585,13733,6483,2471,1448
100184,74466,2742,17386,3821,1549,53,102278,73899,2879,20255,4112,1296,51,76208,58076,1839,12348,2641,1114,37,76176,59104,1253,13210,1465,839,15,12578,1282,336,15,44533,9888,33372,51313,14162,36398,50819,14091,36089,3388,10906,13150,6160,20992,9139,2971,2091
99365,68950,3384,24046,1149,1660,111,100021,69056,3661,24537,1296,1501,149,75604,53573,2121,17756,794,1227,74,75638,53831,1542,18628,727,799,142,18286,616,98,142,37736,9007,27929,42668,11641,30542,42728,11066,31277,8429,17951,15132,8084,11932,4682,827,604
98568,51902,1341,43550,672,1242,78,97382,51431,1453,43288,658,912,8,75196,41098,873,31906,481,930,54,73933,40592,900,31634,269,491,5,31234,186,217,5,44104,18416,25116,46969,19545,26894,42718,16604,25790,10057,24422,13043,7243,6596,3713,578,299
94211,50320,2338,33983,511,7704,79,93431,49603,2277,34001,539,7154,22,70652,40225,1385,24160,358,4750,52,69891,39618,951,24720,232,4412,4,24187,178,3964,4,40204,14609,25056,43185,15924,26839,39218,13091,25823,10321,22614,13078,6146,6217,3416,323,317
94275,49330,2118,39879,956,2313,100,92597,48590,2227,38412,1162,2318,284,71738,39631,1371,28703,684,1516,76,70023,38844,1094,27780,457,1689,26,26967,365,709,26,38944,14025,24289,41430,16035,24964,36730,13280,23128,9762,18007,14429,8589,7765,3327,791,424
102640,62939,4614,33192,557,1450,88,101504,62533,4776,32321,763,1688,29,77835,49947,2742,23740,396,1031,70,74757,49268,970,23155,444,1140,4,22621,231,180,4,45742,13900,31260,48485,14979,32950,44436,12728,31364,9876,22433,15172,7001,7703,3967,891,460
102855,58243,5319,37902,527,1302,68,101748,56601,5573,37773,628,490,477,77889,46177,3160,27481,351,933,50,74780,44775,1605,27421,380,422,129,26977,165,43,129,46854,17403,28916,48971,17915,30534,45421,15339,29790,12626,23895,15545,6797,6614,2514,408,363
102547,67133,2971,29030,1670,1615,143,103745,69065,3142,29122,1634,973,25,77153,52321,1833,20543,1165,1209,90,77788,54424,1337,20657,742,457,19,20392,474,125,19,43204,11657,30643,47781,13962,33197,45888,12608,32763,8414,20811,14479,7475,11206,5000,1084,849
103199,61798,3583,34950,1222,1705,118,103336,62155,3842,34605,1492,1068,287,81055,49980,2399,26263,1011,1297,83,78912,49930,1583,25552,863,728,159,24557,632,183,159,38865,13910,23931,43382,16083,26584,39654,13388,25780,7932,19500,15153,6904,8485,4948,1268,813
98828,78852,3400,12788,824,2551,77,101522,81064,3775,13490,746,1471,143,75884,61402,2268,9285,580,1974,57,76943,63826,2039,9719,369,943,10,9141,249,110,10,38819,6204,31784,42960,7168,35272,43659,6740,36510,9031,23460,15888,7830,7234,2540,372,293
97624,75979,4236,12090,2363,2822,176,99158,78210,4372,12967,2397,1604,114,75939,60719,2914,8179,1687,2126,124,77639,64196,2922,8219,1112,900,0,7744,844,241,0,35627,7377,27270,42435,10143,31657,43981,10205,33294,6111,20778,16806,8120,10142,5322,1258,543
98322,73510,4755,13103,3977,2787,240,101609,75582,4746,14247,4784,2464,127,75012,57998,3124,8647,2790,2104,157,75557,59326,2218,9367,2526,1558,9,8790,2039,255,9,32454,5397,26250,37980,7805,29672,40021,8351,31294,7648,21363,16008,8315,10061,4294,653,430
102432,58520,8767,29454,3812,2468,222,103592,60708,9852,27405,3382,2622,175,78268,46966,5713,21225,2766,1793,171,77996,48644,5774,19400,2038,2054,24,18703,1588,380,24,33544,12913,19713,37757,15223,21855,35445,13386,21628,7500,16886,18564,8776,11520,4583,1178,825
99548,47305,8186,38904,3533,2411,364,97948,48237,8681,37298,3665,1812,741,76122,39606,5365,26948,2703,1776,245,73336,40346,3867,26185,1920,818,67,24505,1618,48,67,28892,13483,14561,33096,16436,16065,30061,14344,15341,8384,18541,14976,7485,9311,4643,795,691
98674,86207,4959,1032,2466,2704,224,102331,88216,6087,920,2895,2413,143,80259,71148,3563,741,1816,1997,155,82246,74659,3491,691,1733,1437,16,459,810,546,16,44421,22161,17769,59244,33728,23634,57418,31273,24269,1521,9586,11942,3841,22608,8267,2175,2954
97594,82117,5397,1497,2379,5389,329,101407,86149,5285,1070,3171,4603,468,79111,67838,4215,912,1677,3782,223,82088,73268,3534,615,1693,2816,51,223,1019,1375,51,49104,28273,16295,59121,38608,18990,59837,38172,19476,2365,12943,14273,5640,19581,7355,2574,1631
95022,84908,3107,714,1455,3627,255,100525,90475,3734,714,1734,2989,227,74317,67434,2011,374,951,2593,162,77849,72323,2392,307,830,1798,0,158,607,605,0,42181,12492,26927,54442,19135,34090,56891,18846,36493,3024,19120,15791,6879,16023,5523,1595,1123
102609,82539,7310,2367,1762,8722,438,102986,84455,7749,1875,1992,7024,300,80479,67445,4645,1291,1186,5586,272,80184,69755,4504,775,830,4026,22,545,511,2848,22,41643,15569,22440,49610,21239,26849,46813,19218,25985,3293,20162,16609,5590,16594,4682,1731,1128
97883,81243,4286,2209,1980,7737,361,98364,82355,4907,2458,1750,6182,122,76310,64990,2819,1340,1358,5187,236,75720,66693,2879,1139,1022,3868,0,871,679,2283,0,41425,13612,24773,47736,17227,29224,45648,15808,28435,4376,21395,16299,7033,12373,4564,1093,681
96875,75858,3082,962,1305,15074,273,99489,79703,3629,1074,1220,13289,134,74360,60435,1934,534,887,9913,175,76190,64225,2126,461,604,8586,6,306,306,7206,6,45201,19145,22484,54556,25263,27932,53521,23727,27923,4566,17127,13840,6573,16407,6751,1328,863
97409,79218,3051,713,1135,12744,265,101415,82403,3855,750,1337,12332,393,76994,64698,1977,400,761,8506,195,79753,68344,2197,404,720,7941,74,227,511,5468,74,44542,12625,29143,56426,18145,37070,58786,17466,39715,4911,22518,17991,7196,13120,4394,1211,778
98983,88372,3728,748,1063,4093,201,102624,91106,4198,694,1615,4092,210,80256,72668,2419,487,758,3084,132,83495,76990,2892,240,511,2676,20,183,360,1222,20,47548,17923,26170,57337,23107,32819,58458,21536,35059,5286,24403,17156,6822,12826,5169,1006,797
99371,89618,3281,683,954,3323,211,104856,95620,3417,783,933,3006,94,79218,72473,2149,368,636,2358,117,83508,78407,2208,478,463,1844,36,222,214,536,36,51477,13905,33921,63629,19819,42322,66308,19712,44636,3242,21199,17726,7874,16387,5505,1182,925
102362,79267,4056,975,1284,16572,290,105603,80818,4813,1345,1345,16375,197,75415,61236,2406,500,815,10085,159,77688,64053,2489,472,531,10168,28,65,288,8549,28,43507,11269,29435,52663,15122,36314,52447,14192,36730,4146,20749,16716,7506,14436,4253,1284,624
97443,71971,2942,837,1106,20593,254,97275,72310,3258,820,1166,19573,379,73404,57188,1770,495,710,13043,142,72151,57381,1761,396,383,11943,100,223,212,9860,100,43477,10735,29883,48876,13393,34358,46836,11956,33358,5151,21736,17173,7284,10194,2870,583,479
100720,64933,7195,22472,4192,2435,309,102612,66187,7996,22743,4035,1594,249,79783,53910,4747,16661,2806,1775,213,79247,55403,4485,16419,2092,808,53,15349,1655,134,53,46995,17628,27727,53065,21148,31032,56173,22011,33477,6202,18206,18167,7983,10281,5618,1039,510
99727,75391,7365,12206,2219,2756,209,104876,79384,8196,12506,3052,2495,392,78212,61222,4573,9011,1453,1899,125,80091,64875,3679,8721,1234,1382,52,7849,879,290,52,48686,16327,30486,58339,20779,36764,61791,21433,39615,5189,15010,14427,8841,17050,8529,1932,1305
99519,70163,4039,21969,1244,2168,76,100991,71321,4792,20871,1626,2239,255,78032,56909,2595,16017,896,1573,57,76888,57758,1949,14713,611,1488,71,13783,494,146,71,44664,14959,28475,51308,16955,33798,51706,16603,34654,9067,23802,13396,9057,8415,3774,562,555
103462,82667,7307,8569,2472,2214,167,106453,85358,8382,8685,2013,1927,143,83622,68853,4714,6300,1760,1709,124,83152,72231,2812,6415,1000,761,31,5658,657,88,31,52354,21444,28449,63829,29565,33192,66928,31448,34537,4170,13186,15111,8022,21373,8218,2542,1268
101974,65058,9535,23040,2277,2348,291,109926,72950,10661,21853,2229,2506,223,84748,57207,6482,17502,1782,1808,229,88655,64738,4555,16338,1298,1211,22,15049,811,215,22,47078,25597,19026,54777,31536,22194,58686,32443,25397,5571,17408,14831,8358,16979,5752,1458,835
98409,81940,4407,8099,1008,2530,110,110262,91811,5208,9422,1328,1857,135,84409,72336,2898,6041,753,1939,67,94018,82346,3006,6829,700,1067,4,6495,482,238,4,50304,16525,32036,65731,23572,41424,80356,29193,50276,5441,20347,18123,9866,17162,7467,1620,925
96496,59229,6067,27022,517,4327,121,97140,59376,6020,27404,668,4684,95,78046,49907,3812,21097,401,3189,67,76558,50644,1957,21112,299,2677,29,20268,248,1715,29,48159,18835,28428,54782,20474,33934,55743,19112,36254,8385,25287,16468,7453,8584,3452,590,458
102486,79239,7545,11389,1740,2532,184,109272,83343,8229,13699,2043,1289,60,80244,63717,4677,8773,1139,1816,111,82401,67889,3165,9544,1012,827,0,8739,816,144,0,49879,17336,30589,60626,22796,36901,67120,24201,42164,5857,16972,15707,7577,18361,7068,2015,938
104512,75985,9666,12615,3259,3800,676,110883,80159,10602,12627,3953,4069,734,77932,58960,5866,8495,2133,2600,394,78777,61103,5473,7821,1846,2212,32,6909,1105,222,32,35484,8381,25613,46233,12339,32775,53571,13652,39281,5658,18867,16757,6960,11877,4243,413,743
100064,53514,17975,22060,5240,3129,1102,97023,52911,18550,21255,4272,4544,676,79535,44506,13813,15639,3843,2293,800,74729,43743,12795,13119,2266,2016,244,11291,1692,550,244,21668,9135,11524,26002,11927,13303,28110,12032,15679,3142,13846,11991,4713,7533,2799,430,242
99175,48450,4843,37820,1208,7639,143,98223,46360,5578,37818,1429,7393,9,77928,40335,3154,28601,883,5347,99,74408,38390,2145,28264,919,4860,5,27390,825,3547,5,43796,21678,21141,46732,21729,24624,45374,19794,25223,11956,24188,14540,7419,6626,2712,455,417
100460,38017,17098,32466,3400,12245,893,103165,37498,18031,34392,3648,12565,939,74679,30191,11422,23447,2392,8582,552,73904,30644,9248,23480,1846,8226,276,21674,1325,6657,276,27784,15221,11423,32442,17707,14118,33141,17099,15612,6647,15804,16520,7327,8148,2723,327,266
101271,34761,12811,47996,5190,3812,980,103488,34113,14943,49704,4788,3934,925,78092,29308,8789,34864,3996,2728,648,74182,29288,8462,31867,2480,1698,241,30367,2166,759,241,40818,24681,14606,46330,29119,16321,42952,26291,15956,4930,16804,18483,7623,13344,4185,1401,661
98550,42319,11466,37763,4425,5426,695,98273,42326,13058,37297,4798,4299,679,71649,33043,7176,26019,2875,3722,417,67668,31521,7267,24748,1881,1863,144,23851,1512,1045,144,37637,18867,17419,46086,24186,21117,44890,23260,21042,4901,16355,16660,6910,9842,4784,650,523
101476,41232,8343,47037,2967,4208,636,102457,43507,8087,46450,2850,3352,600,78484,33719,5550,35235,2107,2973,400,76240,34936,4640,33104,1423,1601,208,31808,1011,770,208,44537,25215,17828,49579,27890,20897,48029,26260,21084,5547,19038,16884,7158,10325,5212,888,664
101583,25698,9224,24792,1119,43280,175,101899,23986,10014,25687,1079,42776,194,77504,21780,5723,18492,905,31800,128,72881,19928,2569,18497,398,31870,61,17779,337,30730,61,35812,16361,18507,41540,16391,24838,41038,14345,26340,14184,22384,12989,7044,6450,2833,438,292
99024,82371,5646,1706,904,8589,141,101198,84346,6382,2365,1262,6701,13,80975,69484,3614,1067,632,6058,96,81446,71773,2364,1746,667,4768,0,1437,413,3726,0,48228,12071,34263,55792,15197,39822,59317,15742,42819,8281,23609,16594,8455,11283,4912,711,531
96712,79610,6031,3166,1342,6754,148,98893,83058,6300,3810,1179,4695,386,80360,68192,4101,2340,977,4736,101,80416,71734,2233,2396,631,3204,70,1974,399,2353,70,46897,18474,26044,53913,23153,29746,55199,24125,30154,6065,17718,14629,7110,14322,6549,1396,1015
101343,82248,11979,3193,1192,2459,625,104486,84809,12953,3769,1507,2537,40,82681,69504,8007,2163,840,1875,438,80905,71977,4652,2392,900,847,4,1934,753,241,4,52287,16542,33562,60984,22260,37835,62951,24043,37969,6674,20245,16375,8562,15583,6991,1524,1100
101174,76923,10392,8442,2866,2341,333,98981,77276,10138,7822,2264,920,319,82155,65118,6873,6042,2075,1772,245,77599,65556,4516,5328,1450,631,188,4262,1140,44,188,50362,24701,22983,59658,33120,25463,60164,34901,24224,4732,15853,14127,6954,18952,8600,2549,1301
101743,86128,5969,4690,1691,2498,175,106516,88644,7487,6459,2011,1044,219,84696,73214,4134,3494,1223,1939,112,86231,76842,2753,4372,1299,667,0,3373,703,64,0,56703,31303,22312,64356,38894,24430,64232,39973,23153,5613,16741,13112,6619,20973,10850,3261,2153
100801,78026,9607,8290,1700,2796,415,102752,82284,9522,7425,1612,1911,333,80974,65103,6299,5779,1210,2190,269,78382,67930,3189,5371,748,1045,78,4639,510,45,78,48712,26469,19442,57300,33970,22405,56224,33933,21274,7196,19539,12969,6458,17435,7014,1604,924
96038,86789,4253,1425,732,2635,70,96887,88090,4779,2008,755,1454,8,78652,72124,2745,985,508,2009,39,78684,73842,2291,1194,496,784,20,759,285,157,20,49726,14984,32718,57930,18482,38665,59153,19146,39154,7410,21831,16007,8048,11570,5155,1020,711
104010,59991,11702,28587,2035,2494,129,108350,61481,13486,30293,2349,1817,127,80347,49534,7593,20285,1463,1875,71,77699,50217,5495,20279,1025,638,32,19113,898,63,32,43399,17671,24186,50241,21578,27983,50746,22346,27754,9484,21298,15675,7429,12082,4206,815,562
101380,75274,7189,13732,2539,2696,123,104066,75238,8637,16172,3064,1688,170,79483,61246,4657,9698,1754,2015,75,79938,62502,3795,10626,1774,925,26,9903,1490,218,26,43548,11619,30272,53965,17188,36057,56753,19385,36729,7801,20142,15956,8592,13747,4518,627,463
104830,86062,7380,7528,1217,2525,104,111173,91456,8611,7917,1607,995,142,82925,69675,4907,5426,811,1894,82,85205,74739,3462,5488,780,591,37,5182,556,75,37,47304,11309,34492,58608,14728,43206,64225,16357,47248,8707,23764,16562,8752,12992,4017,630,321
97002,65755,12360,12028,4992,2548,147,97798,66308,12210,12679,5594,1104,336,76195,54828,7852,8642,3304,1824,106,72056,54596,4864,8623,3203,511,25,7893,3101,72,25,42604,14674,26062,48216,17551,29913,48902,17480,30791,8100,19528,14178,7865,11772,3478,1339,729
104585,85245,7062,6235,3529,2646,103,106195,86174,8628,6397,3712,2292,101,83151,69812,4517,4470,2315,1988,73,82493,71540,3849,4154,2104,833,13,3510,1784,74,13,50276,10795,37853,58346,13022,44691,61998,13965,47470,9823,25395,14059,9405,11462,3354,386,522
101327,70923,9742,16878,1971,2241,109,108862,76509,11542,17517,1957,1296,145,79143,58006,6176,12145,1298,1608,76,80745,62602,3677,12413,1328,611,13,11570,1152,95,13,45601,13784,30407,53514,16738,36094,58201,17915,39663,9481,23634,16003,8242,10697,3584,541,246
101302,78527,6995,8712,4833,1929,157,104073,79631,7207,10471,5062,1234,99,77137,61626,4627,5997,3250,1381,103,77805,63707,4234,6603,2660,460,4,6232,2297,24,4,45031,15396,27502,59053,23326,34801,64114,25844,37369,2684,11588,13030,5662,22652,8105,2283,1600
95801,70104,8488,11150,4507,1633,103,99753,72143,7164,12339,6465,1205,307,72405,54715,5516,7940,3003,1126,76,72366,57263,3975,7993,2509,527,23,7326,2136,19,23,45894,18984,24427,57161,28126,28093,60140,30211,28853,2183,8708,12098,6206,24579,10030,2037,959
96964,26393,10681,49155,10790,1822,181,99026,25603,10047,53984,9267,989,47,74917,22267,7340,36905,8232,1297,134,68805,22391,4455,38888,2623,616,38,38337,2419,176,38,38885,28512,8744,47202,37145,9324,48542,37820,9406,4121,8100,12443,8082,19983,8994,1161,812
97564,16668,14080,63119,3761,1916,139,99537,19067,15704,60610,4513,1227,40,73774,14544,9262,47080,2638,1438,93,67914,15955,4703,44025,2514,614,17,42829,2362,141,17,40240,32860,6179,46389,38377,7283,45473,36473,7889,8327,12911,15199,6830,13175,5719,1030,357
98929,22976,18495,49146,8063,2249,134,102331,23954,18629,52257,7276,2016,145,74403,19727,12091,36111,6085,1605,94,70021,20996,5937,38285,3743,598,9,36900,3580,147,9,35044,26330,7521,43896,33374,9781,46248,33660,11512,9848,17325,12667,5517,15427,5763,742,560
103388,36115,27737,32332,6935,2782,226,119213,35775,34138,41235,8458,3964,514,79310,30727,18754,24174,5273,1999,146,71386,30447,8833,26653,4044,803,73,25160,3547,236,73,36835,23699,11335,46029,31133,14054,48227,31985,15171,8816,13748,14901,5047,22005,7705,1090,441
100380,21232,23926,49262,6113,2243,206,97835,19836,24311,48463,5912,1495,113,77983,19082,15870,37908,4974,1655,152,63425,17852,6851,35765,2421,476,10,34987,2106,52,10,35801,28824,5664,38652,31978,6017,39099,31119,6816,9970,11391,13306,5776,12551,4212,450,698
103221,24054,27340,43743,7575,2628,158,112873,25444,32520,47283,7404,1347,26,76772,20873,17945,31993,5268,1927,99,65869,21036,7970,33098,3351,533,14,32268,3079,159,14,35390,26242,7738,42044,31617,9746,41412,29398,10793,10917,17322,16395,5599,13238,4501,683,369
101059,57505,13425,23457,5793,1934,165,105023,56040,15425,26131,6884,1603,145,86257,52520,9555,18392,4833,1491,122,81339,51635,5046,19503,4498,601,18,18398,3742,79,18,41764,29214,9952,54201,39626,13431,55589,38971,15333,6469,10127,11348,3695,26462,10239,2710,1370
100539,78246,5690,9649,5386,1368,105,100520,77615,7059,8922,5508,976,38,78355,62016,4066,7310,3705,1021,75,73884,60936,3275,6500,2482,476,0,6092,2144,116,0,55147,29719,21977,63428,38565,23727,63706,37987,24427,1720,5187,8200,3708,30336,14493,5805,1284
101445,65482,9401,11051,14002,1547,147,99711,63768,10067,11052,13292,1094,251,77246,52240,6540,7908,9277,1116,108,65812,49024,4707,6901,4377,476,84,6670,3875,129,84,50949,24600,23591,58724,32588,25146,56872,31248,24418,2299,6687,10403,4618,27626,12587,3127,1228
100256,66851,9699,12691,9340,1792,134,102468,66369,8947,15811,10765,1460,93,76118,53054,6397,9102,6198,1302,100,72719,52629,4341,10587,4209,545,59,9750,4046,98,59,48828,21115,25237,59131,29402,28724,60823,30572,28927,3864,11411,12094,6086,24818,9288,1875,1166
98810,58442,17972,16582,4002,2297,151,104142,63566,18498,16396,4688,2705,110,72529,45341,11367,11693,2705,1614,101,70624,48731,6783,12194,2055,722,30,11207,1702,77,30,40735,15975,22903,49038,21539,26744,50631,21968,27923,6345,14164,14043,5304,15047,5729,1387,546
101884,73656,8895,10141,7095,2020,124,106861,73941,11693,11849,8700,1363,47,72592,54244,5573,6966,4304,1334,85,73244,56259,5457,7130,4108,459,0,6362,3853,45,0,46412,14340,29788,59908,22195,36787,64575,23686,39913,5091,12952,11428,5848,19946,8136,1800,720
102225,75745,9315,13565,1667,2159,104,106606,78092,10115,15361,1345,1584,229,79294,61131,5598,9874,1125,1569,54,79714,64239,3389,10489,584,729,23,10107,392,130,23,48727,12621,34798,56308,14419,41343,60909,15228,45124,10174,23697,15234,8040,10695,3593,593,329
97050,57020,12453,20956,5330,2332,155,100534,56470,14303,23318,6238,1228,92,71945,45123,7732,14457,3525,1622,103,69632,44961,6229,15097,2628,688,11,13710,2397,10,11,40685,15619,23163,52162,24485,26797,52850,25756,26109,5057,16284,12596,6351,17913,6240,1106,721
97946,51466,12853,24501,8030,2227,158,103157,51932,13970,27425,9461,1233,162,71759,40719,7993,17055,5003,1552,93,68817,41889,4459,18425,3437,504,54,16937,3247,42,54,37823,17085,19177,46709,23491,22481,47809,24127,22890,5743,16183,12218,5767,14406,6865,1154,626
101955,80338,7968,9355,1597,2788,121,103921,80964,9384,10548,2576,1316,238,79514,64789,4851,6634,1088,2116,76,77964,66336,2593,6833,1483,465,197,6310,1232,62,197,46506,9260,35774,54947,12288,41983,57565,13371,43643,7907,22894,15480,8220,10019,3266,543,544
99331,63511,10867,21306,1535,2558,131,102403,66366,11342,21930,1212,2145,44,78179,52685,6812,15886,1095,1822,84,75633,54123,3782,16213,712,753,20,15523,571,86,20,43985,15627,26850,49362,18040,30650,50418,18187,31695,8454,22565,16050,7770,10476,3388,775,513
102639,87506,5986,5380,1207,2660,88,104387,89554,5622,5257,1770,2318,13,81483,71240,3719,3715,768,1945,51,81495,73190,2188,4025,1008,1162,4,3611,834,58,4,49200,9855,37603,58747,12816,45133,63055,13805,48302,8953,23630,17091,7891,10930,3448,989,652
103432,73130,10880,14920,2227,2674,98,107660,74586,13078,16122,2574,1373,24,80292,59358,6703,10760,1604,2012,69,79714,61328,5129,11257,1108,723,19,10374,839,134,19,45062,12705,30872,52237,15407,36086,54414,16186,37390,10210,23842,16741,7390,10849,3132,1067,211
96975,43579,16126,34640,1905,2387,156,97137,44513,17101,33805,2606,2223,365,73977,36111,9692,26081,1344,1677,86,68683,37087,5766,23815,1433,642,63,22931,1063,173,63,41852,23006,17393,46581,25882,20021,47742,26139,20924,7083,19151,14177,5689,10746,4104,851,991
97995,46201,16040,32710,1743,2602,282,100747,46571,16511,36897,1527,1410,54,76556,39395,9975,24618,1427,1884,181,73285,38975,5568,27493,734,427,16,26554,689,52,16,43032,24072,17449,47579,27017,19900,48528,26779,21073,9416,18983,14346,6178,10602,3665,423,668
97469,51400,16271,25021,3802,2437,137,97318,48987,17655,26531,4031,2174,280,75464,43188,10262,18321,2770,1775,87,68290,41848,5512,17904,2165,808,62,17137,1860,115,62,43196,22916,18304,49846,28713,20347,49677,28703,20123,7637,15157,13099,6304,14403,6009,1404,1455
95722,70606,6662,12337,4573,1928,106,99804,72149,8022,14097,4672,1391,205,75579,57520,4407,9209,3164,1415,75,74152,58645,3874,9006,1657,496,120,8590,1373,60,120,52572,25292,24260,60105,32547,26463,61636,33672,26837,3674,11664,11190,4900,20188,9939,3751,3031
96524,40262,11434,35336,8490,2094,142,97220,38738,13385,36480,8091,1771,441,74875,34798,7367,25723,5945,1516,99,69247,33516,4695,25994,4021,819,5,25171,3795,160,5,40812,23780,15530,44909,27660,16573,43363,25669,16843,9674,16843,12648,5373,12415,4716,913,684
98776,70472,5141,15324,6286,1727,93,97821,67294,5669,17351,6692,1292,24,80080,59357,3604,11366,4413,1291,69,73850,55982,3010,11202,2951,538,5,10519,2619,24,5,57994,30692,24374,63879,37577,25271,63008,37868,24037,2767,9064,11885,5059,22779,11434,3012,2430
99846,50653,9892,32015,6184,2235,198,98832,50478,9392,32058,6659,1495,73,79318,42264,6797,24743,4509,1651,130,73879,42409,4645,23342,2646,529,20,22046,2329,92,20,44918,25676,17261,48182,28420,18992,50220,29124,20157,4698,11564,12143,5781,16123,6822,1146,1522
98562,26076,12908,52721,6547,2409,163,99238,26415,11980,53013,7674,1288,193,76282,22278,8380,40307,4848,1732,124,71006,22694,3752,40222,3890,610,48,39154,3696,222,48,45446,33381,10535,48806,36429,11755,46132,33601,11703,8839,16786,15035,6074,15055,5224,690,653
96544,32216,9579,50284,4074,2325,109,102604,33614,11112,53719,4131,2283,74,72752,26212,5941,37258,2820,1698,78,70987,27074,4222,36454,2105,960,24,35224,1877,111,24,42566,27773,13517,47913,31909,15406,49991,32704,16471,6448,17425,12760,6643,11660,5202,835,760
95451,64301,12665,14363,2052,2641,83,97921,64875,13336,16177,2381,2113,90,74434,53214,7957,10080,1469,1930,67,70688,53622,4506,10112,1202,897,0,9538,1105,87,0,43117,12815,28799,50659,16838,33162,52649,17893,34092,8744,19244,14598,6525,11699,3991,709,719
99767,80014,9584,5719,1993,2648,65,100652,80601,10732,6198,1943,1335,54,78337,65049,5923,4094,1319,1955,55,75281,65866,3326,4451,871,756,20,3909,657,44,20,47130,8321,37483,53454,9871,43029,55786,10193,45111,10303,25407,15949,7167,7754,2952,378,125
98748,71399,6765,16775,1950,2208,117,100927,71031,8005,18050,2318,1947,100,79800,59087,4414,13308,1481,1612,75,77239,58017,2884,14061,1342,904,50,13222,1045,184,50,45403,16114,27798,54204,20287,33256,56941,21162,35078,7086,19438,13950,7810,11984,4355,957,853
95403,45124,18940,28184,2010,2952,178,98370,45139,20148,29479,2503,2082,43,72765,37820,11880,20534,1357,2146,114,68938,39285,6834,20831,1167,559,16,20167,985,125,16,36907,18558,17076,43938,23398,19889,44930,23955,20304,9171,19034,14944,6779,11633,3431,322,676
96006,60693,9112,10743,13926,1654,140,95393,60490,9166,12896,11962,1247,194,78453,51572,6510,8390,10692,1237,105,72320,51771,4352,9400,6082,710,24,8615,5637,247,24,55188,44962,7589,52815,44772,7275,54165,45354,7750,2511,3895,5138,2573,15733,12081,4900,6618
105159,69523,9977,21484,1808,2766,100,106498,71596,10596,20440,2721,1737,52,83311,57109,6300,16809,1246,2060,77,80584,59065,3635,15485,1407,840,39,14523,1248,150,39,53336,25649,25549,61380,30834,29729,62951,32025,30062,8154,20940,14512,8204,15328,7106,1845,1666
105122,47665,15811,33309,7399,2259,143,105642,49705,14943,31915,7940,1989,202,85052,41004,10433,26487,6220,1633,102,75237,42060,4625,23802,3657,697,18,22384,3209,162,18,52630,40758,9699,57541,46583,10118,56157,45189,9893,5583,11490,9743,4864,19098,11256,3519,3974
102067,47775,11963,33782,7759,1942,111,106018,48268,12914,35589,7649,2215,196,81888,40422,8154,26364,6127,1427,78,77773,40778,4482,27330,4451,922,31,26184,3799,182,31,53761,43666,7644,61622,52111,8519,60550,50720,8522,4123,9258,9252,4530,21842,14028,4400,5939
104272,29781,21248,47630,5200,2774,154,108022,32957,23317,46362,6245,2327,532,81351,26478,13702,36318,4331,2004,98,74892,29396,7170,33960,3165,794,82,32907,2919,169,82,43227,34018,7614,53447,42447,10178,56673,44625,10908,9971,14874,11179,6301,18147,8596,1478,1551
95456,65966,11618,10504,5461,2061,118,103831,70037,12324,11900,7711,1515,68,73611,53455,7231,7859,3582,1460,73,73191,57030,3847,8615,2977,612,75,8176,2728,82,75,46029,23920,20004,59453,32952,25659,65509,36683,27775,6201,11328,10169,6116,18473,11378,2134,2602
98305,38887,5507,9426,43457,1165,165,105453,41705,6689,13299,43102,941,358,69102,29611,3592,6428,28675,756,129,61380,33172,3224,8274,16140,263,5,7462,15190,80,5,33299,20161,11409,45561,30317,14539,48869,31626,16043,2058,4092,5552,2751,25275,18461,2294,3107
99630,76836,5802,10143,5607,1380,126,101072,76301,6251,12339,4819,709,156,82794,64975,4363,7985,4390,1030,82,79889,64174,3848,8701,2647,411,0,7932,1914,109,0,56076,34962,17886,64712,43525,19958,64237,42815,20150,1994,6146,7638,4253,29071,13291,5137,2689
103215,68417,8208,18247,7096,1822,174,104391,71445,8445,16583,6646,1312,186,82869,56642,5875,13933,5289,1364,123,79445,58619,4244,11926,3988,558,0,10940,3652,104,0,57745,33256,21053,64714,41399,21911,62327,39920,21112,2530,8150,11274,5829,29369,12591,2963,2172
100949,54513,14257,18986,11609,2046,187,100641,57297,13061,18635,10561,1560,199,84096,48477,9767,14711,9648,1598,124,74798,50448,5198,13471,4557,548,74,12450,3971,168,74,42694,27971,11828,45279,32568,11636,45223,31399,12430,4992,8818,9919,4262,19454,9175,1162,1915
100070,70360,7233,7435,13332,1586,170,98637,68470,7089,6776,14626,775,195,77489,56430,4952,5452,9346,1112,102,70924,56240,3245,4153,6762,327,47,3872,6189,43,47,56839,30767,22743,64827,39537,23996,64073,39313,23205,1887,6463,9163,5726,27870,14602,2365,2982
100243,69705,9533,12954,6285,2073,172,105410,72862,9101,13332,8282,1172,294,70863,50390,6009,9093,4042,1389,123,70561,52476,4276,9468,3509,545,47,9211,2920,199,47,44142,21088,20218,57556,31068,25199,64214,34744,28019,3259,8005,10943,6512,23480,9630,1587,1372
97798,64263,12687,16380,2792,2248,167,103036,66322,13788,18980,3060,1938,133,73741,50427,7992,12117,1860,1574,113,73491,53066,5201,13056,1222,660,14,12434,853,221,14,46252,19730,24147,56574,27269,28132,60757,30526,29028,3503,12893,12622,6799,20872,7330,1551,1157
100113,33452,21960,38112,6467,2566,158,102690,34320,20627,41503,7999,2214,125,76400,28762,14430,27959,4929,1832,100,69715,28711,7567,27590,4994,586,4,26435,4622,135,4,41565,29873,9786,47636,35129,11660,46618,33795,11849,7086,14686,12985,5393,18281,6272,1555,1054
100541,22738,20400,54694,2776,2346,146,107481,24701,21876,57521,3124,1963,96,74889,19332,12690,40618,2076,1651,101,72652,20956,6745,42283,1607,988,8,40762,1440,200,8,41021,33761,5981,47478,39008,7733,46918,37079,8947,9398,18828,15022,6196,12743,6741,851,635
104237,54511,14712,29933,3936,2466,183,117247,56223,20349,35063,4907,2637,55,76471,41958,9391,21462,2641,1763,128,79245,45087,7205,23295,2575,827,44,22331,2271,104,44,45412,22925,20470,58166,32266,24881,65484,36718,27670,6534,14315,12643,7131,19564,9279,1491,944
105138,78459,6696,12888,5382,1714,173,108915,78256,7514,16169,5415,1021,200,78542,60085,4396,9058,3639,1195,120,79184,60354,3911,11299,2843,546,24,10522,2430,77,24,56195,25267,27584,68457,35077,32071,71670,37380,33014,2676,8467,10426,5929,27757,12476,2701,2244
103075,57439,19467,22084,2516,3252,502,105089,57194,20594,23961,2790,2189,330,74970,45081,11686,15165,1567,2167,255,72808,45573,8318,16284,1450,965,98,15582,695,217,98,35155,14379,19347,42736,17968,24030,44550,18040,25956,8301,17045,16462,9615,10190,3865,699,486
101459,61549,13584,22628,1650,3273,333,108747,67092,15569,23525,1611,3080,257,77283,49715,8355,16321,1102,2323,199,79001,53962,6479,16417,911,1510,44,15386,600,408,44,39117,13610,24230,48446,17288,30430,53580,18867,34038,9421,21974,16137,8361,10382,3655,527,426
104060,71386,16088,13172,1135,2848,158,112751,74504,19598,15248,1954,3760,238,77558,55940,9779,9349,749,1953,90,78516,60297,5979,10291,890,993,9,9836,574,329,9,42785,11342,30004,54254,16080,37353,60957,18924,41254,8197,21302,15612,9662,12508,3884,374,317
104258,60021,17282,23371,2013,2696,196,112642,62838,18904,27913,2213,1478,170,76749,46845,10740,16487,1294,1850,110,79669,49492,8213,19931,1283,564,40,19219,864,114,40,40043,16255,22141,53234,24164,28191,59420,27987,30554,6257,17551,15473,9158,14618,4222,782,698
99644,82373,5219,8726,913,2318,93,100463,83471,5690,8905,812,985,83,79800,67663,3240,6339,657,1811,71,79364,69540,2467,6358,357,573,15,5229,204,161,15,46017,10974,33611,52841,13563,38659,53643,13441,39729,10019,23341,16684,8893,9306,3746,562,315
96948,76105,8198,6569,3612,3393,170,97079,76811,8635,7025,3869,1527,45,77442,62964,5101,4909,2507,2459,101,76622,64697,3780,5139,2304,626,37,4737,2196,77,37,43029,12449,29017,49193,14522,34134,50529,14656,35377,10902,23270,14494,8449,8817,3981,756,377
98458,83417,5910,5929,950,2357,99,98216,83855,6451,5509,1099,911,538,79540,69063,3800,4224,631,1826,69,77751,69800,2747,3902,454,602,76,3221,300,78,76,44574,10115,32923,52287,12436,39291,52987,12355,40149,12346,22757,16362,7326,9035,2937,663,446
97601,83564,6524,3480,1649,1915,253,98863,87873,6398,2650,1261,1214,61,82497,71406,4873,2936,1326,1518,188,83034,76546,3149,1742,825,692,12,1270,554,156,12,51800,19707,29145,57734,23587,33200,59572,24010,34651,7157,17026,13543,6268,11703,6190,902,1740
97133,81309,8840,4464,686,2040,81,97893,81930,9507,4521,670,1511,14,77154,66645,5432,3113,511,1522,56,74698,67502,3007,3039,322,785,0,2585,210,155,0,45807,9031,35377,51765,10459,40754,52716,10057,42151,11798,23651,15280,8306,7946,2265,321,425
102821,86343,9529,4010,800,2271,63,104169,87654,10201,4512,998,1372,319,81888,70692,6019,2901,576,1773,33,80432,72346,4183,2881,273,506,13,2532,207,52,13,48147,10388,36143,54835,12160,42088,57020,12299,44200,11850,23793,16855,8528,8839,3603,489,411
104154,75255,6509,19679,833,2190,118,104526,74862,7086,19340,1038,1865,696,83382,62065,4000,15132,584,1689,74,81947,62507,2851,14849,563,954,107,14160,262,153,107,48902,15994,31498,55315,17839,36895,57223,17360,39327,12188,26708,17107,7902,7796,2922,445,234
99026,47828,22415,26350,656,3295,103,100213,47739,23969,25977,818,2675,199,75080,39097,13841,20207,460,2283,82,66967,39066,6657,19538,445,1338,36,18968,370,847,36,42449,18034,23584,46575,18894,27322,46148,16986,28799,12776,22888,14287,7274,7301,2350,320,344
97859,79275,4656,10162,1380,2341,205,99432,80182,5097,11195,1462,2026,172,81071,67126,3038,7950,994,1775,167,81247,68532,2281,8248,812,1079,39,7454,602,175,39,54137,15255,37281,60613,17843,42042,64207,18364,45202,6758,19881,18491,8260,13009,5821,1289,886
102406,75492,6915,17194,969,1925,166,103633,75736,7452,17484,915,1506,127,83401,63717,4309,13136,694,1463,107,82152,64521,2645,13336,659,929,66,13036,277,125,66,54298,19990,32443,62340,23865,37740,63533,22980,39802,8354,21770,17643,7931,13509,5726,1108,673
103209,68255,4526,26297,1677,2567,268,106574,71066,5295,26676,1754,1668,299,81312,55176,2863,20143,1169,1877,179,82581,57957,2545,20241,947,796,44,19687,697,156,44,47686,18179,27777,55752,21357,33577,58123,20838,36613,7052,23739,17972,7344,11788,4538,837,658
104907,39288,4031,57348,810,4558,193,102583,37230,4120,56416,897,4658,246,85131,33750,2964,45107,592,3475,145,80677,32019,1451,43755,467,3142,47,42564,402,1964,47,54265,34685,18685,56271,34833,21059,51801,30524,20763,13079,27872,15352,7365,7916,3674,599,452
103570,49853,9928,41598,1059,2011,120,103199,49506,10757,40325,1263,2727,274,81066,41299,6224,31837,696,1482,76,76582,41345,3299,30306,640,1085,68,29431,349,282,68,47330,25138,20923,52597,26996,25038,52196,25657,25997,10564,23458,15858,6911,10534,3956,614,288
101248,40671,4396,54844,556,1459,102,99088,39200,4873,53162,732,1400,254,80697,34191,2793,42613,392,1100,61,77122,33107,1616,40858,420,786,98,40347,303,166,98,53140,31888,20419,54562,31613,22577,52185,28976,22789,11698,25656,16281,6808,8551,2664,460,246
101228,45829,8122,43681,2728,1767,172,108419,52038,8655,44791,2997,1207,236,80095,39341,5538,32246,2139,1321,123,83670,45115,3371,33226,1334,505,13,32116,1086,90,13,46377,27599,16974,48697,30002,17870,47177,28231,18300,5504,14531,11430,7665,11822,5309,1778,1006
101943,60263,9194,29134,2049,2245,133,101717,59179,9354,29669,2184,937,145,77543,48094,5699,21292,1378,1672,107,75039,48607,3423,21471,975,530,36,20729,667,99,36,49632,19912,28158,56186,23658,31875,57441,23622,33192,8038,19469,13167,8547,12558,5336,1100,917
104944,42343,7648,52026,1806,2092,132,105899,40243,9530,52001,2017,1775,453,82218,35692,4929,39318,1332,1505,103,79732,34682,3705,39486,888,877,25,38720,793,367,25,53024,30541,21216,56150,32767,22834,54519,31484,22430,10797,23336,14716,7541,10444,4495,632,483
104455,63110,11312,27223,997,2555,134,111050,65255,12483,31460,1124,2019,125,81190,51264,7049,20702,685,1877,98,82681,53279,5003,22697,512,887,40,21665,461,181,40,47668,19546,26565,56897,23405,32712,62998,25733,36533,10201,22561,16528,8153,11219,3763,627,537
97344,39092,8227,47456,1953,1706,200,96835,38012,8417,48010,1849,1933,143,76420,32882,5316,36112,1458,1235,130,72773,32046,3165,35579,861,1278,28,34389,537,201,28,43205,24916,17310,46199,26751,19044,44001,24341,19240,11269,21308,14503,8144,7541,2949,441,331
95562,57333,14001,21661,1176,2115,173,97222,56784,15872,21965,1616,1364,67,73571,46739,8560,16238,826,1556,137,68501,46482,4480,16045,652,882,54,15360,471,65,54,42376,13091,28209,46500,14901,31129,46714,14414,31869,10247,19594,14714,8286,8469,2694,315,322
95759,74100,3736,9370,4943,3709,155,100988,79034,4143,9783,4759,2791,31,78108,63143,2620,5986,3659,2581,120,77094,67548,2466,3725,1758,1481,14,3500,1344,677,14,44359,19306,19457,42669,22618,18439,41483,21138,19049,3680,13005,13161,7846,16157,5605,1074,1120
98561,84374,2779,5872,2697,2549,121,102186,86817,3160,5754,3308,2327,116,72364,63744,1726,3256,1784,1590,88,73478,67117,1720,2197,1014,1376,32,1832,506,470,32,41394,13657,23162,48993,19772,27528,54498,20892,32096,1817,10905,12660,8872,19516,6209,1264,1069
96443,78996,5295,4252,3437,4431,201,95758,78799,5758,4261,2917,4122,249,75861,64051,3401,2752,2575,2884,140,72176,63524,3214,1684,1200,2370,28,1330,881,1169,28,41317,13480,23633,42278,15790,25100,42120,15126,25916,3663,14949,13497,8445,12965,3919,1022,1234
97943,86875,2381,1666,930,6038,184,97212,85307,2746,1669,1138,5648,154,76602,69448,1483,1052,610,3792,117,75103,68744,1522,827,374,3546,58,617,255,2779,58,48209,12298,31477,48761,13617,33826,48674,12900,34621,5387,21639,14755,9899,12166,2784,466,431
96823,76194,5123,4580,2228,8804,396,95472,75733,5532,5296,2289,7739,262,72854,59414,3424,2995,1556,5255,256,70508,59504,3217,2598,866,4244,20,1975,707,3011,20,39619,9074,26269,40710,10815,28594,40515,10441,29123,4196,18023,14336,8410,12180,3819,812,523
98458,84349,3084,3018,1585,6065,432,100600,85417,3376,3123,1588,5389,553,75621,66496,2055,1870,1094,3752,278,75466,68494,1762,1162,474,3230,178,1020,272,2256,178,47979,10881,32532,50753,14348,34744,52263,14215,36595,3364,15409,12334,10523,17514,5256,1339,626
98405,68361,5582,3186,1469,19981,311,95623,67671,5989,2958,1348,17960,230,71979,52770,3535,2009,1006,12596,168,66927,51176,2902,1191,309,11220,45,927,165,9807,45,39368,8647,27662,41363,9910,30458,41838,9603,31355,5960,18613,13866,9502,10366,2729,513,427
96702,82911,5432,2555,1386,4200,286,97002,82742,5871,2292,1630,4540,495,72704,64087,3359,1524,908,2581,194,70747,63462,2792,1355,546,2260,212,1151,339,1450,212,42115,6415,32602,46497,8172,37062,46764,8012,37750,4840,19594,15211,8801,12267,2743,699,280
94774,34135,11280,38521,9185,3494,250,94758,36240,13595,36196,8396,3504,407,68158,28500,6761,25745,5667,2240,164,62134,30209,4901,22578,3322,1045,40,20924,3130,190,40,29983,20580,8060,33280,23625,8999,32145,22368,9202,10048,18754,12761,4339,8775,3078,444,389
94569,39950,41647,8692,2785,4545,260,95571,40649,42679,12926,2735,3852,383,70312,35124,25568,5925,2251,3019,198,58113,36748,14154,5067,1232,589,35,4103,843,229,35,24500,14660,8242,28352,18727,8952,25948,16802,8697,12436,15516,11312,3846,8622,3309,1309,651
96065,69803,10361,8395,5530,2318,219,92547,67873,9636,8823,4926,1443,156,76546,58590,6855,5452,4007,1611,149,70053,58657,4650,4507,1581,556,33,3564,1311,98,33,42595,23375,16527,48316,30273,17027,45725,29029,16008,3791,13269,12472,5005,18874,7435,2953,1561
99078,69589,6923,14519,6189,2245,203,99799,70328,7897,14795,5477,1695,168,76077,56599,4463,9253,4280,1466,122,72453,56955,3929,8239,2173,745,10,7124,1774,120,10,43413,20262,20530,50305,27365,21908,49747,27194,21890,3109,12535,16983,6271,18865,7355,1506,921
99561,81829,6676,4454,4467,1883,220,99726,82672,6858,5210,3609,1155,15,75192,64204,3886,2456,3027,1160,153,73018,65184,3010,2861,1526,332,0,2127,1288,40,0,51437,20665,27950,57895,27868,28952,56471,27983,27817,2150,11222,15169,6205,21126,7449,2750,1463
100479,86121,3933,2606,6007,1340,154,108335,90808,5186,3153,7101,1479,108,69714,61174,2284,1397,3688,839,95,71662,64734,2282,1554,2467,647,16,1226,1974,78,16,43231,14256,26768,56803,22492,33321,63367,25357,37305,1329,7765,12460,5191,23543,10243,2955,1509
95309,69218,13364,6486,4053,2510,324,98074,70782,15957,6274,3627,2142,148,71215,54493,8254,3905,2826,1710,200,70631,57137,7685,3228,2016,439,33,2736,1565,88,33,40119,15158,22085,47282,21715,24309,47564,22054,24861,3383,14988,15079,6957,14594,6693,1060,521
95295,77846,6691,4734,3651,2026,330,99315,79858,6847,5767,4612,1603,347,66981,56265,3886,2831,2302,1266,189,69070,59147,3621,3178,2046,593,95,2621,1494,93,95,38575,12875,23058,48391,19491,27670,53171,21771,30706,1910,10150,13665,6381,17633,8196,1023,1002
102122,74486,17057,2750,1369,6811,315,102153,73722,17974,3226,1461,7294,256,75711,58762,10337,1581,911,4118,195,70646,58191,6947,1465,654,3204,0,1246,475,2562,0,41753,12049,27505,46590,14897,30760,45332,13909,30877,7549,22049,14167,7251,10732,3560,689,411
93776,83791,4178,1544,1738,2042,102,96154,85345,4727,1667,1585,1653,216,70928,64464,2566,997,1117,1402,66,71412,66159,2506,803,742,1023,16,568,461,359,16,43360,12222,28659,52105,16827,34135,54102,17527,35882,3806,17659,13056,7375,13959,5922,1299,973
99435,77669,7890,6435,4999,2782,176,102240,78655,8795,6947,5579,2477,375,76845,62499,4995,3689,3751,1756,124,75430,63920,4145,3703,2660,803,27,2822,2106,300,27,40766,19841,17792,47734,26119,20311,48311,25748,21703,4331,14456,13386,7645,14716,5931,1200,1652
97127,67226,11785,8513,7383,2918,169,98312,68837,12930,8339,6674,2548,253,75479,54989,7809,5296,5499,1962,109,71870,57248,5850,3997,3725,775,42,3155,3111,264,42,29887,14269,13410,35279,18990,15363,34396,17594,16214,6130,13422,10884,6166,11545,3990,615,848
97559,81585,5272,4686,4079,1904,170,95980,79723,4973,4428,5333,1465,137,75590,65122,3321,2841,2776,1273,124,72898,64373,3001,2445,2244,856,4,1739,1811,195,4,48842,23520,22253,55779,30470,24143,55668,30188,24738,2460,11214,12614,7398,19720,7970,2019,2019
101216,82620,14323,1497,750,2157,81,102566,82336,15764,2260,1007,2268,48,75150,63656,8794,886,470,1397,46,71681,64405,5477,518,522,728,9,326,223,236,9,44785,8893,33768,51120,11239,38928,51871,11150,40183,6288,20998,15324,9380,11231,3774,632,303
95754,84072,7352,1162,887,2059,184,95991,83847,8007,1550,1092,1457,297,73327,66077,4379,637,617,1322,101,71784,66237,3371,650,526,794,22,341,407,194,22,43281,10508,30266,48814,12813,34891,47803,12283,34878,5561,21079,14079,9068,10889,3319,570,594
99050,84383,8941,1626,1157,3005,189,98815,83892,9630,1657,1272,2755,202,75073,65784,5526,1046,814,1807,142,71639,65548,3695,565,531,1255,9,286,267,810,9,44877,7234,35390,50181,9066,40120,48931,8574,39795,4483,21376,13869,9926,10809,3478,650,646
97495,68310,22988,2969,1614,2634,128,96948,66342,24354,3683,1578,1473,185,72373,54074,14240,1739,1124,1699,90,64321,53302,8245,1243,899,569,57,1163,717,95,57,36768,9890,25025,40852,12229,27785,38931,11352,27092,7746,18993,14971,6654,9396,3699,883,598
102342,81470,15128,2506,1336,2096,210,102804,80623,16040,3352,1701,1618,176,76986,63688,9472,1475,991,1373,124,74332,63955,7432,1565,648,567,62,1229,513,159,62,43978,8995,32491,48751,11472,36251,47752,11058,36169,7082,18152,15468,6997,12735,3959,747,1015
102301,91483,6501,1415,799,1827,175,100995,89637,6893,1383,920,1867,108,78637,71766,3973,756,544,1296,113,76365,71252,3388,563,365,699,10,446,287,213,10,50308,7573,40477,54486,9303,44210,52733,8995,43174,4883,22306,18932,9589,11146,3377,875,363
98197,79101,12425,1263,1028,4664,210,97624,77759,13281,1564,1187,4197,148,75833,63425,7928,745,682,2948,123,73920,63002,7355,603,645,2167,50,373,500,1314,50,45718,7669,35705,49397,9602,38811,47191,9059,37625,5822,19970,17747,7643,11191,3400,853,721
101881,89180,3030,2357,4364,1992,182,104038,91038,3160,2926,4635,1266,57,82488,73424,2037,1492,3175,1562,116,83096,76103,2180,1402,2565,523,4,944,1778,13,4,51740,25049,22876,57365,31674,24578,59502,32287,26325,4167,19515,13683,9148,18273,7443,896,724
96302,87757,2611,1260,2509,1290,99,97295,87205,3224,1675,2763,999,169,80491,74328,1766,854,1818,971,73,80688,75562,2152,761,1412,492,91,478,1100,9,91,60074,29304,27284,65641,36238,28578,65431,34481,30047,2939,17894,11911,7002,21717,9787,1802,1349
96690,86934,2519,1444,3294,1517,128,97826,87754,3010,1320,3273,659,25,79387,72135,1798,1109,2425,1168,97,79031,73924,1903,671,1986,542,4,400,1455,50,4,56632,29166,23504,59581,34264,24301,62128,34547,26607,2515,14343,10998,6395,17857,9035,1623,1572
99664,71557,12927,4366,8528,1583,158,99897,70770,13489,6052,9091,959,14,80268,60494,8714,3026,6163,1185,108,73903,59558,7083,2561,4162,501,4,1976,3692,43,4,48253,25219,19786,51106,30047,20274,51259,28468,22004,5295,17941,12862,6380,18899,8809,1127,1468
100212,92875,1780,1030,1349,2206,116,101705,94701,2288,1224,1324,860,83,83169,78025,1138,557,969,1684,63,83948,80112,1598,716,798,559,28,470,604,58,28,56518,21465,31446,62476,27201,34359,66252,27975,37521,4714,22805,15125,8919,14400,7919,1098,860
94179,86667,2008,1319,1398,1990,88,94780,87465,1874,1923,1096,1042,104,79181,73553,1400,987,1004,1524,64,78998,75064,1251,1197,633,750,0,962,435,165,0,50796,23838,23191,54538,28903,24749,56708,28419,27457,5974,22307,13884,6827,13260,6790,1571,1139
93868,82626,2423,1527,3654,2429,120,95965,84255,2633,1598,4305,1607,314,77927,69417,1762,1079,2810,1859,84,78343,71986,1950,944,2208,962,17,736,1706,87,17,51808,28198,19993,54904,32769,21199,56624,32720,22921,5098,20526,9511,5979,14141,8579,2282,2840
95288,85845,3446,1584,1986,1374,90,96615,87660,3595,1403,2103,689,224,75315,68927,2188,977,1360,1030,62,75873,70850,2444,807,1388,283,9,448,1069,14,9,51916,20080,28796,56621,25284,30497,58045,24697,32641,3316,18308,12378,7417,16686,7819,922,685
94000,82138,4439,1715,3761,1203,102,95507,82909,4309,2454,3969,910,65,74964,66797,2931,1093,2622,876,62,74302,67928,2226,1419,2261,443,12,840,1850,109,12,51093,19523,28701,56598,24814,30986,58101,24094,33267,2776,18075,11676,6430,17696,8961,1340,765
96748,71862,11386,7149,4951,1778,138,96823,70490,13481,6929,5048,1405,194,78955,61668,7640,4527,3867,1394,104,73752,61645,5400,3186,2766,419,31,2553,2462,64,31,42468,21256,18332,44715,25063,18833,44312,23662,19992,7849,19386,12385,5806,15903,5950,995,617
101534,89362,2767,3014,3350,2042,101,102879,91297,3140,3007,3442,1264,445,82462,73785,1892,1995,2411,1546,66,82166,75812,2084,1248,1791,689,89,1078,1261,61,89,54788,26562,24447,58868,32198,25680,60667,31889,27850,4995,20865,11911,7913,15635,8378,2202,1204
101758,92458,2579,1749,1644,2139,140,102909,93846,2817,1793,1918,1139,231,82203,75635,1683,1195,1122,1606,93,81258,76735,1882,877,934,635,8,412,561,16,8,56819,26677,26266,61382,32472,27727,63955,32552,30361,3552,21049,12890,7471,16049,9379,1253,1448
102778,93148,2600,1517,2114,2210,184,104051,95284,2915,1838,2304,1145,122,83242,76524,1769,977,1408,1629,122,83542,78785,2008,732,1241,609,11,316,506,75,11,57092,28987,23975,61078,34359,25595,62639,33135,28480,4463,21921,13208,6839,16273,8250,1255,1183
102627,88240,4939,2967,3959,1715,146,104578,87750,5448,3247,5859,849,198,80628,71039,3082,1904,2668,1270,101,80674,72153,3078,1305,3341,616,4,926,2775,56,4,54299,23202,27193,58960,29651,28304,60566,29562,30050,4071,16039,12244,8015,19400,9279,1573,1088
101789,51089,25564,22921,1470,3863,151,101818,49818,26484,23317,2069,3294,375,77857,42598,16748,16361,1079,2749,104,69508,41746,10485,15147,951,911,75,14258,782,428,75,37658,17399,18862,42786,20605,21504,37433,16496,20331,11062,28067,11209,5551,7966,2853,836,408
101827,49390,32450,18655,2165,2862,198,102013,48745,33965,17218,1869,2867,88,78357,41699,22211,12680,1599,2058,135,73308,41643,19196,10873,934,646,31,9707,868,99,31,40729,20688,18624,47424,24615,22239,41449,19327,21605,11414,24993,12223,5978,9834,4017,603,557
98733,45005,19700,22351,12317,1707,461,99043,46875,19890,19665,12047,2127,24,79253,39832,13643,16129,9685,1247,311,71920,41909,9607,12520,6793,757,0,11871,6323,319,0,39992,22953,15908,46229,26353,19328,39667,20098,18750,10187,21686,12085,5007,12386,4949,1474,767
94632,49972,21040,15859,8241,1659,181,94971,49325,21986,15373,8583,2004,152,74603,42162,14468,11776,6213,1188,127,68122,40808,11548,10108,4884,699,37,9185,4437,22,37,40386,22168,16964,48605,27243,20766,43897,21930,21125,7364,20649,11585,4284,13889,5145,1920,524
95263,80040,7465,4889,1373,1496,155,94941,79690,7854,5338,1332,1087,175,78971,68611,4731,3345,982,1082,100,76722,68636,3606,3277,798,364,4,2697,522,23,4,48722,18750,28446,57714,23941,33158,53042,20760,31342,4412,22855,13768,5494,16309,7051,1905,738
98590,66280,14697,12630,4054,2064,164,98482,64122,16267,12408,5014,2993,49,78579,55246,9933,9362,2976,1543,108,74867,54077,8418,7974,2854,1573,14,7318,2389,266,14,43117,17715,23897,52577,22597,29240,49129,19236,29097,6375,26205,14078,5768,12892,4170,772,296
95383,81448,7643,2925,1945,1494,88,97936,84564,6947,2685,2332,496,152,78860,69289,5127,1865,1397,1111,64,80178,72745,4543,1269,1314,218,15,965,962,0,15,48415,15684,31153,60327,22517,36944,58747,20406,37462,3878,24699,13836,5484,16131,7095,1469,749
94858,79094,8920,3577,1880,1417,87,97122,78749,11371,4359,2447,1007,217,78960,68084,5978,2352,1400,992,56,81129,69849,7090,2443,1441,225,19,2031,1246,23,19,47099,14395,31290,58259,20307,37147,57211,18348,37969,6337,26583,13974,6660,13765,4637,790,409
98875,76815,11708,4679,4605,1443,69,101728,77755,12112,6557,4782,539,94,78928,63433,7936,3079,3505,1006,37,77041,62525,6895,4248,3179,178,30,3687,2894,20,30,46854,15272,30171,56261,21210,34287,51409,17004,33602,4471,22971,13027,5410,16962,6453,1192,740
98588,81484,10062,3327,2258,1497,105,101357,81347,11639,4401,2408,1214,79,81141,69275,6870,2124,1666,1061,72,79783,70288,5659,2102,1381,303,23,1672,1017,48,23,50945,16449,32759,61390,23211,37303,57214,20117,36122,3821,22155,13696,6229,18879,7046,1225,604
100380,80080,10228,5602,3148,1329,99,102409,81088,11828,5601,3794,779,97,84487,69474,7201,4157,2483,1068,76,81654,68203,7169,3792,1979,260,10,3546,1825,0,10,51184,17374,32357,61793,23283,37732,57584,20080,36619,5240,28544,13828,7097,15406,6729,808,858
102770,83855,12527,3420,740,844,38,107029,88006,13088,3298,1005,1081,150,52810,40620,7868,2749,597,556,29,48733,42254,4471,1368,476,72,4,1195,295,53,4,18340,5261,12812,28222,5314,22808,29967,4295,25428,4405,13583,9196,2027,8257,4521,930,482
101416,79495,11767,4564,3952,1042,103,102156,79622,12769,5451,3745,944,10,70495,55369,7768,3319,2906,804,71,65142,53898,6062,3133,1775,179,19,2864,1556,17,19,38656,12488,24917,48164,17025,30522,44983,12515,31780,3456,16009,11615,4536,14448,6253,1539,787
99469,59972,14575,20529,3829,1596,110,99564,60554,14974,19483,3703,1570,325,82166,52585,10143,15736,2957,1175,84,75712,53196,6869,12877,2447,282,33,12120,2145,8,33,48153,26794,19777,56170,33690,21711,50635,28091,21387,5089,15558,13370,5193,21185,9542,2874,834
101487,64818,19787,8466,3811,1774,134,102341,70020,16000,8315,4647,2700,25,79307,52846,13471,6421,2933,1287,102,72569,57737,6303,5907,2349,139,5,5259,2065,9,5,43185,21153,20523,51094,27152,23261,45857,22038,22865,6085,14211,9734,4773,20414,10027,3029,1386
103948,79787,6813,11925,4135,1678,153,105202,79845,8351,12783,4005,1048,74,81560,64489,4340,8604,2986,1156,99,81357,65066,4847,8802,2344,198,0,7759,1832,5,0,50268,22474,26184,62416,28862,32680,60045,26266,32748,4658,22461,13903,6909,16919,6102,1276,556
98719,74112,7022,12451,4046,1544,120,100880,76560,6421,12418,5207,731,129,77523,59759,4827,9008,2946,1116,83,76198,61014,3592,8341,2840,290,33,7914,2555,9,33,43718,20782,21189,54505,27654,25965,52625,25387,26120,3778,17899,10236,5508,16851,6750,1592,1221
99627,71456,8300,14946,4099,1872,136,100872,71560,10698,15026,3778,1014,112,78198,58761,5173,10280,2932,1369,95,77242,59747,5715,9398,1987,337,39,8231,1718,62,39,45556,23614,20171,55733,30186,24695,52441,26927,24436,4854,24368,13246,6847,14388,5518,1197,690
102963,51504,15838,31918,3830,2209,155,103383,49934,17573,33942,4647,2295,195,80566,43586,10044,23586,2923,1613,117,75989,43572,7843,21737,2117,550,19,20659,1943,47,19,41721,25210,15214,50542,31449,18485,47882,28077,19072,7295,25199,15552,6480,12121,4466,689,368
99364,65963,9789,17245,5874,1728,142,99663,64919,11280,18257,6302,693,23,78316,54880,6187,12065,4374,1237,106,74443,53304,6016,11141,3602,301,0,10256,2947,33,0,43004,23692,17934,51802,29824,21310,49397,27067,21494,5320,23667,13590,6076,13720,4455,1174,388
97760,75605,7426,10126,3672,1452,135,98264,75749,7681,10275,3926,1260,128,77331,61392,4879,7521,2605,1062,102,75007,61339,4044,7000,1967,481,5,6418,1472,27,5,50579,31417,17012,59680,39599,19087,56623,36939,18485,3158,17258,12429,4621,19064,9134,2844,1553
96790,6824,48926,41065,4604,2456,388,96142,6356,48877,42392,4358,2844,387,70085,6121,33330,29437,3503,1739,275,60720,5671,25546,26559,2248,667,59,25726,2190,35,59,30224,27540,2263,30199,26092,3920,25526,20082,5163,16797,20477,10764,4053,4502,1894,350,135
97213,63653,7117,9040,16947,1105,151,98837,65330,7970,7676,16370,907,123,76747,52156,4732,6592,12683,728,88,72147,53440,4356,5418,8447,196,35,5035,8234,17,35,47994,30318,16118,57103,38028,18374,53355,33791,18364,4010,12924,9198,4750,21776,11009,4697,2225
97996,65474,11491,12773,7681,1667,169,100262,64203,14587,12290,9039,846,143,77408,54277,7638,9272,5560,1160,110,75948,53573,9004,7830,5088,300,0,7161,4730,17,0,46774,27086,17916,54935,33465,20742,48847,29001,18986,3917,18608,11314,5310,17466,8195,2628,1265
99275,42911,11795,39028,4207,2062,177,100269,42000,12487,42463,3706,2173,223,77874,35707,7983,29664,3249,1507,113,73967,34304,8749,27981,1852,543,0,25539,1437,37,0,44761,30992,12370,52404,37425,14355,45062,31231,13158,4810,21869,15185,6332,15251,5597,888,492
97494,71126,5886,9718,10063,1208,156,100270,71962,6446,10653,9739,1204,178,77884,58984,3884,7073,7225,847,122,77703,60211,4162,7517,5265,281,58,6977,4776,16,58,50630,27496,21342,61621,36252,24543,52718,30362,21501,2379,14683,11794,4896,23782,10085,2711,846
102067,74833,8725,13539,4042,1992,251,103397,75358,10095,12352,5359,1100,167,81008,60755,6054,10284,2900,1468,187,81069,62611,6084,8763,2763,364,6,7929,2195,24,6,47103,21778,23467,56544,27924,27744,50158,23897,25503,5786,20331,13119,6314,18502,7601,1843,797
101382,61527,9046,20811,9554,1620,175,102050,59535,9802,23070,10030,1022,234,79953,50480,6176,15685,6896,1182,120,75692,49497,5298,14885,5346,479,0,13853,4972,12,0,46624,24547,20372,55950,31790,23404,48598,26483,21189,4718,18083,14226,5156,17863,7890,1202,616
98146,79615,10023,3656,3661,1179,128,98527,78133,12302,4019,3018,824,200,78214,65307,6802,2372,2686,859,94,76086,64846,6657,2329,1841,259,17,1993,1402,0,17,48928,18189,28924,59496,25583,33005,55721,21816,32791,4037,20097,12260,5731,19722,7351,1208,637
100523,81964,6517,3627,7306,860,106,100512,82893,6483,3060,6443,1052,371,80475,67057,4426,2662,5469,608,85,78180,67808,4203,1914,3783,269,3,1479,3459,48,3,55357,21203,32302,66868,29268,36662,61904,24508,36025,1599,11231,10115,5167,25486,11844,3831,1998
102342,72970,14788,5218,8492,1191,119,102221,72382,16010,5372,7337,864,37,80348,59195,9996,4069,6336,873,85,74343,57690,8298,3518,4700,160,7,3042,4396,5,7,49781,20452,27848,59897,26381,32875,54995,20801,33096,4522,14412,10051,5566,22526,10314,2322,1126
99100,66676,10582,6432,14837,940,101,99108,62896,11110,7499,16291,851,104,78661,54633,7436,4729,11247,679,70,74511,51668,6962,4961,10319,250,25,4107,9618,36,25,47013,22163,23465,58149,29000,28433,54033,22990,29819,3379,14767,10542,5321,20888,11118,2666,1573
99753,59312,11251,7098,21682,950,99,101961,58466,13526,8549,21918,533,232,81315,51382,8180,5534,15784,691,75,76189,51228,7747,4698,12151,189,5,4336,12007,26,5,46224,22860,22187,55156,28867,25713,57067,26491,29206,4564,20322,12317,4660,20805,9639,1585,801
100777,63666,16814,10898,9102,1471,119,101014,59995,20107,11549,9043,1469,112,80819,54199,11491,8062,6614,1083,84,72211,51933,8789,6879,4262,313,40,6361,3926,7,40,47914,23663,22348,55732,30010,24943,48188,24730,22526,5324,20877,12555,6235,18641,8210,1043,834
97867,9379,43160,46271,1295,2741,283,97471,10616,44745,44020,1221,5349,180,72277,8504,29492,34482,946,1950,211,52977,9396,15163,27473,529,132,13,26812,353,29,13,24267,21853,1978,24215,21337,2710,18738,15347,3174,15040,24301,11591,3039,7184,2299,351,266
98540,43243,15110,9882,29997,1226,146,98774,42704,16093,10980,29532,1064,63,77401,36776,10602,7507,22173,870,103,63339,35450,7334,6535,13698,380,0,6153,13377,63,0,42391,29122,11766,49665,35677,13257,42364,28323,12897,3815,11586,6998,3502,20630,15204,2336,3567
103914,69054,11102,15027,7829,1300,133,103249,69236,10807,13847,8941,1409,20,84463,58282,7789,11788,5782,948,97,78739,57968,6320,9420,4615,374,0,8825,4075,19,0,53092,30778,20068,61548,38601,21946,56930,34702,21004,3882,13991,8893,4304,21897,11984,2965,2279
98518,81436,7052,3710,4625,1164,86,98966,79438,8489,4028,5345,365,165,79638,67272,4886,2826,3281,838,61,76483,65841,4882,2583,2876,180,60,2376,2546,28,60,53620,20094,31085,63955,27857,34804,61937,26112,34428,2693,15143,11417,5163,21581,10931,2418,1709
95622,73278,11079,6713,3049,1559,132,96643,71876,12896,8190,3567,868,258,76709,61238,7503,4443,2233,1143,82,74939,60714,7095,4791,1969,299,0,4518,1785,51,0,42425,14896,25701,52444,21550,29922,52134,20169,30881,4418,22889,11930,6009,16504,6258,830,522
103826,42559,9197,12346,39579,1009,187,103940,41579,8514,11240,42243,915,265,81570,36253,6609,9336,29103,714,156,65520,33222,5596,7562,18662,122,25,7133,17866,25,25,42958,31359,10027,49542,37657,11196,44129,30717,11624,2227,5832,5550,3013,22380,18501,3729,6881
103276,49455,17690,16043,20106,1478,128,105084,47575,19238,17075,20544,1832,96,82419,42328,12593,12272,14957,1104,101,74084,40942,9766,11689,11384,277,0,11079,10973,29,0,45809,26479,17675,54585,33871,19929,50849,29393,19995,4158,14788,9906,5499,22130,12738,2279,1981
95479,54421,16997,5692,17689,1261,107,97927,53050,18204,7029,19204,932,85,75497,45558,12226,4097,12963,905,92,69033,45089,9112,4469,9994,146,46,4134,9231,19,46,43398,21262,20356,51032,28105,22116,48755,25063,22459,4435,13536,9068,4028,20965,12008,2027,2302
97545,55118,17958,7296,16299,1148,103,97818,54877,19177,8403,15727,877,9,75737,45030,12858,5454,11689,806,81,66348,44009,8896,5174,7896,161,10,4913,7321,15,10,45838,23097,21064,54201,30576,22888,49895,25865,22604,4357,11384,8770,3368,21086,11953,3918,2012
95408,68272,9979,3841,12182,715,98,96325,67215,9653,5120,12880,575,153,72276,53273,7157,2886,8189,484,69,67255,51778,5063,3454,6479,267,32,2719,5998,34,32,46648,25075,19682,55092,32936,21356,52239,29579,21354,1886,7970,5691,2512,22388,15180,4442,3185
104138,71881,15764,5264,9991,1556,114,105122,72158,16518,4264,10187,410,99,81431,58022,11301,4048,7143,1094,74,74982,58351,7841,2869,5695,149,0,2583,4514,39,0,52832,27965,22857,62964,36911,25107,56521,30845,24233,2619,9453,6893,3536,27315,15926,5169,2147
101247,61491,27873,4621,6876,1632,92,102657,61192,30215,5425,5552,985,27,80772,51024,20829,3398,5159,1222,63,73792,50993,16557,2550,3435,221,0,2107,3172,35,0,47106,21547,23822,56157,28115,27143,51664,23299,27242,6017,17006,12834,4852,19813,8903,1463,1156
96252,69668,13290,4904,7459,1034,102,97079,68056,14708,6378,7171,747,225,76020,57058,9229,3459,5438,763,71,71804,55245,7966,4228,4021,177,0,3673,3365,17,0,48639,19445,27326,58793,27729,30150,54019,23393,29426,2922,13908,10499,5741,21263,9906,2134,1016
102034,83631,10029,3191,3222,1503,59,103052,82897,10844,2788,3561,1839,65,82156,69124,7002,2214,2333,1110,30,80152,68415,6986,1627,2055,901,0,1412,1760,46,0,52916,17239,33379,62447,24397,36795,59205,21272,36675,3243,19845,13518,6468,19578,8379,1893,964
101214,83696,9820,2637,3334,1529,72,101807,80930,13533,2873,3102,1315,122,82161,69943,6645,1757,2389,1065,60,80601,68555,7792,1565,1919,629,103,1230,1380,40,103,53065,18464,32475,63328,25733,36473,58855,21945,35833,3006,21335,14329,5211,19229,8488,1537,1047
94790,31324,14369,13462,35864,1234,148,95524,29536,16583,14049,35895,613,216,73955,27124,10084,10064,26633,831,116,59880,25207,7842,8523,17922,120,89,7912,17477,60,89,37929,24938,11801,44659,30553,13542,42515,25184,15145,5269,10402,7585,3661,21942,13698,1704,1678
95940,54692,13469,8110,18488,1038,139,96420,51540,15351,9900,18790,861,340,75068,45161,9293,5765,13784,770,97,64001,40150,8042,5246,10112,348,29,4989,9880,5,29,41307,20963,18926,48041,26118,21195,46285,21893,22853,5356,15430,10230,5099,18101,9742,1588,1289
101146,35732,18809,18172,28528,1448,154,100840,36502,19859,18172,26525,1051,43,80958,30658,13480,13902,22567,1084,117,69151,30952,10719,13108,13703,389,0,12508,13458,29,0,40049,24260,14414,45325,28077,16604,44872,24544,18635,5784,16327,11127,5146,18896,8575,1234,1288
98339,29291,38324,13008,18175,2050,188,100946,34649,37883,12796,16823,6590,74,78053,25529,26398,10195,15917,1484,149,60031,29294,13165,8393,8992,277,4,8110,8753,9,4,27280,19507,6666,28225,20071,7718,25325,15729,8554,11037,12699,7021,2956,11666,6325,1648,2279
100905,28634,8177,7918,56037,1007,104,101314,26660,9323,9397,55308,958,204,77348,24994,5858,5922,40397,633,85,57685,22236,5696,5158,23878,303,22,4715,23454,69,22,36051,22685,12318,41434,26609,14353,39762,22643,15754,4717,10785,7193,3759,22518,15539,2409,1603
97740,27309,53606,12295,7660,1939,224,99020,26211,56194,12948,7666,2975,245,74947,23353,38910,9026,5925,1449,186,61778,22593,28834,6018,4024,181,28,5414,3975,88,28,31649,19871,10905,35335,21021,13951,34829,16560,17312,13253,20658,11646,4849,11655,4426,550,237
101384,57850,9799,4181,28820,841,124,102072,58506,9790,4339,28623,944,88,81342,48705,7030,3095,21875,591,95,72696,49516,6052,2372,14380,306,13,1927,13943,33,13,47777,22333,23837,56910,29059,27147,51205,23255,26609,3869,13970,7705,3967,24522,14371,2701,2033
104065,78760,9939,3309,11241,720,98,104960,76293,10478,4346,13465,1257,163,82527,64223,6835,2533,8318,506,80,77676,61678,5614,2471,7335,343,0,2026,6810,88,0,53779,23543,28694,64728,31619,32378,59500,26423,31926,2568,12951,8679,4257,26397,14837,3797,1657
103874,72269,17101,4855,9318,964,76,103907,69870,18889,4396,10023,607,43,84247,60512,12424,3868,7064,683,60,77550,57641,11688,2613,5370,224,16,2493,4771,43,16,50548,22284,26832,58746,27670,30395,52626,21061,29609,3780,17653,10535,4570,22463,9407,2280,1081
94941,73661,9503,2771,7810,1163,103,94727,69717,10925,3790,9369,1149,180,76511,61104,6653,1995,5764,843,71,71695,57706,6659,1840,4947,386,8,1631,4493,146,8,50043,21220,27081,59565,28496,30219,54528,23724,29716,2636,12915,9344,3891,22602,10160,2463,1209
99670,76690,8717,1830,11625,692,84,100684,75358,9589,2438,12225,677,69,75275,59862,5839,1186,7798,476,57,71707,57963,5398,1443,6596,151,20,1280,5854,27,20,54606,26371,26305,64302,34805,28685,58682,29363,28211,2166,9207,7122,3568,26632,13669,3948,1740
95180,58826,14925,4500,17044,697,260,95744,56991,15446,6971,16971,693,107,74493,47817,10764,3175,12603,548,239,67085,44120,9803,3264,9580,214,0,3142,9328,146,0,45063,23967,19719,53236,29233,23400,47842,22736,23915,3423,13962,9253,3995,20357,10269,2726,1433
101174,52228,33060,8265,8916,1313,121,101361,49162,36045,9206,9129,1220,103,80390,44139,24046,5842,7002,1015,72,70161,38918,20810,4420,5685,70,39,3980,5391,43,39,38672,20427,17188,45035,24581,19921,41110,18666,21559,8383,22728,11853,6106,14452,6366,1101,583
98832,26693,47391,18591,8645,2469,168,98551,24689,48840,18225,8680,1265,70,74852,22614,34242,13562,6127,1828,123,61409,20701,25137,10881,4430,167,10,10738,4090,48,10,35223,24126,10273,40058,26117,13509,33020,16858,14954,10274,24254,10428,3398,11622,3771,424,390
98876,8494,62112,29838,2485,2094,273,97986,8663,65412,25751,1139,983,139,73661,6490,45602,22637,1772,1486,211,48319,5674,25868,16083,448,85,38,15905,417,19,38,27289,24664,2252,28401,22906,5289,21281,13762,6798,14803,26125,10941,2352,5589,1197,224,186
96833,17194,68390,10845,3799,4126,213,94568,16005,66937,10196,3786,1867,261,69326,12024,48493,8264,3079,2853,145,46701,10182,28505,5554,2144,125,34,5391,1985,16,34,24407,18455,5399,27861,18398,9211,22739,10995,11061,15831,22342,7697,2368,6674,2208,557,249
100155,52876,28706,6411,12940,1312,161,100728,53735,29434,5866,12402,1041,76,80236,44043,21385,4851,10346,1001,115,74482,43777,19619,2712,7720,513,0,2483,7544,17,0,42460,22823,18360,50782,27669,22538,44917,20740,22595,5894,20249,11004,4329,19678,7976,2150,775
101972,53682,20980,6455,21689,971,137,102638,50132,23493,7830,22786,1190,110,79879,43709,15104,4760,16703,708,92,72965,40765,14200,3455,14030,259,26,3317,13406,20,26,47636,25745,20407,56566,32793,23135,51145,26519,23747,3909,14226,10424,5529,24213,9156,2361,1170
100263,64888,7702,2144,25014,535,94,101739,62632,9520,3627,26260,850,42,75981,51364,5190,1451,17511,354,71,68296,48519,5413,1548,12588,166,5,1398,12033,67,5,49946,25977,22475,59893,34010,25268,54013,27603,25566,2307,8990,7727,3793,24676,13116,5107,1993
104437,32345,21887,11722,39575,1325,157,104693,31670,22512,10298,40438,643,146,84979,27466,16435,9217,32471,937,122,68016,25734,12543,6429,22926,192,70,5990,22587,38,70,37290,25590,10845,45166,30024,14767,38842,22939,15294,5294,14134,9523,4891,25866,10929,5107,2354
96054,30512,32574,24262,10971,1797,145,97293,30878,32856,23089,12787,1082,154,76734,25174,24707,19457,8865,1315,111,68197,25646,19784,15364,7236,255,0,14669,7080,15,0,39335,29522,8804,45467,33262,11785,42261,26424,14737,7125,15385,10535,4498,17729,9723,2914,1414
103591,29279,56651,5760,12912,2984,200,102553,27355,58214,7068,11368,2853,16,83197,25038,43615,4427,10743,2267,149,64894,22752,32469,2632,6832,107,0,2143,6542,44,0,35563,23384,11255,39404,24810,14262,34344,16915,16272,11593,18857,12891,4647,15711,6895,1488,1032
104478,20421,66694,6385,12791,3342,214,102827,19991,65076,7877,13899,3450,43,84040,17688,52416,5211,10299,2543,167,59762,15816,34551,2437,6709,89,4,2365,6468,32,4,29662,21891,7020,33460,22880,10291,28957,16523,11646,13850,16886,9481,3875,19150,9741,2155,1338
96296,49809,22311,5592,18937,1055,118,96498,47327,23296,5927,19702,1175,70,78147,42396,16728,4302,14840,822,95,66606,38484,14750,3424,9711,195,15,3070,9460,19,15,37633,19242,17235,44720,24248,19972,40463,18926,20665,4774,16419,10463,4989,20318,9664,1864,1180
103019,42723,41033,5335,11040,1925,203,102404,40802,42262,7221,10666,1523,266,83495,36603,30827,4117,9369,1467,159,66301,33224,24246,3912,4480,125,55,3285,4197,20,55,33073,18458,13546,39159,21972,16730,35383,16309,18279,9474,22168,11599,4821,15918,7694,1694,819
103541,18611,70549,7489,9711,3713,234,99973,17627,67427,9460,9945,2962,181,81720,15872,54311,5884,7989,2842,189,56574,14535,33711,3686,4409,63,58,3292,4211,22,58,30750,23878,5979,33244,23994,8895,30611,18484,11280,13764,20383,8098,2908,15335,6888,1362,1064
104500,56034,12669,5668,29673,791,203,100675,52055,12882,5693,28775,866,90,89255,48851,10163,4561,25032,613,182,66346,43804,9992,3362,8622,364,4,2829,7728,132,4,33977,25716,6784,39899,31074,8179,37159,26299,9725,2652,5474,4205,1333,32432,22148,4245,3117
101143,23861,28287,14224,35836,1848,283,99888,24094,27913,14678,33982,2402,252,81567,19707,22069,11329,29155,1365,214,58619,18304,16339,8067,15043,616,205,7585,14756,129,205,27251,21571,4900,31102,24100,6679,26808,17511,8033,8421,16592,8569,3746,21276,10754,1679,1177
99929,21767,23968,38874,17333,1646,321,105567,21886,25902,42025,18873,1115,264,78627,18553,17663,29335,14064,1217,260,66439,16964,14297,26820,7681,339,0,26133,7238,152,0,31522,27891,2837,35826,31208,4261,31993,25327,5693,6557,17212,9684,3388,20089,10365,2061,1545
101227,37097,30121,20114,15398,1689,275,101954,35163,32705,21108,15368,1827,128,78907,30896,21771,14848,11949,1325,198,67178,27697,18722,12211,7885,490,37,11547,7698,88,37,32656,20979,10883,38697,24775,13527,33699,18746,13869,7888,19864,11817,4378,18156,6475,1343,904
104295,38817,35184,25070,5602,2208,207,104979,37251,37992,24382,6037,1617,37,77756,31039,23275,19710,3931,1518,149,59666,29557,10535,16594,2526,350,21,15953,2230,70,21,41354,27043,13104,46304,31216,14594,43616,27033,15726,9615,16907,9878,3704,17298,8489,1593,1189
104422,59924,20486,16373,7522,1437,94,105210,60036,22697,14735,7837,1049,69,79968,47223,14614,12565,5276,1013,71,73841,46212,12833,9974,4429,244,0,9656,4133,97,0,49814,30252,17918,57298,36828,19742,54126,32263,20607,4115,16031,10688,3917,21536,11075,2957,1324
98620,28243,33262,28637,9728,1695,185,99797,26910,32513,30791,10945,1292,105,77894,24571,24549,21786,7591,1297,136,68338,22435,19049,20482,6014,308,0,19794,5885,14,0,36528,25376,10325,41652,28843,12409,38128,23060,14187,9037,22671,11980,5912,12341,5314,690,344
103639,40272,22279,12950,28609,1313,152,104355,37862,24803,17376,26350,1593,56,82433,34771,16295,9839,21654,945,112,70682,31917,14548,10579,13151,241,5,10098,12671,50,5,38780,21533,16055,45070,25778,18760,45059,22175,21531,6926,21658,11699,5604,17163,9190,1211,714
99362,34073,19323,35419,9511,1100,135,100591,30409,20970,39141,9107,998,63,79924,29246,14527,27469,7592,797,96,69747,25376,12759,25403,5731,320,36,24811,5581,39,36,42440,29858,11540,49478,35251,13790,45968,30137,14773,7335,17127,12533,3841,19802,7396,1588,1043
101883,50114,12203,17890,21329,955,121,102218,47345,13848,17379,23493,516,165,76949,40186,8529,13258,14567,700,98,66418,37036,6327,11315,11352,210,14,10348,10999,36,14,47401,32745,13461,55989,40679,14779,48540,33072,14663,3857,9254,7024,3323,22140,14777,5539,3111
101828,48086,21059,24032,9253,1623,169,102077,49022,21786,21265,10281,1365,38,79571,39047,15185,18653,6803,1153,122,72503,40039,12098,13539,5824,472,0,13018,5110,36,0,46722,35979,9254,53912,43079,10187,49013,37406,10614,3470,11798,8473,4313,22859,12091,3823,2204
104059,2461,19015,83503,1260,1848,200,104371,3058,19699,81196,2336,1230,251,79666,2175,13251,64537,1027,1373,163,64691,2572,7042,53077,1131,428,82,52464,1112,65,82,33401,31941,1015,36170,34200,1769,31450,28107,2957,10614,24228,14883,4878,10095,3335,714,231
97007,24578,11333,58060,3862,1199,136,95157,25195,10885,56939,4032,830,49,73501,18822,7933,44492,2650,854,102,62674,18964,5949,35229,2024,379,6,34732,1829,193,6,37481,34041,2691,41100,37768,3009,36033,32300,3279,5759,15299,9739,3702,14869,8489,2160,1695
96609,1444,13928,82805,598,1222,161,94962,2174,14560,78710,1133,710,247,70206,1185,9652,60077,435,891,110,59149,1402,6576,50311,557,409,34,49083,500,81,34,29161,28361,509,28699,27274,1290,20540,16219,4070,9049,20851,12989,4361,7595,2491,95,241
95112,5180,25681,63662,3775,1761,208,94951,5008,26661,60774,4547,1533,87,71914,4734,18373,47536,3182,1337,173,57564,4367,12484,38017,2415,410,13,36917,2420,108,13,25002,23738,910,26467,23787,2505,20499,16042,4203,10806,20671,12324,3640,7549,3051,801,488
101294,13837,64352,20035,5915,2313,265,100691,16306,63485,18907,4882,1352,739,78038,12191,47642,14937,4864,1742,204,63648,13501,36520,10110,3175,100,68,9680,2914,72,68,31289,23650,6976,30943,21497,9186,27656,17847,9407,15624,23385,11675,4364,10050,3200,565,498
101778,17513,55385,19558,1342,1962,221,104336,18534,58070,18164,1306,3295,72,77674,14355,40499,15395,1028,1445,158,39584,10892,17390,10547,517,225,20,10122,494,57,20,16569,13594,2607,18167,13599,4442,20275,14699,5265,20303,28259,7397,2573,6700,1496,515,167
100613,13890,64880,20047,2997,2387,180,100402,13415,67341,18786,2682,2436,76,76513,11254,48945,14866,2243,1816,144,49404,10237,27263,10438,1437,421,9,9540,1242,21,9,25066,19192,5281,27143,18610,8329,23147,12581,10011,15361,25971,11838,3196,6737,2454,695,217
96617,43362,23193,1482,1245,29389,206,96263,43495,23475,1674,1395,28363,267,71093,35306,15231,834,880,19524,133,69494,36406,13505,769,312,18303,43,528,254,16417,43,36859,7285,25871,41487,10916,29620,42072,11296,30448,8064,16986,17321,8366,6323,3332,781,540
97946,6167,9048,914,1385,83354,145,95110,5878,9086,1285,1286,81486,159,71251,5230,6236,556,1022,59603,106,69805,4984,5010,484,415,58931,66,206,362,58236,66,30952,19155,7178,37293,25196,11055,35724,21879,13180,12138,22541,16264,5032,4363,2163,385,280
103377,30189,54419,2034,1291,18057,233,105303,29154,56558,2459,1512,19095,308,78897,25878,39242,1428,932,12799,183,77176,25343,37849,1630,389,11737,75,1439,257,10599,75,35657,14583,16411,41180,19008,21339,41717,18059,23368,10856,22116,17123,6828,7418,5100,717,498
100959,29215,54319,5367,3846,11709,365,99385,27456,55357,5222,4304,10729,259,78273,25421,39508,3797,2895,8538,257,68754,25275,32792,2491,2220,5743,117,2212,1622,5030,117,29779,15677,10168,34868,20841,13191,33507,19440,13885,11608,18545,15408,6204,8930,4911,612,1058
102766,11148,83899,3911,1605,6420,263,100443,10184,81536,3817,2405,6544,308,74129,9285,59090,2465,1178,4473,176,63108,8865,48993,1723,448,2756,31,1566,369,2298,31,26128,16185,6770,30793,20460,9706,30598,18020,12407,12879,22540,13483,5965,6020,2149,295,367
101388,37370,49807,5141,4242,8518,382,100821,35650,50977,5187,4257,8834,612,78976,31938,36239,3536,3012,6161,258,77386,32230,35852,2597,1987,4408,47,2090,1352,3530,47,42694,20029,16936,51645,29368,21080,50346,27950,22043,4412,15245,16061,7269,16567,8341,1085,1623
99733,34377,51456,4833,3646,9259,307,95892,34499,49442,4782,2943,7745,543,82022,31050,39899,3330,2882,7070,213,74269,31614,34974,2228,1460,3681,0,1848,1021,2715,0,40572,25985,9477,45580,32677,11807,43254,30135,12547,7854,13661,15061,5501,14227,7926,2368,1533
98607,49091,33494,4295,6383,8028,311,97749,46899,32626,4935,6696,8340,386,81531,43375,25627,3127,4773,6030,224,76985,42935,23339,2910,3595,4047,0,2205,3140,3126,0,49609,27509,15577,55700,36280,17994,52608,34848,17143,3781,12866,15078,5437,16944,11406,3086,3177
100810,51688,33685,5065,5090,8153,397,103064,54044,35126,4872,4592,6799,281,82255,45336,25056,3513,3856,5859,288,83283,47867,26221,2607,2343,4127,27,2101,1959,3300,27,49159,22513,19300,54806,31140,22178,51242,30103,20656,3737,15606,17405,8038,16990,9699,2102,2171
97179,42115,43048,4566,3847,6802,476,98778,41603,44176,5659,3468,8461,415,72710,34499,29392,2954,2678,4671,306,74349,34663,30969,2563,1885,3949,114,2087,1231,2963,114,36521,14843,16755,47555,23670,22755,49728,24731,24568,3926,15862,16495,7037,13222,6765,949,1023
96711,43636,31076,2388,3319,18280,325,102054,44115,34898,3286,4102,19319,706,74930,36961,22079,1610,2294,12937,217,76810,38467,23856,1087,1706,11193,74,907,1156,10313,74,44785,22501,16012,53965,31534,21029,54526,31745,22196,5773,15118,14482,6861,14620,8155,1472,3400
100546,64057,27008,1832,4265,4125,251,102758,64073,28817,1867,4341,4711,168,84081,56140,20517,1333,3122,3173,173,83556,57013,20908,1170,2258,2010,64,729,1694,1047,64,57436,31355,19905,65026,40319,23374,64243,40548,23046,3749,11268,14265,5207,20412,13753,4788,4482
100821,35391,57118,1505,2227,6748,253,102130,36408,57504,1527,2474,5993,192,81720,32497,42716,1081,1719,4933,187,75535,34084,36466,795,1175,2844,71,635,823,2316,71,41988,30882,7394,48734,38140,9802,48659,36933,11380,8113,17142,15166,5785,14221,8690,2571,2136
105747,25596,68170,1367,1067,12371,230,104837,24913,67396,1594,976,12859,217,85199,23121,52985,964,807,8940,155,82055,23395,49897,831,399,7482,29,564,297,6798,29,43143,29028,9186,47820,33685,13303,45230,29768,15131,9235,22073,19905,6048,10969,7055,792,740
100135,45372,46097,5128,2011,3499,313,98938,43711,46559,5360,2359,4559,176,76049,37405,32110,3420,1421,2658,228,70726,36649,28729,2594,955,1698,51,2135,597,630,51,33377,9413,20576,37188,11976,24407,35989,11260,24528,10371,20003,16134,5529,8052,3972,563,331
102219,41488,54901,2469,1505,3376,189,100951,40460,55190,2170,1704,4516,442,75268,33803,37019,1602,1038,2485,138,69837,33755,32722,1333,567,1275,70,967,415,673,70,32646,8089,21794,37134,9283,27236,36414,8612,27718,11229,18095,17498,6067,8074,3278,579,480
99707,33871,58696,4242,1239,3072,178,98104,31763,60120,4228,1363,1956,46,71360,27184,38901,2838,870,2236,133,59591,25510,30350,2587,332,811,23,2207,223,365,23,25004,6408,16720,29449,6583,22405,29653,6277,23310,13312,19388,13503,4833,4376,3618,319,165
103153,51031,38913,4227,2274,8542,463,104530,50906,40627,5065,2143,7980,294,80829,43797,27199,2936,1638,5981,305,78684,44501,25788,2625,974,4495,70,2312,734,3835,70,35286,10240,21497,41158,14023,26235,40982,13753,26939,9021,21275,19067,6732,9317,4246,601,506
103136,41231,54612,1849,1497,6023,255,103194,40988,54985,2158,1658,5201,178,80995,36217,39053,1195,1133,4474,185,75030,36168,34493,1257,607,2440,23,927,436,1230,23,39408,17229,18176,44309,20750,22656,44640,20064,24200,12097,23742,15796,5818,7547,4234,719,885
104515,23972,76770,1843,1166,3239,202,108776,23490,80978,2123,1375,3013,204,78734,20892,54874,1204,889,2477,150,72646,20461,49292,1055,694,908,121,763,428,456,121,31407,17333,11200,36814,21044,15018,37396,19569,17624,14645,14676,12122,5115,10602,5149,696,921
101450,32585,61082,3951,2847,4651,268,101166,32732,61181,4270,2602,3541,518,78687,28727,43791,2699,2183,3455,189,74003,28824,40770,1580,1322,1271,21,1076,1055,672,21,35909,18992,12764,41461,24721,15704,41165,23765,17064,7859,13319,13956,5013,11511,7652,1352,1457
98092,52369,30225,4959,7193,3998,1417,97756,51535,31448,4532,8031,3508,1235,78873,45946,20732,3548,5648,3093,947,68098,45462,13256,2737,4547,1328,389,2426,3622,794,389,39556,22385,13948,45539,28022,16269,44470,26678,16710,9863,17328,16245,5373,13466,5705,2171,1366
98698,70909,13333,2378,9076,2589,755,102933,71147,14781,3371,9542,2022,845,79454,59499,9218,1577,6620,1935,492,78266,61373,7909,2273,4830,1086,502,1644,3868,272,502,51280,20930,26156,63851,29525,32563,66948,30598,34726,3334,12632,15424,5955,19563,10322,2814,1959
96372,57476,21844,4553,9502,3326,1338,99109,58142,23822,4809,9493,3007,1690,77544,49166,15182,3128,7494,2504,889,73557,51333,11998,2819,5073,1276,344,2233,4170,392,344,40837,21048,15977,47501,26954,19079,50687,27944,21523,6598,14522,15861,5058,13380,5711,1307,1789
96115,49505,30366,4251,8777,3905,1610,97221,49861,32460,3714,8664,3843,1959,74502,41742,20384,2918,6758,2828,1014,68486,42621,17243,1794,4844,1190,462,1563,4186,226,462,37737,18083,16404,45157,23533,20310,46753,23394,22298,10231,17362,15992,5794,10152,4101,685,571
97215,57603,26436,2597,4937,6053,1183,100181,60269,27132,3231,4696,5339,1205,73474,46924,17144,1534,3538,4267,784,71075,50089,14321,1410,2458,2166,305,1082,1963,1263,305,40499,14933,22273,50094,20094,28539,54689,21385,32073,8983,18425,17166,6871,10263,3854,596,382
100506,69734,20183,2152,3740,4963,715,99871,68848,20627,2227,3693,3578,563,82128,60132,13801,1594,2777,3664,486,77593,60857,10580,1628,2236,2080,86,1038,1745,1144,86,48564,17032,27530,58557,22888,33984,60961,23557,35919,6987,18499,20351,8115,13772,4983,1428,687
101030,72602,15601,2454,3415,7152,824,104303,73124,18488,3578,3837,7033,369,79512,59971,10172,1517,2407,5142,559,80487,61851,10620,2024,1852,3614,66,1480,1264,2002,66,43592,10777,29640,53647,14673,37376,58046,15120,41627,7745,23309,20884,8030,9120,2731,772,363
98805,65118,22787,2301,1937,7145,591,98318,63776,23107,2309,1995,6476,227,72899,50239,14794,1685,1305,4873,362,70083,51507,12301,1663,766,3704,95,1345,562,2632,95,36146,6686,26420,42655,8583,32912,43353,8617,33790,7825,23758,16768,6702,7003,2838,681,334
101798,71293,17365,5588,3828,3657,974,107582,71979,20961,6487,3499,3133,1314,84787,61880,12254,4532,2975,2808,621,84973,64089,11646,4721,2004,1669,529,3942,1674,726,529,38320,10361,25725,50757,14992,34741,58935,17802,40118,9299,27430,21955,7132,8955,3544,695,607
103066,11574,68030,20767,2957,3622,931,97988,8534,66542,19887,3148,3719,1085,70772,9918,44336,14005,2182,2558,565,47483,7510,25494,11336,1316,945,404,10401,1247,308,404,17561,13806,2887,20079,14997,4626,19964,13540,6072,22264,17474,9439,2802,2532,525,162,59
102855,22341,57044,14028,9149,3397,1406,100206,22435,56224,12221,10157,3578,1085,75000,19077,38372,9449,7184,2556,929,60742,19109,26419,7561,6299,462,184,6918,5547,69,184,30235,18804,9639,34828,21385,12694,34301,19233,14436,15527,20538,13680,5071,5722,1777,259,281
99241,16879,61353,15711,5146,3659,944,95847,16348,58846,15003,5688,4376,988,73564,15445,41875,11396,4222,2683,627,52441,14708,22439,10544,3501,948,324,9714,3053,184,324,20958,15527,4312,24821,17610,6643,24857,16262,8142,21050,19469,12343,3065,4659,1456,561,196
103587,27040,53592,15112,7193,3475,1710,102639,22644,61283,12992,6117,4326,1100,79747,24374,37945,10515,5782,2670,1176,57522,20878,24841,6912,3630,617,247,6255,3244,180,247,28252,17776,8824,33129,20620,11775,32493,18723,13190,17181,23201,13672,3910,6504,1756,412,267
100416,19720,55296,18508,6708,3301,1472,99190,17351,57010,18175,6242,3997,1042,73530,17450,36929,12987,5383,2488,984,55309,15742,22399,11613,3767,806,337,10776,3381,288,337,24767,16963,6410,28972,19490,8826,29076,17991,10505,16279,21854,12596,3855,5353,1780,412,213
98923,24842,36889,29700,7134,3016,1811,101132,24717,41464,27456,6333,4023,2065,74427,21841,24935,21050,5526,2201,1282,67432,21694,21479,18851,3403,842,633,17921,3057,224,633,33999,22159,10110,40031,26106,13025,39341,23938,14638,12813,23211,16559,4988,6877,2058,438,232
98352,26627,31170,29670,10954,2938,2349,109670,28702,37804,31374,13248,3526,2070,70960,21627,20457,19861,8116,2087,1514,72719,23771,20034,19378,6924,688,531,18549,6374,293,531,28016,17569,8676,37854,24268,12687,45278,27266,17182,7884,19609,16218,6044,8145,3222,350,389
101544,44202,25830,19004,11522,2839,2316,112939,45285,30568,23120,13938,2913,2513,77985,36893,17501,13478,8550,2072,1540,80634,38007,16920,14773,8495,995,567,13745,7485,153,567,41155,20629,18083,51266,26526,23664,57620,29005,27605,5375,20967,19493,7967,11916,5430,876,369
104697,34208,31977,23677,14005,3234,1975,100168,31818,35326,19584,13055,2394,1267,85855,31760,23409,17554,11849,2602,1368,67612,29353,15352,13058,7852,757,663,11773,7108,249,663,27319,16451,9335,32675,19943,12042,31380,17956,12862,12488,22240,18074,5322,10979,3319,1711,918
104844,45094,29726,12862,15457,2927,3033,106979,42063,30899,13786,18372,2403,3767,85633,39768,21802,9613,12390,2269,2128,78454,37588,18135,8178,10915,1015,1454,7311,10047,323,1454,40258,20852,16956,48483,25766,21739,47336,23560,22971,7709,22775,19776,6455,16397,5044,1257,942
101178,44977,22272,13122,19667,2481,1760,104735,44430,25910,14990,19181,1473,1162,83373,39647,16288,9713,16236,1887,1194,75367,37909,14562,8950,12267,674,310,7967,11213,281,310,39136,20091,16767,45591,24218,20469,44609,22032,21824,8565,20841,17773,5559,14587,4685,1377,925
98830,43610,27583,15493,11158,2747,1743,102381,44680,32734,13387,11013,2151,1363,79303,38379,19605,11041,8886,2121,1231,72510,39178,16031,8548,6980,601,460,7967,5743,288,460,40048,21252,16419,46490,25891,19683,46415,24440,21137,9018,18764,17436,6393,12944,4699,1658,827
100363,58363,17727,11573,11288,2600,1637,105250,58866,19968,11995,13358,2362,2440,80589,49735,12336,8234,8604,1936,1039,81528,51423,12517,7608,7278,924,594,6761,5997,314,594,47880,21007,24165,58389,27521,29765,60778,27823,31925,4283,16955,19790,6739,17273,6836,2064,1043
95865,52528,18196,13112,11013,2829,1964,101941,56061,19045,12975,12303,2159,2286,69572,40055,11674,8793,7693,1984,1196,72986,45214,11724,7507,6447,653,831,6599,5103,126,831,36824,15307,18986,48946,22010,25834,55047,24508,29571,2900,14049,17456,6583,14594,6098,1198,544
100068,54044,14218,9184,21902,1755,1559,105514,53025,15648,10569,23926,2503,2590,78138,44132,9833,6437,16575,1297,1008,76407,43126,10021,6606,14015,676,1137,5611,12850,272,1137,38575,18064,18434,53762,26621,26145,60232,28082,31132,3967,13552,15271,5988,19309,7689,3591,1533
97179,35370,21767,16235,22971,2433,2140,96441,34507,20659,17723,23712,1954,1739,78824,31208,16035,11527,18661,1895,1456,69859,29842,12551,10543,14612,539,803,9598,13494,152,803,28587,16117,10859,39951,22689,16520,42007,21736,19588,8116,19244,17192,6171,15376,4278,1153,1012
98731,32990,17777,13232,34087,2083,2914,106468,33610,16880,18902,37803,1752,2441,75246,26940,12185,8748,26176,1524,1826,73515,27700,10651,9833,22182,666,943,8940,21068,247,943,27363,14520,11270,42251,22812,18695,48873,24015,24092,5444,16109,15579,6318,16605,4937,1212,659
100209,41764,20081,11014,26068,2419,3430,109046,46495,19776,13360,28394,2548,4104,75609,33480,13642,7354,19449,1794,2147,76454,36081,13030,7906,16150,666,806,6802,14898,288,806,32276,16413,13930,47623,24750,22009,53758,26023,26841,4480,16144,16229,7639,17377,6341,1363,447
102119,43362,29076,15850,12511,3316,2084,103990,45292,29828,15905,12054,3483,1380,79310,37171,19913,10511,9839,2464,1410,74234,40066,15377,9525,7623,915,292,8293,6488,227,292,33075,16759,14229,44723,23058,20739,49331,24280,24203,9546,21456,15575,5918,9726,3463,762,476
100954,56894,15433,8472,18748,2167,2278,106920,55366,17116,9848,23590,2373,2354,80459,47964,10585,5964,14166,1511,1510,79241,47601,9625,6099,13557,796,639,5421,12026,434,639,43656,19224,22261,58160,27772,29400,63414,29317,33062,3133,14701,17726,6991,19629,8170,2620,1416
100623,53632,21363,11181,13074,2855,2161,101950,54583,21025,11499,13006,2619,2143,80656,45663,15167,8055,10058,2142,1521,75761,45596,13108,7743,7631,885,430,6851,6423,227,430,42963,21001,19184,52143,27648,23406,52197,26467,24762,4673,17894,19896,6566,14554,6408,1704,951
102339,69282,15717,6458,8476,2909,1508,105944,70752,16188,8300,9193,2133,1491,81601,57625,10891,4512,6277,2224,1016,82675,60222,10295,4704,5270,1012,272,4064,4407,321,272,45951,16734,26249,57451,22521,33731,61233,23736,36399,4955,20211,20802,6851,15029,6082,1438,916
101493,67516,25045,4387,2588,2634,119,102185,69334,22660,5286,3273,2110,72,82187,57512,17801,3449,1880,1923,95,73626,59228,8552,3399,1720,469,10,2955,1521,316,10,42008,22766,17463,51424,31375,19325,49646,28688,20373,6509,15350,9714,5104,19877,11506,4286,1092
98184,73913,15844,5130,2235,1585,95,98588,74988,15239,5510,1930,1054,82,80151,63131,10636,3787,1661,1131,57,75390,63794,6502,3623,1238,336,15,3018,1073,53,15,47727,18810,27015,54928,25076,29072,55128,24061,30527,6596,20013,12562,7159,14729,9084,2061,1328
95027,63678,12857,7978,10135,1108,104,93690,61398,14947,5544,11937,1473,131,78159,53286,9462,6845,8220,885,70,70162,51081,8444,3193,6933,356,23,2566,6703,62,23,45315,22045,21264,50004,26306,22926,50040,24384,24772,3322,12245,8366,5062,12449,10244,3161,3089
96693,63821,16028,11806,4933,1644,133,94524,61039,15747,13439,3777,1937,27,77302,53553,11163,8583,3747,1172,89,72908,52769,8722,8201,2470,543,0,7310,2108,148,0,43760,18588,23481,49832,23472,25624,50646,21827,28272,5388,19573,12471,7105,13950,7501,1850,940
98358,64694,19742,10328,2962,2317,142,103075,67689,22278,10631,3613,1544,214,76355,53399,13368,6733,2108,1653,88,72293,54074,11301,4903,1551,421,0,4147,1416,142,0,40270,14845,23777,44895,18788,25464,45392,17032,27955,6275,22966,13515,7574,9032,5630,987,532
98234,68526,19247,6911,2941,1444,136,97779,67243,19468,7686,2833,951,149,78855,57573,13475,5021,2216,1039,93,73855,57535,9306,5047,1641,307,14,4661,1497,60,14,45630,19194,24419,51959,24709,26458,51334,22410,28503,5926,18374,12060,7638,14192,9835,1351,876
100214,72415,15068,4640,7285,1156,99,103249,70239,17365,6167,8817,1740,72,79896,59920,10558,3107,5567,864,70,75477,57020,9829,2998,5109,338,20,2621,4603,142,20,46459,16685,28021,52658,21596,30336,53358,19453,33102,5597,21708,12508,7544,14167,7346,1210,979
100077,82670,8474,2301,5720,685,84,99247,78578,10600,3201,6171,767,147,79945,67723,5826,1524,4147,478,65,76116,65301,5883,1575,3103,120,5,1018,2925,4,5,54723,19632,33014,62200,25081,36236,62044,22408,38894,2702,12985,10722,6781,19412,12531,2838,1158
95686,76005,11165,3351,4382,884,77,92587,69145,14763,4265,3994,1065,5,77090,63125,7758,2325,3153,619,60,71962,58074,8525,2357,2673,353,0,2114,2459,57,0,49481,16816,30747,55868,21699,33365,55668,19283,35802,3943,18572,12077,7536,14368,8833,1792,740
96392,18739,58634,16561,3582,3591,107,54651,13270,29257,9336,2814,1676,158,73044,16290,42011,12746,2835,2534,73,32521,11839,13068,6024,1225,354,18,5654,1099,94,18,26929,18194,7900,29702,20131,9253,28623,16081,12287,16704,18991,11173,5016,7898,4245,1016,408
96262,33669,44545,14752,4255,2698,133,79281,30240,32555,11256,6070,923,44,73942,28426,32011,10954,3069,1915,95,50793,24774,15045,7468,3203,251,6,6366,3036,20,6,32746,18624,12869,36385,21370,14465,35605,18086,17011,10817,19038,11028,5960,10329,6059,1149,429
96990,76906,12613,3620,3425,956,84,96131,73915,14629,4797,2449,615,34,78803,64331,8948,2560,2514,697,59,74412,62317,8230,2219,1490,118,0,2024,1269,18,0,46507,16538,28114,53066,21055,31237,53227,19083,33627,4397,18694,12493,6953,15061,9977,1743,835
95651,31103,32495,29519,3422,2530,173,83977,30705,28680,23104,3315,1669,251,74329,26797,22752,22602,2633,1812,144,57676,25926,14056,15107,1793,581,35,14436,1693,169,35,32240,20610,10625,36371,23835,12073,35439,20695,14280,11471,19842,10554,6643,10027,6024,885,398
95355,60115,13390,9993,11500,1063,112,93908,56873,14778,11218,10689,689,146,75495,50311,9186,7074,8497,740,80,70632,49127,8465,6481,6015,314,20,5980,5649,244,20,46042,20577,23970,51746,25881,25230,51802,22769,27713,4026,14229,11073,6512,16007,10229,3060,1241
95698,76607,9925,4126,4205,1081,79,96696,77160,9588,4073,4310,638,53,76944,63316,6844,3065,3018,771,65,75019,64300,5506,2688,2343,132,4,2376,1974,5,4,53074,25153,25444,59905,32158,26797,59666,29497,29340,3012,9741,9334,5971,21044,14016,4358,1965
99347,60183,19432,5611,13897,1640,106,97872,62820,14811,5779,13830,1213,84,78040,50278,13439,4167,9914,1105,74,73455,52577,8537,3887,7841,336,47,3465,7449,147,47,46265,25450,19251,52670,31355,20642,50858,26395,23478,5744,11284,8246,4898,20929,12410,4946,1448
100541,65510,16498,4174,13905,853,75,99475,65253,16911,3914,12898,835,68,79782,54454,11688,3223,9995,610,57,70777,53266,7783,1899,7216,293,46,1631,6902,86,46,46892,22501,22636,53411,27871,24785,52037,23738,27641,5130,11373,8678,4027,20125,11543,5532,1840
98626,56168,13166,2905,25802,914,100,98839,52101,15362,3135,27239,553,70,79419,47861,9577,2137,19293,686,84,70905,44373,8934,2037,15082,124,25,1994,14732,4,25,45923,21442,22777,52302,26649,24976,50535,22149,27556,4895,15385,9560,5623,19550,11634,2345,1317
96789,78381,9880,4146,3710,780,74,96644,78064,9913,4581,2986,570,70,77416,64118,6915,3102,2765,548,47,76147,65583,5774,2421,1921,326,0,2263,1787,8,0,52570,17465,33204,60340,22694,36867,59186,19668,39104,2899,17708,10814,6521,18113,11781,1816,763
95165,71806,12398,1964,8317,787,70,95249,68256,14468,3298,8759,509,0,75434,58879,8621,1329,6060,546,55,72129,56931,8600,1701,4597,235,9,1403,4334,45,9,50166,18206,30047,57188,23334,33008,56008,19928,35480,3365,16637,11862,6775,14848,9580,1635,1262
95649,63984,13676,4316,13229,806,109,95665,63425,13886,4596,13320,348,133,75884,53149,9623,3166,9535,586,84,72385,52613,8494,2829,8205,81,77,2658,7928,9,77,49641,22369,25425,55667,27276,27621,54775,23426,30559,3720,15509,9991,5629,18960,11315,2188,1042
98053,75637,12947,4249,4431,820,115,94390,72772,11975,4868,4717,335,84,80062,63479,9530,3052,3263,608,88,74565,61447,7641,2360,2761,99,8,1380,2617,22,8,49340,24658,22957,56428,29898,25801,55226,25767,29021,2886,15320,10559,5425,19595,12251,3565,1284
96457,17806,37306,39681,3473,1975,197,97967,15694,35663,47090,4252,1585,145,75485,15978,27105,30759,2654,1556,141,66482,14423,18028,30891,2120,278,30,30149,1866,68,30,38465,28857,8501,42214,32148,9639,41151,29045,11833,9023,18641,11880,6318,12865,6120,1464,858
97168,36562,27205,30602,3467,1685,149,98274,35272,26208,32103,4381,1679,266,75723,29596,19591,24357,2616,1316,103,68371,28709,13433,22822,2815,441,106,22332,2689,46,106,42817,28559,12849,47257,32130,14487,46366,28842,17128,8055,17670,10461,5922,14031,8807,2136,632
96381,62740,17686,8951,6374,1030,98,94841,58652,17410,10697,7495,523,92,71410,46957,12578,6547,4895,726,62,63912,43145,9436,6947,4222,96,9,6491,4034,24,9,41004,18521,20969,47138,21102,25472,46632,16655,29393,5628,11960,8438,4015,16525,9216,3588,1285
97583,23650,19761,36680,17821,1500,185,98731,22197,22431,33965,20600,1508,3,77761,20478,14785,29083,13518,1138,136,69856,19548,13614,23842,11983,419,4,23137,11852,20,4,42600,29683,11552,47593,34496,12563,46683,29895,15760,7934,16799,12626,6433,17378,7606,1794,844
96526,62005,15827,7543,10734,1096,135,96245,58323,17981,7246,12281,567,89,76367,50992,11436,5461,8050,807,109,69954,47964,10654,3704,7326,153,5,3470,7146,18,5,47606,19113,26556,53631,24144,28636,52863,20965,31116,4853,13971,10049,5013,18027,10973,3233,1283
98028,28533,38489,25110,6419,1896,117,96650,27368,38225,25177,7424,1544,33,76200,24386,27091,19878,5137,1381,95,61447,23474,16416,16724,4546,661,37,16074,4262,28,37,31976,21325,9658,35285,23900,10976,33752,20310,13052,13327,15490,8844,4226,12768,6631,2311,832
97515,45684,10017,2664,38377,711,115,95568,45704,8829,2820,36646,665,50,77971,39610,7368,2032,28297,506,83,69832,38952,5384,1994,23224,179,4,1732,22906,71,4,45013,23792,19710,51370,28518,22200,49408,23335,25107,4431,11638,8193,4414,21872,12574,4300,1595
97552,67758,10024,2239,16603,759,115,98390,68448,9808,1991,16699,587,143,73845,52424,7272,1690,11762,543,86,68348,52081,5074,1336,9579,200,16,1148,9132,73,16,45187,25087,18380,52606,29478,22435,52054,24391,27001,2606,7264,5818,3263,21759,13364,8555,2003
100567,46094,12690,2626,39308,694,130,101708,46213,14683,2266,36973,1796,214,83374,40272,9678,2082,31318,537,108,73989,39859,9949,1219,21703,994,199,1016,21169,696,199,36463,19833,15407,43418,23517,19417,39533,18316,20749,9888,15295,11158,5433,19296,11337,2954,1674
103664,23220,16263,2674,61865,898,153,95741,21738,15617,2779,54320,541,367,86411,20575,12701,2136,51172,657,115,56847,19164,7904,1700,27781,285,57,1490,27536,240,57,26288,15759,9629,31238,18095,12766,27157,12900,13854,16043,18855,8801,6673,14687,7136,1729,801
97160,10708,21587,4385,61271,1259,194,86663,10518,19572,3326,53978,1016,183,80631,9448,16598,3632,51477,959,164,46812,9556,10233,1819,24929,90,87,1781,24805,10,87,17865,12159,5176,20610,12966,7410,18182,8717,9215,17737,19871,6859,6074,10793,4331,1084,507
97780,23609,17761,7003,49858,1044,178,90236,24236,18400,6621,40864,1402,63,78238,18340,13902,5500,40839,803,132,53936,17557,10318,4004,21332,637,31,3562,20706,508,31,22985,14605,7545,27069,15918,10864,24026,10866,12818,12089,16661,7774,6434,13894,6859,1386,787
99177,27845,13938,13312,44361,1150,257,95108,27738,16584,12782,39239,1073,355,80353,23002,11000,11023,35386,887,212,66166,22736,10637,8095,23533,263,4,7833,22790,175,4,31086,21227,8960,35984,23496,12116,32271,17223,14388,8524,13727,9259,5390,19494,9752,3189,1217
100609,20187,15645,15118,45866,1823,436,98800,17815,16894,14377,47810,1192,179,83587,18579,12435,12319,37009,1406,379,72284,16865,11881,9994,32359,401,34,9492,32136,95,34,36857,26903,8974,41540,29694,11435,38236,22022,15065,11082,17759,11534,6443,19482,8504,2293,998
100481,8498,29523,18278,42214,2930,468,94664,9320,26211,18965,36797,1017,156,79349,7184,22682,15044,32714,2282,390,55380,7295,12765,12579,22207,373,150,12290,21595,152,150,26168,22347,3313,29648,23969,5450,25910,16119,8642,14985,15503,10016,5486,14831,5658,1598,793
101660,1777,14322,74822,11243,2171,399,100462,1591,13662,71283,12739,1489,359,80623,1434,10412,60362,8557,1715,325,67371,1464,7799,49645,7220,473,68,49095,7156,467,68,33093,31571,999,37069,34732,2107,33061,28240,4342,11099,23672,15273,6460,10897,4941,622,264
97063,1045,7676,87917,2353,1531,231,101403,1406,7967,90407,2403,693,30,79102,872,5702,72086,1789,1216,174,72867,1075,4691,65455,1175,352,0,64544,1117,58,0,40026,38478,938,43713,41843,1606,39634,36426,2950,6550,21189,17488,6415,12856,6403,983,474
100975,2379,16670,52220,20933,4806,858,102985,1798,18183,52025,22733,2124,813,80201,1873,12554,42149,16533,3748,710,65713,1687,10265,37227,14431,1466,32,36285,14274,918,32,28656,26578,1695,31079,27444,3392,27393,20679,6370,13807,24096,13572,5276,10110,4144,530,353
99961,34549,13347,48012,4724,1373,195,107957,41030,15413,48199,4503,627,476,80541,28955,10019,38266,3667,1080,149,76436,31563,8990,32503,2570,443,57,32004,2408,114,57,35864,23046,11956,41385,26406,14622,39045,22226,16502,8666,21046,15002,5718,14023,8433,1760,649
95811,19478,24850,50208,3855,1996,257,101379,22495,26192,49589,5618,2052,90,70589,14038,17875,37194,3055,1539,211,62365,15292,12016,31508,2642,431,18,31005,2491,141,18,24155,19069,4499,27273,20557,6475,25085,16754,8112,12184,18592,11065,6008,10111,5877,1004,589
99783,13422,27084,15338,34749,4497,834,99888,11951,30198,14646,34359,3991,683,80313,11696,20982,12357,27734,3626,685,65387,12971,18269,9713,22267,850,171,9236,22001,562,171,26559,20194,5840,29798,21185,8399,26311,14384,11420,16932,21726,12093,5538,10862,4460,912,229
95456,10348,49011,11149,24990,3588,468,90749,10879,44767,10228,25591,1876,172,74687,8678,37498,8598,19682,2754,361,54931,9421,24390,4844,15558,305,18,4505,15148,165,18,23372,18572,4148,25776,19112,6423,22500,12390,9589,14072,19381,9468,5051,12224,4107,870,347
104086,45466,17413,5204,35716,1157,180,107189,43402,20515,6672,36431,971,172,86313,38622,14184,4262,28945,872,135,71421,33606,12717,3797,20860,165,69,3369,19000,88,69,33814,22910,9702,40573,25955,14169,37587,21654,15320,6368,12406,9746,6061,26599,15314,3629,2247
104976,51785,32374,6766,14979,1958,231,104550,50241,34438,7041,14589,2706,187,85720,44095,25106,5259,11836,1498,173,71764,39004,20487,3052,8573,530,4,2577,7876,265,4,32564,20173,10987,39023,23752,14660,36343,19600,15935,9551,18957,10467,6075,18835,9504,2338,1342
100507,41601,26598,3288,29366,1555,185,95557,39277,26638,3058,26938,1604,99,81288,35304,20365,2385,23425,1184,133,60306,30697,13936,1769,13272,440,5,1544,13051,219,5,27120,14752,11429,32981,17408,15170,30721,13128,17114,11124,22411,10485,5614,14984,6112,927,498
100614,32380,43397,6511,19594,3181,300,95156,30226,42562,5952,17878,2210,188,83275,28705,34091,5115,16245,2543,232,57209,23358,21562,2549,9241,319,55,2189,8838,135,55,28699,22882,4688,34232,26259,7481,31065,20853,9117,11828,18122,9471,5376,18431,7956,1378,1215
100270,8034,29487,2735,60399,2350,232,93045,8581,31881,2564,50453,1189,190,82428,7169,23692,2191,49637,1800,172,43462,6454,10917,1066,24445,293,59,932,24031,103,59,23441,18592,4196,26693,19535,6876,23685,13503,9550,14864,20428,6488,5561,16892,5185,874,559
99770,18134,49800,4735,27495,3550,236,95335,18391,49656,5742,23017,2167,789,81525,15936,39725,3634,22457,2723,189,50460,14442,21411,2411,11812,153,0,1900,11495,57,0,27591,22344,4390,31429,23795,7285,27781,17119,9954,14872,19746,7737,4766,13812,7291,1440,1168
99733,4007,73625,9494,14369,5710,204,89067,4189,62209,12010,14086,2556,265,75489,3115,54528,7831,11609,4236,156,35913,3022,20184,5564,6783,258,14,5366,6748,59,14,16383,14104,1936,18283,13930,4235,15402,8615,6615,21495,19634,8449,4566,7341,1600,442,155
99235,7062,67729,10855,15239,4487,276,86131,6153,56290,11861,13215,2754,623,77535,5858,51653,9084,12357,3365,228,43317,5331,22339,7474,7885,117,101,7220,7775,64,101,22420,18956,2841,24701,18960,5504,21979,12942,8606,15939,21329,6811,4619,7735,3383,558,366
103601,61233,22031,4216,14531,1740,230,97523,56008,23012,5485,13140,1872,99,90102,54435,18341,3447,12331,1469,174,70604,45700,13903,2491,8010,338,63,1999,7492,190,63,35636,27190,6864,41153,30739,9727,37842,25493,11214,8029,13036,8284,4995,26788,11380,2678,1177
102525,36497,25040,14621,26695,1999,303,91756,33273,20961,10873,26037,1341,318,87795,32692,20331,11489,23115,1588,235,57976,25366,12442,6803,12186,384,91,6006,11385,198,91,29288,24976,3229,35312,29770,5076,35215,27113,7187,6499,11179,6090,3026,20163,11660,3103,1306
102537,66334,18587,6675,10832,1602,245,106708,66037,19610,8608,11484,1894,243,89827,59377,15445,5295,9350,1339,199,76908,50603,13173,4996,7057,536,5,3805,5668,48,5,35525,30584,3454,42659,36805,5244,44345,36755,6441,6271,9232,7702,3289,34682,14749,3454,1249
103872,59945,26929,11011,6460,1539,208,104111,60356,24754,13507,6807,1440,189,70325,34861,22002,8550,5717,1266,170,61051,31802,17397,7185,4302,167,61,6845,3947,58,61,23504,19800,2967,29566,18972,10291,26084,15399,10231,15262,14827,7136,2499,11438,4101,857,180
101795,24330,54703,18650,8200,3921,366,96362,24933,46990,21075,7804,3734,165,84707,22846,42363,15210,7259,3044,310,67688,22380,27155,12312,5400,298,10,11540,4579,54,10,27363,24967,1410,31412,27757,3150,28887,22910,4862,15286,14892,8970,3935,19648,6105,981,284
102257,5792,51635,35039,14147,3019,467,94751,6898,48689,32402,10341,1356,228,78682,5063,38751,27224,10714,2358,376,59713,5758,26342,20724,6180,342,22,20110,6015,35,22,23660,21762,1359,25444,22059,3158,21893,15987,5336,12779,26902,9089,4233,9242,3196,433,204
100016,1705,25494,76265,3455,1844,310,102597,1118,23742,75069,5491,981,271,75534,1287,18616,57695,2538,1446,237,66858,941,14681,49137,1864,249,53,48556,1749,39,53,29466,28415,661,31046,29173,1705,25988,22821,2963,11614,30585,10230,5461,7428,2530,143,381
104942,5942,10483,88843,3173,1049,165,91255,5398,9393,75921,3294,982,55,83639,5208,7917,70284,2595,800,124,64161,4849,5859,50620,2010,218,24,49902,1812,75,24,35402,32943,1937,39134,36085,2826,34756,31218,3363,8596,23251,12311,7204,13125,5681,904,308
102449,33471,9383,52056,8961,1017,156,94696,29304,8309,48181,8880,1011,57,82171,27385,6919,41975,6797,755,130,67253,23092,5391,33463,4706,317,4,32837,4617,104,4,37653,26063,10721,40311,28183,11762,38635,23940,14291,8304,20835,11738,6098,15080,8974,1195,898
99755,35665,8759,47404,8849,1114,149,95386,32139,8976,46334,8703,890,132,77248,25995,6729,38666,6580,882,126,64368,22011,5882,31343,4985,286,90,30876,4420,99,90,32735,23086,8750,37436,25195,11897,35120,21416,13190,7983,16118,10998,6422,16276,8442,1997,929
103468,59744,8779,6827,28222,897,114,95529,55569,8234,7210,25153,369,178,81781,48134,6523,5082,22073,648,76,62140,38597,4454,4422,14400,260,60,4031,13667,118,60,26113,12200,13079,31533,13182,17983,28603,9423,18705,9518,18458,7784,5630,19198,9151,1761,1116
102882,71470,10087,3559,16352,985,122,97904,64211,11003,4653,14774,1188,74,74323,51513,7189,2791,11893,686,83,57402,42869,4429,2889,6643,285,30,2712,6366,117,30,24534,7948,15677,30514,8368,21848,28493,5923,22118,10300,14481,7482,4445,14933,8261,1709,811
100839,1641,17955,85310,1522,1477,270,98592,3698,17603,80077,2094,1175,233,75842,1199,12714,64380,1195,1142,204,64763,2171,9557,52024,700,380,9,50881,697,99,9,28898,27908,641,30277,28726,1370,25807,23383,2269,14813,24486,11800,4745,7925,2594,268,191
101767,14382,19451,67786,4713,2046,255,108776,16244,21310,71735,5537,1823,303,83161,12969,15000,54512,3907,1600,206,78024,12945,13239,47779,3116,731,51,46689,2383,174,51,32225,30743,607,36165,34303,1439,32240,29083,2278,10253,23003,10744,4796,17412,9605,1055,841
100713,24492,13592,59432,6162,1405,210,101454,24726,13239,60703,5896,1581,89,83179,21561,10623,47926,5213,1151,179,73997,20101,8717,41064,3336,490,25,39455,2673,122,25,36370,34550,800,40617,38626,1529,37999,34479,2403,10596,15803,9659,4563,19910,10909,2861,949
104677,28871,10880,62338,4011,1262,181,101918,29023,9493,60259,4106,810,177,84241,21573,8916,51664,3465,1045,145,70805,20819,6420,41193,1849,406,5,39990,1483,37,5,36516,32165,3359,41238,35607,5226,38907,31128,6898,9870,18142,12778,4855,18352,7919,1854,893
96873,4582,8591,83414,2831,1063,191,86424,5272,6847,73766,2923,939,51,77809,3650,6453,67430,2209,827,162,57914,3889,4313,47924,1433,370,18,47457,1263,94,18,30249,29045,727,32981,31526,1247,30213,27788,2066,9334,21911,11084,5180,12701,5228,796,366
101620,28435,19273,37717,17953,1917,181,96278,26166,18378,37549,16624,2125,41,80097,22730,14646,31293,13021,1494,129,62700,20779,9836,23697,7963,277,0,22912,7473,25,0,32959,28480,3491,37449,31962,5103,34188,26879,6163,10511,18339,10345,4239,16312,9452,2055,977
99628,31818,19597,44227,6627,1797,223,101948,35830,20421,42281,7050,1617,221,77681,23283,15120,35653,5602,1426,167,69944,23518,13426,29005,3382,422,25,27816,2797,16,25,30298,28454,866,33737,30768,2544,32240,27267,3917,10067,14454,8509,3741,20562,9008,1445,442
100742,40660,14562,30251,17124,1509,327,101369,41901,15629,29159,16010,1326,204,85091,35369,11512,24661,14689,1230,277,74258,33108,10624,20350,9173,227,60,18968,7954,115,60,38271,35871,1102,44851,42510,1798,45987,41936,2914,5489,8225,6904,3012,26632,15368,5043,2665
95766,58067,15354,12503,10475,1316,207,98574,59019,14860,12657,11387,1292,180,77860,48316,12066,9687,8032,1042,161,71619,46193,10233,8007,6320,669,16,7120,5260,51,16,42828,38769,2549,47087,43173,3330,46180,41123,4002,5854,6164,4748,2346,27031,18190,6210,2138
101920,63874,13351,8767,15475,1431,187,105094,67325,13586,8531,14886,1184,263,80943,51838,10417,6997,11280,1089,160,74832,51800,9167,5109,8336,295,9,4760,7036,88,9,48734,43326,3641,51973,46874,4397,51014,44529,4968,3923,6202,5560,3209,28189,21501,6843,3498
100006,12056,33402,3410,52210,3055,155,82669,11677,30708,3097,37890,2718,58,74756,9198,24491,2596,39291,2247,116,37111,8312,12695,1382,14301,355,0,1194,14112,210,0,15237,12067,2635,17343,13036,4063,15662,9099,6062,23376,13891,4478,2427,8409,4280,671,331
101518,45628,34164,6811,15883,3081,266,98334,44152,34865,7795,13260,3751,111,81596,38080,25864,5593,12662,2247,220,64075,34438,18006,3830,7351,167,8,3461,7103,20,8,31183,21377,8385,35399,24562,10283,32192,19749,11235,12778,13728,7709,4142,17411,9909,3366,1224
100029,47635,16108,3184,33347,1600,134,93588,45223,16317,3666,28709,1870,576,79016,39536,11681,2276,25569,1169,97,59873,33632,8447,1774,15691,337,28,1428,15385,152,28,24461,12644,10837,29042,15436,13181,26616,11131,14746,11965,15673,7410,4654,17912,7733,1762,823
102830,29958,16579,2068,54575,1730,118,87021,28190,15593,2401,41053,1279,188,80082,24776,11836,1532,42155,1234,98,46623,18878,5776,1081,20414,370,2,875,20270,324,2,17919,9731,7565,21451,11872,9280,19121,7384,11348,20164,17417,5301,3271,12723,4379,933,365
101681,36684,16313,4654,44596,1605,145,94094,32484,16496,6279,39375,734,222,80895,30922,11761,3405,35126,1137,111,55015,21986,6570,3127,22882,85,90,2936,22619,21,90,20173,10993,8551,24242,12805,11128,22353,8434,13564,17889,18396,6958,4456,13432,6373,920,469
99948,58677,14217,14294,13839,1080,177,98430,55884,14846,16621,12563,700,103,81698,51051,10179,10417,10543,796,150,64042,41367,7758,9019,5558,264,59,8570,4728,188,59,26189,12456,13131,30714,12501,17950,26136,9301,16539,9849,18247,7446,5697,16871,11961,2059,814
101544,76569,8198,1514,9532,762,68,97718,76433,8855,1587,7145,915,153,58187,41651,5814,1187,6837,567,55,45649,37124,3526,1372,3325,138,5,1276,3052,115,5,16837,3924,12124,22388,3244,19040,22093,2079,19810,9169,17397,5316,1267,5614,2066,536,154
97510,78378,10192,1622,6806,635,91,103365,80515,11613,1923,8911,318,12,77679,63819,7241,1130,5058,480,78,75542,62850,6851,698,5014,115,11,581,4385,60,11,41191,9521,30626,50616,12554,37563,49259,9770,39043,5512,20228,11729,5894,15620,9377,1973,566
101697,67882,14298,4586,15147,935,140,99497,62553,14534,4019,19207,355,116,81988,56921,10253,3180,11560,664,109,71629,50645,8931,1533,10217,146,0,1303,9201,52,0,37793,12191,24436,45387,15466,29387,41882,11709,29501,8591,22389,11331,5394,13680,7475,1700,580
100064,66318,12363,3429,17600,845,163,102964,67474,13328,3535,18316,727,40,78966,53520,8975,2560,13550,645,128,74030,52254,8306,2277,10879,248,0,2011,10222,101,0,37420,12761,23634,45261,16063,28736,42230,11807,29703,6189,21596,11753,4915,17150,7540,1805,821
97156,33825,30764,23529,11658,2889,215,92946,33244,30288,20501,11315,2447,0,73833,28166,21098,16844,8998,2054,153,63531,26544,17546,11798,7365,148,4,10941,7058,48,4,32562,18513,13055,38274,22251,15585,34601,17048,16935,8691,20477,9830,4902,13101,6285,576,439
99320,31578,29343,28602,13089,2579,231,96184,31159,27178,29249,12185,2098,66,76927,27023,20664,20719,10300,1841,183,65893,25424,16041,16678,7032,611,0,15847,6656,281,0,31994,21157,9686,37229,24663,12049,32586,19011,12969,10048,17719,11367,4309,13297,7001,1939,850
102317,23953,22931,12468,45995,1330,366,94417,25583,20412,11483,37704,913,145,88679,22214,18874,9534,40049,1138,314,69450,22718,15183,6131,24995,180,52,5699,24460,93,52,31439,26313,4132,34810,28359,6006,31901,23253,8052,23062,13054,7262,2795,20752,6657,1762,785
98612,53052,19268,9784,17431,1440,386,95706,53658,18285,9738,15218,804,482,89092,49567,16225,7923,15755,1230,347,75813,45513,14483,6110,8797,384,7,5261,8178,170,7,40475,34937,3683,40328,35211,4503,38233,31565,5812,7778,6895,6423,2592,28339,13749,3594,3083
103507,68140,8617,4889,20684,792,418,94145,59477,6585,5296,21350,558,132,88064,59005,7118,4115,16741,647,369,71290,49513,5039,3569,12726,103,14,3184,11667,70,14,38067,31891,4423,39742,33914,5126,38807,30799,7107,2058,3858,3704,1556,32722,16077,7989,3553
97810,62592,14480,7671,13345,1058,323,88711,56752,12360,6939,12203,1103,109,89406,58319,12749,6477,11985,899,288,71578,49204,9700,4461,7795,496,9,3682,6841,41,9,41532,36504,3344,43690,38874,4193,43241,35967,6388,3732,4889,5772,1867,32612,17314,4684,2533
95444,58838,9180,5597,21078,594,594,85800,51204,8345,5674,19282,655,0,87415,54927,8211,4873,18593,514,560,67915,44714,6975,3960,11725,362,9,3545,10764,138,9,33913,27121,5392,35782,29335,5942,35749,27649,7374,1910,3556,4944,1398,28839,16626,7457,3561
98554,64037,9144,6996,17814,714,573,85476,52386,8961,6905,16573,803,331,89289,58816,8017,6055,15810,564,550,67963,46151,6190,4293,10560,400,85,3851,9891,75,85,38059,32268,4280,39431,33843,4989,38034,30992,6299,2199,3347,4189,1325,27951,17024,8545,2754
99801,50037,17111,10745,22473,1342,346,94872,46915,16849,11270,19639,1065,147,88788,45816,14451,8694,19890,1168,296,70400,39928,11812,6720,11257,407,115,6088,9438,89,115,36005,30560,4089,39363,33527,5239,38694,31448,6532,3918,7165,5683,3183,30244,17697,6256,2210
99373,70008,7605,4136,16274,784,249,89579,63586,7559,3828,13303,258,233,86091,61609,6395,3485,13387,661,196,66224,52108,4840,2554,6487,158,9,2333,5959,19,9,39816,31156,6931,42162,34248,7310,41883,32098,8947,1906,6065,5003,1832,26952,17575,8643,5466
100215,71113,9659,5216,13646,782,130,94100,67117,9783,5449,10845,823,231,86131,62188,8028,4283,11047,602,115,74708,56698,7266,4038,6091,338,73,3600,5583,69,73,43055,34829,6299,46883,38978,7195,46343,36792,8616,3034,6045,5053,3189,25681,18477,9041,4378
98910,77000,6632,2593,11364,576,114,91365,66109,8227,2316,13097,269,105,84300,66496,5520,2207,8973,462,98,68568,54429,5370,1326,7029,111,9,1124,6379,28,9,47196,38032,7107,48697,40308,7607,48278,37884,9341,1662,3599,4656,1583,24514,19288,10937,4390
102424,70316,12973,8684,10184,1004,154,102484,73144,12680,7976,8544,1428,57,87115,60356,10995,7579,7910,851,135,76122,57776,8245,5001,4698,193,0,3958,3921,67,0,52828,46674,4163,54418,48712,4999,52786,45673,6061,3337,5559,5937,1371,29295,22494,10372,3740
100456,11791,50787,37334,8894,3664,338,101973,12435,46106,39706,10404,4502,127,80869,10604,39678,28830,7444,2888,274,70133,9796,30137,22675,7229,661,59,21692,6887,123,59,33421,30853,1723,35064,31139,3563,30348,24450,5344,17687,19346,10367,3349,12893,6127,1726,791
100159,35398,23372,34882,10248,1984,215,99170,35562,23079,35117,8827,1672,389,84265,30866,18921,28502,8586,1695,177,73094,28380,15753,22948,5581,554,0,21139,4930,35,0,44210,40827,1963,45110,41534,3020,42470,37531,4177,9588,11997,9684,3289,20965,14460,4147,3417
97625,11334,24231,64513,4013,2325,314,102597,11716,26448,65141,4471,1349,164,79303,10228,17994,52035,3384,1896,247,71745,10120,14295,44480,2242,491,5,42631,1918,40,5,36004,34226,843,38038,35767,1876,33316,29627,3132,12431,16981,11873,4000,16015,9507,1991,1028
102086,26761,39539,28860,12428,2771,309,102844,26092,39492,33607,12885,3306,418,88346,24673,32377,24161,11440,2296,242,70985,21658,23582,18292,6454,434,10,17276,5989,110,10,36001,33362,1402,36861,33423,2946,32665,27367,4613,12822,11777,10471,2667,17526,11360,2194,3863
97130,19658,58353,22602,5144,2852,269,104077,21238,61610,22692,6201,3517,422,81920,17702,48044,18736,4467,2359,232,71342,18087,37787,11356,3300,477,21,10645,2982,122,21,39677,36048,2486,39247,33840,4981,34206,26237,7426,20397,15164,12115,4536,18098,9311,2338,1710
99828,19266,68758,18301,3428,2896,360,102161,19102,71321,19603,3826,3862,167,82667,17123,55639,15098,2837,2345,291,67758,16506,42605,5946,2256,345,20,5414,1605,69,20,37507,33671,2675,38112,31969,5673,33679,24450,8700,18710,16511,11800,4679,16697,9168,1691,1809
103369,7237,75446,27502,4057,3612,508,96664,6606,71721,26052,2670,3747,769,79837,6179,56938,21851,3297,2677,390,55408,5257,37049,11374,1409,163,9,11058,1315,92,9,27851,24980,2160,29046,23746,5036,23456,15395,7745,18280,19292,12312,5352,8015,3760,1008,232
102043,6545,67034,27648,9616,3777,406,92300,6557,63236,20676,6778,3081,202,77631,5287,50191,21387,7337,2723,305,48989,3989,30865,10411,3319,136,109,10185,3283,4,109,23397,21062,1794,26728,22215,4292,21542,14631,6611,17976,17817,11403,4702,7963,3104,837,342
101010,5977,62970,39743,2319,3165,460,98599,6159,62628,41627,2016,3565,199,74764,5314,45929,28429,1944,2389,357,57715,5423,33695,17014,842,375,0,16687,648,242,0,21682,20203,1089,22939,19824,2927,18723,13524,5048,19293,16283,10822,3786,5410,1635,438,152
96444,1575,68347,35050,1815,3303,425,91606,1678,61707,39073,1815,3797,560,71144,1174,50244,25836,1423,2481,310,47790,1653,29990,15299,497,305,5,14825,426,146,5,22503,21143,1027,22547,19004,3403,18513,12629,5761,19127,18723,9630,4571,6732,2003,427,99
100316,1623,66474,42052,2098,3020,444,96414,2332,61488,43773,1137,4059,420,74658,1167,49330,31398,1568,2255,349,57414,1513,34035,20917,657,483,0,20269,559,203,0,25708,24300,1086,26594,22679,3731,22547,15882,6502,19821,17839,10734,4845,7229,2111,194,250
103136,2786,63228,45626,2805,3915,405,100111,4159,58032,48827,1695,3556,303,77442,2243,47163,33894,2147,2853,292,62189,2858,34111,23939,691,440,8,23457,674,297,8,29118,27385,1254,30252,26462,3523,24496,18547,5701,19602,19052,11542,5428,6574,2827,379,105
99064,1998,70550,37078,1401,3957,387,96773,1485,70775,37309,1643,4588,624,72388,1466,52121,25888,1052,2955,275,58481,1344,41286,14532,648,541,0,13907,597,160,0,25222,23413,1346,25771,22092,3476,21078,15453,5464,21060,17799,10363,4409,6556,1807,372,60
98459,1656,54705,53643,1081,2332,394,98741,1586,54323,55419,1089,4079,147,70888,1305,39476,37747,793,1701,283,59822,1486,31692,26051,436,416,0,25602,312,194,0,23799,22531,943,25191,22302,2737,20989,15881,4954,20029,17078,9325,5356,6221,1519,155,117
101680,2780,55566,36011,13652,3777,410,92124,2788,49804,32283,13091,2361,501,76264,2070,40787,27984,9840,2828,287,50499,2080,24378,17657,5990,379,15,17076,5913,198,15,25383,23303,1651,27942,24339,3393,23142,17046,5671,14680,18465,9364,5330,7989,3154,479,52
102122,2694,58344,41509,8429,2782,386,92976,2548,55240,38197,6150,2886,635,78747,2119,44478,31932,6320,2117,261,63477,2381,35140,21968,3217,484,499,21436,3053,153,499,29203,27019,1691,30982,26974,3797,25755,19370,6068,16945,18652,12015,5382,7587,4098,447,141
102389,31330,47734,16240,11993,2588,339,97347,27066,48673,14370,11361,2393,280,81040,27323,35902,11943,9066,1966,270,66174,21764,31220,6347,6143,390,50,6106,5951,160,50,29903,19021,10037,34645,21695,12577,31041,16440,14147,11593,19296,12551,6217,11752,5869,697,667
103310,24949,46515,25887,11716,2690,419,96621,21435,44716,23605,10656,1758,162,81317,20848,35380,20092,9046,1990,315,62371,14684,27374,13254,6688,271,83,12988,6082,104,83,27605,21348,5500,29677,21850,7516,27188,16947,9736,13539,19210,10953,5913,11910,5734,1102,741
100396,3405,26980,74013,2490,1638,261,97262,2568,26572,70054,2871,1212,202,80701,3051,20821,59395,1894,1314,205,67075,2534,17591,44737,1249,504,0,44131,1166,291,0,36355,33904,1813,39145,35785,3091,35108,30318,4569,11387,20771,13290,6402,11332,6253,672,495
98891,2474,27613,70180,3509,1984,324,97915,2610,29400,65322,3780,1588,265,76195,2002,19825,54600,2824,1443,240,62502,2100,16123,41390,2262,384,89,40636,2041,194,89,26868,25498,1030,29426,27154,2091,25748,21967,3585,13792,19796,11316,6059,10345,4049,550,241
97663,54031,25477,13164,7658,1474,239,97087,52745,27171,12975,6443,1854,104,80717,46120,19765,10480,6170,1083,182,72846,43116,18845,6445,4075,289,16,5966,3949,45,16,38460,25508,11500,41244,27539,13142,39793,24545,14640,6764,13825,9437,3676,17390,12267,3252,2412
98451,24141,18771,52333,4112,1506,179,96902,23777,21097,49584,3909,774,253,77723,20039,13836,41138,3044,1120,125,67311,19865,11907,32769,2362,552,6,31544,2214,58,6,36452,29286,6106,38871,31731,6823,37045,28438,8419,9117,14755,12378,5225,14795,10370,2387,1152
97262,10628,57070,31044,4675,3443,232,97655,11873,59074,33257,4139,3339,121,72207,9192,40429,22722,3735,2508,172,58685,9630,30363,15539,2616,315,0,14783,2539,158,0,24161,20100,3493,25563,20248,5112,23327,15908,7267,15044,16145,9742,5141,8710,5343,1013,517
99874,57904,21499,11207,10499,1247,182,97062,52697,23861,12029,10103,878,89,79734,48251,15786,8596,7816,924,137,71795,43898,14597,6770,6204,284,6,6380,5797,148,6,45027,23674,19639,50129,27972,21586,49514,25128,23977,5753,13553,10620,5565,20353,12797,3150,1493
98057,44291,27200,17559,9060,1844,135,100870,45822,25591,19214,9877,1785,75,75832,35777,19638,13884,6395,1400,108,68032,35000,15508,12298,4649,308,5,11586,4423,142,5,40224,28380,10299,43065,31371,11277,43543,28901,14395,8005,11916,6540,4269,14595,12900,6259,1879
98357,55706,30990,4386,6208,1776,85,96875,56109,26954,6965,6280,2082,58,73493,43039,22337,3276,4100,1295,65,61759,42568,11988,3973,2861,267,0,3668,2417,68,0,39750,26277,11622,44496,31047,12894,43313,28446,14676,7011,10040,6790,3555,19136,11804,5747,1561
104378,55296,22005,13349,13953,1367,107,103917,55491,22298,13092,13503,1050,159,81774,45493,15799,10391,10039,993,90,72900,44879,12207,7575,7699,315,93,6847,7257,53,93,48750,35436,11544,53723,40441,12719,53365,38335,14686,5753,9515,8138,4042,20856,16467,6270,2690
99670,54133,25235,9989,10087,1816,162,102250,54281,26235,12040,9615,926,21,78717,44478,18649,7935,7331,1342,125,70105,44169,13723,7190,4711,252,0,6770,4180,9,0,43872,27654,14344,47588,31456,15602,48347,29526,18567,6125,10971,7662,4578,19328,13062,4943,1497
104770,63773,24357,7782,8652,1420,119,102851,63560,23666,7070,7456,855,53,81342,51539,17348,6142,6132,1005,95,73319,52361,11815,4659,4257,201,14,4352,3904,13,14,47383,29777,15582,52652,35228,16798,52490,33264,18943,6530,10684,8230,4200,19377,15416,5615,2454
98024,75887,11980,4130,5275,999,76,96115,71840,12913,5427,5626,1066,135,77163,61518,8229,2988,3722,687,51,72622,58634,7499,2818,3310,204,4,2566,2963,22,4,52166,27446,22347,58428,33488,24130,59089,32134,26704,3562,9257,7904,4436,23123,14593,4173,1993
102728,54244,29186,14879,5168,1878,118,102403,54176,31024,14249,4170,1557,63,80728,45639,20390,11124,3825,1406,86,73056,45912,15952,8278,2576,256,5,7824,2183,27,5,45444,24845,18762,50265,29859,19749,50218,27918,22029,6245,16166,12066,6081,17010,11101,2296,1285
104728,64566,17939,11003,11135,1254,132,105351,60646,20827,12575,11808,1001,58,83633,53942,12363,8492,8680,885,97,76792,51246,10209,7206,7592,249,4,6740,7391,21,4,52890,26812,24029,58424,32608,25008,57976,29957,27345,5938,12717,11120,5716,21647,13022,3233,1702
96861,40101,30470,19663,7173,1567,164,97833,40297,31298,21173,7138,989,18,68486,27218,20800,15384,5519,1112,120,54812,26647,11364,11914,4371,75,4,11465,4163,37,4,35035,23354,10698,37616,22306,14961,37408,18709,18417,9321,14266,9594,5071,12663,6002,1586,643
101988,82863,8563,5011,3137,908,107,103715,85546,7820,6310,2862,971,84,60468,46971,6009,3905,2374,642,76,56638,47720,3844,3443,1640,220,39,3253,1306,87,39,30788,11996,17555,36885,12257,24283,37970,9749,27886,6342,12953,9540,2841,9362,6053,2125,727
97668,71942,17760,4118,3044,1468,142,98107,69562,19656,5075,3007,1118,98,78270,60019,12357,2947,2156,1097,99,74334,58683,11106,2512,1591,370,25,2015,1399,115,25,48563,19366,27024,55122,24955,29283,56014,23956,31553,4769,17775,12006,5881,17119,10611,1478,1077
95918,64076,15415,11082,4967,1714,133,95782,63005,16990,8858,5137,1770,267,77581,53713,11055,8425,3761,1323,105,73634,53580,10210,5867,3365,282,4,5437,2857,39,4,43485,19283,22050,50811,25940,23954,51608,25248,25816,5966,17346,12423,6953,15089,9644,1420,1377
98069,54664,15888,22407,5041,2153,150,98834,55901,15955,22254,4832,2042,365,79236,47371,10989,16286,4084,1596,104,75734,49129,9160,13647,3170,388,37,12764,2556,48,37,37451,20672,14717,42353,25823,15713,42921,25402,17069,6091,18237,11147,6744,12813,9065,1407,1087
101924,79755,10921,5903,3473,1845,141,103604,78292,13078,7690,3723,1328,145,82806,66659,7586,4452,2540,1331,102,81171,66987,7253,4473,1886,470,39,3411,1467,100,39,50186,22330,25054,57958,29680,27205,58884,29344,28893,5754,18612,11774,7632,15594,10606,2479,1626
102099,65510,14909,7763,4137,1569,191,107947,77332,18268,9184,3256,1274,31,65676,43234,9988,5556,3019,1034,123,63886,46737,10045,4709,2101,306,0,4191,1681,42,0,31259,13385,16304,36792,15045,21288,37629,13370,24164,5764,13788,10052,4399,10253,5858,844,741
95582,44641,28649,19630,4496,2350,145,95985,42391,29323,22305,4614,3087,155,74482,37774,19879,14232,3379,1740,114,67662,36335,15913,12605,2058,477,21,11685,1802,85,21,35294,17890,15854,40722,23044,17114,41139,21824,19204,7141,19287,12250,7633,11001,6078,1106,590
96019,71495,13432,7020,2817,2226,116,96083,69224,14975,7803,3451,2367,47,76875,59520,9117,4919,2068,1624,97,72342,58279,7562,3727,1761,730,23,3287,1413,149,23,43242,16400,24823,48446,21128,26558,49781,20679,28973,6015,21563,12267,7349,12745,6566,1540,637
101530,47472,30915,20712,3598,2780,181,101091,46767,32048,18655,3723,2560,167,78480,40126,21225,14879,2655,1957,136,73246,40261,18148,12456,1876,252,5,11475,1754,33,5,38745,19773,17217,43156,24747,17765,43469,23550,19780,7866,18893,13209,6897,11830,8283,989,1039
98267,65358,17709,11641,2817,2155,133,98596,61275,19650,13546,3117,2094,101,76889,52754,12429,8625,2167,1617,93,72710,51203,11427,8113,1391,464,5,7447,1118,83,5,38338,15011,21436,43906,18736,24487,44721,17596,26978,8301,19871,13110,7313,11554,5900,1031,604
96517,71452,11652,9210,2644,2237,150,96694,68874,12021,9141,2772,1913,155,78231,60716,7838,6237,1918,1696,95,74984,60849,6766,5205,1599,463,13,4381,1020,20,13,43298,21126,19811,50445,28282,21204,50924,27993,22565,6276,22039,13196,7972,12769,7266,1477,721
104488,82601,9656,6801,2964,2334,117,104694,81256,10183,6879,2854,1460,63,86904,70126,7063,5380,2230,1759,73,85711,71948,6766,4447,1783,650,62,3884,1366,56,62,51336,26565,21598,58238,33963,23095,58874,34369,23883,7076,21036,12062,7236,15434,10091,2151,1552
97085,81187,5278,5252,2535,2183,170,96575,80586,6289,4730,2620,1060,149,79747,68548,3525,3521,1813,1667,108,78618,70331,3318,2749,1606,361,16,2267,1353,26,16,48666,22489,23076,55607,29869,24477,56292,29913,25813,5568,22155,10844,9676,14266,8350,2310,1016
102832,90311,4377,3378,1962,1971,135,104595,92619,4866,3038,2017,1558,160,85013,75523,3241,2487,1463,1579,93,86854,79615,3304,1785,1081,907,57,1430,811,99,57,45435,17078,25250,51105,22118,27769,51696,22268,29045,6102,24922,11554,8384,11497,7431,1497,1123
103245,72196,7896,15849,6318,2251,110,102839,73454,7886,14750,5567,990,115,83566,61487,5268,10309,5188,1675,90,80487,64015,4802,8591,2556,334,34,7582,2235,45,34,41358,21156,17220,45798,26435,18270,45015,25325,19109,6099,17433,11659,9580,15204,9038,1414,1209
98886,88816,2668,2817,946,2463,126,97797,89210,2690,2656,937,600,92,79742,72170,1891,2185,660,1928,83,77779,73611,1588,1809,333,397,19,1502,160,40,19,44018,16152,24641,49843,20430,28238,50489,19881,30335,6673,26534,12819,8525,10510,5501,966,552
102543,91422,3782,2558,1103,2415,111,102064,90812,4122,2554,1170,703,179,81787,73912,2454,1699,768,1871,77,80376,75196,2432,1539,633,422,87,1219,533,0,87,42541,12769,27048,47693,15776,30856,48563,15533,32673,8193,26367,13306,10551,8493,5081,779,538
104195,86370,9190,4015,2013,2188,159,104600,86084,10015,4547,2164,1006,121,83167,71416,5809,2420,1337,1569,101,82684,72366,6375,2147,1271,458,15,1695,1085,46,15,50749,19200,28141,56762,24797,30648,56175,24106,31663,5525,22217,13895,9737,13430,7906,1147,715
104449,58034,10461,20985,10150,3201,517,106441,61423,11042,22062,10126,2409,506,81160,49220,6674,13655,7364,2352,389,78548,53010,6362,12808,5104,1055,163,11041,4854,246,163,38577,22229,13795,42811,27217,14587,40535,24771,15157,7340,19460,12484,8976,12565,7260,1699,1868
104542,93953,2927,2280,1802,2308,77,104823,95756,3052,2430,1548,795,186,84737,77263,1968,1384,1292,1780,51,84305,79419,2082,1456,803,479,10,1017,540,81,10,49083,20576,24551,57245,28159,27798,57454,27545,29513,6144,21726,13404,8759,14917,9761,1577,645
99086,86565,3929,2787,3115,1839,128,100783,88182,4187,3207,3394,691,125,80452,71502,2706,1904,2268,1390,87,81278,74389,2819,1835,1841,296,0,1490,1494,50,0,47599,22393,21376,56153,30508,24396,56001,30232,25553,4157,17747,9841,7670,17671,11652,1702,1775
95209,77618,4249,4958,6163,1778,90,95682,77419,4861,5445,6096,790,74,75829,63844,2855,3204,4162,1265,60,72849,64081,2858,2465,3006,224,84,1979,2534,12,84,45045,21306,20633,51284,27749,22435,48856,25475,23018,3940,14595,10377,8685,16889,9735,1767,1605
98571,81184,3954,4145,6949,1480,204,99106,80367,5253,4891,7107,491,140,79018,66903,2651,2760,4887,1056,128,75751,66489,3339,2785,2681,246,33,2373,2478,25,33,53013,28752,20671,59309,35601,22252,58747,34299,23599,2691,13518,8819,7410,17014,13689,3627,2704
98899,71257,5004,9968,11055,1578,116,99254,71464,5167,10252,11696,794,154,80340,60528,3483,6997,7992,1187,80,76052,61259,3127,5804,5254,247,56,4850,4464,12,56,45785,24106,18815,51385,30255,20076,50194,27746,21501,4839,15674,11280,9031,14705,8998,1872,1461
99231,44396,11544,35244,9107,1907,203,100499,50331,11048,31340,9069,1530,194,81592,40369,8539,25591,7278,1497,141,79737,46287,7472,21121,4359,772,23,19423,3944,44,23,34526,26822,5651,35905,29244,5807,33602,26604,6350,6987,12999,10016,5647,13838,8867,2347,1799
102356,89365,3489,4688,1645,2677,148,100863,89343,3494,4454,1822,975,51,83754,73465,2775,3804,1210,2067,101,80631,74004,2079,2819,990,633,45,2438,762,167,45,42832,20622,18804,47725,25624,21316,47984,24404,23281,8058,23231,11705,8487,11773,6836,1482,848
99994,71727,6863,6617,12366,2023,193,99059,72150,6778,5727,12436,1147,143,85482,62190,5541,4987,10740,1540,141,77213,61826,4749,3510,6386,457,30,3238,5399,127,30,40084,27855,9014,42911,32348,9612,44073,33360,9835,2325,8687,7006,4815,14460,11029,2032,6603
98009,82038,2991,4293,1541,7016,149,96588,84011,2718,3244,1811,4432,72,79361,66731,2411,3790,1223,5091,123,77302,68914,1827,2455,726,3295,55,2291,525,2671,55,34372,15952,15639,39118,19577,18713,38899,18418,20295,7306,22546,10528,8414,8273,5719,824,1268
99340,77676,7255,8463,2902,2509,452,97170,77251,7828,8204,3128,1676,695,76851,61438,5063,5895,2063,1796,265,72820,61040,4676,4640,1275,511,216,3461,930,90,216,32003,11967,17799,36691,15030,20896,35984,14204,21485,5155,19358,13916,8168,9632,5444,915,449
99701,91313,2203,1917,960,2251,140,98585,90686,2386,1837,892,1079,114,79267,73475,1427,1179,655,1678,83,78311,74858,1444,838,480,607,68,674,327,129,68,43803,14292,26880,49154,17469,30811,48765,16413,32189,6475,25484,12600,11003,9647,5709,838,610
99621,89049,3376,2475,1263,2539,155,100151,90599,3574,2348,1312,1160,76,78717,71217,2224,1666,969,1912,115,78921,74029,2359,1195,722,580,0,813,546,56,0,40360,15096,22373,45413,18610,25790,44977,17990,26880,6606,25022,12342,8594,8904,4921,1003,376
102524,88746,4434,5629,1420,1807,123,101974,89366,4633,4228,1560,909,28,81998,71940,3087,4109,1027,1353,74,79547,72452,2960,2886,664,474,18,2474,543,127,18,43159,13202,27243,48479,16662,30768,48162,16041,32035,7414,23135,14553,9333,10829,6291,945,656
97232,62287,10181,14489,10364,1280,134,95139,61065,10884,14103,9754,826,250,74918,52452,6510,8868,6746,922,99,68575,51188,5972,7114,3801,265,37,6053,3454,149,37,32914,16191,14719,36697,19770,16273,35110,17996,17002,8778,17548,10457,7450,10466,6053,1327,1399
100385,90916,2249,2248,1377,2323,91,99339,90182,2456,2419,1712,730,56,80406,73623,1560,1541,1036,1652,55,79336,74569,1648,1572,1014,459,9,1144,874,199,9,45000,16017,25411,50855,20346,29228,51078,20007,30675,4775,23766,11995,10770,10103,6096,1009,910
104004,89230,3244,6251,2159,2717,131,102729,87743,3737,6043,2222,1775,60,83140,72990,2177,4201,1474,1906,87,80490,72609,2425,3468,931,935,4,2788,802,484,4,51172,24120,23616,57751,30763,25707,56691,29920,26431,5610,18887,12833,10300,15440,9372,1735,1000
100307,84837,3099,4573,5106,1999,111,99160,85317,2729,4984,4273,1142,55,79335,68852,1993,3062,3518,1389,68,76161,68900,1434,3073,2070,612,5,2593,1887,145,5,51391,25899,22308,58755,33104,24265,56698,32091,24283,4304,15623,11358,8729,15821,11134,3185,1789
103444,88243,3584,5568,3364,2120,130,102758,86800,4714,5695,3571,1497,90,81902,71691,2228,3504,2378,1532,80,79630,70945,2660,3260,1569,782,19,2603,1357,48,19,49585,22866,23684,57922,30284,26345,56968,29450,27280,4459,18242,13012,10616,15864,8825,1422,779
99489,66803,6423,16808,7540,3024,168,98347,67214,6267,17270,6478,1957,178,77914,56925,4028,10027,5108,2134,111,72458,57032,3617,8285,2559,899,20,6635,2385,297,20,37639,20755,14648,42906,25926,16001,41188,24567,16404,8441,20566,12840,8683,11801,6031,1265,651
99442,42793,11388,39150,6282,2535,238,97684,44778,11553,35625,7555,2245,380,79676,38667,7922,27290,5361,1760,175,73706,40572,6910,21242,3765,979,38,19667,3319,281,38,30376,24416,4566,31476,25793,4989,29370,23652,5425,8292,14838,9330,5040,9430,6178,1180,1570
100331,91468,2435,2516,801,2224,167,100477,90968,2762,3141,1085,1377,298,77276,70725,1711,1928,533,1628,116,76003,71497,1398,1791,454,717,9,1511,325,130,9,38991,11759,24689,44890,14010,30003,44675,13228,31227,8349,27021,12302,8841,7717,4466,477,325
100352,87253,4068,4187,1859,2150,138,98146,86376,3915,3941,1598,919,99,81215,71317,3005,3075,1524,1584,103,78168,71448,2481,2531,1032,611,4,2093,817,58,4,43306,18191,21883,47468,21793,24540,47212,21287,25608,8272,21514,11886,9228,9693,6048,738,845
102534,89641,4687,4314,939,2254,91,102463,89310,5272,4115,1163,1087,50,80550,72088,2907,2598,610,1682,60,79796,73689,2497,2523,555,459,29,1866,382,49,29,44591,14892,26556,50333,19261,29878,50359,18821,31164,6799,23873,14799,10119,11016,5957,541,345
103415,91660,4962,3263,1165,1999,120,102297,91199,4575,3615,1424,903,9,83127,74932,3257,2112,813,1491,83,81338,75829,2356,1793,741,500,9,1420,516,55,9,46332,18029,24851,50692,21954,27311,50154,22024,27725,7430,23636,13078,9468,10894,6191,909,1235
102294,89598,3910,3308,3307,1453,124,102499,89955,4357,3544,3267,721,35,81247,72907,2395,2092,2236,1008,96,80472,73974,2725,1935,1505,168,6,1319,1074,5,6,53892,25905,23900,61539,34125,25630,61435,34604,26103,2942,12476,10193,9001,20190,14894,2837,1739
102146,85393,3769,4001,7241,1156,110,101351,84798,4389,3739,6665,516,105,80230,68697,2485,2723,4908,850,81,76852,68670,2581,2166,3184,202,25,1819,2881,33,25,56416,31187,21102,62561,38981,21855,61099,38374,21842,2240,8532,7899,6673,21689,16123,4979,3186
101981,72770,5328,10657,11700,1599,98,102474,77292,5444,9092,10705,645,90,84103,61945,3785,7757,9287,1165,73,80706,65425,3413,5725,5471,331,10,5085,5095,70,10,45607,23407,18930,50769,29158,20222,50214,28992,20623,4211,12986,11319,9084,16957,9771,1794,1875
104489,82624,8311,9736,2945,1654,117,104201,82286,8637,9593,3850,1255,80,84247,69060,5559,6634,2067,1220,82,82167,69575,5366,5425,1398,516,4,4681,1025,28,4,54613,27189,23907,61105,34346,25305,59084,33594,24952,4742,17597,13415,11154,17972,11136,1704,1070
100217,44476,18378,33334,5556,1846,217,100570,49083,18881,29208,4947,1615,188,82201,41252,12701,23790,4837,1357,151,80499,45806,12183,19209,2384,576,4,17157,1993,120,4,36163,28374,5214,37889,30983,5846,34031,27525,5925,8409,14889,10937,6311,15486,8164,2438,1842
102992,20160,22289,59256,4509,2187,285,99884,21676,20690,56675,3831,2542,420,75642,18044,14510,40887,3386,1574,185,70036,19310,12940,35755,1357,1059,14,33322,1177,174,14,30208,25216,3855,29722,24782,4433,25497,20732,4559,14035,20281,11921,6707,6334,3327,474,473
100113,82895,5231,7390,2626,1593,123,99795,81222,6896,7888,2812,883,163,80563,68382,3450,5228,1910,1146,75,77635,67348,3888,4355,1642,344,15,3703,1298,25,15,48149,18137,26880,54291,23327,29572,53346,22653,30231,4158,20749,12138,9267,13874,7201,1160,753
96926,73641,7683,11432,3295,1492,103,95395,70160,8532,13382,3218,1105,84,77674,61873,4929,7483,2284,1166,66,73113,58308,5562,7234,1437,290,13,6366,1224,24,13,47494,20120,24677,52210,24961,26098,50345,23914,26014,6257,20163,12026,9468,13449,6417,758,590
97483,82283,3882,5918,3122,1953,182,96001,80442,4220,6578,4250,1111,9,78263,67962,2500,3641,2310,1440,116,75269,66876,2356,3437,2210,344,0,2635,1883,21,0,45956,19482,23325,50593,24581,24826,48797,23655,24935,5193,20104,11620,9509,12126,7673,918,809
97488,70258,6461,11410,8028,1954,159,97966,72696,6879,9903,8138,764,111,80855,60383,4633,7640,6789,1487,108,76399,61952,4375,5378,4131,413,21,4520,3880,51,21,40062,20727,16559,42031,23770,17203,41005,22771,17875,6542,16513,10654,7735,10169,6615,1431,1664
101855,93190,2282,1652,824,2409,140,99638,91886,2222,2187,963,1183,55,80083,74212,1501,872,545,1828,80,77326,74109,1108,1079,409,593,9,725,243,31,9,45194,14762,27268,50469,18140,31137,50713,17944,32508,7311,27959,13015,9110,7978,5422,748,486
102524,86466,3300,7951,2004,2289,98,100622,86403,3533,7491,1945,923,81,80759,69715,2141,5199,1401,1741,74,78574,70538,1928,4612,947,535,4,3883,659,117,4,43494,15995,24714,47847,19518,27262,45835,18342,27336,7050,26014,13152,9356,9318,5941,846,635
101191,91260,1942,2604,2113,2181,80,100240,91701,1907,2622,2203,787,34,79488,72692,1240,1606,1470,1642,62,77857,73987,1036,1324,953,430,14,1063,709,48,14,45361,13535,28962,49793,16977,31838,49281,16608,32260,6213,25159,12236,10145,9136,6782,1207,1160
100683,90016,3462,2762,1558,1946,147,101005,90841,3842,2708,1834,640,120,80931,72888,2467,2171,1183,1427,107,80543,74923,2329,1813,1021,344,51,1595,785,56,51,45364,14570,27684,48568,17338,29953,47929,16755,30722,5297,21374,11797,9254,9716,6886,832,1156
101055,89833,2329,2314,975,4823,121,100471,89331,2663,2565,1099,3274,97,79118,71847,1380,1346,663,3228,75,78135,72791,1433,1210,642,1989,9,786,541,1154,9,42674,12637,27419,47394,15644,30733,46652,15106,31361,7210,27886,12252,9050,7895,5393,545,521
103103,83535,11030,5220,1135,2282,141,101035,82458,11193,5065,1183,1463,246,81970,68751,7118,3396,865,1598,94,79024,68572,6741,2513,545,640,41,2022,374,78,41,42581,15907,23778,46400,19221,26114,44264,18323,25598,7714,23525,12350,10022,9936,6332,714,1078
98731,84997,4839,5037,998,2391,116,97395,84283,4967,4924,1112,1278,191,79024,69293,3362,3415,691,1765,60,76829,69466,2714,3166,509,855,0,2658,496,303,0,42812,12120,27851,47371,15212,31002,46515,14733,31656,7204,26869,12581,9572,9072,4788,664,380
102780,90539,3239,3945,750,3892,85,100203,89694,2880,3143,763,2349,101,83553,74005,2495,3450,513,2783,70,79910,73883,1635,2343,459,1494,70,2010,398,1087,70,46976,13641,30886,53183,17947,34101,52892,17164,35298,6884,27811,12630,10290,10652,5531,777,486
97428,89772,2038,2260,1221,1344,54,97916,91000,2204,2436,736,916,178,78628,73338,1282,1633,818,957,42,78337,74416,1343,1640,252,511,52,1423,188,174,52,49463,15478,31532,56888,21348,34485,57340,20831,35974,4231,21905,12652,9911,13057,7980,1104,718
100873,87278,3518,5474,1237,3004,106,99621,85369,3599,5875,2050,1961,120,81299,71984,2300,3530,874,2171,66,78150,70865,1832,3132,1041,1030,5,2275,645,566,5,45883,16208,27183,52066,21573,29474,51927,20735,30798,5032,21630,14048,11039,11616,6872,1116,706
97805,73560,3951,15635,2165,3020,76,96734,74508,4648,13837,1950,2004,145,78164,61855,2408,10318,1585,2085,51,75425,62219,2724,8461,1007,1038,15,7373,820,364,15,40085,17765,20295,44742,22359,21500,43550,20672,22530,6782,23145,12489,9199,11176,6225,766,478
102179,86070,2954,4250,7562,937,69,100560,86574,3318,2854,6047,549,94,82519,71481,1876,2837,5273,634,56,78665,71778,2082,2040,2498,207,9,1825,2184,46,9,51750,21700,27789,59065,29372,28738,57949,28153,29002,3543,16909,11777,7483,16424,12138,3219,2079
103107,88148,4464,5641,3137,1795,78,102265,87818,5025,5794,2816,883,0,84135,73766,2877,3773,2318,1258,54,81709,73401,3134,3149,1518,405,9,2585,1245,149,9,52551,24723,25055,58555,32255,25079,57379,30971,25643,3839,18557,15441,9991,16904,9810,1603,1112
102769,74779,4372,10211,12513,1087,85,103918,77921,5226,9247,11242,1005,202,84296,62675,3054,7378,10386,765,69,78880,64844,3040,5182,5180,354,14,4862,4632,150,14,45959,24992,18587,51290,31866,18512,49892,30424,18710,3724,10499,10300,6885,18889,12482,2486,2789
99015,78799,3960,11756,3295,1278,78,99538,76462,4578,13002,4596,699,84,80975,66758,2627,8226,2410,860,56,78258,64740,2845,8130,2079,302,44,7372,1773,85,44,45608,21052,22371,50988,26747,23272,50200,25312,24254,4602,22191,13967,10116,13549,6525,643,661
103714,95530,3022,1813,1513,1310,75,103895,95301,3093,2480,841,669,88,83116,77728,1933,1122,1005,873,49,83400,79302,2038,1123,470,364,40,853,354,66,40,54337,22499,29155,62656,30818,30673,62365,30131,31506,3102,17767,11679,11269,17946,10853,2567,1263
100716,63851,15542,17488,3523,2246,133,101251,63434,16320,17579,4136,2372,50,79576,54156,10665,11671,2468,1575,101,77401,55142,10467,8919,1900,1020,13,7983,1712,208,13,34377,21040,11647,37518,24098,12721,35182,21217,13290,9571,22911,13674,7537,11712,5333,1054,774
99077,51389,14346,23259,10065,2230,233,100468,56344,13707,23130,7904,1968,116,79025,45228,9901,16465,6896,1635,173,76364,48989,8806,14485,3165,1017,11,13153,2792,335,11,33972,25149,6974,37650,29571,7256,35572,27112,7744,7419,13131,10908,5008,15110,9068,2542,2236
98511,8040,7585,73733,10389,1584,149,94910,10878,6271,63835,14734,897,81,70680,6923,4447,53114,6603,1132,98,64175,8579,3776,45621,5576,471,5,44202,5473,103,5,32529,30716,1321,32643,30520,1868,28003,24376,2970,10088,18386,13619,7065,6090,2986,467,345
97574,84064,4489,5313,677,2245,106,97167,84278,4843,5408,697,1225,183,76412,67230,2766,3623,507,1644,73,75026,67709,2631,3470,405,573,27,2900,265,22,27,40806,15577,23318,44142,16497,26890,43368,15345,27656,9195,28924,13804,5976,7102,2875,523,265
101877,93466,1752,3157,626,2076,80,100704,92652,1923,3278,544,1139,285,81318,75493,1113,2159,400,1529,53,79805,75566,950,2134,358,470,30,1605,224,34,30,46057,12432,31676,49854,13359,35726,48046,12064,35607,7471,33094,13175,7720,8083,3357,310,379
102206,79691,3272,15636,1284,1997,117,101348,80069,3682,13666,1232,2884,121,78419,63410,2029,10324,895,1400,70,76535,63715,2127,7989,754,1950,20,6887,619,285,20,45815,13294,30487,47993,14149,33116,46361,12754,33201,5489,27540,14590,7740,8167,3649,748,544
95397,88958,1664,1556,1150,1155,73,95481,88516,1868,1869,1085,693,278,73972,69628,1053,1056,769,840,45,73899,70662,1152,1091,428,295,0,837,309,39,0,49859,17569,30227,56010,21201,34143,54886,20604,33844,5901,16929,12443,4832,16495,6750,1723,1053
102571,81966,9198,8472,862,2251,72,101315,80794,9404,8812,1039,1295,39,80781,67480,5872,4969,561,1697,44,79351,67345,5870,4903,456,614,16,4025,303,60,16,47662,21350,23610,49284,21626,26884,47891,20211,27241,7152,27870,15566,7318,9862,4091,669,321
96887,82323,4941,5538,1810,1863,91,98072,82789,5686,6418,2277,1160,321,75384,65628,3021,3695,1278,1335,58,74883,65191,3449,4180,1298,486,162,3550,866,84,162,49098,18730,27522,54051,21804,31376,54361,21402,32454,3938,20686,13575,7804,13432,6083,1321,597
100415,84100,6348,4281,3499,1903,82,99426,83832,6494,4756,3111,820,154,80561,68792,4327,3102,2546,1440,63,78456,69441,3979,2957,1454,473,26,1939,1213,92,26,48606,22221,23146,51062,25086,25058,51048,24713,25813,2913,14287,11565,5466,15601,7728,1685,1443
102507,83065,5174,8464,3693,1981,53,101020,81422,5558,9039,3745,1003,61,79611,66513,3180,5588,2613,1425,32,76347,65368,3011,5383,2125,391,17,4618,1887,26,17,52153,25360,23831,55730,29525,25248,53928,28099,25321,3532,16005,15140,7352,16845,8426,2242,1552
102021,41361,8003,50091,1954,2179,163,100302,41719,8722,48182,2385,1544,14,78391,35446,5129,35184,1603,1580,117,75676,36417,4971,32346,1121,603,0,31088,795,23,0,41254,31805,7595,36948,28584,7717,32917,24704,7903,8471,21098,15902,5650,7717,3350,631,576
99490,60777,8842,26544,2087,2299,94,99941,61478,8433,27545,1707,1356,110,78032,51241,5617,18199,1625,1695,60,75710,51322,5459,17693,679,459,46,16524,492,26,46,44572,26970,15145,45063,28411,15865,41901,26073,15415,7076,21611,16669,7509,11333,3836,714,701
96786,59152,21536,15444,886,2475,130,97243,59027,21347,16606,1059,1362,151,74494,49067,14332,9796,603,1811,80,74547,50185,13970,9267,551,517,0,7979,411,70,0,39363,21672,15915,42483,22366,19461,41277,20590,20288,8499,23248,15633,7049,7915,3281,464,293
98425,85697,4634,2997,2983,1598,100,101042,88322,4981,3903,2942,706,56,75514,67192,2859,1920,1995,1102,70,76300,69059,3223,2320,1292,395,0,1753,1138,67,0,47980,20244,25606,57539,26710,30148,59316,27646,31153,2206,16260,13894,6352,18830,8698,1966,992
99359,75760,6229,13855,1448,2461,155,99442,74268,8199,13952,1875,1845,168,80405,63764,3936,9717,1116,1837,110,79788,63688,5218,9054,894,806,15,7144,613,97,15,43987,22081,19726,47051,23266,23048,47382,22488,24456,7487,24644,16205,7826,8178,3841,375,728
101777,92459,2601,2300,1492,1928,69,103608,94801,2837,2357,1779,900,24,80128,73975,1636,1371,985,1437,39,80405,76103,1649,1344,715,536,0,1058,295,48,0,51165,17407,31425,59332,21233,37320,60832,21506,38805,3939,22888,14124,6742,16517,7085,1080,764
99087,90095,2509,1776,1994,1802,93,99454,90710,2675,2102,2175,588,189,76919,71037,1552,1075,1324,1238,55,76914,72231,1647,1309,1128,282,104,662,734,30,104,48881,17727,28956,56801,21892,34141,57169,21748,34903,3433,19480,14712,6560,16157,6939,962,488
99994,85996,4076,4884,3658,1122,90,98262,84246,3796,5401,4031,834,151,82054,71753,2971,3580,2585,879,60,77671,68845,2427,3655,2183,412,4,2979,1750,23,4,53058,32225,18388,59486,39365,19433,56675,37739,18443,2840,12600,12095,4805,24888,11507,3357,1157
97169,83017,3923,4441,4009,1407,94,96627,80176,6024,5347,3843,817,156,78728,68504,2681,3179,2987,1022,68,73808,65031,3224,3114,2062,293,20,2526,1671,31,20,49620,24417,22986,54386,29015,24769,51736,27507,23820,3002,16410,13754,5556,16619,8524,2537,1120
103638,77211,9679,10004,5389,1935,143,104612,76091,11805,11713,4945,1203,82,84308,65754,6524,6687,3967,1438,110,82240,64870,7330,6964,2587,554,4,5836,2216,106,4,48084,25909,20058,51715,28829,22246,49328,27025,21870,7820,24245,15614,6518,13451,5896,1372,708
102009,83431,6910,6367,3567,1789,113,100451,78593,7597,9994,3764,1295,188,83500,70548,4565,4192,2720,1348,83,79088,65642,4816,5641,2206,558,12,5194,1940,127,12,44596,20685,21834,48270,23012,24617,45551,21441,23729,6258,25288,16974,7700,12239,4585,709,345
97749,83639,3119,3190,6135,1062,95,96726,83227,3703,2860,5997,689,30,78583,68663,2045,2188,4450,785,65,75365,67002,2537,1989,3566,212,14,1689,3039,26,14,51388,20844,28638,56687,25015,31161,54510,23863,30232,2832,16241,12871,6073,21052,9420,1814,971
102244,45414,2655,51535,2005,1191,87,99447,42934,3814,49806,2195,822,62,80377,38264,1682,38328,1460,906,59,78179,37095,2025,37291,1265,291,4,36161,1133,28,4,53176,35549,16184,52854,35067,17296,47955,30919,16668,6640,23069,16814,6744,11647,5332,1526,628
99287,30491,2933,62886,2635,1308,91,97455,30341,3067,61677,2333,791,78,77740,25665,1953,47862,1861,973,65,73402,25189,1597,45045,1020,431,4,43856,846,28,4,50958,43145,6742,51393,43933,7052,45887,38863,6743,4717,19193,15506,6482,12039,7324,2534,1894
98650,25340,2172,69154,1741,1328,123,96997,24591,1555,68797,2183,1069,41,77954,22938,1463,51853,1330,969,84,75365,22116,1042,50199,1125,421,20,49371,860,67,20,48653,40261,7291,47907,40039,7437,42326,35268,6797,6421,20260,17610,6112,10959,4989,841,723
98378,69850,2736,14364,10255,913,73,96852,67899,2845,14375,10340,339,148,76939,56564,1759,10718,7001,655,42,71528,54811,1856,10024,4484,134,41,9349,3802,53,41,51770,32412,17746,57415,37502,19435,54034,35058,18618,2811,10488,9874,4499,19624,12135,6228,2957
99659,43892,28968,24740,2750,2871,293,96820,43784,27834,26656,2072,3011,714,75272,37494,19571,15943,2007,2057,222,70236,37303,17862,13194,1113,450,73,12064,962,26,73,31610,21874,8585,31068,19840,10768,27306,16924,10134,13051,24566,14071,4629,6365,1777,340,267
99265,31358,9891,56000,2184,1663,141,97192,34417,8844,51236,2081,1337,161,78821,28827,7400,40593,1811,1273,112,76926,32092,6042,37033,1192,591,0,35516,847,58,0,39773,34776,3990,38050,32266,5322,32927,27245,5411,11660,20386,14232,5355,10975,5425,2115,1041
101176,18674,4121,72812,5606,1344,147,99991,18536,4323,72235,5484,1361,88,81328,17787,3024,55169,5175,1080,91,75476,17025,2668,52808,2352,875,8,50957,2076,88,8,43305,39660,2843,37576,33677,3467,31279,27599,3463,11483,22180,15282,4626,7098,3630,2084,835
96442,65494,2757,22315,4763,1167,105,95225,64031,2940,21833,4926,500,65,78408,55092,1967,16581,3843,874,74,73602,53117,2142,15436,2512,328,14,14703,2100,61,14,52694,33273,17642,56780,36733,19457,53775,34811,18602,2668,12720,11371,5382,18811,10728,4030,2462
103152,91047,2254,5265,2205,1672,89,102997,89115,2473,7038,2259,589,54,84807,76518,1471,3333,1637,1255,66,83879,76421,1660,4137,1236,159,15,3386,969,16,15,53185,22104,28614,59699,26595,32340,58203,26091,31635,3934,24791,18249,7107,15545,5940,727,435
98608,80968,8495,5211,1475,2122,81,98435,81771,9222,4657,1501,846,84,77384,66090,5079,3283,1026,1485,63,75453,67336,4222,2619,770,455,36,2191,490,47,36,46678,17534,26925,52697,20802,31177,52933,20515,31923,5515,22428,15126,7107,12165,5534,723,601
101209,93696,1489,2428,660,1942,64,100543,94265,1261,2828,556,727,13,81214,76088,937,1629,416,1377,42,79844,76250,760,2016,289,491,4,1215,191,64,4,50440,18575,29709,53963,19561,33714,52390,17835,34158,7470,32266,13472,5808,9306,3999,739,347
100768,75931,2690,18281,1205,2374,108,100386,75651,3340,18226,1489,992,177,80575,63151,1702,12763,910,1693,72,79089,63550,2119,11945,732,521,67,10762,414,41,67,45471,24439,19315,47019,24958,21480,44124,21923,21825,7578,29725,13680,5479,9801,3518,728,465
100751,57912,9894,31673,846,1969,114,99679,57005,10589,31689,1264,1722,200,79625,49248,6460,22561,576,1382,81,76206,47606,6792,20403,716,525,41,18815,392,66,41,46298,28562,16348,45587,26617,18391,41537,22414,18804,7930,26837,14384,5702,9430,3674,670,256
95669,80832,3755,7520,1963,1453,105,94868,80193,4139,7387,1762,661,291,77808,67406,2465,5234,1377,1061,77,76274,68169,2545,4335,715,269,0,3738,581,27,0,51686,23745,26089,55304,25611,29063,53074,23119,29586,3812,22774,14338,6169,14260,6308,1570,532
98273,91075,1418,1784,796,2138,70,97848,90453,1823,2306,714,1018,38,79322,74290,926,1097,602,1590,40,78811,75450,1111,1158,420,542,9,700,181,46,9,49877,15605,32164,54694,16995,36957,54616,16031,38172,5965,29120,12889,5345,10745,4442,675,527
95712,78045,2531,8950,3770,1904,132,96052,78645,2594,8962,4258,725,154,78946,65754,1857,6445,2994,1454,87,76530,66551,1566,6342,1575,440,4,5600,1364,87,4,43081,21866,18986,46213,24079,21482,46632,23831,22368,3799,18730,10391,4477,12623,8333,1105,1159
101819,81640,2241,9731,6403,1279,102,101628,80411,1675,10071,7115,642,91,79453,65196,1425,6979,4531,911,68,75743,63602,1160,7273,3349,328,10,6730,2924,102,10,54071,26390,25417,61578,32858,27956,60226,31990,27656,2553,14441,11532,5366,22876,10475,1858,1654
102154,83027,2401,9987,4518,1848,75,101547,81879,2395,11126,4493,654,0,83691,70154,1582,7081,3118,1358,48,81862,70164,1423,7324,2371,324,15,6108,1981,40,15,53912,27510,23951,60116,32920,26339,58713,32110,26091,3585,19609,14126,6992,20028,8458,2216,1355
103974,46701,3509,48835,3233,2462,144,103382,46326,4327,48695,3691,2239,191,80985,40262,2269,34615,2360,1842,101,77472,40659,2245,32413,1598,1091,18,28747,1272,91,18,40675,31076,8227,39487,29736,9121,36559,26693,9508,8601,23456,16901,5581,8126,3273,588,546
100661,73346,2536,13662,8333,2408,133,100350,72584,3887,14439,8294,2178,65,79609,61232,1628,8943,5582,1813,79,77153,61791,1637,9078,3682,809,4,7521,3475,24,4,42495,20828,19764,45501,22766,22087,44959,21785,22745,8664,26477,17047,5856,9282,3927,568,345
104345,88386,2023,7585,3271,2160,98,103564,88676,1952,7862,3195,844,82,83393,72158,1294,5262,2305,1619,62,81315,73391,1023,4960,1330,537,37,4242,1087,49,37,52219,23247,26723,58029,27017,30228,57222,26060,30667,4660,22209,15117,6282,17618,7288,2087,1448
100762,88654,2457,4231,2930,1810,79,101063,90116,2577,3516,3050,747,136,79952,71611,1680,2800,2019,1308,46,78832,72766,1659,2030,1816,412,10,1445,1446,25,10,53876,20390,31038,60463,24929,34743,60081,24640,34937,1488,19029,13833,6153,18836,8191,1697,848
99708,66868,4282,24657,951,3129,136,97879,64979,5455,24875,1235,1727,201,76959,55494,2572,15988,623,2152,74,73510,53616,2454,16144,456,853,48,13552,256,28,48,39062,20747,16394,39911,21217,18001,36772,18630,17782,7715,26566,16240,6112,7094,2984,476,291
98849,86842,2382,5795,957,2234,96,98932,89207,2133,4997,1300,1076,56,78573,70485,1481,3700,651,1672,69,78919,73148,1199,3338,616,616,4,2743,429,93,4,46251,16756,27344,50795,18520,31461,49810,17653,31751,5209,29895,16120,7080,8647,3939,660,440
103009,92607,1891,4492,933,2145,92,103232,93755,1593,5449,1062,1066,19,80796,73787,1166,2890,667,1574,63,79888,74729,1059,2779,547,699,0,2046,341,75,0,49246,15458,31556,54359,17609,35994,53229,16534,36251,5154,28800,13747,6460,11320,4501,636,533
100675,37784,5067,54502,2247,1809,188,98271,42047,6640,45985,1834,2208,286,78405,32601,3242,39922,1699,1384,132,75137,36348,1954,34918,747,1123,33,33705,443,165,33,48146,38478,7998,49643,40627,8329,45877,37131,8352,7534,18407,13379,6298,14208,6935,1477,1039
99514,37424,7561,51422,1783,1861,134,105602,39283,7382,54259,2700,3304,109,73727,32256,4470,34487,1444,1349,87,72037,33591,2210,33359,1145,1979,26,31207,971,19,26,35813,26232,8194,36079,27036,8436,32912,24208,8380,9410,19374,13636,4445,12281,4838,1223,707
101037,57545,3669,32698,5813,1460,173,99072,59003,4739,28386,5895,1574,229,85883,51535,2788,25348,5104,1124,117,80446,52597,2863,21520,2513,997,41,20011,1894,90,41,43727,31881,9844,43312,33099,9515,39143,29365,9404,5577,13404,9202,3574,14564,7723,3315,2253
100059,86835,2866,4596,3741,1430,119,98856,83521,4122,5743,3689,1113,278,76991,67925,1860,3070,2609,1058,84,73910,65218,2327,3341,2163,695,10,2675,1905,41,10,57991,26533,28279,63803,34047,28763,62285,34051,27587,2031,7995,9488,4991,24550,12824,4542,2580
100476,74107,5894,11327,7009,1883,328,98721,73775,6057,10879,6353,1659,196,78577,60209,3650,8210,4951,1308,213,73836,60026,2295,7527,2603,1150,87,6857,2054,93,87,53755,24386,26660,58079,30216,27002,56413,29967,25837,3996,15887,11502,4715,21306,10829,3132,1626
99921,39968,5681,49043,3884,1796,218,99926,41256,5341,48279,3319,2395,124,75850,33472,3542,34999,2773,1307,148,71544,34412,1313,33107,1652,1247,5,31623,1384,132,5,50076,33206,14953,52228,36825,14653,48103,33965,13656,5176,21235,14653,6256,13211,5962,704,932
103189,88530,1801,8535,2027,1767,118,103156,84691,1614,12082,1727,2276,33,80410,71095,1065,5142,1424,1272,69,76444,67130,662,6049,746,1581,5,5575,525,218,5,55590,15113,37860,59360,19662,38715,57653,19822,37277,4256,21482,12744,6798,16046,6145,737,597
100569,78039,2695,14579,2811,2174,154,101716,74396,2512,19470,2816,2330,180,76976,62085,1603,9437,1952,1597,100,75144,59456,926,11634,1180,1970,76,10691,1032,138,76,49429,14561,32854,53853,17872,35212,53460,18029,34938,5638,23503,14065,7622,13960,4188,606,597
95970,79205,3858,8255,1951,2358,231,95193,76147,5506,8753,2970,1159,400,73889,62869,2332,5317,1332,1773,146,70415,60935,2318,5125,1305,411,34,3702,1026,40,34,45093,12762,30547,48520,14935,32888,48192,14635,33148,5531,25384,12711,5024,10460,3546,413,473
99622,79417,6096,7072,4587,2124,248,98778,79609,4954,7797,4408,821,205,79077,64610,3860,4938,3740,1590,161,75969,65897,2063,5034,2375,458,10,4282,1857,44,10,41654,13887,26015,42810,14908,27354,42324,14236,27769,5378,20869,10937,4764,8713,4291,664,1917
98689,73831,6977,12042,3635,2428,115,100052,73880,7447,14364,4265,740,276,72887,57044,4141,7543,2472,1675,81,71665,57887,2876,8161,2165,426,45,6606,1595,31,45,40572,14082,24687,45885,17513,27720,45928,16990,28574,6784,19489,12675,5328,13789,5370,885,763
96076,62259,8334,15117,8741,2011,205,98853,63386,9421,15254,10071,1228,170,73229,50456,5144,10034,6285,1431,130,68457,50782,3268,8905,4917,470,28,7845,4434,24,28,45828,17911,25727,49460,22257,26430,46698,20852,25340,4307,15594,11119,4556,18386,7624,1169,1396
104454,92835,2925,3084,2671,2250,107,105501,93105,3463,3545,3110,813,20,81234,73371,1879,1939,1860,1635,65,81674,75606,1892,2060,1572,457,0,1523,1171,16,0,52323,16214,33421,58413,21190,36198,59151,22117,36437,3697,20182,13773,6840,17296,8551,1510,899
104147,94914,2031,2415,1085,2971,132,105680,98320,1978,2760,1207,1365,178,79581,73625,1242,1296,702,2166,66,80719,76905,1179,1212,641,470,14,860,382,37,14,46463,10501,34097,52033,12902,38372,54964,14013,40527,8715,27021,14549,6548,10387,3990,874,326
99886,70667,4088,5010,18252,1390,213,102453,73577,4826,5019,17104,732,220,74287,54917,2605,3292,12080,999,135,68509,56575,2217,2865,6290,478,160,2277,5850,56,160,48894,19419,27109,55827,26181,28765,53887,25428,27877,1698,9582,8866,4689,24704,13332,2468,2340
98354,85630,2941,4746,2506,1929,127,101522,88773,2996,5280,2998,990,220,74466,65584,1789,3673,1612,1372,71,75791,68618,1502,4007,1075,447,9,3285,953,64,9,45459,10886,32399,53805,15103,37805,57175,16413,40219,4399,21335,12634,6159,14661,6312,750,863
98761,87887,2295,3683,2440,2071,118,101434,89228,3211,3754,3326,1171,37,75188,68176,1379,2163,1576,1522,79,75921,69880,1563,2307,1641,413,4,1714,1274,54,4,48461,11826,34613,55237,15261,39221,56922,15650,40806,4492,20025,12599,6225,12918,7981,1050,1010
104266,36091,3455,61417,1819,2258,147,101181,35758,3336,59836,1646,1442,42,79233,29826,2163,44745,1309,1639,102,78161,30481,1765,44290,831,761,13,42356,656,33,13,47101,34884,10880,45316,33262,11409,40227,28635,11253,7953,23796,18368,6545,8264,3794,482,398
96878,71938,2790,17003,2943,2142,186,96664,71484,3407,17396,3131,860,42,75877,58497,1792,11571,2169,1616,136,72978,58284,1989,10363,1879,392,7,9088,1364,8,7,49244,19103,28047,52576,22350,29404,50137,21630,28065,3734,19969,17469,7892,11550,5639,854,575
101308,59288,6715,31074,2081,2657,232,103605,63455,6616,29687,2594,1907,321,80053,50131,4432,22130,1617,2026,155,78705,53800,2705,19928,1140,745,22,18819,730,38,22,38416,22828,13574,37860,22906,14244,34457,20181,13918,9820,19241,16802,6470,7637,3877,743,452
102657,84326,3737,7421,4727,2157,186,102357,84576,4482,7234,4550,858,123,81714,68776,2558,5080,3391,1585,117,77354,67742,2741,4694,1629,472,42,3678,1153,14,42,55297,23410,28905,59918,29604,29288,57569,29241,27739,3354,13997,16003,6900,18794,11084,1756,1566
100771,82289,2416,9110,4397,2105,139,102436,83779,2691,9168,4658,1042,412,79029,65987,1536,6568,3008,1545,91,79146,68547,1652,6214,2004,520,4,5430,1695,56,4,52384,17076,32881,56586,20626,35006,57871,21505,35732,3552,16224,13671,5800,16059,10695,2201,1559
99862,79419,3776,7846,6351,2217,256,100924,80508,4211,9255,5404,1628,456,79041,64295,2546,5547,4708,1661,167,78175,65458,2677,5812,3056,614,40,4500,2250,24,40,48736,19056,26916,53534,23735,28716,54130,24128,29354,3621,12647,14065,6880,15305,11521,2001,1977
99533,82648,3506,7776,3133,2320,125,98617,81028,3614,9213,3439,1284,187,78244,66493,2281,5184,2338,1778,90,72650,63282,1448,5405,1389,647,4,4480,996,30,4,48063,14602,31246,51202,17379,33039,50355,17022,32904,5086,22267,14812,7646,12219,4941,639,553
104487,92819,3030,4946,1034,2308,128,104945,92891,3888,4750,1633,1699,122,81604,73312,1862,3757,672,1708,89,81184,74004,1752,3203,823,1092,25,2571,553,100,25,44263,11743,30658,49535,13111,35683,50485,12726,37279,8805,29638,15016,6312,9335,4074,664,227
104289,80996,4227,15092,1222,2595,204,103512,82063,3961,14992,1463,1506,192,80918,65369,2530,10040,859,1900,123,78267,66304,1849,8558,710,688,56,7407,490,39,56,45343,19103,24173,47107,19638,26657,45589,17607,27567,8012,27083,16122,7537,7693,3709,506,445
102379,90904,2143,4358,2244,2004,118,103812,93083,2103,4862,2577,855,16,78603,71203,1293,2587,1524,1462,74,78690,73069,1129,2763,1183,422,4,1626,1054,19,4,49612,12538,34814,54661,15040,38745,55877,15425,39947,5059,25563,14934,7134,11166,5669,777,352
103545,94471,1894,3197,1248,2083,183,103609,95149,2205,3703,1331,1046,112,79093,73250,1222,1794,839,1516,128,78745,74046,1287,2042,737,526,0,1355,260,57,0,49618,9640,38024,53490,10352,42376,53555,10112,43015,5586,30356,13082,7934,8706,4099,341,346
104073,98522,1421,1173,642,1789,91,103702,98528,1633,1672,905,859,360,79229,75609,859,604,434,1308,56,78465,75929,878,679,172,484,9,304,86,11,9,52232,9299,41047,55707,9870,45091,55451,9540,45518,5899,31602,14052,6405,8391,3553,561,319
103918,96439,2583,1556,852,1615,666,102985,95926,2813,2042,822,976,190,79088,74383,1587,801,573,1173,375,78039,74384,1584,1066,425,450,0,646,250,49,0,51308,9389,39832,56128,10893,44471,55739,10502,44813,4880,30834,13036,8471,8579,4396,580,231
99879,87952,8008,1781,522,1722,115,100004,87684,8780,1858,641,1211,235,75700,68004,5051,1034,339,1228,79,75410,68280,5257,1040,270,420,15,685,175,69,15,50264,11491,36204,53316,12552,39890,52715,11715,40511,5028,27784,13030,8197,9381,3843,585,192
99141,87637,7021,1377,741,2003,83,97970,87246,7096,1594,870,1080,255,76420,68925,4438,791,474,1442,53,75073,68874,4330,933,420,402,28,383,207,59,28,47890,13075,31894,51603,14405,36308,51105,13858,36797,5022,29255,14618,7973,7386,3271,431,360
95975,33891,9023,43510,8462,1938,100,98009,33923,8604,46568,8059,2036,272,69909,28604,5673,28729,5873,1441,71,61007,28621,2589,25300,3645,463,10,24268,3264,73,10,35401,24296,9545,37772,27200,9965,33287,22864,10022,7676,18672,14111,4928,11942,4638,452,440
95766,26566,8729,55935,3655,2210,156,97587,27525,10237,55865,3672,1560,76,69439,22536,5367,38044,2646,1572,99,63331,23302,3120,34679,1698,508,18,32699,1467,23,18,34923,28543,5341,35316,28744,6059,31006,24059,6646,11817,21425,12934,4151,7658,3136,566,436
102759,40853,7858,50736,2308,2480,214,103682,44235,7521,48558,2694,2678,63,77136,33649,4909,35810,1650,1820,162,75294,36903,3017,33014,1546,1133,7,30883,1113,89,7,42917,33834,7578,44469,35408,8411,41133,32141,8590,7747,22140,15193,4733,12139,5196,1822,950
95175,37900,6273,42732,7528,1917,157,96234,38068,6758,44182,6886,1293,248,71613,32021,4067,29509,5244,1440,107,67004,32237,2242,28137,3566,442,68,26574,3352,11,68,39846,26047,12209,42589,29667,12273,39035,26059,12589,6418,17944,15974,5477,13297,4916,316,346
97278,56071,5452,31675,2449,2320,123,100963,56396,5853,35982,1868,1707,47,74159,45279,3448,22249,1778,1692,81,72797,45824,2050,23004,981,931,11,21823,683,64,11,42652,23158,17863,46527,25769,20082,45793,25099,20262,6539,24362,14331,5349,11190,4659,888,542
103906,57197,14178,27699,3151,2977,180,106101,58123,15807,28442,3266,2576,460,76048,46647,8812,16875,2225,2121,125,71535,47858,4728,16132,1461,1036,134,14148,1232,53,134,31377,17644,12192,32970,19120,13257,30522,17171,13036,13118,24746,13285,4193,8990,2883,719,388
96736,74674,4763,9393,6626,1266,213,88757,64523,4799,9748,8769,922,143,90596,71201,4126,7750,6218,1051,173,79885,62296,3818,7524,5568,518,34,6212,4237,78,34,44351,33611,8041,42918,35430,6785,39221,31920,6966,1446,5093,6291,2411,19232,8067,3068,1756
96238,78405,3293,4058,8909,1192,139,96518,77457,4386,4100,9120,548,283,79185,65158,2439,3063,7250,894,111,72355,62888,2116,2823,4099,243,41,2242,3069,8,41,54324,34420,17129,59861,41556,17452,57943,40056,17301,1935,5914,9027,3326,27527,13803,5428,3466
96947,69655,6390,9284,9795,1763,149,96065,68314,7343,9670,9568,1278,189,75787,56592,4086,6188,7455,1273,104,67379,53917,2900,5993,4034,366,16,5371,3585,90,16,47713,28097,16916,52795,34950,16965,49446,32621,16228,2460,9905,12117,4373,23161,11147,2456,1912
104442,74290,4189,16593,7586,1755,125,106734,71506,4639,20553,8608,690,771,81089,59872,2822,11564,5363,1275,86,76843,58054,2037,12106,3724,341,41,10528,3129,18,41,52137,26847,22701,61125,35963,24287,61789,36528,24659,2476,12630,12196,5492,25819,11061,3003,1247
101342,73906,9206,12203,3949,2589,110,100830,71733,10541,13911,4401,1611,169,77745,59718,5861,7757,2667,1900,72,72246,58029,3057,8090,2290,751,15,7012,1998,67,15,42422,17681,22516,47415,21380,25166,45400,20333,24654,6541,22331,14566,5889,13937,4378,801,801
98002,74041,5848,7042,9262,1596,126,102329,74429,6125,10277,10330,953,154,74467,58006,3837,4487,6756,1122,85,71069,57421,2622,6057,4551,274,23,4809,4175,33,23,45530,22739,20141,52515,29865,21707,51159,28712,21819,2956,10407,11517,5467,23306,10514,2653,1504
100531,74233,3841,7289,13506,1536,127,98309,71839,4652,8619,12515,957,80,77194,59183,2543,4901,9333,1049,101,69381,56316,2339,5210,5088,232,16,4585,4656,33,16,50250,25349,22316,58128,33597,23726,56053,32579,22868,1630,8528,10209,3796,24159,13689,3666,2235
95334,52972,4562,31870,4753,2015,139,100195,51214,4513,36014,7621,1099,142,68932,41384,2804,20447,3273,1386,82,67678,40065,1842,21303,3831,356,0,19859,3505,43,0,40528,20771,17929,47041,26569,19733,47454,26786,20172,3936,15799,12303,5158,15220,6209,947,581
102297,93625,1598,3075,972,2530,87,104188,96097,2277,3588,874,1354,219,79267,73546,980,1854,580,1862,56,80872,75928,1403,2214,444,705,146,1533,235,81,146,46420,13042,31228,52104,15150,36166,52720,15285,37017,4981,27818,15380,6327,11206,4488,741,402
96048,78091,2607,7185,5304,2248,106,97587,77785,2984,8270,7008,1091,121,73655,61614,1596,4670,3644,1578,71,73799,62437,1643,5313,3795,645,41,4481,3423,0,41,44747,16830,25778,51368,20818,29648,51577,20688,30413,4465,19212,13464,6304,13735,6588,991,602
97404,88505,1814,3095,966,2414,111,99969,91277,1895,3084,1156,1130,100,75272,69502,1116,1785,642,1745,71,76798,72542,1287,1713,543,727,17,1243,335,4,17,45832,12658,31015,52143,15013,36297,53336,15164,37700,4349,24968,13247,6510,13005,4055,549,172
99944,74673,3197,5934,14445,1212,127,104360,77984,3107,7607,14221,486,40,73152,56304,2022,3973,9671,837,77,72223,59871,1522,4895,5678,251,8,4430,5031,70,8,49048,21323,25423,59229,30121,28277,59309,30649,28127,1320,7227,9206,4220,25804,13244,2785,2100
99247,83086,3382,4336,6052,1823,117,106755,87207,4372,4696,8228,1059,182,72485,62366,1975,2659,3837,1218,70,75997,67146,2388,2753,3083,500,17,2276,2452,18,17,46442,17437,26593,57434,24838,31648,64180,27988,35567,2237,13098,12381,4330,21437,9681,2065,1402
96055,84503,2653,5770,830,1945,129,95495,84321,2830,6036,1001,1530,105,75256,67005,1650,4308,615,1362,69,74180,66953,1587,4393,558,636,29,3273,413,47,29,38532,10848,25678,41065,11331,28972,40248,10765,29130,6423,29022,14134,5509,6334,2501,458,357
101498,88601,2182,3241,4874,2166,91,106128,92516,2968,3783,4183,2013,186,76492,68025,1337,2082,3137,1531,51,79403,72426,1513,2418,1690,1304,0,1713,1467,98,0,45319,12312,30727,53411,16203,36258,57756,17878,39316,4530,24558,13915,5387,14446,5769,1156,489
96820,85627,4839,2609,1970,1562,82,96464,85363,5262,2950,1932,840,58,75411,68004,3126,1534,1328,1142,56,73665,68044,2807,1468,845,423,21,903,601,15,21,46431,12124,31651,50145,14490,34772,49326,14198,34616,4092,25709,12825,6206,11269,5291,690,642
97094,87601,3537,3017,847,1809,97,96481,87308,3886,3324,1025,747,95,76180,69953,2203,1764,574,1331,79,75000,69887,2456,1790,333,406,11,1233,154,105,11,43150,12029,28436,46486,13182,32522,45503,12448,32643,5418,29693,12837,7217,7282,3307,401,347
97671,90831,1776,1511,808,2096,123,98546,91867,1972,1875,928,801,31,75191,70603,1129,863,554,1502,82,75795,72589,1126,979,510,498,4,615,343,55,4,45091,11932,31079,49841,12637,36417,50945,12798,37721,6019,27026,13283,5513,9155,3653,533,575
96029,75753,6315,11102,962,2192,69,95738,74685,6743,10378,1078,871,89,76361,62863,4051,7114,698,1630,34,74858,62937,4177,6632,326,613,20,5679,203,71,20,46377,19740,24255,49769,21417,27465,48960,20630,27884,5414,24608,14960,6715,10932,4188,780,502
97054,84769,6954,2313,643,2098,79,95940,83830,7394,2298,585,879,173,74899,67224,4197,1233,420,1509,60,73726,67609,4130,1119,212,563,4,626,90,47,4,43910,13438,27935,47816,14431,32547,47702,13876,33404,5767,29653,13253,7202,7871,2944,611,352
96916,77783,2148,13387,1091,2034,119,97260,78905,2283,13160,1379,1576,249,76790,63006,1410,9719,770,1489,85,77229,64404,1451,9492,852,662,162,7674,661,84,162,42308,13461,27010,46073,14770,30646,44753,13874,30522,7103,28119,14770,6478,7823,3391,833,406
99317,93192,1566,1311,729,2033,120,99047,93211,1727,1876,737,680,63,76017,71891,992,697,520,1496,85,74344,71552,1017,954,349,349,18,593,217,31,18,45859,10228,33407,49860,11464,37631,49905,11308,38134,6986,29617,11486,5471,8507,3802,666,278
98044,89134,2518,2847,1290,1732,105,97636,89522,2647,2790,1742,1017,142,74551,68622,1562,1748,925,1288,77,72959,68744,1429,1417,643,408,0,947,541,77,0,41008,13167,25936,44682,14607,29361,43502,13851,29269,9015,24027,10314,4570,9463,4942,778,866
97764,89248,4000,1479,553,2695,65,97331,89665,4333,1702,569,935,111,75719,70358,2281,850,366,1840,35,73631,70676,1249,852,289,456,4,524,217,68,4,43656,12795,28574,46646,13533,32410,45609,12653,32594,7493,30847,10959,5613,8810,3689,473,231
101952,90905,1550,5585,807,2159,114,100537,90897,1738,5580,783,776,74,81484,73915,990,3660,522,1617,68,80307,74569,1077,3577,408,567,4,2860,209,75,4,49729,13910,33813,52522,14393,37413,49594,12601,36493,6529,32171,12492,8621,7793,3553,374,539
101883,96990,1127,1645,508,1405,85,102026,97456,1192,1509,359,1372,72,74259,71065,659,917,331,1062,59,74661,72182,790,780,118,732,19,361,63,63,19,35835,8040,26157,40134,8679,30875,39074,8069,30690,16255,23923,8848,4823,6736,3299,441,259
100770,91009,1055,5182,590,2430,69,101082,92650,1213,5338,908,1097,100,77841,71365,631,3248,385,1797,43,77703,72601,689,3092,419,661,26,2011,265,42,26,42564,13022,27632,46678,13509,32470,45912,12294,33265,7419,31748,12833,7136,7452,3468,400,74
104935,96253,1268,3969,684,2060,64,103696,95036,1404,4930,809,897,20,83888,77609,826,2817,503,1505,44,82505,77146,712,3593,386,543,13,2361,268,29,13,47615,13144,32553,51309,13715,36967,48626,12234,36072,7858,33975,12998,8356,8054,3505,620,347
101073,93937,1084,2995,728,2065,99,100138,93303,1163,3078,856,1247,46,80938,75669,704,2167,519,1590,69,79799,75758,774,1968,384,698,10,1392,216,134,10,49066,12645,34362,52369,13743,37946,50737,12565,37775,7589,30929,13663,8631,7833,3335,788,354
103281,92801,1766,4250,1833,2250,75,102166,93111,1716,3071,2765,1251,22,84536,76048,1399,3502,1502,1744,64,82966,77350,1286,2032,1341,771,4,1309,643,30,4,47718,21496,23734,45894,19983,25231,44952,19007,25579,7180,23560,11567,6043,8711,5841,580,1578
104148,97028,991,2971,574,2114,56,102236,96051,999,3114,764,886,22,81446,76479,666,1885,390,1615,34,79865,76184,663,1938,372,724,19,1361,245,37,19,47195,11358,34172,50429,12403,37422,47753,10774,36640,8720,31490,13317,7374,7525,3646,668,371
101485,93716,1269,3086,528,2452,97,100167,93192,1401,3095,684,1389,67,79024,73502,710,2207,355,1876,45,77325,72996,619,2115,351,1093,29,1651,323,100,29,42083,11458,29209,44187,11236,32479,43608,10119,33247,9213,30645,12711,5695,7007,3896,572,404
100567,94017,1000,1921,559,2611,103,101367,95651,1173,1999,730,1087,190,76656,72137,625,1171,385,1970,71,76750,73488,782,1307,188,919,69,866,122,134,69,42282,11428,29260,45772,10941,34264,45036,9951,34780,9126,32706,11194,5514,6980,3015,355,312
100328,87532,1520,7412,1013,2378,73,100497,88233,1621,7697,580,2017,83,79154,69565,986,5855,638,1713,42,79699,71431,944,5452,316,1392,31,4904,239,157,31,40492,12726,25967,45431,13909,30918,46031,13572,32043,8529,29453,14054,5699,8606,3678,645,289
99546,93337,1106,1789,474,2273,83,99427,93777,1383,2239,512,899,77,76391,72239,649,1032,302,1729,55,75969,73133,663,1155,280,585,14,655,153,40,14,43582,9120,32976,46911,9282,37104,47721,8770,38674,9112,29772,12725,6791,6802,3110,248,177
101043,66223,5457,2484,2356,25100,192,104482,71852,6368,2117,2580,21973,160,76799,53995,3315,1468,1442,16510,106,78806,58344,3262,1166,1285,14603,59,712,1114,9303,59,43475,8342,32994,47472,10072,36407,49986,10653,38459,5533,22956,16079,7256,11911,3946,733,554
95981,63282,5518,5281,1697,21273,218,96704,65729,6545,5928,1674,18998,324,73697,51828,3459,3344,1060,14207,126,73133,53528,3278,3336,839,12310,30,2126,557,6142,30,38166,9278,26957,41267,10807,29449,40754,10814,28942,7364,23345,15461,6445,9260,3219,778,401
97940,40351,12786,31123,2224,14571,540,99130,44099,14675,28296,2053,12982,553,72703,32994,7793,22263,1501,9730,329,68879,36152,4890,19606,1053,7753,96,17961,958,3838,96,32058,16620,13877,37381,20286,16176,34103,16865,16691,8533,19554,15209,5059,9798,3474,695,553
100840,59474,13328,12523,4436,12855,324,100816,62665,12408,12583,4411,10982,208,81502,51789,8954,8827,3026,9701,189,75214,53366,5343,7689,1951,7154,64,6457,1402,3009,64,40868,19972,17800,40396,22467,16727,38389,22903,15144,6671,13975,13751,5230,18361,6863,3639,1475
101626,37538,34475,16843,3754,12541,295,100557,38529,35101,16467,4067,10457,454,74290,32401,21177,10923,2751,8670,182,59400,33029,9279,9199,2297,5677,10,8036,1933,2829,10,27787,12417,13575,29565,15793,12878,24294,13040,10898,11290,20533,14451,5619,7570,2486,545,188
99749,59987,11065,11748,7627,10942,193,102282,61798,11997,13032,8005,8958,171,79023,50947,7349,8123,5539,7675,135,76164,52370,6352,8261,3754,5452,18,7095,3319,2404,18,42182,14130,25511,42658,17225,24317,41291,17994,22407,3642,13813,15565,6345,19488,7362,2084,1143
101392,68982,7047,4333,6685,15110,159,106052,73312,8546,5061,7662,13000,296,72952,52886,4166,2593,4085,9272,101,72122,55226,4016,2341,2865,7607,21,1690,2394,3487,21,40749,9342,29105,47876,13126,33655,52763,15423,35823,3518,11774,12956,6400,19648,7634,2159,1509
95688,54722,16079,8663,4320,13478,338,98104,57700,17409,9214,4585,11324,355,70802,44251,10007,5434,2923,8748,193,66622,46250,5773,5483,2322,6913,62,4376,1986,3363,62,34600,9474,23141,37684,12426,24204,35380,11804,22614,6163,17020,14767,5561,12369,4235,657,321
102862,67754,7760,5823,2619,19952,160,109755,72640,10187,7197,3195,18045,104,76891,54285,4608,3562,1677,12864,85,80573,59255,4613,3987,1576,11210,26,3116,1328,5797,26,40906,8933,29871,45727,11332,33454,49091,12455,35619,5423,20734,17823,7375,13503,4377,974,637
100364,64472,5536,4000,1721,25479,411,101532,67337,6136,4180,1920,22742,423,77223,53314,3352,2536,1125,17029,223,75427,54511,3033,2306,809,14638,54,1646,702,9085,54,40323,9186,28979,42443,9922,31541,41885,9729,31323,7374,23804,15434,5782,10475,3765,791,647
98938,55999,4248,1227,1197,37267,160,100458,57841,4805,1729,1581,35485,216,76432,47292,2475,706,808,25245,101,77414,49005,2375,856,769,24116,52,380,631,17396,52,37946,8116,28168,40979,8440,31891,42738,8293,33781,9462,27839,15566,5504,7756,2549,445,349
103045,56456,6207,12656,1100,29442,183,103343,58003,6867,12551,1328,26904,420,79287,47443,3790,8967,763,19523,102,77328,47900,3143,8413,574,17429,13,6952,447,11656,13,38169,12363,23990,39394,12384,26194,38706,11379,26650,8974,24019,15492,7640,9032,2936,415,495
96431,66191,4509,4598,728,21326,183,97497,68006,5239,4681,1150,18685,76,74366,53839,2857,3194,471,14186,115,74052,55447,2565,3136,539,12258,8,2446,378,8875,8,37299,7745,27763,39400,8392,30227,39959,8328,30922,7564,26663,15498,5604,7771,2611,509,330
96010,63267,5464,5390,1108,22470,187,96957,65757,6013,5246,1432,19702,144,73241,51331,3378,3548,786,14608,128,73185,53573,3120,2971,762,12643,48,2197,551,8849,48,33489,8086,23461,36522,9425,26251,36818,9217,26866,7765,22573,15813,5302,8262,3329,481,318
98197,73191,7895,5701,1041,10950,182,101587,77179,8891,5957,1038,9711,165,73280,56761,4755,4007,634,7157,98,75812,61664,3943,4054,364,5842,74,3200,210,2660,74,39135,7464,29643,42927,8918,33142,46368,9536,35988,6144,24268,14797,5045,11236,3643,956,379
97199,70456,5840,4981,3723,12718,225,98767,72709,6065,5209,4741,10712,333,78347,58527,4172,3647,3040,9028,144,76033,60110,3591,3207,1729,7200,89,2143,1217,3306,89,34124,10132,21380,36429,12267,23080,36159,11915,23367,4372,16879,10981,3927,10725,5063,770,2268
97920,50425,5692,2610,1017,40157,123,99485,53576,6472,3087,1609,37144,226,74701,42457,3277,1572,716,27285,75,75442,45131,2460,1693,757,25047,32,1112,557,17896,32,35665,9399,24583,38114,9845,27501,38342,9451,28284,9168,23246,13670,5123,9207,3474,681,443
99199,63279,6187,5130,847,24652,603,100224,64928,6909,5456,1301,22324,784,75453,51891,3567,3394,598,16067,324,73693,52907,2570,3193,598,14143,134,2682,450,9431,134,36486,6597,28699,39260,6587,32151,38844,6177,32199,10173,27605,13318,6116,6874,2524,416,254
96327,61820,4098,5727,785,25192,142,96957,63557,4737,6691,959,22945,211,75413,52018,2504,4004,537,16632,84,74633,52675,2482,4031,576,14627,65,2953,401,7252,65,38077,8107,28446,40004,8020,31369,39850,7478,31848,9783,26796,14591,5422,7430,3049,364,363
94404,59514,6217,3854,1139,25517,142,96766,63442,7015,3733,1200,22801,215,72185,49074,3723,2427,830,16667,94,71997,51554,3167,1971,475,14656,39,1470,419,9821,39,32667,7227,24002,35547,8178,26590,37216,8148,28428,7418,21496,13764,4326,10395,4420,600,650
96457,72543,7219,2958,877,13322,196,101879,78692,8451,3101,963,11139,167,72406,56863,4374,1890,568,8588,119,75916,62418,4179,1716,465,6904,16,1106,313,3273,16,39144,6776,30485,42337,7726,33833,46680,8567,37383,6670,23750,14718,4861,11276,3617,636,395
102875,68622,9605,5933,1168,18559,220,103960,70315,10721,6771,1226,16920,208,78578,55985,5795,3873,779,12020,128,76325,57139,4927,3863,487,9815,30,2804,346,4800,30,40100,8040,30386,42359,8591,33080,42953,8328,34045,9433,27093,15776,4822,7974,3355,686,444
98099,67548,14682,5218,1382,10420,289,98671,69147,15517,5666,1269,9050,186,74859,54506,9353,3371,919,6967,178,73172,55653,8479,3045,623,5274,47,2305,449,2073,47,38134,6965,29696,39952,6997,32223,39229,6903,31699,9180,24508,15404,4375,8739,3468,373,351
94193,61869,18151,3504,1300,10483,481,93271,60945,18718,3962,1244,9992,616,70802,49828,11467,2240,842,6814,275,65262,49212,8109,2005,428,5444,83,1601,270,2534,83,35531,6003,27774,35655,6433,28491,34552,6445,27524,8500,20142,14295,5268,9397,3271,307,493
102022,73258,13192,3779,1666,7941,3234,100829,73684,13872,3740,1834,7329,2883,76213,57981,7999,2427,1123,5226,1743,71878,58457,6483,1827,551,3714,538,1305,224,1296,538,37590,6481,29019,38620,7247,30486,37591,7152,29764,8337,25469,13864,5171,9851,3639,442,380
96257,69951,12507,4393,1006,9662,189,95066,69272,13381,4709,1202,8553,106,72742,55411,7689,3100,696,6249,139,70132,54894,6897,2929,572,4930,22,2389,397,2352,22,37740,5981,30073,38783,6274,31768,37158,6122,30448,8493,22253,15003,4398,8919,3154,409,563
101524,51008,14742,23828,4900,10510,1330,103060,52466,15757,23623,5153,11188,1021,77093,41606,9565,16495,3582,7090,839,75685,42590,9491,14686,2322,6122,387,12629,1774,2946,387,26010,10141,14298,28442,12129,15519,26883,11189,15178,6938,21977,17469,5096,9662,4123,975,574
99814,65987,11989,4922,1481,17322,298,104179,68456,14735,6575,1840,15273,330,75831,52529,8086,3391,1015,11386,202,76739,55389,7811,4079,941,8346,127,3253,530,5426,127,35926,7576,26379,39017,9183,28963,40687,9718,30206,6969,24021,15432,5174,11050,3534,548,486
101137,69948,10626,5949,5609,9964,265,110018,77286,12147,6986,6409,8290,214,73063,53362,6232,3416,3962,6219,143,79053,60234,6653,3872,3524,4644,40,2902,3111,1876,40,35254,7840,24974,39971,11847,26986,49284,15368,32876,4484,16154,15062,7001,16280,5704,1017,684
98988,60990,12399,8545,8003,10759,280,101029,62196,14924,8934,8872,9824,106,74784,49256,7895,5271,5761,7192,168,74279,50622,8332,4554,5128,5124,11,3402,4628,2024,11,36857,10133,24177,40084,13851,25217,39759,14173,24711,5475,18464,16556,6255,13174,4633,1481,989
99895,65902,9882,8121,5471,11007,347,101914,69404,9796,7953,6512,9609,180,81286,56239,6908,5442,4375,7864,243,81010,60000,5895,4912,3507,6160,20,3686,2483,2915,20,36490,18559,14850,38332,22002,15152,35762,20273,14640,3364,10841,12417,3637,13298,7686,1485,2831
96645,68193,8031,5598,3461,12302,272,97104,69953,8340,6657,3827,9710,369,72632,53668,4979,3595,2375,8138,178,74348,57671,4557,4284,1898,5900,8,3432,1460,3050,8,36103,10137,23511,41362,13974,26308,43773,14986,27874,5844,17914,15070,6192,12963,5841,1110,899
100372,22787,62040,9022,1455,9257,277,100736,23691,62934,9777,1215,9936,469,69134,19816,38354,5783,981,6330,173,51818,20482,21692,5559,581,3227,114,4758,467,2131,114,17329,8690,7510,18731,11052,7236,14891,8252,6436,20552,19766,10642,2802,2482,883,92,80
97215,46316,15505,24157,4067,10176,617,98378,49099,17051,23501,4425,8998,812,72633,38772,9578,15560,3062,6763,412,68555,40471,6656,14253,2675,4290,75,13039,1897,2059,75,32174,13052,16732,33261,16620,15620,30076,14910,14494,7292,19753,16376,6567,8365,2745,393,339
99158,42205,31477,14741,4609,8803,320,97817,41529,32396,14621,4441,8010,301,75646,36464,20132,10266,3589,6438,186,62543,35668,9968,9827,2808,4195,17,8675,2361,1820,17,27505,12819,12397,30047,16757,12390,27184,15495,11224,11736,17127,13529,4632,10915,3852,758,415
99932,59128,13106,15574,5363,8640,306,99633,59569,14462,14724,4860,7894,447,80525,51405,8793,10596,4096,6334,186,75302,52228,6519,9048,2389,5151,35,7901,2043,1633,35,41069,18680,18950,42586,23163,18152,40798,23134,16907,5720,14777,15611,5123,19036,6956,3215,1230
96894,61579,7793,13525,7840,7178,239,100977,61443,9994,14903,8985,7022,216,73501,49569,4976,8967,5468,4768,148,71704,50136,4409,9047,4036,4191,8,7830,3574,1155,8,37796,12338,22930,40590,15977,23665,44776,19052,24700,2727,10794,14261,4940,20884,7886,2978,1104
97831,65235,7455,11506,6718,7944,307,101023,67949,7724,12677,7329,6293,162,74306,52162,4743,7495,4725,5428,189,73185,54919,3555,7407,3647,3679,20,6252,3165,887,20,38932,12966,22718,40996,16586,23162,42257,17878,22958,2108,9771,13680,5237,19880,9476,2494,1668
102921,77543,5892,5994,3555,10490,232,106738,82367,6077,6760,3837,8406,254,77187,60619,3530,3849,2340,6764,143,76661,62549,3276,3806,2031,4612,41,3209,1518,1720,41,44712,10161,31818,49797,13033,35649,55138,16069,37286,3637,14833,14975,5080,18647,8240,2489,1571
101969,33193,10230,50736,3559,8100,367,100897,34538,11422,48395,3293,6837,121,78890,28490,6495,37343,2765,5810,265,73174,28749,5463,33553,1798,4148,11,31262,1374,1538,11,34425,24107,8514,38732,28536,9176,33803,23985,9608,5900,18855,17435,5417,11876,4391,1577,656
96432,80047,7096,1307,2592,4364,660,97757,80720,7912,1508,3175,3530,763,77353,65990,4456,804,1812,3235,415,77338,68253,4423,819,1457,1865,222,585,756,355,222,48157,20544,21916,58200,28125,27995,56463,26631,27706,6056,21265,19673,7916,10125,4221,722,651
103721,79394,6811,3900,10254,2504,677,101119,74585,8483,3783,11484,1925,508,85643,67413,5084,2679,7643,2003,481,79587,63693,5688,2283,6547,873,101,1684,5099,134,101,61631,48126,8168,67429,57110,8515,64187,54687,7181,1448,5262,11673,4019,29682,14481,7762,3860
103849,65582,13866,13387,6971,4436,1530,104096,64749,13982,13675,7804,3862,1738,86500,57341,9989,10072,5574,3350,1149,83093,58247,7766,8845,4953,1621,794,7865,3561,488,794,55366,45933,4540,62678,55810,5221,56443,49383,4319,4526,10926,15781,5227,26750,10826,2187,1573
101696,73712,8723,6498,9163,3390,687,100140,70473,10128,7951,9736,2450,1059,92444,68014,7585,5518,7948,2878,523,88705,65628,8055,5708,6872,1429,338,4134,4495,255,338,53734,45740,3353,64017,58220,4018,57116,50988,3450,2531,8376,13279,3747,29384,14606,5059,2838
101776,74712,8594,3931,10863,3008,783,100509,75646,9276,2896,10533,2594,864,84190,63501,6409,2758,8241,2421,583,81637,64440,6879,2014,6576,1191,80,1377,5228,225,80,57126,45761,5732,65833,57090,6809,60664,52249,5690,4114,9954,14690,5115,24964,12303,3450,2134
102046,68235,11313,9002,9769,3752,990,100102,66420,12233,9115,9646,3040,948,83284,58381,7783,6499,7513,2851,636,77623,57799,6290,5637,5993,1129,362,4816,4677,324,362,56509,44488,7091,63869,53839,8445,58449,48870,7163,5197,10441,15207,5493,24674,11254,3006,1743
101281,53177,20340,11496,12466,4427,1878,99158,50470,21465,12007,12417,4750,1468,79459,45460,13466,7700,9610,3305,1249,69426,44144,8642,6427,7933,1750,217,5481,7167,587,217,36842,22283,10489,44263,29443,13471,36640,24312,10877,10642,18612,16834,6494,13340,4386,631,614
100419,52010,17639,9185,17722,4208,1709,96408,52004,16571,9643,15174,3218,1722,77097,43176,11462,5733,13527,3100,1133,66533,43499,6736,5367,9113,975,493,4210,8571,249,493,34544,20018,10575,43294,27388,14390,35977,22335,12104,10986,18627,16238,6539,10812,3819,905,441
97869,66508,16289,4896,6206,4293,1222,97044,65991,15974,4924,6791,4143,1356,75731,54556,10503,3079,4476,3070,849,69001,53379,6895,2212,4036,1730,302,1649,3065,475,302,41476,19087,17445,49243,26239,21303,43750,22711,19412,6303,18255,17760,7365,11311,4527,830,426
100153,59576,8263,3246,26455,2003,874,101475,60954,9164,2554,27663,1677,703,75789,48100,5707,2121,17797,1460,585,66774,47403,4878,1457,11819,690,71,1093,10327,280,71,47230,30506,11490,56461,41227,13481,52517,37929,12425,2065,7137,10840,4250,22892,13446,3062,3768
98747,51650,22918,5130,16102,3566,1526,96152,49630,21184,5808,17846,2805,1141,77248,43627,15233,3362,12350,2637,1083,66715,43028,9379,3063,9528,826,342,2471,7816,168,342,40299,23747,11464,48076,32660,13659,42184,28280,12192,6921,14462,14462,6900,15997,6349,805,1410
100680,53576,24657,4279,15194,3758,1312,100440,53048,25901,5076,14323,3357,1866,77888,44451,16297,2813,11846,2710,877,68959,45370,12900,2100,6137,797,1051,1564,4763,180,1051,39144,21398,12320,47134,30288,14916,44213,28248,13969,6430,13025,15158,6842,16250,8257,1173,3328
100402,64496,16292,4010,12563,3154,1148,101628,62940,17964,4270,14580,3223,1180,79129,53827,10871,2700,9283,2281,760,73572,53173,8359,2494,7803,1179,160,1726,5787,231,160,49068,30563,12800,56837,40458,14502,52532,36867,13496,3811,11186,15020,5591,24311,9271,2046,1558
98340,66885,15099,3260,9332,3063,1725,98409,66777,15390,3539,8977,2457,2152,77790,55654,10108,2125,6856,2321,1146,73176,55960,7880,1825,5337,910,522,1285,4269,207,522,48187,26971,15514,55737,35967,17818,51913,33535,16287,4086,12101,16745,6690,20852,8076,1695,1052
102050,69049,20413,2050,7070,3690,955,105843,69166,22579,2882,9978,3376,835,77120,54925,13280,1243,4914,2627,640,74154,56209,10607,1194,4746,812,138,807,3377,147,138,45592,20209,19714,56081,29340,24697,54589,28154,24221,6453,13762,16043,6056,16313,6945,1032,1280
104453,81507,7880,2049,9761,2342,711,104114,78938,8887,1961,10983,1520,993,80641,65248,5140,1327,6467,1649,451,76798,64303,5239,954,5103,656,275,572,4176,130,275,57577,33029,18375,68231,44887,21299,63710,41893,19413,1543,8033,12367,4287,28030,12158,4214,2821
102619,76498,11177,3420,7165,3943,956,102202,75264,12482,3960,7599,3438,804,83391,64625,7606,2219,5338,2982,686,80181,64715,6924,2052,4469,1462,248,1185,3484,312,248,51158,27913,17325,61055,38010,21005,56715,35465,18901,5344,17626,19592,7468,17289,6714,1189,1086
101130,75301,9435,2478,9924,3448,818,105871,79146,10080,3109,10093,2536,559,77805,60054,6064,1574,7021,2445,506,78220,63749,5330,1455,5823,1430,39,1002,5085,165,39,48085,21141,21519,59263,29811,27610,56791,27904,26771,3845,17853,17969,7916,15810,5167,1260,863
101341,79119,14273,1023,2382,3886,510,101652,79630,14081,822,3062,2752,388,79371,64485,9164,577,1633,2843,333,76913,66757,6281,420,1902,1306,5,249,1129,431,5,49908,17004,27773,61178,23094,36252,60174,21344,36754,6915,19542,19244,7102,12803,3966,841,556
99038,59785,31410,1529,2584,5174,836,98093,58666,32014,1759,2122,4075,643,74167,48547,20072,860,1776,3669,498,64995,48749,12954,395,829,1581,101,285,503,567,101,40818,16174,20126,48754,22331,24889,46465,20321,24486,10792,16866,15824,5954,10346,3935,662,370
97065,46770,38354,2862,3912,4893,2618,99796,47448,41273,3665,4333,6614,2432,73199,40001,24317,1874,2981,3590,1679,62236,40299,15738,1522,2321,1233,804,1117,1617,326,804,29696,14348,11763,35631,19722,14625,33011,17668,14135,12897,16920,16032,6628,7038,2483,463,173
97913,68388,17000,2780,4574,4364,1601,97822,66575,17936,3014,5488,4501,1948,75763,55945,10875,1740,3239,3144,1016,73391,56944,8930,1807,2938,1588,747,1259,2005,362,747,42962,20367,17466,51892,28771,21158,48887,26950,20114,5152,15294,17157,5880,14594,6501,1589,1246
97322,67267,20062,1842,3588,4315,929,99424,70494,19431,1792,3595,3877,766,75111,54957,12963,1110,2602,3088,629,71969,57835,9422,1023,1775,1459,273,478,1292,342,273,42459,19223,17928,51146,26894,22436,48976,25578,21537,6302,13836,17509,5595,11492,5793,1338,991
97833,76804,10461,1600,2718,5687,526,98972,74823,13740,2035,3482,4580,462,76877,62352,6908,1002,1924,4060,353,76453,63727,7194,1032,1704,2492,188,737,981,1125,188,46589,16498,24262,56068,23197,30847,56417,22467,31767,5807,17297,18570,6442,12940,4348,1182,1127
100914,83927,8033,1095,1847,4872,590,103825,86226,9249,1214,2191,4655,528,78332,66872,5035,596,1224,3553,356,79822,70931,4713,473,1034,2351,30,188,575,515,30,46822,12347,29286,59126,18060,39170,58604,17192,39416,6900,21574,21499,7496,9620,3717,815,420
105176,79996,9711,2106,8810,3518,839,107284,81750,10242,2753,8846,3324,1052,87715,68272,6888,1505,7378,2686,631,84288,69991,5901,1582,4692,1485,339,857,3777,421,339,53648,31331,15503,58620,38929,17328,55710,36835,16485,2730,10036,13735,5300,17762,9153,2068,4453
96359,77404,8755,1062,2218,6005,661,97481,78774,9467,1352,2127,4325,471,80998,67534,5664,690,1678,4410,427,79790,70168,4497,821,1116,2890,90,525,730,1065,90,49399,22801,21449,60126,31705,26764,58225,31185,25082,5917,18806,22706,7267,12658,5468,1259,830
105544,81260,12553,2455,4123,4916,742,107413,81999,14956,2676,4585,4198,617,84212,67445,8202,1581,2968,3561,493,81195,67873,7100,1443,2344,1777,84,817,1618,349,84,50989,24224,20347,60888,34275,24405,59368,33141,23980,5751,16018,21335,7925,14876,6607,1533,1364
105809,82063,11227,2746,3994,5432,889,101330,78993,11603,2726,4296,4636,689,84936,68362,7439,1739,2842,4024,573,79099,66559,5814,1239,2537,2367,285,885,1443,565,285,53056,26228,20787,62280,35338,24818,59126,33328,23544,4840,19282,20619,7545,13240,5399,1311,865
101485,75617,10646,3498,7184,4225,841,105199,78746,11230,3442,8189,3344,788,86227,65973,7930,2581,5965,3260,623,87443,70687,7357,1775,4767,1817,120,1126,2884,644,120,50393,35520,8977,54624,42636,10049,50386,38736,9507,3793,9657,14589,5265,15021,9371,2476,2628
102465,82337,9698,1750,2461,5404,700,101594,82552,9546,1777,3344,4674,686,81326,67511,6158,1031,1677,3985,458,79491,69358,5024,804,1698,2099,90,407,810,618,90,49594,20023,23831,59162,27518,29603,56660,25721,28839,6376,20466,21560,8000,11197,3639,822,554
105709,74014,19769,1230,2429,8213,799,104879,71970,20605,1408,2367,7316,761,82201,60789,12936,698,1647,5723,500,76965,61052,9049,619,1367,4286,267,298,652,2532,267,47002,19688,22198,57786,27481,28425,55937,25523,28450,8492,18874,19230,7620,12033,4917,1752,728
96126,59710,27836,1415,1480,6109,449,96149,58828,29185,1357,1503,5715,355,72339,48466,17648,933,989,4359,246,65117,48655,11771,859,633,2931,170,495,325,1322,170,32896,8867,20668,39394,12207,25957,38254,10913,26076,10307,20012,15432,6625,7011,3215,587,251
100654,83086,9021,1356,1460,4315,921,102483,85718,9057,1594,1499,3577,660,80169,67884,5793,961,1078,3201,602,80317,70906,5145,1039,839,2038,161,803,575,646,161,49005,10876,33656,57314,14887,40951,56952,14414,40721,6992,22795,19709,7332,10867,3666,852,527
99662,72648,15850,1579,2071,7544,533,100992,72664,17973,1752,2134,6216,577,77796,59527,10087,931,1428,5361,365,75567,60792,8950,888,1129,3485,166,646,548,1388,166,43284,9595,29716,51094,13619,36086,49115,12687,35013,8534,23008,17576,6547,8668,3554,605,620
99001,82910,8246,947,2062,3550,531,102973,86818,9385,1300,1986,2702,430,79710,68745,5253,565,1382,2650,352,80914,73778,4136,602,711,1343,117,324,353,474,117,49636,16784,28045,63609,26514,35372,65486,27668,35637,5422,17386,19230,7924,16443,6722,1619,656
99252,81685,8991,1212,3388,2857,602,103361,85457,9650,1147,3477,2232,857,78457,66407,5997,733,2315,2094,395,81008,71336,5469,479,1716,1432,62,181,786,213,62,48921,25660,17647,61625,39448,20274,61889,40440,19213,3011,10868,16015,7255,20545,9494,2896,1577
100864,84726,6085,973,2132,5775,552,101812,85581,6877,1356,2400,4923,382,81417,69874,3999,589,1518,4266,351,81193,71928,4175,703,1270,2691,68,227,681,722,68,48494,12608,31490,58299,17095,39482,56061,16426,37967,6451,24029,22065,7664,9514,3490,783,572
98712,81765,6535,1007,2016,6440,569,98468,81221,7096,1057,2306,5901,535,82046,69728,4436,660,1466,4817,365,80337,70724,4091,470,918,3726,146,242,392,1153,146,48951,16236,28169,58050,22366,34129,55681,21428,32443,7329,22926,22745,7050,9570,4714,896,623
102379,84911,7885,1318,2237,5218,610,101890,85000,8745,1213,2072,4154,508,83848,71227,5445,839,1555,3975,391,80922,71435,5272,555,1028,2262,77,294,570,375,77,52022,15504,31698,60451,21267,37494,58228,19569,36866,6612,23123,23925,7660,9152,3878,804,574
103766,77449,15603,1695,2828,5193,904,104536,76489,18707,1835,3206,3636,1087,80363,62730,9893,994,1912,3782,575,78311,63208,9712,1082,1690,1922,33,621,768,302,33,46132,13397,28357,56137,19676,34776,53572,18163,33882,8294,22112,20122,6964,10619,3855,1150,432
105204,80602,13948,2088,3226,4472,796,104398,82641,12895,1908,2888,3359,584,85570,68299,9249,1340,2392,3305,556,82328,71018,6534,921,1474,1863,87,327,766,348,87,55631,28976,20664,62085,36948,23258,57355,33252,22088,5385,16432,18824,6035,17390,8340,2868,1161
98803,68526,7171,7915,14416,911,128,94201,63809,7272,8135,13979,1114,47,78866,56702,5020,5729,10622,686,97,64673,47845,4199,4614,7462,401,27,4384,7260,25,27,41424,19720,20656,46434,21404,24696,43564,18629,24449,6694,24606,11163,5613,14457,5619,955,822
103706,53531,17253,21327,10858,1250,210,98362,45846,17703,21740,12773,1969,174,80650,45176,11388,15349,7907,905,147,67180,38943,9413,11974,5819,396,5,11481,5635,35,5,38972,21879,16078,40488,23088,17076,36527,19425,16704,8723,25597,11611,5644,10776,4955,1479,413
100145,46470,15052,17293,18759,1079,135,99646,43003,16436,20635,17731,1980,65,77594,38772,10428,12294,14049,827,102,62173,34178,7436,11447,8600,362,52,10927,8397,94,52,36772,22585,13269,38673,23368,15017,35690,19479,15575,9964,24659,11104,5245,11787,6062,926,645
101306,30699,31955,36236,4670,2114,305,97008,29675,32992,32981,4468,2306,60,73982,25691,21196,24561,3511,1511,223,65505,24106,18048,20619,2413,423,0,19944,2366,49,0,36628,27416,8408,37689,26888,10478,34403,22711,11334,11506,27778,11856,3828,5779,3554,439,87
99424,9784,26313,52605,12822,1449,213,100801,9905,28788,51505,12773,1535,24,73171,8410,17974,37605,10139,1080,164,62084,8215,13130,33328,6968,513,5,32358,6846,122,5,36519,32706,3226,37976,32828,4920,34348,28015,5971,13690,23851,12839,4076,7506,2816,582,290
100503,5722,69156,27587,4285,2234,393,99550,6665,69171,25361,4033,3973,548,72324,4783,49131,18848,3263,1670,277,61858,4869,41531,13276,1946,162,0,13079,1840,48,0,37966,35426,2173,33830,28580,5070,31123,24086,6802,22322,22988,8431,3225,3928,914,424,136
102675,67846,15440,11413,7994,1481,193,100092,62737,15036,12316,8900,1710,302,86572,60248,11094,8309,6485,1110,147,81390,57071,9564,8095,5719,361,21,7231,4731,87,21,46930,36799,8551,55924,44515,10875,58511,46183,11485,6358,13636,7713,3234,26271,12343,5275,3031
98392,13302,7503,73982,4549,1430,310,95377,11285,7604,73378,5255,1573,89,78154,12711,5506,56085,4150,1032,276,72321,10707,4659,53794,2742,711,3,52672,2112,101,3,45441,43468,1332,39871,38248,1446,39445,36827,2298,10519,24075,10704,3351,4347,1810,416,365
98403,8536,5525,82878,2390,1651,182,103441,11944,5842,84972,2328,1450,215,76716,7617,3877,63665,1957,1248,129,76948,10038,3543,61260,1133,655,14,60049,866,231,14,48488,46670,1104,48111,46199,1642,45420,42447,2467,8679,24130,14677,5493,8862,6101,904,598
99803,27011,3828,66329,2880,1438,146,105575,29299,5229,68682,2969,1229,121,81940,23208,2675,53698,2236,1173,100,82059,25005,3254,51573,1646,657,7,49955,1403,58,7,57625,51944,4641,61627,55994,5306,59069,52655,5816,5307,19490,14570,5868,14865,10871,3002,1931
101261,36831,4719,54889,5052,1448,193,100531,34874,4931,55438,4608,1657,456,84654,33418,3609,43189,4357,1128,158,81196,31119,3855,42545,2552,880,55,41169,2156,202,55,48779,42336,5158,52774,46587,5732,52187,45071,6431,6082,18436,13687,3738,17742,9837,2708,1663
100847,8511,3508,87038,2570,1660,147,104799,9310,3189,91283,3349,665,95,78186,7607,2467,66461,2007,1293,112,75247,7610,1728,63716,1122,321,18,62871,1044,83,18,52104,50259,1142,52926,50933,1740,50066,46778,2664,6754,21013,19074,4096,9848,4945,816,1341
102025,24729,5787,56209,15657,1294,164,96519,24359,5810,54717,12432,1667,120,84395,23204,4715,42341,14162,968,122,70758,21905,3258,38001,6498,488,4,36492,5761,152,4,42354,39463,2019,40846,38255,2395,43275,38898,3710,5776,16667,9470,3218,8884,5970,847,1675
97204,43965,9566,26197,17506,1213,181,93526,40266,10517,27342,15775,1648,14,77522,38194,6337,19692,13055,905,146,65772,34478,4034,18774,7888,511,5,17768,7523,100,5,41516,28819,11818,45887,30768,14844,44661,28567,15591,9739,22825,11025,4814,13912,4584,1181,625
99535,55145,8872,22596,12265,1409,124,94245,53255,8245,20488,11752,853,354,85161,49758,6596,17933,10153,1150,98,75149,47004,4331,15813,7423,377,52,14540,6741,93,52,52352,45710,5304,57924,51074,6489,57893,50293,6910,5601,10327,7607,2982,22696,12697,6192,4052
99765,50220,6629,29292,13314,1219,153,96033,48153,7117,29406,11055,1053,103,88475,47418,5525,22988,11973,954,123,78305,43741,5090,21617,7246,464,13,20086,6562,102,13,43761,38825,3869,50919,45446,5144,52790,46330,5837,5043,10475,8111,2325,23307,14233,6893,3319
103231,74099,5143,8418,14270,904,126,105198,75999,4699,9393,13765,696,91,81136,59886,3556,6355,10352,651,99,76928,60117,2803,6499,7119,210,44,5785,6550,27,44,54537,39334,13691,64631,48297,15811,65910,47798,17419,1580,8394,6577,2933,24359,15043,8300,4961
98502,55445,16748,20392,5580,1931,154,99196,54363,17057,22631,5728,1201,162,78513,48190,10765,14604,4451,1390,123,73753,48716,6822,14772,2966,359,41,13349,2547,29,41,43666,27840,14330,49417,33122,15827,49574,32001,17034,5650,20485,10616,5329,17902,8547,1636,938
98306,64736,4651,20151,8121,988,81,99791,64190,4519,21522,8436,604,142,77694,52563,3179,15303,6024,711,40,75082,52108,2954,15349,4387,293,0,14659,3887,23,0,56002,39844,14467,63851,47131,16197,64069,46423,17016,2170,10794,8572,3887,21533,14506,4263,2956
99331,73282,4946,13160,6920,1043,85,99994,72492,6330,12433,7625,1461,49,77392,58896,3172,9488,5002,709,58,74461,59179,3107,7848,3801,508,4,7142,3293,29,4,55905,36860,17141,63758,43919,19225,64478,43368,20482,2938,14028,9867,4719,21244,11568,3895,1845
101969,77588,4856,6311,11895,1030,101,102673,76326,6283,5780,12939,550,146,80921,63266,3156,4555,8891,716,67,76055,61309,3032,3979,7317,237,13,3459,6910,9,13,53255,28539,22648,62642,36038,25974,63880,35566,27697,3866,15974,10221,5862,20577,10443,1924,1548
101809,72430,5320,7390,15506,1063,128,103139,73691,4730,7392,16638,609,49,81682,60357,3607,5106,11570,774,90,76581,60123,2235,4749,9072,247,53,4304,8506,0,53,52103,28544,21503,61133,36302,24177,62287,35996,25467,4647,15613,10412,5208,22020,11482,2206,1819
102473,79830,4196,7090,9909,1054,87,104034,79376,4458,8064,11068,551,110,80454,63893,2867,5696,6931,721,67,78824,65121,2644,5792,4792,261,0,5455,4467,43,0,49884,24859,22985,60475,33659,26140,62630,33934,28010,3710,17338,8985,5494,23337,11051,1668,1843
102807,80328,5773,11975,3362,1600,125,104672,82229,6131,11298,4713,959,91,78883,64366,3556,7555,2207,1133,88,78514,66741,3253,6348,1808,235,9,5707,1373,9,9,46468,21377,23047,56504,28828,26936,59581,29853,29110,4896,22497,10908,6446,16833,7223,1070,487
101201,86505,5571,3536,3784,1477,125,101758,86293,7013,4300,3515,621,170,79507,69857,3547,2149,2585,1028,78,78239,70169,3807,2108,1854,269,9,1372,1523,25,9,48762,19109,27439,57795,25402,31609,60687,25975,34124,4622,24733,11004,6984,15445,7736,828,629
98478,85363,3760,2336,5454,788,78,99553,84989,5005,3104,5345,465,143,78282,69257,2466,1699,3674,575,51,77194,68663,3273,2190,2726,198,10,1545,2326,44,10,56472,26975,27282,65900,34903,30347,66780,34597,31551,2107,13505,9349,5241,23254,11714,2572,2035
96877,84232,3881,1692,5314,998,76,96838,82853,4124,2346,5632,438,89,77420,68767,2519,1087,3627,701,59,75730,68153,2484,1352,3425,207,15,936,2566,57,15,57298,27100,27916,66613,34626,31282,67680,34205,32843,2279,14531,9652,4754,22184,11737,3099,2379
100112,83516,5876,2724,6596,955,96,100276,83527,4821,3118,5894,598,21,79631,68279,3783,1797,4671,691,74,77577,69503,2737,2011,3116,247,0,1496,2870,20,0,55460,25239,28388,64376,31404,32371,64633,30108,33974,2667,18641,10627,6315,20622,10278,2249,1277
103275,81334,5747,7590,7105,1205,101,104006,80626,6968,7046,7319,976,22,82320,66859,3779,5301,5174,856,63,79736,66524,3923,4850,3888,384,8,4537,2843,93,8,57374,30892,24381,64714,37025,27027,65276,35989,28614,2648,18665,10972,5898,19193,11871,2647,1855
96145,70302,9766,10529,4088,1807,104,95324,70179,9447,9996,4097,1522,119,75848,58051,6313,7028,3090,1338,70,73414,58159,5830,6055,2479,445,34,5427,1892,9,34,44296,23648,18875,49812,27015,22206,50287,25342,24455,5870,27413,12933,5601,11108,3559,486,609
98575,70829,8048,7192,11307,1297,117,98582,70437,9261,6700,11557,836,105,79681,59446,5415,5145,8672,964,86,74176,59411,3796,3674,6770,256,0,3390,6330,37,0,47502,22982,22999,54770,26552,27698,54621,24623,29431,6506,22660,12396,6868,14546,6350,1049,883
100714,38086,7572,41636,13171,1509,151,100782,38488,9010,40602,12740,1434,286,77291,32624,5048,29428,9849,1064,118,69455,33584,3364,24629,7353,421,12,23515,6981,105,12,46341,31700,13214,49898,36314,13178,47956,33799,13323,6835,20176,13435,6523,15311,6119,903,537
98045,43715,3868,47080,2907,1465,115,97963,42095,3950,49298,2521,813,87,75167,36789,2477,33169,2090,1040,76,72642,36649,2202,32021,1327,472,0,30865,992,7,0,46178,30165,14722,49808,33870,15497,48832,32763,15591,6007,24911,15276,6438,9164,3734,468,382
98800,51158,6913,37722,2874,1610,107,99278,52011,6553,37152,2945,1166,73,76433,42641,4410,26785,2103,1119,81,74663,43318,3624,25708,1526,551,0,24794,1266,30,0,46560,29014,16272,49327,30925,17922,48845,29649,18771,6249,27055,11954,5844,10755,3873,332,434
101521,83017,3010,6023,8053,851,108,101603,81125,3481,5473,10353,376,301,79861,66705,2040,4194,5810,593,64,77008,65125,1962,3625,5889,138,136,3243,5441,35,136,59533,32931,24521,66517,39081,26816,66845,38393,27827,2523,14543,10232,4883,20721,11839,2962,2947
98661,81683,3096,4221,8390,616,96,99852,82666,4049,5010,7259,527,174,77465,65386,2052,3018,6036,427,65,74937,64889,2531,3363,3662,195,5,2858,3018,14,5,54799,33222,19570,62261,40628,21067,63757,40437,22732,1629,8924,7324,3349,21319,12351,4877,2779
97502,81272,2882,4071,7713,973,75,98275,80852,2668,4803,8791,575,157,77758,66276,2025,3192,5182,695,50,76344,66552,1774,3179,4256,311,7,3005,3962,47,7,55087,25745,27414,63163,32777,29797,64617,33029,31001,2414,14069,9473,5107,19818,12676,3062,2358
103587,75619,17708,5089,3507,1759,101,105896,77508,17954,5703,4154,1145,189,78889,59763,11614,3921,2299,1202,76,75647,62169,7449,3575,1888,340,69,2746,1651,6,69,49959,24536,23345,57764,31351,25787,60073,31923,27550,6798,14776,9095,4211,18833,10743,2412,2337
100278,68290,9530,17080,4444,1591,118,102982,69576,10341,18423,4735,1587,21,76236,54307,5931,11982,3079,1150,78,76378,56694,5242,12272,1532,359,7,10500,1257,8,7,46140,25891,18383,54417,32850,20918,56111,32872,22682,4854,18158,10720,5531,19290,8127,1373,943
104294,86942,4039,3729,7500,1286,138,106890,88531,4994,4072,8049,719,76,79835,68517,2639,2430,4709,877,85,79107,70198,3032,2096,3247,305,52,1523,3042,16,52,51476,22892,26490,62075,31191,30139,65180,32336,32211,3717,17046,10196,5301,22401,10588,1874,1431
102938,80891,6021,6077,8569,1037,97,106341,83777,6012,6781,8683,758,205,82713,66805,4154,4643,6105,744,68,82786,70147,3838,4667,3669,297,0,4102,2959,34,0,55593,31160,22174,62510,38456,23352,64341,38587,25110,1332,10914,9167,4035,27534,12341,2165,2064
104903,78052,5675,4357,14952,1042,97,107200,77911,6168,5060,16882,529,34,81028,62822,3739,3133,10003,721,51,74854,62110,3375,2809,6267,193,21,2158,5796,8,21,54768,31828,20676,65091,41638,22731,66579,41817,23922,2397,8779,7479,3148,26973,17401,3892,3853
101397,69342,14740,12335,4793,1603,122,103607,67811,17137,13118,5658,953,51,80884,58592,9871,8343,3447,1137,78,79224,57656,10149,7557,3368,304,25,6817,2874,8,25,45384,22698,20966,54071,28931,24498,56429,29559,26295,5892,23027,10535,7025,14765,7620,1394,1052
96535,58725,22751,10233,5262,1426,185,98802,59843,24312,11179,4556,1756,264,78310,51337,15547,6935,4252,1065,143,76554,52421,15297,5831,2540,182,41,5201,2334,8,41,43606,24779,17202,50810,30596,19645,52479,30817,21116,5498,18396,11283,5730,14270,6734,1380,1662
101653,89104,5829,2783,2181,1412,91,102757,90905,6049,2755,1858,715,41,81952,73678,3664,1786,1447,1014,54,81383,75763,3172,1002,1007,290,8,746,661,9,8,48635,16460,30280,59056,22430,35926,61774,22918,38302,5669,27287,12126,7509,13888,5892,899,652
102914,70445,19148,9439,4382,1471,120,104580,71939,20280,8511,5414,1348,39,83619,60812,12944,6550,3187,1053,83,81451,62161,11981,4064,2875,348,6,3568,2346,50,6,49221,25916,21339,55811,31631,23433,57198,31614,24898,5867,22624,11507,7235,16399,6866,1512,1494
102095,24730,61951,19035,2099,2379,251,101545,21780,64245,18205,1895,2647,462,75077,21989,42001,12743,1645,1699,182,61833,19566,33279,7793,926,249,4,6753,810,35,4,28726,21043,6856,30413,20907,9195,30100,18276,11549,12803,24357,12275,4561,5988,1578,530,374
104250,84367,10712,5962,2632,1399,130,105594,82620,14374,7853,1871,1175,123,84029,70444,7053,3915,1948,1015,96,82271,68749,8398,3471,1106,314,4,2989,893,61,4,48384,18715,27659,56063,23929,31454,57800,23737,33451,5061,26247,11472,8371,13039,6001,957,744
95714,74534,7431,4885,7907,1048,88,98391,73103,10190,5440,8312,772,89,74317,59991,4754,3234,5493,719,58,72282,59540,5179,2730,4485,266,36,2488,3908,0,36,47834,20879,25062,57647,28502,28501,60276,29392,30016,2458,16368,9768,5729,18874,9489,2299,1901
103068,23395,67428,16751,1300,3735,427,103329,22787,69569,30126,1061,3616,110,74179,20409,44668,11439,952,2465,327,61384,20903,33192,6695,434,165,0,5684,338,38,0,28006,20861,6268,27650,19113,8142,27115,16957,9899,16239,22919,9515,4702,5021,1956,443,236
104261,84647,10141,5644,2981,1519,128,104881,83729,11934,6315,2797,815,81,82399,69112,6531,3848,2111,1059,73,80882,68934,6793,3043,1755,288,62,2301,1388,35,62,51194,20795,28028,59399,27242,31296,59988,26953,32438,4591,24075,11321,7030,16475,7472,1833,1338
100605,74103,16167,6948,3195,1540,159,101930,73139,18516,7467,3186,1295,28,79163,61380,10304,4660,2308,1143,113,78769,62194,10849,3650,1631,353,9,3180,1293,101,9,47587,19396,26093,54053,24917,28406,55360,24882,29959,5468,23995,11628,6717,15348,6132,1143,742
103865,94233,4830,2148,996,1347,102,104971,93998,6154,2364,1013,954,80,83340,77039,3008,1229,683,1016,80,83883,77978,3536,1263,592,415,39,733,501,58,39,49003,14494,32299,57027,18503,37702,59344,18992,39778,7909,32561,11349,7568,11267,4280,559,694
104256,93922,4918,3102,920,1304,105,104141,91967,6922,3577,826,740,71,84276,77338,3050,2157,686,926,66,83014,76687,3538,1999,490,255,17,1444,251,6,17,46540,12728,32226,52561,15705,36082,54477,15803,38182,7546,34380,11119,8070,9843,4116,721,360
103542,89709,6788,4378,873,1497,86,104799,89324,8784,5744,1095,1404,102,83946,74265,4316,3384,625,1059,58,82781,73608,4858,3185,588,424,5,2780,418,29,5,45105,12978,30518,51671,16234,34773,54102,16473,37191,8214,33713,12704,8685,9109,2953,411,591
95109,58377,16731,16865,3463,1890,182,94790,55893,18823,17924,2976,1103,154,76187,49433,11675,12228,2614,1382,119,73753,48080,12577,10899,1676,430,44,10023,1386,76,44,39391,19771,18294,46167,24903,20672,48367,24233,23575,6843,22675,12922,6774,11151,5833,628,679
99131,65397,14923,16051,2509,1829,157,98391,64131,14563,14439,3259,1618,211,78659,54486,10237,11433,1863,1403,105,77465,55424,9290,9948,1914,785,94,9271,1625,117,94,42285,19281,21542,50605,25229,24804,52046,24563,27088,6750,25510,13506,5916,10993,6331,653,671
99535,88816,3868,2631,2592,1115,86,100547,89641,4594,2646,2608,847,186,80308,73340,2359,1559,1815,782,47,78867,73921,2546,1045,1064,224,0,593,686,50,0,53056,25527,25837,59652,31096,27985,60527,30202,29869,4540,23311,11111,8013,14915,7671,1570,934
101291,72618,13918,9099,5197,1666,158,101038,69593,16021,9271,5436,877,94,81274,62052,8885,5596,4083,1141,116,75605,59968,7519,4861,2869,299,58,3991,2523,51,58,42430,23503,17780,46475,27007,19045,46409,25386,20716,7592,26827,11277,6380,10682,4294,1156,746
98847,84950,6451,3626,1578,1910,79,100778,85509,7772,3809,1797,1232,58,81474,71242,4478,2833,1134,1394,50,82610,72994,5400,2587,897,561,28,2392,696,68,28,46184,14095,30622,55700,19328,35831,59160,19415,39297,5490,30108,14708,6914,10736,6086,978,650
100332,88425,6146,2358,2116,1105,125,100840,87331,7624,2980,2698,799,76,78347,70487,3909,1406,1466,806,88,77319,69727,4354,1408,1448,290,16,880,1220,15,16,45588,11924,31897,53463,16172,36583,55191,16958,37725,8003,28369,10171,5600,10585,4523,602,621
99836,77052,16607,4194,1948,1084,157,101107,78076,16845,5325,1943,644,228,76977,62171,10651,2619,1303,780,103,76386,63128,10180,1771,1047,239,8,1358,848,8,8,43014,15057,26074,50194,19024,30448,51813,20100,31249,8533,26570,10401,5145,11784,4969,951,913
101049,89531,5626,2612,2360,1022,125,101298,89355,5556,3273,2612,578,139,75451,68005,3505,1490,1642,745,80,74087,67888,3142,1415,1393,194,10,996,1176,45,10,38838,10173,26603,46592,13764,32065,48134,14459,33204,13276,24900,9286,4813,9446,3535,586,340
98816,87912,5500,2681,1515,1252,86,100130,88064,5603,2387,1934,671,243,72360,65314,3440,1619,1013,892,54,71927,65925,3169,1382,1125,208,17,1047,974,5,17,38497,10653,26140,45729,13777,31343,47316,14060,32839,11576,24660,8265,3713,10049,3630,447,543
101611,86521,7751,4389,2034,1337,109,102628,86275,8466,5393,2336,1229,141,80053,70157,4884,2676,1413,962,61,80947,71321,5223,2486,1458,449,4,1937,975,74,4,47520,15282,29609,55250,20513,33841,57566,21790,35177,6418,27842,10619,6640,13958,5862,697,892
96798,70729,12284,7228,6580,1118,90,98526,72705,13683,6577,6493,824,48,77233,59018,8387,4884,4688,800,65,75985,60901,7685,3360,3820,193,15,2393,3523,21,15,49402,25264,21682,56427,31819,23817,58024,32710,24687,4964,17134,9909,5611,20031,9010,2402,1197
97799,54447,27605,14096,3817,1702,212,97588,52660,28467,17575,3325,1534,955,76127,46087,18712,9462,2774,1211,138,71715,44459,17415,7576,1715,260,17,6657,1532,26,17,40098,21693,16434,44236,24710,18843,44905,24776,19662,8418,21207,9073,5332,11807,5589,1031,908
104784,88126,5606,4889,4647,1448,151,105699,86990,7051,4685,5408,769,41,83146,71544,3848,3197,3313,1046,104,80427,70795,3820,2865,2399,395,0,2025,2104,18,0,51004,17208,31575,58748,22845,35076,60301,23505,36083,5618,24325,10911,6678,16588,6494,2391,1322
101508,60229,10182,21150,9833,1686,141,103096,61372,10597,21394,10950,1252,106,80015,51100,6756,14476,7179,1239,101,75646,52378,5051,12712,4993,477,0,11783,4575,56,0,46584,22657,21967,53096,28999,23375,54155,28995,24548,5446,23330,12146,7542,15275,5998,1312,498
95318,38985,16517,35501,5719,1789,177,96181,39201,17188,37578,5556,1372,263,73477,34025,10548,24887,4279,1279,127,68925,34863,9021,21364,3093,447,63,19683,2877,81,63,40894,28254,11088,44037,31486,11944,43709,30378,12819,6970,20180,11084,5761,13058,5117,1547,547
96899,75991,4397,4375,10673,1250,167,100474,77845,4715,4716,12722,670,18,75971,61846,2882,2699,7361,908,106,74216,63504,2643,2132,5580,180,0,1541,4819,6,0,48493,19555,26836,57050,26575,29619,58998,27634,30494,3106,18353,10107,5547,19457,9569,2183,1268
102445,88282,3988,5650,2759,1531,141,106311,91090,4646,6637,3107,985,154,81250,71520,2608,3583,2091,1164,87,82922,74157,2949,3743,1432,461,22,3076,1226,46,22,45814,16176,27659,52618,20140,31725,55875,21998,33290,6581,26138,10517,5067,12323,5756,1304,1115
101072,83855,5495,6740,3280,1597,158,103168,84809,7070,7684,3571,609,44,80661,68458,3698,4644,2469,1165,98,80874,70268,4047,4643,1519,272,0,3797,1200,30,0,44972,15662,27230,53976,22110,31042,57653,23687,33335,4124,24526,11619,7775,15843,6588,1114,779
104498,61043,22030,19836,2687,1917,153,105417,58142,24833,21409,3207,1397,99,79830,50897,14186,13028,1828,1338,93,78174,49489,14732,11817,1666,313,15,10458,1387,18,15,41737,20778,19142,45784,23804,21336,45341,23219,21662,8660,25591,10559,7012,10669,4663,1140,677
97032,78807,6346,7654,3050,1487,106,98675,78388,5947,9476,3145,1016,230,76392,63918,4171,5051,2168,1060,66,75392,64518,3312,5376,1549,430,6,4516,1197,19,6,45923,16277,27526,52646,21269,30504,54782,22381,31819,5338,24794,11711,5870,11956,6332,1426,626
97257,88081,2657,2921,1285,1887,79,98147,89598,3054,3017,1236,622,36,76584,70481,1602,1925,850,1347,47,76314,72253,1623,1450,629,309,18,1041,393,21,18,48029,11667,34443,55686,15472,39387,59146,16665,41972,5666,26130,12548,6337,12000,5805,684,617
101495,89119,5368,3652,1497,1764,148,103672,89838,7152,4008,1720,1506,195,80068,72067,3222,2247,975,1250,105,80285,72842,3804,2001,999,471,81,1385,669,44,81,45025,12081,31001,53793,16642,36345,57172,18046,38603,6292,30607,11950,7021,11051,4301,676,551
103852,89945,7790,2626,1499,1824,129,106115,92120,8213,3272,1462,1016,23,83005,73832,4865,1650,1063,1328,83,83390,76565,4193,1714,523,376,12,1255,367,23,12,47489,14219,31423,56635,18254,37567,60650,19842,40248,7121,29577,12522,6378,10195,5984,904,845
97655,79837,8730,6181,1516,1806,115,98934,79796,10216,6355,1823,1409,82,76440,64939,5381,3924,1063,1278,79,75787,66121,4668,3500,890,447,4,2574,621,24,4,42947,12453,28852,49780,15977,33061,51753,16857,34412,6762,29571,10555,5921,10310,4680,814,949
102369,92149,2886,4314,921,1575,81,102098,91898,2525,4727,1231,761,147,80599,73200,1862,3320,656,1136,46,79878,74096,1385,3259,660,422,4,2688,408,30,4,46490,9551,35410,53795,11890,41245,55287,12054,42819,7204,34494,10652,5895,8935,4075,694,616
99305,92654,2535,1487,657,1547,94,99707,92703,2932,1597,657,677,85,77349,73020,1538,878,447,1137,54,76478,73605,1278,807,344,293,39,608,247,32,39,42781,8668,32451,49841,11049,38110,51249,11583,39201,9734,32862,9737,6186,7554,2929,416,386
98606,88399,3241,3922,1667,1196,94,98076,88677,3433,3689,1534,639,197,78792,70965,2358,3157,1264,868,57,77951,72107,2064,2608,676,378,45,2506,494,103,45,40963,11544,27879,47611,14142,32841,49877,15081,34410,9581,30301,7785,5837,8131,4101,867,1141
100284,73060,13715,11362,2162,1472,171,101156,68891,19958,12528,2187,1089,421,81413,63127,8969,7469,1622,1049,112,74803,60072,7779,5459,1076,479,24,4400,811,17,24,39900,19151,19473,44705,23299,20939,44770,21904,22354,6709,25879,13053,8042,10203,4550,865,809
103477,89905,4960,5982,1188,1387,107,104033,87274,8205,7866,1268,1061,39,84261,75338,3098,3804,836,935,69,81949,73346,3917,3637,570,346,22,3260,399,19,22,46152,17864,27027,52971,22511,29922,54223,22208,31397,5239,28318,13197,7699,13118,5525,1229,1014
98399,65773,27574,4311,1904,1210,232,99014,65572,27767,6827,1830,497,224,77557,55687,18420,2773,1386,880,143,69849,55626,11413,1622,1000,99,27,1081,930,0,27,38369,12652,24765,43452,15543,27524,45033,14933,29638,8486,25215,11012,7201,9733,4766,931,715
98135,88739,3178,2370,1913,1556,105,98871,88926,3975,2461,1974,746,144,80437,73802,2170,1561,1422,1169,81,80793,75080,2500,1576,1073,375,168,1252,765,12,168,43488,13672,27930,48604,16600,31240,50607,17122,32951,5735,29695,9843,6100,10179,5174,1253,1016
99809,89452,4249,3578,869,1467,123,98626,87982,4860,3508,806,674,6,79553,72589,2634,2429,598,1055,83,78304,72640,2698,2263,352,334,12,2076,167,0,12,40480,10691,28212,46866,13926,32221,48087,14145,33478,7213,34400,10485,6479,9500,3268,756,433
98401,91516,1720,1120,917,2057,104,98077,92174,1935,1226,904,1030,32,77864,73216,1074,577,638,1530,57,76964,74231,1137,475,400,654,8,275,247,27,8,45038,11492,31497,51911,14282,36807,53596,14083,39051,6405,33293,10737,6547,8829,4033,825,530
101503,94881,1674,1324,794,1981,109,100876,95231,1835,1445,665,1035,64,81631,77021,1066,863,520,1450,72,80959,78310,1035,739,264,532,17,528,162,18,17,48575,10709,36029,56006,13561,41617,56884,13710,42673,6235,33808,12116,7249,9605,4327,585,473
102035,88105,2273,7890,1372,1922,124,101601,88568,2625,7727,1381,969,67,80959,71586,1504,5060,982,1381,84,79784,72723,1572,4459,637,472,25,3454,507,55,25,44379,12075,30591,51840,15716,35381,52246,15937,35837,6610,26610,11291,8639,11487,4489,916,904
96148,88158,1872,3458,849,1385,78,96016,87477,2147,3538,1209,1211,98,77472,71124,1369,2946,601,1049,57,77119,71537,1449,2763,579,732,13,2302,423,217,13,41676,12723,27184,48610,15906,32112,50329,15934,33951,6528,30170,9871,6628,10761,4029,448,1062
99474,76443,4441,4094,12857,1079,305,100358,79114,4396,4774,10059,1474,73,86565,66955,3741,3242,11290,860,289,80245,69062,3250,3029,4001,754,19,2086,3374,72,19,49866,29109,18112,46508,29651,16162,48985,30580,17843,1135,9267,5527,3081,14359,11331,1847,6141
97755,93165,969,1052,555,1530,81,97665,92673,1278,1305,546,517,19,78181,75053,614,572,364,1156,52,77970,76019,568,802,240,293,4,500,158,21,4,46675,7374,38261,54532,8958,45167,55840,9090,46435,7026,35019,10926,6563,7220,3673,626,291
97012,89976,1490,2966,543,1270,64,95472,88907,1488,3088,702,531,89,79783,74184,1085,2596,399,906,44,78096,73984,1038,2400,253,323,6,2223,153,0,6,46273,10272,34642,52467,12068,39874,53371,12054,40876,6126,34803,10482,7224,8918,3075,614,527
98130,89545,1451,3585,1157,1536,107,96571,87667,1624,3863,1308,556,13,78654,72817,966,2209,836,1112,75,75916,71868,1023,2043,559,256,4,1590,390,38,4,43592,12005,30073,50243,15121,34567,51199,15419,35382,4782,29984,10657,6459,11508,4138,1160,419
99659,87861,1965,7116,931,1404,97,97950,87274,2290,5616,948,1263,66,80738,73325,1225,4049,677,994,55,78222,72665,1407,2858,431,730,4,2109,348,66,4,47622,15107,31042,53021,17325,35098,53102,16775,35757,5144,31277,10792,7618,11444,3939,1009,509
98261,93745,717,1129,400,1339,61,97166,92905,853,1332,422,398,17,78366,75256,433,689,255,1024,40,77265,75620,439,777,191,239,0,486,169,14,0,46367,10104,34903,53294,11877,40849,54269,11893,41989,6311,34278,10203,7414,8361,3347,545,373
97336,89976,1298,2921,705,1633,81,96535,89439,1428,2979,797,690,34,78776,73223,913,2280,464,1213,57,78725,75024,906,1966,429,441,4,1641,213,43,4,44733,11437,31458,50349,13286,36391,50851,13229,37221,6754,33348,10063,6634,9168,3870,585,464
100822,93250,2401,2272,552,1480,49,98200,91492,1811,2361,730,722,99,81524,75295,2090,1998,399,1128,30,77873,74415,959,1676,329,363,27,1432,197,36,27,42668,9210,32063,49457,10939,37839,50625,11025,39210,7632,36949,9613,7518,7885,2636,528,330
97533,90575,1644,1715,889,1725,113,96296,89477,2132,1862,848,546,22,78804,73756,1184,1218,636,1175,64,77609,73906,1519,1201,478,354,45,932,347,20,45,42540,10820,30132,49913,13220,35956,50252,13146,36704,4905,32896,9976,7792,9591,4366,708,528
99328,90263,1887,3605,1389,1378,64,98948,90489,1869,3620,1386,646,40,83044,76054,1425,2823,1055,1011,44,81938,77143,1325,2412,647,309,0,1966,499,7,0,49184,15687,31736,53564,17964,34950,55298,18384,36391,3389,25282,11364,6924,12894,6217,1338,1284
97864,90221,1272,2292,1886,1285,76,96485,89079,1274,2459,2078,625,124,79927,74756,766,1413,1338,912,45,78188,74670,767,1287,1186,181,14,970,1029,6,14,50073,16485,32013,57040,19892,36456,59034,20685,37703,3630,25886,11663,8711,13414,6613,1364,848
100060,90981,1584,4076,1326,1316,83,100570,91897,2367,3684,1264,435,61,82176,75968,1118,2579,947,968,55,81910,77299,1285,2201,819,213,5,1693,461,35,5,52060,17073,33179,58108,21200,36196,60018,22307,37070,2749,24372,12456,9039,16518,7378,1170,770
98474,92093,1132,1984,884,1350,54,97271,89890,763,3352,1330,573,76,79389,75174,713,1178,578,947,27,78269,75345,497,1684,552,227,0,863,374,22,0,48015,14333,32209,55103,17271,37282,57443,17816,39143,4570,28431,11922,8807,12643,5425,906,435
101290,89590,1330,6866,582,1746,219,99136,87857,1702,6333,1108,942,283,82495,74117,920,4852,409,1299,132,79042,72906,987,4237,370,380,63,3589,304,12,63,42183,14946,26298,48452,16927,31163,49488,16147,33001,7408,35973,10277,6777,9453,3896,514,437
100518,92072,1433,3592,739,1704,104,97933,89456,1376,4140,757,736,77,82212,75897,1014,2660,534,1321,63,79428,74954,839,2695,414,403,4,2165,200,20,4,47165,14704,30840,53058,16475,35989,52806,15584,36670,5683,31131,11282,7466,10450,4448,514,515
95870,83630,2194,5951,1881,1319,119,97374,85576,2563,5597,2331,610,66,76416,68040,1481,4013,1310,926,82,75662,69193,1257,3437,1354,270,9,2956,1132,9,9,46452,17679,27054,55004,22844,31563,56800,23319,33124,3541,20525,9984,6853,17399,7309,2125,1081
100531,92306,1746,2701,1150,1540,109,100501,93197,1181,2614,1492,446,90,81321,75625,1141,1805,812,1123,72,79205,75837,805,1531,637,273,15,1188,385,17,15,51214,16843,32558,59203,20685,37834,61404,20822,40124,3837,26375,12527,8977,14442,6169,750,614
100442,81683,2397,12613,1078,2054,97,99333,81299,3180,12251,889,739,175,81362,68601,1625,8349,737,1479,70,79947,69679,1826,7566,461,295,0,6734,370,17,0,48275,21020,25619,54330,24491,29090,54257,23681,30078,4230,27398,14094,9117,13104,4592,546,441
101846,94852,1432,1477,853,1918,87,101186,94422,2161,1618,1008,606,52,81192,76378,908,881,556,1394,43,79911,77255,1155,728,360,334,45,417,264,31,45,48818,15847,30679,55073,18925,35292,56046,19247,36327,4856,31088,11494,7986,11085,4626,865,696
96597,88215,1524,3572,645,1591,78,95032,87444,1626,3452,761,672,151,76976,70935,1012,2618,435,1190,44,75670,71514,924,2465,319,353,40,1984,204,22,40,42357,12621,27987,47603,14923,32078,48532,14782,33367,6460,32547,9988,5530,8706,3925,751,512
96905,86472,2449,2977,3052,1322,73,96441,86075,2625,3839,3266,649,14,77557,70664,1503,1851,2119,933,39,75452,70475,1510,1770,1397,265,0,1364,1255,12,0,50374,22376,25855,56599,27848,28028,57024,28050,28453,2558,21867,9559,7202,15871,8356,1637,1339
98053,63298,8281,20867,4343,1725,117,97029,64532,8247,20923,3463,1562,136,76329,53762,5079,13046,3022,1260,81,73341,55099,4794,11653,1135,593,4,10276,835,138,4,38056,23384,13012,40464,25580,14269,39588,24447,14749,7394,25262,11447,6009,9820,3273,693,545
97782,81087,1994,11387,953,1665,90,96744,80975,2617,10881,848,936,85,78013,67142,1206,7225,652,1203,70,76757,68353,1271,6402,346,393,0,5473,185,49,0,45869,19835,24605,50881,22103,28230,51057,20817,29862,6231,29449,12253,6862,11036,4652,675,539
98940,91722,1270,2144,766,1652,68,97537,90500,1092,2546,1041,561,88,80071,74981,811,1473,548,1173,64,78819,75417,838,1553,604,293,20,1109,356,46,20,47193,12907,32367,53149,14942,37510,54463,14768,39246,6228,29250,10895,6917,10856,3828,480,572
96339,86995,2174,2063,3039,1106,71,100935,91847,2173,1906,3347,516,24,76768,70355,1414,1385,2160,794,49,79484,75473,1337,1160,1267,192,0,612,810,44,0,48445,15442,30915,57407,21104,35582,62417,23386,38499,1895,16434,8896,6601,20054,10036,2040,1714
97424,91086,1491,1711,808,1546,76,96319,90112,1808,1980,735,615,82,78557,74360,963,986,538,1076,53,77770,74622,1053,1170,504,288,14,964,335,15,14,48626,13142,33513,55898,16404,38777,59023,17275,41274,4155,28282,11399,8412,13565,4964,553,574
97505,84137,2160,2690,6620,1070,95,96935,83282,1886,3371,6925,328,56,76063,67236,1416,1765,4389,750,52,73591,67381,1072,2054,2900,170,4,1468,2640,53,4,50229,21898,26683,59663,28959,30044,60871,29746,30610,2320,14195,9253,6271,23531,10542,2404,1328
98304,82957,2639,3874,7136,1031,87,96602,81980,2189,4458,5721,425,37,79975,69254,1843,2702,5015,775,57,74226,68055,1350,2945,1673,128,4,2298,1297,17,4,53550,29847,21594,60677,36672,23297,60121,36472,23072,2542,16349,10678,6360,21867,11483,2542,1960
98236,84140,1893,8543,1462,1508,92,96997,82401,2257,8396,2372,777,69,79181,69654,1265,5610,1049,1059,69,78126,69986,1430,4826,1388,399,12,4352,1276,32,12,48780,19664,27759,54664,22825,31236,55272,22345,32540,4737,26157,11954,8654,13877,5881,803,795
98324,74321,2123,13818,6616,1217,98,96582,74993,1940,13165,5106,1117,44,79662,62994,1394,9554,4597,885,58,75276,63400,1096,8402,2005,332,15,7341,1769,33,15,49840,25871,22344,55086,30143,24302,54780,29879,24428,4460,24079,13458,8732,13638,5785,875,728
100793,58174,2787,37052,1737,1835,121,99235,57757,3119,36243,1887,1826,156,82227,51600,1868,26444,1309,1322,87,79988,51476,1931,25138,974,940,9,22618,819,70,9,52538,35519,15503,54999,38275,16190,52556,36714,15317,5198,23841,14151,9605,13023,6623,1591,1513
99944,67001,2327,25852,3406,1474,106,98277,67308,2884,23813,2823,965,156,81582,57504,1557,18775,2576,1108,79,77880,57546,1309,16726,1660,485,62,15442,1447,17,62,53597,29480,22540,58763,34535,23558,58483,34801,23105,2987,20673,12626,9704,17235,7824,877,1005
98140,78470,3169,10901,3685,1310,103,96117,78132,2768,10064,3217,1106,48,78875,65455,2164,7188,2662,960,67,75665,66296,1625,6032,1258,423,11,5162,1006,62,11,49268,23968,23498,55751,29046,25995,55891,29080,26268,3109,17695,11248,7600,18880,8492,1866,1259
101552,86124,2282,2040,9316,822,85,101008,85748,2779,1869,9217,429,101,77892,67857,1447,1353,6021,562,59,73190,66820,1584,990,3589,106,12,701,3201,11,12,55043,23475,29378,64839,31944,32159,65911,32995,32229,1172,10415,8043,5483,25419,13582,4200,2606
100247,86024,2151,7118,2991,1337,89,98716,86766,1754,5838,2741,1014,82,81021,71649,1353,4391,2090,986,63,78642,72230,1175,3699,1035,375,6,3192,866,16,6,50572,23857,24831,57853,29074,28083,58416,29553,28362,3323,23021,12324,7518,16253,8433,2636,1915
104319,91807,2214,5027,3258,1349,108,102275,90022,2787,5007,2958,472,65,85647,76739,1525,3567,2341,967,63,81626,74880,1485,3793,1116,245,63,3411,853,6,63,56337,27304,26521,64571,34658,28993,64458,35240,28576,2839,20676,12535,8071,22154,9400,1869,1259
100161,47208,3047,45177,3623,1523,130,104346,51365,3596,44508,4276,1682,109,82827,42784,2277,33722,3074,1160,95,82296,46342,2379,30615,2184,513,34,28939,1792,64,34,53392,44168,7640,56617,47337,8734,55469,45761,9105,5258,19651,12436,6431,17507,9388,2788,2366
103484,69636,4467,22953,4820,1842,138,103487,69840,4982,23624,3933,1101,122,86938,62737,3311,16038,3692,1319,95,84599,63684,2863,15948,1751,363,15,14642,1295,17,15,47154,30057,15158,51111,34255,16161,49715,33352,15849,6007,23046,11974,7411,15652,6709,1520,1128
102720,71822,4290,10138,14927,1023,126,100245,68945,5146,10541,14595,1297,116,91393,64909,3479,8279,13390,765,88,79905,61744,3532,7333,6677,465,21,6593,5831,57,21,54917,43291,9608,55131,45270,9327,56500,45740,10078,1964,9169,6074,3206,17129,13012,4941,5464
96237,80606,5851,4898,2856,1777,283,95544,79631,5909,4817,2798,1040,256,79416,68641,3819,3264,2005,1231,185,77507,68745,3477,2973,1506,576,82,2281,1006,92,82,47391,26227,17468,53487,34082,18276,51832,31759,18558,3592,13650,11727,5183,21459,11410,2533,2058
97932,80335,5271,6447,3128,1647,149,97771,78995,6548,6759,3402,1453,150,80844,68150,3540,4740,2135,1249,119,77512,67406,3660,4055,1466,750,37,3160,1272,122,37,45972,26587,16104,51739,32948,17683,51496,31365,18714,7290,18043,11394,5313,16315,8564,2818,1694
102731,17348,62905,21817,5450,4201,450,103897,20042,64800,21552,4548,3571,493,75871,15244,44049,15708,4102,3052,344,57324,17765,27045,9406,2471,822,5,8417,2186,311,5,26257,22156,2928,26363,20754,5202,25566,17482,7257,15331,22281,10105,3760,8478,3526,520,674
101120,53146,22932,16315,8518,2516,219,101092,51469,24842,15448,10264,2012,279,84716,48011,16634,12084,7478,1768,156,76224,47385,13932,8307,5724,606,174,7359,5035,127,174,35677,26074,7573,37661,29011,7892,37332,27418,8668,5865,14644,9044,2989,15222,9116,3828,2909
98187,38573,33479,21728,1846,2583,306,98594,38576,36022,24545,1978,2775,543,75321,33259,23363,15099,1407,1761,218,63438,33236,16224,12156,847,703,172,11096,510,213,172,27292,19023,6878,30165,21229,8372,28434,18357,9269,14811,21963,11611,5402,8560,3038,678,562
102174,74158,13280,7588,5832,1760,196,103205,71612,14668,10095,6630,2110,189,80517,61764,8419,4865,4184,1261,134,74496,59644,7581,3741,2781,737,9,2598,2499,55,9,41407,20340,18305,46328,24913,20478,45508,22918,21435,9141,20004,13493,5606,15979,6138,1109,728
98329,67218,16235,7846,7047,1760,195,97967,66264,16651,8666,7441,1096,140,79976,57633,11320,5656,5107,1264,145,73906,55715,9718,4165,3576,461,91,3796,3127,141,91,45158,23208,19222,50489,28754,20802,50112,26531,22300,6415,19091,14530,7182,14099,7001,1716,1318
101629,82365,8669,4883,4242,1440,115,102274,82257,9458,7190,2603,1071,22,84037,70053,5894,3339,3552,1030,82,81677,70098,5555,4129,1264,634,30,3319,1047,15,30,47156,19945,24325,52864,25272,26663,53617,23417,29027,5576,22349,16023,6900,15306,5747,1222,512
98055,85735,4714,2807,2403,1815,139,98988,86178,6053,2767,1808,1999,38,79810,71472,3003,1769,1708,1279,88,79879,72930,3635,1234,1092,787,22,808,784,44,22,46772,18760,24706,53757,24728,27945,54750,23224,30263,5240,22249,14587,8266,14361,6510,1022,450
98878,84047,5199,3271,4243,1664,144,99984,83296,5756,3754,5628,1070,156,80560,70404,3334,2160,2972,1193,94,79020,70310,3367,2211,2565,445,84,1639,2107,64,84,49884,24201,21947,56293,31660,23419,55858,30058,24318,4686,17871,14725,7134,17011,8488,1912,1123
102107,90519,3566,2325,2885,2194,135,102485,91119,4208,2596,2725,1793,79,86526,77804,2613,1682,2296,1559,90,85699,79000,2649,1591,1478,1007,26,1055,1006,287,26,51178,26004,21087,58611,34135,23190,58849,32603,24589,3988,15066,11661,5678,18697,11273,1914,2227
97951,32862,15850,45309,2826,2188,257,103225,34650,15775,49860,3245,2876,231,76116,28788,10680,33262,2311,1694,197,73168,29458,4613,35992,1973,640,28,35061,1678,84,28,30873,20289,9143,34571,24454,9469,30549,20362,9564,9916,20199,14859,6791,10321,3632,838,459
104673,69066,4969,25513,3483,1614,255,106929,70836,6324,25043,3536,1189,85,87186,59766,3660,19663,2710,1242,188,86635,62476,2860,18776,1836,537,61,17603,1466,98,61,44978,25210,16362,54056,32850,19998,51989,29487,21475,3875,13445,11881,5730,23203,9745,2909,2090
103959,76193,4965,19081,1741,1773,135,104015,74705,5088,20680,1729,1721,172,85631,64175,3298,15249,1281,1333,107,83314,63114,2550,15878,1090,556,95,15384,752,56,95,52695,24994,24229,65474,34783,29543,66817,33721,31872,4215,15209,12928,5632,25177,9407,4222,2085
102905,86577,3511,8107,2999,1187,113,107308,91977,2962,8843,2308,720,241,80150,68027,2350,6504,1983,875,79,81560,71845,1756,6213,1312,300,10,5809,1103,26,10,48668,19020,26341,65698,29639,34980,66150,28140,37046,2879,9040,10608,6663,29222,13747,3787,1872
98201,57608,7613,26979,4032,2586,370,96817,54796,7789,28579,3837,1995,98,73773,45925,4807,18581,2772,1836,250,71066,45375,3758,18983,2125,887,19,18051,1744,106,19,38092,15185,20538,45338,21194,23151,42095,19318,22141,5110,15625,17362,8070,12779,5205,737,568
96694,51251,11835,26234,4508,2958,291,98378,51924,12230,28720,4155,2208,139,72468,41325,7508,17980,3283,2064,203,70650,42477,4942,19378,2799,875,33,18764,2288,208,33,32717,12846,17810,40348,18753,20800,37534,17108,19822,5961,19440,16091,7386,9648,4110,531,322
97325,64547,5451,22214,2247,2932,229,115187,75995,7930,25964,3386,2086,146,72920,49635,3330,16308,1420,2077,128,84102,58221,3940,19462,1453,1150,23,18135,1048,300,23,33905,11841,20479,48766,19004,28914,61340,22824,37411,8420,18302,14264,6842,13086,6456,722,339
99181,63579,6290,24361,2797,2082,248,103621,66828,6696,25892,3128,1413,192,76039,50137,4165,18115,1929,1504,175,78472,53420,3261,18880,1797,797,112,18361,1361,177,112,37378,14892,20751,47296,20103,26450,49629,19655,29242,6186,19060,13903,6388,14008,6068,897,759
97622,71841,15295,7317,1767,1593,102,101601,74763,15344,8619,1987,990,80,79813,62388,9920,5100,1224,1163,49,78178,66075,5402,5537,893,328,4,5231,474,15,4,43568,16552,25109,55117,22679,31804,59181,23414,35108,4557,12994,13742,6459,21302,10799,2503,1674
96929,60029,8803,24860,2015,1704,256,101990,63027,9641,26872,2289,1087,123,78565,51533,6154,18315,1499,1248,163,81805,54887,5485,19410,1237,663,0,18469,841,44,0,38102,16856,19597,47531,22704,24188,51588,23101,27814,4376,17466,15259,5914,14605,8043,2125,865
98619,43365,6758,46332,791,1851,171,100391,43224,8130,47198,1330,2159,297,77829,35950,4379,35846,559,1344,92,75644,35610,2223,36283,345,775,25,35551,206,171,25,43267,23898,18339,47290,25626,21180,46102,22461,23095,11394,28189,12951,6750,6398,2391,469,411
98342,35570,2454,57825,1231,1736,120,97435,35351,2788,57351,1035,1348,103,77990,29697,1532,44818,899,1319,92,76157,29149,1347,44353,489,954,39,43822,398,160,39,46459,29891,15718,49496,31200,17908,44884,26171,18224,10344,22300,12595,9153,7108,4429,815,534
98618,45797,2580,48597,743,1385,92,97394,44299,2461,48937,863,950,38,77933,37441,1776,37432,542,1057,68,76452,36431,888,38200,340,566,8,37388,228,187,8,48349,25121,22372,49592,25487,23680,46476,21545,24403,12201,27783,12140,6368,7155,3141,382,366
100611,48519,3229,45179,2569,1461,105,100991,48048,3893,45730,2523,587,154,77745,39614,2083,33288,1848,1077,72,75390,39224,2108,32519,1105,394,38,31978,995,56,38,40091,19303,19481,47702,24236,22862,45314,21859,22801,7715,20907,13567,7683,10987,5280,1110,765
105066,77804,3561,20977,945,1539,147,110530,83191,3230,21445,1527,1021,134,88476,68009,2374,15844,717,1250,89,92662,73179,1830,16121,818,618,65,15685,589,112,65,50992,18933,30492,62562,24183,37794,65673,23365,41627,6153,23640,19122,8809,15543,6451,1550,994
102862,77820,9709,10019,2808,2279,259,110713,82168,12976,11341,2919,1379,333,87426,69620,6488,7129,2034,1737,189,88542,73041,4541,8221,1510,829,47,7426,1112,140,47,39924,12253,26356,55376,18840,35988,60214,19251,40348,6322,24833,18557,9077,17617,6124,1875,1010
102799,74054,7805,15821,2460,2282,140,112631,83262,8061,15735,2788,2026,380,82679,62191,5083,11450,1864,1702,110,87787,70500,4031,10665,1574,830,4,9912,1142,173,4,33564,10624,21631,46271,16781,28932,54033,17803,35689,5310,22614,17277,7032,11963,5005,882,872
103706,77237,5454,17664,1007,2461,153,113953,83241,6087,21460,1330,1083,179,83641,64821,3405,12804,699,1860,94,90536,70974,2782,15129,826,626,155,14630,709,97,155,40097,10910,28198,52203,15198,36594,63788,16871,46381,9065,28521,17431,8345,7959,3794,441,395
103450,43207,2489,54256,575,3638,133,101587,41181,3108,54110,377,3699,99,81077,35802,1682,40965,422,2596,78,77897,33789,1152,40762,198,2500,8,38976,151,1207,8,44773,25234,18687,49419,27294,21719,44443,22397,21570,13565,32800,11180,6064,5342,2679,311,322
103401,56787,3429,40904,794,1878,95,103422,56402,3882,41206,805,2104,139,81263,46419,2212,30863,565,1372,65,79353,45813,1684,30470,463,897,8,29755,374,151,8,45941,21039,23735,49490,22253,26721,47756,19299,27535,11427,27612,13767,6677,7407,3466,413,489
99066,57816,4569,33636,1423,2017,170,101971,58819,5190,34976,2231,1429,84,76949,46489,2811,25324,928,1484,102,77585,47069,2384,26611,872,852,23,25855,713,79,23,45807,20140,24020,52565,24224,27672,52058,22529,28855,7926,23302,15432,7113,9431,5193,975,441
101160,26362,6200,65608,3309,1567,281,105609,25906,7120,70405,3022,1187,214,76266,21585,4165,48037,2370,1191,198,76754,21128,4071,49683,1117,397,53,49101,1014,24,53,41044,29513,9943,52177,40189,11322,49577,37626,11119,5631,13058,14059,6461,14660,8825,1808,1407
100479,45007,4168,47096,3175,1819,204,99724,45013,3957,46674,3707,905,170,78317,36742,2885,35584,2233,1309,135,75942,36792,2084,34739,1633,438,53,33938,1298,84,53,44015,25546,16162,47485,28612,18081,43674,24636,18265,5530,17074,15937,6477,15280,6176,887,1778
100063,62538,4553,28228,3804,1387,205,98342,59628,4721,28093,4689,892,398,84722,54680,3525,22373,3269,1073,155,79423,51791,2331,22119,2483,506,31,21244,2084,19,31,41694,25328,13758,42889,27449,14563,39070,24037,14214,3561,8325,8685,3857,16005,7424,3538,2283
101730,32815,10494,53959,4322,1734,332,105335,29786,10754,61204,4361,2113,359,78998,27635,7262,40421,3287,1298,232,77764,24910,5428,44010,2195,1102,42,42137,1991,138,42,36403,24735,10148,44450,32163,11764,42781,30386,11647,5382,16183,15959,6355,12972,6464,1380,970
102617,64049,8318,23698,4647,2495,215,103215,65138,8036,24140,4330,2066,76,81124,53702,5427,17016,3376,1830,148,77453,53996,2974,17462,2024,873,2,16764,1551,123,2,42989,16983,23213,50081,22807,26315,47707,21135,25726,5384,17070,15202,7125,17305,7983,1232,1516
95852,67654,8127,15900,1518,3113,120,99078,65419,10240,19862,2112,1186,127,72223,53520,4946,10615,1016,2263,81,70988,53691,3178,12290,925,666,17,11816,639,97,17,36691,9303,25621,41511,12809,28044,42651,12781,29313,8715,22256,15568,6833,8408,2892,233,457
95522,77151,5352,8317,2652,2003,132,102594,83810,5842,8727,2470,1103,190,72058,59779,3428,5645,1734,1413,90,76274,65633,2637,6250,1166,461,9,5735,1024,0,9,42434,8957,31199,52997,13699,38465,56545,13899,41926,3862,15201,13438,7701,16632,7801,1260,1216
101627,56497,6525,35416,1301,2420,182,104276,60470,6460,34512,1671,1472,140,79806,47158,4169,25984,902,1784,123,79950,49225,3409,25480,750,969,35,24476,528,107,35,44266,18754,23864,49315,21884,26699,47559,19854,27041,9319,24015,14500,6834,10774,4402,789,673
100729,70393,6120,20174,1881,2429,207,104234,69652,7671,24095,2001,1628,12,79456,57380,4047,14875,1338,1872,132,80813,58522,3648,16515,1186,927,9,15824,846,64,9,45973,12947,30922,53309,17412,35112,56181,17870,37556,6752,21013,14282,6495,14260,6442,1073,1067
100957,56234,8431,33943,1166,1683,130,102626,56028,8988,35077,1207,1519,19,80342,47163,5391,26006,805,1258,76,78704,47677,3055,26814,626,560,26,26388,380,36,26,43725,17258,25068,48248,18999,28641,47276,16781,29889,10744,23876,12103,8608,10144,4574,938,492
101314,68182,4795,25637,725,1996,115,102487,68783,5543,25932,772,1313,94,79658,55262,2986,19301,520,1543,71,78768,56292,1850,19462,447,657,51,18729,357,54,51,41881,14016,26605,47836,15708,31631,47113,13435,33154,11534,26107,12467,7742,8677,3145,584,511
97257,58505,4538,32063,630,1907,106,97502,58809,5084,31189,630,1997,54,76275,48034,2858,23771,426,1372,72,74897,48348,1691,22950,436,1406,13,22590,288,149,13,43097,17527,24347,47651,18836,28290,45974,16278,29199,10674,25029,13097,7342,7415,3470,432,339
101539,56370,6889,33294,2058,3401,180,100729,57393,6453,33291,2205,2599,81,79242,46430,4710,24436,1509,2356,135,76417,46855,3036,23849,1324,1230,14,23073,919,623,14,39161,17876,19299,48517,23953,23792,47821,23046,24121,6205,17084,16238,7135,13247,5851,1150,454
98152,68403,7821,12693,7353,2093,127,106437,71091,10359,15215,8029,1209,366,70882,51467,4902,8455,4717,1347,84,73231,54790,5095,9760,3003,506,14,9051,2708,47,14,41730,14750,24441,52237,22040,29259,54896,22531,31384,2878,11001,11738,6162,21848,10373,1909,617
98817,74791,5143,14577,1585,2664,90,102510,78007,5582,15312,1836,1305,7,75553,58970,3170,10290,1047,1905,42,76686,61733,2429,10739,802,885,16,9751,589,123,16,39403,10630,27139,49889,14810,34407,53752,15513,37592,7641,22075,14607,7632,10735,5261,652,221
101055,73633,5572,17485,2327,2224,98,105299,76264,5675,19412,2173,1528,471,78039,58554,3565,12661,1629,1628,64,78133,60308,2478,13228,1111,798,59,12206,986,140,59,38538,10060,27288,47154,13111,33479,48402,12233,35722,8012,24366,14626,7872,8702,3937,496,567
99888,72267,9013,14164,2475,2403,111,105513,75692,11361,14945,2899,830,90,76057,56885,5671,10112,1705,1838,87,76584,60072,4187,10339,1686,386,4,9866,1484,79,4,37286,9566,26271,45982,12842,32478,49742,12904,36299,9363,22131,14587,7259,9276,5009,576,422
96475,44639,10564,36942,3408,1768,183,99407,47171,11977,36560,3358,1050,73,74912,37411,6907,27085,2599,1313,119,71653,37821,4424,27145,1863,406,10,26255,1652,29,10,31967,17246,13405,38026,21401,16016,35115,18386,16213,9491,18780,12396,4912,9896,4581,713,775
100891,73519,6633,13761,4996,1852,141,108580,77349,8332,15734,5551,1266,209,77942,58415,4399,9968,3587,1361,81,79019,61012,4105,10239,2695,523,69,9551,2030,27,69,43454,12124,29264,52901,17142,34917,57041,17436,38726,5036,17205,15344,7985,16615,8356,2211,948
95864,74810,7569,8773,2266,2165,142,102796,78666,9489,9816,2369,2782,108,74593,60012,5082,6117,1518,1651,83,76676,62418,4503,6246,1563,1580,20,5968,1445,111,20,41041,8927,29874,49040,12745,35366,52096,13141,38170,6815,17625,13849,6893,14658,5969,819,897
101100,70043,12555,13244,3397,2177,220,102874,71643,12773,12579,3799,3070,90,80063,58386,8316,9310,2549,1587,143,76169,59399,4842,8473,2039,1327,31,7892,1570,95,31,42864,12968,26898,49395,18103,30206,48142,17416,29752,5853,13286,12570,6091,17799,7396,1468,1454
97251,72015,7061,12180,3878,1771,133,102857,71981,8741,15352,4039,2293,20,72827,55447,4690,8549,2556,1289,79,73303,56416,3939,9302,2205,1431,0,8735,1775,111,0,43396,12179,28798,53485,18024,34525,55144,17885,36394,4184,14273,11849,6272,19759,7588,1751,977
99043,51655,11476,31381,2900,2152,218,107200,56944,14192,32247,3592,2468,128,75740,41711,7609,22871,2119,1557,129,76604,45282,6026,22095,1575,1189,28,21371,1271,337,28,38733,17911,18795,46585,23691,22017,50259,23957,25478,7559,17869,14651,6921,14020,6295,835,780
101762,53783,17176,27984,1749,2291,196,102136,56528,15867,26275,2173,2707,547,79067,44863,11106,20817,1314,1684,138,74252,47063,5109,19285,1492,1408,42,18296,1097,316,42,34811,17930,14569,42913,24083,17885,41401,21875,18658,10399,17014,10422,4833,16902,6807,2554,1417
105183,84861,5627,8986,3124,2572,129,106861,87705,5951,7953,2310,2536,99,87453,72185,3865,6650,2594,2015,80,86516,74862,2690,5871,1150,1716,25,5338,712,265,25,39388,10645,26699,47210,13786,32663,48778,13106,34987,8057,17981,12026,6986,11831,7208,880,1807
104828,87082,5329,7893,1320,2828,112,108237,90489,6307,7940,1759,1009,481,83192,70598,3393,5652,1010,2193,66,83375,73786,2537,5300,993,533,34,4481,668,80,34,43318,7711,33733,51004,10273,39942,53937,10772,42513,10180,24021,14131,8250,10035,4717,867,1414
100226,81850,4433,9693,1822,2156,64,104828,84722,6104,9019,1641,2412,185,76380,63751,2664,6827,1279,1582,46,77751,66395,2303,6470,1001,1535,27,6115,737,180,27,42386,8279,32422,50420,11409,38305,52505,11057,40879,8123,19973,12679,8096,12739,5028,1209,961
103492,70546,5141,24324,1449,2084,172,105650,73282,4749,22993,1711,3957,217,81594,58125,3439,17281,1069,1657,137,81118,59987,1981,16061,741,2184,14,15280,539,513,14,38075,12814,23792,45673,15760,29260,45791,14224,30949,9922,22449,14352,8191,10299,4597,831,1063
105556,46442,4302,51044,2346,2058,282,104725,45700,4655,51055,2167,1484,274,81402,37724,2857,37987,1679,1491,177,78702,36626,2317,37546,1361,603,174,36256,1085,87,174,44086,24047,18745,48920,27379,21000,45170,23425,21215,7782,22075,16049,7573,9530,5562,456,492
96016,64927,6294,20886,2322,1755,69,104475,70227,7808,21775,3584,751,172,74608,52649,3993,15120,1587,1235,53,78755,57113,3365,16017,1566,513,5,15399,1339,69,5,38938,13812,23719,49868,18937,30312,54427,20146,33623,7698,19859,13848,7779,13656,6299,742,459
98789,72391,7463,9973,3338,6036,155,101110,75799,7537,9855,3008,5620,185,76866,59969,4671,5885,2354,3935,103,73840,62517,2643,3840,1642,3220,21,3102,942,1934,21,38252,17286,18082,43594,22327,19887,41111,20805,19202,5161,17994,14036,6783,14967,5254,1253,718
98425,83349,4571,4496,2635,3176,137,102179,83913,5920,7476,2601,2161,144,71138,62489,2615,2193,1719,1754,85,70680,63418,1791,3207,1247,818,59,2779,675,332,59,40029,13332,23971,48732,18155,29362,50343,18058,31210,3856,15101,13051,10051,16275,4554,939,713
96939,86158,2798,2481,2300,2719,121,102938,90780,3553,3054,2378,2685,133,71812,65150,1702,1363,1538,1612,81,75355,69971,1783,1307,955,1138,0,1041,766,429,0,38197,12911,22898,46949,17789,28017,50926,18473,31355,2830,15470,10756,7713,16260,5609,1825,1235
97096,82493,5906,1669,3628,3360,192,98468,82824,6499,1782,3977,3495,78,73706,64526,3610,973,2407,2055,124,71610,65145,2319,675,1455,1905,29,400,1255,1278,29,41279,13245,25221,43925,14942,27885,44431,14283,29134,4876,18626,11624,6805,12862,3898,1002,990
98512,83168,3638,1368,1606,8906,122,98537,82811,4112,1940,2141,8277,164,74895,65388,2284,793,1056,5292,89,73412,65447,1532,536,1080,4764,29,357,912,3806,29,42010,13435,25952,46252,15778,29415,45671,14731,29983,5035,23387,12194,8820,12281,3119,819,634
97377,84292,3559,1303,678,7515,178,97725,84191,4108,1452,537,7625,88,74283,65848,2365,775,473,4712,126,72552,65493,1601,841,259,4282,17,704,180,3181,17,42357,11384,28573,46349,13265,32067,46441,12717,32652,5865,22941,12505,8510,11743,3349,744,392
100155,52049,2087,878,691,45533,155,99468,53671,1963,725,1112,42328,61,71209,41869,1175,494,421,27663,82,69939,42655,863,341,377,25625,34,181,255,24042,34,39159,12950,24105,42183,15459,25880,40179,13819,25483,7170,21375,13400,7023,10033,2585,625,484
99843,87402,3538,1412,1230,5802,284,103419,89994,4229,1764,1816,5102,304,78436,70298,2189,858,788,3716,175,82596,74619,2578,980,852,3287,74,619,298,1617,74,46759,10076,33249,53548,13777,38132,57027,14437,41246,4168,21791,16509,8435,14257,4646,1152,693
99531,74281,5181,2727,2383,15795,298,103584,79746,5856,3175,2295,13577,202,76910,60544,3244,1622,1650,9879,168,79639,66612,2932,1452,1083,7461,4,827,707,4507,4,42069,12847,25680,51077,18979,30398,50261,18476,30386,4101,19377,14925,7862,14635,5590,1764,962
95444,87045,2882,2170,582,2534,81,96039,87685,3357,2781,536,1583,71,78054,71863,1929,1608,438,2003,59,78247,73157,1684,1950,390,957,9,1699,139,58,9,36154,5917,29017,42168,7650,33951,43026,7507,35126,9561,26938,15712,5652,8822,3558,823,544
97016,90250,1799,1356,821,2358,56,99484,93013,2282,1838,1142,1077,15,78521,73675,1206,867,546,1833,40,79746,75844,1100,1346,749,707,8,630,606,72,8,40645,6814,32257,48985,9294,38960,51094,9238,41402,6535,24298,15079,6734,12806,4444,916,891
97834,80153,5308,7134,2465,2456,134,99597,83033,5295,6636,2765,985,254,79492,66822,3479,5069,1829,1903,97,79338,70207,2546,4278,1447,639,35,3464,1083,43,35,35263,10711,22621,42302,15408,26047,42299,14711,26959,6089,16853,14011,4786,13264,6639,2258,1788
96147,85187,2596,4294,1362,2240,96,97536,87725,3178,4288,1116,771,27,77366,69807,1664,2764,973,1769,61,77597,71913,1685,2766,642,527,8,2275,458,72,8,35975,8162,26109,42972,11343,30886,43186,10935,31767,7845,22841,13926,6696,11819,4365,1129,1004
101675,93692,2809,1720,610,2552,99,103720,94873,4162,2435,786,1512,153,81215,75632,1697,1139,441,2011,59,82788,78231,1724,1349,378,792,141,1070,226,86,141,36892,5814,30017,44699,7068,37057,47942,6862,40720,11024,31577,14422,5237,7604,2945,472,403
100289,81700,10691,4015,1194,2673,385,103587,85845,10492,3948,1236,1074,454,78333,66472,6194,2662,856,1988,248,77391,70095,3309,2578,674,631,5,1965,443,59,5,32504,6436,24718,39641,8629,30474,42224,8190,33641,9070,26505,14817,5952,8721,3771,1070,735
100572,90644,3429,2925,790,2547,101,102790,93872,3880,3160,667,1415,225,80703,73775,2156,1967,532,1981,59,82029,76818,2021,2053,352,779,1,1494,351,94,1,33708,5878,26731,40501,7344,32433,43969,7170,36319,10467,32743,13345,4755,7407,3028,751,507
98380,83801,8614,1582,1529,2737,84,99652,84825,9577,2076,1734,1178,104,78359,68564,5345,991,1140,2100,69,74156,69511,2203,995,542,806,0,766,377,116,0,36312,6297,28629,43533,8721,33783,43970,8322,35207,8752,25534,16508,5959,9547,2916,1407,422
97938,86637,3502,3773,1084,2567,118,100699,87944,4457,4280,2386,938,33,76798,69125,2115,2497,743,2000,75,77770,71527,1420,2632,1516,642,0,2235,1346,51,0,37241,7583,27920,46171,11297,34150,49435,11658,37236,6759,23322,14672,7001,12089,4231,860,500
105080,87779,5254,5245,3855,2423,144,109106,90345,7777,5976,3487,999,171,81641,69725,3430,3477,2735,1801,99,80176,71184,3116,3444,1709,486,45,2881,1408,38,45,46871,14466,29166,55474,21006,33395,56232,20944,34402,3178,14567,13538,6370,20847,9073,3200,2166
101060,62629,8983,25478,1538,3340,137,100702,65846,8573,24115,1495,1686,66,79927,53469,5453,17733,1176,2485,94,76433,55870,2656,16242,742,778,6,15165,526,68,6,32258,16802,13227,39256,23076,15309,37188,21099,15321,8362,21491,15481,5939,12758,4709,825,1061
99770,74956,7103,10947,4293,2492,269,103637,79936,6743,12399,3536,1249,159,83294,64792,4948,7843,3629,2001,183,83337,69141,2682,8558,2015,669,37,7275,1330,69,37,31464,14318,14462,38652,21167,16474,35836,18793,16333,4251,13830,10564,5487,13974,6694,2145,1613
103481,83437,5548,5896,5608,2481,152,109601,89898,5857,5775,6087,1234,577,79227,65547,3486,4008,3936,1805,100,79129,69370,2703,3731,2472,534,211,2708,1971,57,211,44290,14694,26595,54202,21489,31626,56757,21596,34303,3783,12118,12356,5929,21091,9848,2486,2994
102169,92490,2009,3083,977,3047,110,104764,95021,2452,3648,905,1866,71,81532,74721,1285,1995,634,2394,59,83908,78725,1384,2129,549,1000,17,1723,404,117,17,40123,8865,29489,48117,11171,36000,50376,11024,38813,7420,28568,16795,7220,9051,4585,1031,696
101907,87346,4921,4649,1682,2959,102,103515,89470,5736,5199,1523,1031,103,80452,70515,3071,3138,1156,2228,67,80559,73405,2203,3412,817,639,32,2795,589,51,32,38791,9764,26920,49432,14566,33832,50985,14224,36070,6915,24980,14509,6354,12481,5138,1431,809
102453,88889,7205,2143,987,2786,83,108328,95009,8186,2108,937,1378,95,82778,73648,4479,1349,735,2183,51,84965,79078,3009,1344,555,883,13,986,433,51,13,41226,8231,31430,52001,11494,39518,57035,12132,44326,8944,27195,15689,5904,12254,5261,772,664
102876,91627,3334,3259,886,3599,107,106547,93217,3804,3758,774,1637,27,81859,73920,2095,2172,649,2815,66,83881,77955,1844,2510,430,1120,4,1967,315,60,4,37950,6972,29865,46486,8437,37505,49535,8104,41030,10432,28512,16061,7170,7760,2698,845,605
96976,77541,8043,6689,1494,3373,213,99102,80000,8438,6996,1287,1146,57,75719,62507,4990,4559,1066,2558,137,74609,65585,3517,4306,514,606,29,3453,474,114,29,33109,6221,25291,39258,8722,29840,42492,8734,33279,8030,20631,15005,6646,9646,4044,925,783
100965,87781,3391,4385,2094,2945,119,105054,90829,4166,5596,1808,1606,58,80120,70953,2154,2866,1456,2336,71,81414,73890,2058,3434,1094,817,2,3030,917,9,2,43365,9227,31982,52152,13225,38056,56115,14312,41066,5786,19736,18029,6927,15720,5335,1177,1001
101676,72436,8527,13248,5041,2552,179,101904,71227,9688,14937,4841,1167,49,80331,59474,5659,9544,3732,1937,119,77584,59839,3861,10436,2851,650,0,9682,2515,43,0,38880,11695,24910,46923,17358,28645,48869,17884,30193,6326,15752,16249,6932,16463,7485,1577,1020
102636,39424,12033,47933,1767,2583,140,107340,44218,13796,46792,2021,1690,163,79988,34412,7252,35637,1416,1846,97,77041,38083,2787,34336,1165,840,11,32838,867,57,11,33880,23005,9181,39488,27681,11013,36942,24905,11403,9867,19833,16548,5642,11472,4652,994,640
101411,86276,4143,6025,2199,2604,108,103107,87308,4227,7596,2136,1636,237,81107,70241,2767,4259,1570,2056,77,80149,71664,1761,4802,1003,830,43,3353,807,76,43,42700,15069,24832,52300,21563,29668,53199,21480,30878,6866,16763,14330,5522,17826,8512,2298,1544
96064,86488,3518,2382,687,2909,87,99432,88741,3947,2915,918,2016,33,76154,69271,2218,1781,462,2270,46,78215,72819,1460,2254,297,1351,32,1817,270,87,32,32922,6286,25521,40950,7178,33241,44217,6935,36887,12704,29373,12923,4350,6417,2683,506,488
104030,96299,2440,1802,757,2291,98,107027,99845,2713,1971,661,1498,457,84003,78241,1524,1380,553,1851,79,86432,81972,1362,1443,236,1120,8,1307,197,96,8,40188,7190,31898,49559,8881,40102,52807,8992,43434,10866,32863,15873,6102,7249,3562,638,592
97779,92100,1434,1126,501,2247,84,99510,94283,1783,1512,825,1177,86,77817,73589,982,753,375,1799,53,79095,75779,1053,897,412,768,26,458,167,9,26,31750,5414,25368,38743,6254,32110,40639,5826,34520,13197,28657,13015,5189,5831,3163,1145,181
102030,92780,3177,3055,506,2400,113,105349,95708,3713,3017,456,1409,45,80373,73738,1946,2335,349,1864,55,82430,77201,1323,2259,351,1202,39,1966,181,117,39,36227,7435,27861,44010,7961,35623,47814,7354,40058,13462,32729,12692,4360,6359,2109,729,287
99758,84836,6774,3739,1713,2937,148,102947,88553,7569,3404,1617,1251,356,78525,68360,4115,2617,1282,2144,103,78582,71858,2691,2154,881,732,52,1886,719,55,52,34648,8540,24496,42628,10987,30895,44275,10586,33209,7440,23907,13583,4132,10601,4022,853,1138
102890,89403,6523,2982,849,2605,131,106103,92862,7192,3629,1047,1880,321,79900,70813,4079,1939,582,2003,92,80242,73755,3005,2063,331,794,52,1465,234,108,52,35706,8076,26389,42970,9078,33318,46223,8590,37190,12346,31205,12833,4713,7712,2567,518,523
100663,85847,4761,5483,1357,2738,113,103700,89360,5448,5912,1459,1333,114,78998,68858,2959,3684,975,2113,65,79246,71224,2330,3968,804,825,10,3545,673,24,10,36377,9118,25950,43411,10570,31871,44660,9969,34190,7927,27169,13011,5273,9353,4726,818,756
97051,78745,6292,8321,1166,2493,111,103047,80741,8225,9881,1829,1267,302,74157,62074,3957,5365,756,1868,79,76571,65245,4012,5635,735,672,67,5198,533,60,67,32522,7649,23596,42397,10805,30940,46549,11012,35045,7908,23819,15308,5405,10203,3261,444,585
99230,76424,6578,10336,3092,2473,192,101377,79992,6554,9964,3025,950,62,75505,60021,4268,6960,2103,1789,136,76449,64074,2764,7566,1549,625,17,7271,1153,79,17,38983,10512,26533,50233,16875,32514,51212,16862,33722,3842,15839,14629,6635,18539,6797,1507,1072
99995,78122,6179,9418,3713,2275,158,106627,81942,8065,10220,4048,1336,187,75749,61013,3868,6492,2429,1687,100,76804,63938,2862,7471,1712,632,18,6771,1329,38,18,37966,10024,25864,49185,16471,31466,53870,17382,35795,4072,17634,13520,5805,18087,7060,1076,864
95879,78838,4725,7655,2146,2176,101,103888,84038,4978,9855,2863,1131,55,73359,61833,2960,5151,1428,1657,72,77968,68022,2004,5398,1703,624,28,4730,1195,32,28,39163,9975,27305,51034,14321,35690,52113,14519,36965,4580,19816,13511,5154,15265,6584,1244,995
98622,51202,19431,20970,5536,2433,243,103791,52072,21664,23841,6149,934,175,71868,40562,12191,13994,3706,1780,164,66509,41767,5043,15789,3043,377,56,14610,2773,66,56,27557,10851,15135,34724,16630,17361,34777,15246,19009,5814,20937,14564,5687,11681,3242,471,530
98616,57973,10119,24169,4587,2367,188,99035,60698,10992,21744,4310,1516,654,77064,47893,6811,17375,3403,1801,120,73329,49732,4377,15636,2493,577,78,14232,2206,63,78,28002,11878,14259,36778,18478,17446,36225,16459,19153,4606,14383,14489,4714,14772,4750,857,1175
96111,71948,6238,11443,4334,2189,136,106110,76981,8624,13587,5012,832,868,70304,54043,3970,7666,2961,1564,98,74348,58211,3568,9576,2648,471,99,8414,2381,129,99,31482,8363,21358,46458,15695,29813,51925,16905,34314,3940,17664,14143,5004,15337,5092,617,730
98172,75426,6997,5848,8030,1498,142,97949,74973,6962,6412,8431,1137,249,74299,58849,4641,4195,5247,1045,77,70215,59188,2827,4216,3262,328,5,3429,2599,69,5,45765,15093,27620,55307,22409,31982,53737,20238,32550,2501,6928,9223,3705,26578,12073,2863,2152
99084,79650,5414,5155,6590,1709,169,110044,89792,5606,4652,7794,890,84,67616,55672,3135,3290,3956,1160,85,73285,64812,2802,2660,2565,380,0,2295,2153,44,0,36341,9506,24351,53300,17868,34523,59132,17869,40307,2101,8942,8405,4908,24964,9371,2212,1225
98436,87284,3941,2869,1580,2272,142,100529,88178,5525,3851,1526,1512,164,75106,67668,2456,1870,1000,1726,88,75675,69213,2645,2323,527,624,91,2164,314,73,91,42985,11410,29138,54441,17153,36406,56343,16878,38575,5363,18376,11871,4320,18384,7367,1783,1363
103076,50892,21949,18923,10238,2223,199,100465,51349,19908,20186,8068,1372,275,78998,42401,14317,13977,7286,1741,132,64688,41035,5504,13576,3846,413,48,12915,3196,147,48,33330,16992,13872,40712,23788,15656,37781,20828,16059,7852,12446,10659,3918,20782,8688,1962,1281
100422,34977,28966,30952,4913,2397,151,104599,34142,29621,34914,6050,2184,445,75231,28888,19071,23078,3572,1850,107,58351,27226,5897,21999,2463,426,65,21147,1917,46,65,23340,15715,6301,29757,21073,7449,24799,16787,7501,10543,18344,12997,4285,13445,3556,470,556
104307,59009,13380,26117,3887,2543,190,103236,56932,13136,30051,2933,1896,246,83223,50876,8803,18876,2905,2009,147,74995,47887,4166,20744,1509,655,47,19646,1155,20,47,38124,19267,16665,45759,25889,18394,41931,24039,17140,5478,16870,16011,6482,20763,6931,1107,785
100919,72025,6253,14655,6474,1528,126,99581,69774,6417,15478,6406,1222,154,88690,65082,4932,11611,5741,1302,96,82696,62681,3733,11489,3751,786,18,10780,2879,65,18,34775,22160,9863,44593,29909,13609,43646,27748,15087,4283,6687,7755,2020,24067,11059,5844,3835
98209,76763,6395,7834,5346,1696,147,95417,75414,5710,7936,5379,965,117,80281,64451,4366,5814,4063,1326,118,75098,63585,2938,5442,2789,460,47,5057,2060,43,47,44909,22228,19473,54112,30179,22622,53892,29618,23206,3132,8393,10505,3654,25694,12325,4944,3894
100896,53630,13191,30212,2169,2470,185,101179,53159,13889,29900,2359,1644,58,80472,46773,8841,21614,1672,1975,137,74425,46996,4468,21024,1254,728,41,19878,773,55,41,37029,25153,9555,47738,35087,11152,43644,31630,11012,7500,18108,14344,3911,20940,7385,1660,1423
101161,33886,7733,56598,1833,1864,137,104569,34557,10399,56010,2802,1418,190,80604,30165,5000,42849,1478,1489,97,77048,30522,2578,41672,1180,977,50,40278,929,36,50,34665,26231,7221,42992,32023,9332,40540,29386,10368,8831,20972,14697,4863,13682,6026,1087,1058
100230,78800,8446,8540,1895,2489,186,104696,80778,9888,9967,2323,1372,300,75934,61536,5223,5844,1230,1914,104,75793,63609,3373,6961,1058,667,7,6230,876,60,7,37761,9440,26716,47688,12953,33976,50732,13127,37027,6292,23609,13468,6391,12794,4370,1022,576
96264,46575,12520,31814,4072,2764,1047,100888,48626,14890,33085,4859,2600,979,69676,35838,7913,21671,2838,1885,635,69952,38219,7290,20984,2169,860,164,19136,1702,165,164,20042,9904,8693,26942,14600,11432,28207,14247,13493,3803,16113,15213,7495,10569,3202,376,443
96378,62968,8846,18359,3821,2986,803,104108,68935,9410,21421,3654,2012,498,70572,48145,5525,12250,2570,2106,460,72967,51124,5230,13575,1783,938,85,12540,1384,112,85,26930,8992,16342,35842,13611,21315,37886,13790,23535,3704,17472,15702,6581,11269,6335,793,754
102248,79327,10357,9147,908,2665,144,106382,82931,11480,9455,1143,1942,61,77907,62846,6207,6261,623,1947,96,76817,65399,3294,6775,497,1056,5,5235,341,75,5,34060,7878,25035,42387,9906,31764,44515,9223,34839,9265,28176,14114,5047,9035,2907,877,421
98592,86517,2757,5626,778,2576,122,100529,88715,3214,5944,775,1835,55,75972,67684,1706,3791,532,1972,69,76640,69814,1553,3844,397,1114,21,3213,281,27,21,35827,7157,27748,42645,8137,33920,44339,7526,36450,8765,29569,12737,5118,7466,3596,653,351
100974,76182,7660,13108,1454,2415,136,107791,82285,8722,14120,1958,1350,147,77854,60871,4805,9228,1003,1783,78,80505,65715,3625,9485,917,635,0,8689,697,109,0,35369,10038,23799,46651,14418,31464,52090,14145,37376,5828,23379,15815,7590,12487,4380,1010,468
100188,88290,3716,4502,802,2637,94,103108,90917,4223,5370,537,2321,92,78274,69905,2411,3147,560,1963,64,79390,72179,2029,3163,270,1394,17,2529,226,263,17,33989,8033,24680,43192,9923,32469,45119,9430,35258,10068,28704,14680,5908,7224,2785,659,319
100428,89004,2597,5021,859,2502,127,101591,90077,3115,5286,1187,1518,218,79371,71513,1593,3327,568,1943,94,79906,73315,1574,3361,573,928,65,2633,368,175,65,39485,9486,28788,45760,10101,34924,46496,9122,36889,9775,32747,12825,5226,7714,2543,735,586
96771,85512,2101,6382,519,1983,66,97367,86142,2515,6653,442,1453,84,76680,68416,1361,4680,362,1593,51,76584,69153,1222,4910,167,1021,25,4506,29,131,25,36061,5987,29027,41500,6630,34244,42239,6095,35829,9837,32136,13017,4840,6170,2584,337,217
99134,81048,3423,11691,754,2021,150,98689,80289,3798,11665,912,1160,136,79046,65997,2146,8544,524,1606,114,77296,65819,1507,8559,467,804,71,7726,358,149,71,36787,8102,27647,41195,8694,31883,40115,7608,32177,9460,29903,12030,3664,7649,3669,404,671
101141,76258,4240,17798,705,1863,126,101321,76057,4743,16973,715,2479,105,76856,59675,2534,12511,483,1438,81,75517,60304,1707,11590,446,1370,0,10639,290,266,0,38280,9377,27948,43520,10311,32700,41963,9003,32623,8574,27746,14667,4686,8227,3606,734,700
99921,43021,3558,51518,702,1562,133,98622,42938,3728,49618,697,2133,104,78001,35816,2390,38421,498,1187,91,75444,35295,1621,36617,336,1616,22,35943,198,176,22,33281,18221,14279,36111,19440,16210,32306,15784,16173,11848,29219,14203,4166,5630,2520,443,394
104635,74741,4171,21780,1726,2061,73,107470,74870,4848,23642,1599,2231,137,83290,61618,2535,16064,1226,1598,60,83950,62424,1817,16820,1043,1536,58,16251,769,97,58,44858,12121,31348,52549,15322,36417,51924,14607,36801,6797,24196,16744,5493,11949,5311,1316,1114
103633,74252,3545,21271,1642,2683,208,104060,74683,3603,21417,1908,1696,68,78539,57319,2157,15756,1063,2018,138,78626,58686,1670,16229,1087,907,25,15728,615,93,25,42310,11075,29853,49792,13611,35519,49215,12595,36151,6744,23424,15575,6751,11634,4435,819,576
99834,21877,5752,70112,1114,1550,117,100125,19233,7334,72107,1058,584,76,72258,18483,3534,48560,817,1183,75,67114,16144,2030,48151,364,377,15,47617,297,17,15,31091,22320,8003,33795,24221,9030,28164,19415,8270,9327,22586,14781,4314,6840,2785,232,313
103092,32125,4815,62002,3235,1516,123,97901,32676,4363,57556,2971,1124,154,84945,29112,3812,48452,2702,1215,84,78238,29502,1787,44607,1660,571,67,43523,1339,134,67,36047,30115,4442,39842,33575,5531,31290,25990,4704,9455,19053,15120,3243,14593,6931,2354,2011
102072,55994,9196,31070,4039,2130,158,99481,53153,8755,31980,4360,1180,255,76743,44680,5540,22178,2922,1541,109,71352,41898,2728,23752,2222,702,62,23073,2117,51,62,41021,15177,24077,48058,20782,26511,42510,17924,23879,4259,19743,14675,6397,13543,6731,855,1131
97060,36514,7907,46075,5398,1603,139,96553,30726,8990,50775,5140,1160,707,75364,31327,5307,33545,4147,1285,92,68222,25729,2354,36730,2681,614,183,35795,2520,26,183,36736,19419,15885,44230,27389,16208,37684,23220,13776,3616,14109,14624,4759,17761,7613,1550,1287
100769,45446,18438,32979,2850,1891,149,99126,42377,20387,32457,2980,1547,52,77051,38721,11249,23887,2253,1441,111,64620,35909,4258,22442,1380,422,30,21742,1193,52,30,32300,17747,12643,36474,21762,13998,31059,18356,12062,8650,15542,12472,2994,13583,7563,1896,1128
103116,80446,3555,9220,8005,1555,126,100872,80335,3783,8674,7099,519,36,79309,62739,2456,7303,5384,1085,102,73515,61466,2067,6294,3426,229,0,5922,3091,26,0,51425,14930,33882,59745,21488,37361,54598,19533,34103,2631,8594,11350,3716,24694,12332,5447,2111
103824,21090,7892,67099,7239,1233,117,103071,19046,8061,67377,7512,1246,397,79762,18105,5244,50494,5407,938,87,71417,17049,2156,49401,2127,337,318,48793,1935,39,318,35952,26840,8271,42348,32297,9478,37441,26854,9937,5202,14212,16226,5497,14913,8340,1659,679
100802,6050,16823,76911,1034,1401,89,103412,5523,16669,80946,750,2101,10,71995,5459,10302,55394,815,979,63,64116,5157,3376,54977,495,145,0,54613,429,37,0,27647,25270,1938,29121,26227,2472,22812,19893,2525,10342,22829,15063,3902,6225,2193,174,137
98579,1942,2340,94096,270,769,67,97898,2443,2246,92829,274,620,296,73962,1698,1503,70619,191,595,54,72657,2184,752,69285,22,335,8,68890,8,59,8,36411,35059,920,37098,35042,1512,29781,27296,1898,9359,28690,15998,4005,7305,3323,396,132
100267,49517,42266,4159,2940,2575,244,98445,49344,41729,3642,2290,2287,281,78634,41448,30304,3147,2251,2018,187,73329,40842,27976,2328,1414,585,13,2085,1297,162,13,35731,11839,22155,42991,15125,27151,41544,13761,27348,6068,16442,16244,6662,12417,4575,1405,846
100986,15979,78504,5346,1335,2164,178,98577,14897,76984,5697,1353,1206,229,76918,13763,58055,3709,959,1710,115,68394,12625,50989,3573,718,379,97,3387,548,124,97,25239,15886,8395,30002,18641,10928,26439,15074,11084,15872,24038,15256,4748,5041,2306,363,325
100957,33037,55771,5776,5876,2378,264,105264,32151,61119,5050,6392,1687,209,76795,27495,39993,4065,4338,1851,182,75676,27241,41841,3080,2824,537,72,2627,2445,132,72,30395,13099,15913,39225,18342,20212,39048,17197,21455,4515,15879,16993,7599,13283,5144,1208,1067
102522,16238,80303,4329,1668,1748,138,101532,15395,80199,4533,1207,1199,164,77251,13486,58965,3165,1309,1334,98,72078,12785,55383,3028,422,302,29,2784,348,75,29,27908,16611,10302,32214,17371,14469,30408,14275,15899,16776,22041,11803,3595,6141,2680,353,279
99749,4291,94461,497,537,1185,60,99599,3774,94815,439,835,1219,112,70326,3489,66087,311,416,902,36,54585,3194,50794,112,283,186,9,102,254,31,9,20267,15346,4129,23962,14842,8842,22944,11363,11381,21238,13934,9234,3430,7314,1687,497,182
97151,4841,90818,644,927,1337,80,99819,4669,92897,917,1280,802,84,69699,3942,64624,410,702,989,61,56313,3629,51514,414,561,155,20,389,530,64,20,21635,15647,5008,26977,16564,10093,27238,13512,13450,15310,13527,9811,4476,9715,3370,500,261
99607,14822,82334,1138,1122,1833,105,100758,15952,81673,1262,1420,1097,215,72170,12889,57380,704,881,1372,69,61723,13904,45784,714,834,299,115,661,777,100,115,24116,12597,10500,29926,14863,14758,31321,13733,17294,15682,16466,11622,4822,8690,2992,621,553
99614,10475,87200,935,940,1461,110,101004,10414,88668,1131,1008,1487,74,71021,9025,60514,568,719,1055,64,59661,8665,50082,484,357,128,0,432,318,84,0,20560,12121,7683,26033,13884,11899,27064,12255,14575,16245,16634,11288,4869,6509,2286,905,269
97973,6696,90314,578,373,1289,66,102039,4957,95996,994,344,792,184,68337,5838,61825,313,253,898,49,55962,4311,50827,613,94,185,4,460,71,67,4,23229,16633,5780,27336,16651,10407,26635,13124,13299,20242,16487,10332,3157,5149,2094,133,182
102090,8103,92901,533,551,1315,40,103750,9301,93153,1170,299,1392,9,71647,7375,63451,321,429,980,24,54483,7909,45779,632,113,48,13,620,58,37,13,22736,15220,6625,27308,15747,11274,27172,12799,14129,20324,14676,10932,2839,6411,2215,302,175
98548,4082,92006,726,1729,1549,35,99157,2982,94240,834,1475,892,93,65455,3146,60523,440,1243,1041,27,51486,2473,47831,179,722,125,62,146,711,55,62,15797,10619,4515,22243,12961,9093,23487,11191,12048,15614,13220,9663,2538,8193,2355,447,666
97644,5292,89450,1652,1358,1418,40,104124,7340,93608,1508,1573,613,112,68172,4373,61411,1312,1041,1058,21,53157,5502,46366,682,416,102,29,654,378,31,29,15352,10355,4325,20435,12074,8175,21653,10537,10930,16838,13623,10057,2271,6847,2430,426,308
102077,4584,96460,585,524,1299,36,104283,4532,98976,712,578,731,37,71444,3744,66952,296,373,961,22,53314,3795,48956,161,271,79,18,103,247,58,18,20404,14937,4663,25052,15331,9415,24469,12397,11846,18922,16366,10917,3162,6897,2455,83,93
99465,10522,83856,1461,3597,1756,70,105151,9824,89257,1689,4191,1594,122,73416,8747,60753,973,2724,1379,45,62005,8518,49791,862,2497,284,37,639,2404,159,37,27178,15599,10277,34330,19086,14941,34642,17032,17252,10045,13067,14419,4544,13783,5206,1487,906
100027,5078,92611,708,1691,1412,51,99515,4714,92511,1291,1713,949,45,72052,4109,66148,417,1300,1081,36,51559,3938,46492,245,793,75,8,187,777,4,8,21121,15550,4737,25944,15131,10533,24565,11618,12678,16958,12089,9095,2901,11460,2770,1100,284
99563,8822,89372,652,759,1255,56,98661,9341,87427,1006,851,1003,186,71606,7899,62696,403,557,956,30,57427,8444,47638,721,482,98,40,705,441,30,40,22462,14322,7315,28841,15652,12948,27066,12314,14565,18045,14770,11204,4128,8891,3116,399,373
98290,2837,94898,403,225,1451,41,100237,2579,97287,343,156,519,0,64088,2205,61516,240,151,1022,26,42353,2022,40068,140,70,84,5,122,61,57,5,12216,9265,2557,16823,9476,7181,15318,6900,8304,23358,13408,7257,1869,3392,989,130,104
105154,3411,100975,304,294,915,74,106712,3257,102640,582,406,294,53,72947,2675,69735,218,206,663,54,54944,2711,51700,309,111,82,26,245,82,57,26,20671,15826,4391,27139,14361,12535,27157,11762,15256,21872,16312,10338,2491,5299,1649,188,168
98378,9988,85321,1129,866,1357,74,104069,11245,90474,1213,1123,974,110,69797,8027,59409,817,628,1022,66,63993,9024,53697,418,607,253,50,393,558,83,50,26017,15861,9391,31813,16042,15482,32874,14132,18557,13049,17997,11542,5284,8736,2855,544,213
101419,3050,97572,500,357,997,41,98641,2114,95723,255,171,335,52,69732,2335,66838,353,246,732,30,50475,1801,48280,154,118,71,9,123,87,53,9,20093,15772,3500,22389,14402,7709,20180,10154,9827,20364,13276,10175,3072,4788,1418,225,140
102608,4051,97198,595,816,1258,43,100042,4726,93637,1069,955,1139,24,74667,3186,70438,401,625,962,34,56646,3843,51805,532,274,118,0,498,220,43,0,26971,19249,6697,31909,19372,12197,28778,14421,14087,17282,11278,12038,5092,11501,3337,782,230
101221,7564,90446,1595,677,1988,110,101295,6954,90440,1936,868,1934,51,73249,6289,64524,1293,530,1347,68,60955,5511,52746,1542,231,846,51,1396,227,777,51,26662,18776,7210,31071,16928,13913,29941,12888,16890,19989,18800,10251,3428,5614,1779,479,198
100255,18755,75095,3181,3485,2387,226,101577,19072,77054,2653,3355,1989,117,74936,15457,54687,2160,2516,1836,139,64999,14382,47497,1166,1578,248,4,1029,1315,93,4,31171,18104,11047,39944,23895,15502,39586,20735,18284,7794,11168,12384,5445,15994,7807,1869,1175
96895,18666,70331,5023,2966,2647,471,97211,17961,71557,5099,3282,1971,330,77122,16126,54826,3597,2299,2123,273,66621,15116,46818,2874,1238,492,45,2590,1096,126,45,29219,18626,8776,34316,22648,11140,31268,18512,12163,9903,14030,12859,4178,13468,5720,1764,1069
100543,16040,72735,9998,3222,2803,612,102251,14517,75086,12115,3443,2553,648,73967,13535,51352,6813,2372,2060,434,67471,12288,46316,6183,1612,541,148,5455,1119,139,148,23965,14889,7368,29258,18548,10117,27082,15040,11609,11336,16312,14608,6845,8689,2923,274,397
104671,3156,99799,1461,605,2466,170,99787,3366,93582,1798,1178,2015,271,80311,2549,76543,914,366,1895,99,63527,2551,59175,755,409,503,142,711,354,382,142,28410,23135,4011,30925,23572,6871,25742,16844,8479,22064,20528,12720,4936,6078,1131,279,130
100803,12937,81410,4629,2137,2508,428,99304,12370,79985,5156,1726,2887,216,79337,10759,63493,3345,1631,2006,298,63521,10439,49013,2547,751,558,46,2250,503,172,46,27251,19037,6680,30658,21238,8926,27014,16553,10024,15945,14711,15277,4839,10011,3722,619,299
97637,8453,84823,3356,1673,2149,231,96310,7909,83124,3847,1742,2127,150,75198,7250,64462,2363,1247,1685,142,68320,7313,57145,2707,814,727,41,2093,748,221,41,30369,20971,7761,36627,25149,11021,32718,19639,12665,8774,15195,15554,6876,12831,4286,897,328
103129,12274,82347,6555,2648,2368,621,106438,11542,86714,6484,2703,2193,444,72817,9745,56884,4252,1905,1696,402,63843,8998,49643,3697,1063,158,207,3367,758,77,207,17953,12456,4374,25908,17072,8349,25489,13558,11596,9028,13652,14551,5960,10613,3329,366,717
98943,6408,88189,3568,1449,1930,316,106521,7505,94738,4046,1366,2588,342,66252,4778,58422,2253,916,1353,186,62544,5172,54319,2187,347,355,54,1998,231,218,54,14937,10637,3468,24839,16250,8210,29618,15133,14154,9306,12733,12777,5705,10121,2714,422,368
100592,11957,86380,1200,789,2734,138,96940,11652,82373,1633,603,2368,34,75258,10345,63161,815,558,1915,107,57806,9903,46397,770,260,367,27,624,199,283,27,24950,16178,7473,28239,16180,11609,26485,12510,13618,19305,18541,10270,4867,6451,2415,313,250
102097,31375,46035,18956,5218,3039,220,100932,35019,47945,15333,3659,2406,286,80130,27416,32820,14283,4523,2330,150,76000,32034,32034,9271,1591,668,133,8613,1377,185,133,24761,12102,11063,29403,15809,13061,27423,12751,14316,10309,16202,10880,3290,6834,3965,845,904
104823,58048,33678,8243,3470,2953,167,109129,61142,35784,8850,3068,1958,191,81382,48844,22847,5347,2683,2288,100,82434,51358,24094,4606,1407,738,44,4050,1152,85,44,38195,9638,26337,43454,14085,28584,42864,13275,29075,4986,14910,15913,5589,15921,6059,1424,2045
103719,65571,29457,3908,2845,2741,137,108823,67992,31827,4956,3244,1757,94,76030,50510,19283,2435,1982,2037,95,75224,51585,19265,2329,1505,585,33,2128,1180,172,33,36057,6283,28251,47960,10123,37216,54751,11122,43156,6274,15849,14973,5454,14213,5423,1207,1506
99956,65598,19673,9374,1552,4109,300,108972,70872,23418,10949,2218,2797,85,76143,52762,12378,6822,1125,3118,200,76930,57039,11019,6472,1091,1212,13,6082,719,231,13,31554,6396,23910,38597,8906,29163,46733,10212,36137,8268,23560,16074,4880,9796,3379,592,545
97216,45751,41484,6873,1287,3522,189,106582,47370,48002,7939,1520,3959,220,73027,38286,27108,4966,871,2620,121,69349,40654,21659,5326,781,875,0,4907,636,76,0,28665,10569,16328,36762,15474,20516,39917,15989,23301,10931,19628,15247,3896,10118,3251,673,845
98331,43576,45219,7192,1818,2160,118,98554,43061,46303,7788,1823,1640,101,74303,35869,31272,4905,1334,1634,64,70542,35694,28983,4443,786,465,42,4182,716,139,42,35050,9839,23895,38220,11257,26443,39295,10776,28188,10440,19653,15961,6365,8982,2327,552,508
99326,45293,47684,2653,1994,2709,241,101764,46011,49741,2870,1905,2130,272,76437,38089,33547,1735,1401,2075,147,74567,38516,32239,2003,882,780,132,1652,636,161,132,35176,11370,22600,41547,13012,27965,41685,11775,29561,10830,22924,16546,5086,8701,3530,434,318
97169,39322,48927,7373,809,1859,155,98238,38143,49827,7939,1377,2367,233,76767,33118,36075,6014,652,1404,101,73122,32357,32388,6457,1030,778,9,5968,418,75,9,30677,8105,21733,36012,8837,26829,35039,7454,27363,13925,25167,14488,4783,5916,2250,538,283
98734,43943,50410,1837,941,2698,167,103789,44694,54440,2823,955,2549,10,73754,35109,35327,1288,625,2069,104,74330,36101,35687,1330,400,870,5,1109,276,278,5,33068,9441,22616,43164,12226,30502,45788,11400,34036,9300,23750,14715,4765,9699,2944,449,193
97795,62488,24450,8885,726,2144,109,99723,62642,25889,8452,980,2106,135,75683,51741,16054,6078,486,1576,63,73683,52650,13747,5760,563,878,28,5597,313,111,28,40298,7577,31678,47611,9197,37933,48595,8402,39822,9693,25694,14700,4880,9843,2888,551,272
97931,41859,42280,10902,2289,1928,92,97991,41232,43270,10480,2013,1685,84,73963,34820,28792,7748,1724,1449,64,68319,34293,25152,6679,1044,1094,21,6360,879,165,21,33906,9856,23153,38371,10575,27412,37624,8994,28335,11631,19959,14898,6036,8207,3205,387,295
99903,61381,19830,12626,4564,2017,89,98852,59544,20530,12474,5158,1623,142,79042,50318,14002,10088,3293,1526,58,72806,49087,11450,9104,2460,709,55,8729,2378,302,55,36241,7740,27430,40718,9377,30816,39725,8727,30649,8727,21440,18311,7953,9792,3092,605,311
97699,27857,17721,48258,3436,1795,108,96320,26129,20689,45449,3036,1218,176,73665,23930,11703,34789,2613,1358,82,65892,22814,8024,32659,1843,283,8,31791,1682,47,8,35550,21832,12761,37858,24015,13396,33473,20414,12655,8730,19081,13836,5086,11217,3416,971,643
97690,32554,25541,34850,4028,2094,84,96911,31886,24971,36207,3435,1935,70,72172,26184,16734,25411,3067,1540,67,63317,25205,9959,25840,1713,498,54,25288,1674,90,54,29183,16266,12265,31385,16399,14659,28120,13065,14823,11437,22235,14526,5498,5922,1903,340,237
101133,80541,6023,10766,1004,2631,130,101945,81535,6158,10574,1007,1544,272,78551,64038,3944,7587,690,2052,76,77384,65244,3480,7054,486,812,115,6523,302,83,115,42436,6700,34813,48004,7435,40093,48684,6832,41575,8562,28938,16434,6722,6957,2412,212,285
103080,24080,28825,44861,6429,3418,2900,104212,27361,27352,46951,5803,2773,1336,72455,19238,18680,29471,4634,2290,1750,68173,20636,15966,27041,3155,411,508,25140,2612,60,508,19410,11875,6369,26507,17286,8579,24317,14586,9380,5194,16014,18957,6825,8199,2849,187,284
98076,34006,23701,33889,6428,3600,2132,103231,33848,26493,36783,7482,2846,2622,70657,26986,15234,22796,4437,2555,1354,70631,26500,16200,23330,3221,503,632,22038,2638,128,632,25671,12340,11621,34740,18820,15111,34170,17615,16068,5010,15345,17882,6587,11641,4705,571,281
98979,52911,24907,16628,3511,3085,671,104911,56532,28117,15918,3686,4121,562,75792,43341,16809,11764,2510,2263,406,75018,44615,16460,10678,1314,981,149,9592,1069,175,149,26195,8351,16058,34014,12806,20443,36625,12860,23196,6500,14429,14564,6132,11491,4569,1346,963
104112,32285,41506,27137,2963,3108,204,104183,33067,42733,26480,2626,1549,182,78866,28370,27907,19048,2575,2343,161,69796,29682,20199,18270,1130,540,15,17374,820,181,15,19683,12137,6390,24062,15401,8166,22302,12575,9384,12006,17475,11899,4354,5694,2755,588,239
97187,66721,16885,9325,2086,2848,175,100518,70051,16846,10132,2483,1210,201,73622,53372,10754,6206,1435,2052,118,72701,56030,8560,6103,1036,596,35,5513,696,77,35,37374,9684,26032,45877,13502,31643,47338,13316,33478,4838,15749,14826,7203,13499,5919,1758,1424
98394,61924,19174,13477,2006,2599,158,100940,61552,21749,13523,3257,1369,193,75443,50067,12601,9554,1411,1942,93,73387,50912,11692,9126,1116,527,0,8686,887,32,0,35043,8704,25075,43161,11897,30700,45402,11606,33345,8370,18909,16529,6979,9828,3925,533,865
101328,59834,19803,15793,3386,3408,1551,103435,60071,21135,16594,3520,5080,1113,77062,48034,13407,10964,2358,2383,896,77287,48981,13167,10288,1640,2349,498,8998,1210,237,498,26120,6342,18564,32675,9126,22907,33421,8462,24588,6871,19192,21278,6750,8095,2850,262,378
95266,61150,22298,7747,2096,3086,330,100110,62055,26389,8929,1841,2179,236,72329,49258,14489,5241,1443,2287,185,71250,50692,13910,4924,890,834,96,4306,517,71,96,33089,7286,24314,43007,10598,31744,46999,11243,35208,6637,19717,15554,5383,10990,3843,1440,727
102186,74660,20363,2525,1414,3533,265,107998,78299,22663,3123,1708,2726,146,82127,63189,13507,1719,1014,2710,147,82453,66635,11630,1892,841,1312,38,1507,438,115,38,42458,7641,33298,52883,10806,41457,58556,11545,46488,8057,22382,19173,5648,14075,4435,1093,704
99483,69120,24037,3194,938,2915,270,100341,68325,25989,3657,741,1993,42,77794,56526,16516,2093,629,2257,172,75433,56564,15322,2171,408,896,11,1988,286,85,11,39395,4758,33623,45777,6006,39314,47202,5765,41123,9657,22312,17745,4665,10754,3233,470,501
99217,47649,42192,5695,2531,2850,310,98272,47584,42118,5926,2607,1654,158,76113,39516,29415,3947,1819,2177,203,72591,38903,28407,3438,1109,590,35,3039,803,64,35,30451,8315,20566,35457,11033,23854,34919,10370,24134,8843,17575,16871,4790,10015,3958,771,599
103103,45945,53299,1576,1099,2360,233,105007,46252,54788,1975,1112,2205,72,80288,39560,37735,1037,796,1788,138,74336,39643,32398,995,344,782,68,681,252,154,68,41328,12246,27205,48243,13609,34070,48950,11889,36566,12697,18882,14706,5465,11512,4765,858,682
96877,67558,23627,1730,1594,2590,240,102056,69506,26172,2350,2124,2204,146,77449,56834,16307,1146,1123,1981,198,77551,59132,15094,1469,819,937,19,1053,750,104,19,43580,8324,33427,54261,12544,40962,57465,12670,44283,6341,15932,15771,5240,16827,7264,1466,1219
96163,44532,46782,2300,953,2399,203,100449,44737,49832,2586,1407,2700,228,74800,37266,33661,1712,661,1901,129,74904,38074,33253,2142,594,802,35,1795,507,158,35,36428,10227,25083,45716,13351,31873,47989,12700,34885,9858,20366,14962,6206,9605,4407,646,454
101270,33279,59113,5940,1856,2650,197,102692,32817,60847,7173,1600,2034,66,72824,26116,40204,4111,1274,1901,136,64721,26195,33428,3635,851,592,13,3398,813,87,13,25481,6706,17885,30327,6704,23212,29581,5737,23592,13687,19118,14790,4061,7174,3258,516,135
100248,52451,34978,7806,3278,2682,204,102763,49704,39774,9632,4617,2003,142,73935,41128,23660,5412,2194,1948,141,68236,37814,23059,5201,1327,677,59,4842,1241,160,59,33646,6171,26142,39876,8091,31151,39750,7683,31562,7476,13278,14900,5320,16442,4982,941,548
100691,31088,59055,7466,2197,2431,294,99803,26745,64023,7015,1870,1682,287,74530,25352,41317,5281,1649,1841,185,61523,21578,34380,4035,715,652,133,3630,641,185,133,24532,7307,16325,28840,8137,20337,26789,6870,19642,13134,17604,14293,5247,7215,2196,480,355
102589,34604,62454,3311,1126,2636,236,102092,34130,62134,4520,1335,2420,408,72006,26979,41134,2040,764,1882,143,61104,25513,32324,2129,454,708,72,1764,350,112,72,22322,4987,16627,27851,5206,22357,27813,4756,22877,14912,18794,12271,4147,6310,2329,390,236
95651,43733,44328,5880,1037,2367,179,91772,40450,43111,6368,1072,2676,40,72952,35225,31801,4292,691,1713,101,65407,32621,26781,4335,431,1336,32,3783,401,228,32,27178,5090,21200,30955,5583,25074,29928,4806,24872,12653,21823,14716,4138,6778,1963,458,339
100563,39915,57058,2421,535,2128,152,100449,38392,57955,3329,710,2097,27,70760,30166,37892,1570,361,1569,81,58475,26405,29308,1668,290,718,8,1486,205,129,8,27017,5293,20808,30466,5573,24549,29649,4657,24796,17122,19596,11449,4125,5881,1618,321,234
101420,46320,47564,4723,1396,2557,214,103049,46588,49345,5227,1725,3005,317,75843,37875,32251,3306,977,2000,145,71743,38335,28699,3012,641,707,71,2686,504,197,71,32000,6374,24260,36358,7572,28263,36278,6693,29259,12118,18876,13722,5050,9663,3342,418,624
104644,72437,21955,5106,2570,3428,116,107477,72169,24766,5793,2953,1919,305,79039,57770,14112,3020,1741,2557,72,79623,58062,16192,2736,1525,855,63,1993,1176,139,63,41354,6288,33238,48799,9731,38262,50440,10053,39885,3672,16558,19876,7185,14995,5611,1036,1122
100354,39235,40932,12201,6552,3353,134,98949,38480,41332,12697,6237,2162,292,73532,32793,27042,7570,4383,2566,87,62473,32145,20862,6376,2345,674,60,5853,2087,146,60,23652,7132,15333,27395,9187,17706,25626,7921,17388,13922,18872,12833,4624,7657,2313,691,364
99751,51799,39230,4535,1748,4078,158,97529,49331,39911,4685,1564,3422,156,73980,41092,26160,3602,1060,2901,88,61623,38803,17725,3009,738,1264,84,2718,146,355,84,32386,3825,27464,34754,4147,30095,33887,3807,29839,14362,20974,14290,4862,7839,2334,289,360
98619,41877,31972,15134,9529,1937,198,97091,42401,31122,15573,7993,1816,195,83247,38547,24410,11243,8778,1485,142,72493,40064,17385,10530,3780,489,15,9926,3215,77,15,17547,8813,6914,22301,13410,8209,21718,11169,10172,6130,8847,6155,1978,5597,2956,303,1344
101914,58513,26125,10829,4408,2863,235,105605,57555,30001,11452,5286,2156,189,79085,48816,17563,7442,3404,2162,166,76513,49731,16542,7328,2111,541,125,6780,1826,60,125,37282,11400,23274,46050,16804,28162,51144,17150,33242,6577,14727,13025,4507,15833,7335,1507,4002
101283,63097,20005,12353,3630,2555,175,112023,71025,21583,12402,4727,2802,272,76982,50329,13216,8981,2546,1854,109,78857,55395,11514,8474,1655,1528,79,8065,1585,202,79,37486,8787,27050,47978,12518,34690,53204,12509,40084,8025,18012,13884,5017,14700,6113,1402,2706
101709,51713,29001,17618,1663,2740,120,107158,51721,32041,20643,2062,2789,69,78194,42103,19048,14255,1153,1995,89,75229,42333,14630,16024,1076,893,24,15290,919,101,24,35367,9259,25003,44506,12645,31320,50552,14510,35512,7687,19441,15266,3828,11571,3444,744,371
103063,43405,29879,16396,12473,2573,194,103235,42223,31404,16237,12776,1567,64,75190,33839,19814,11640,8803,1815,137,68696,32864,17161,11712,6430,432,12,11487,6044,155,12,39637,15762,21919,48663,21666,26229,47118,20231,26107,4966,13233,14711,6129,17148,7291,1457,1357
103460,30621,29313,28527,14623,2425,230,118380,32838,32524,35073,17437,1435,605,74352,24045,19536,19859,10136,1755,172,76461,24370,17890,23238,9871,516,53,22763,9420,67,53,26948,13826,12049,41839,23675,17608,49517,27649,21045,6206,11962,13673,5665,16894,7373,2084,1651
95704,47838,37349,7713,1410,2860,104,97117,47486,39045,9122,1400,1767,147,71814,38828,25215,5229,972,2142,61,68886,39220,22944,5758,561,545,47,5385,460,170,47,30720,8060,21435,36451,10030,25821,36928,9535,27025,9508,19729,16606,6065,8505,2570,207,212
97491,56174,27183,10411,2021,2513,134,104665,58029,32199,11716,2319,2246,111,75235,45361,18816,8050,1446,1833,72,76779,47081,19020,8417,1309,876,71,7756,1098,114,71,34590,7855,25510,41807,9953,31293,44343,10048,33906,9618,20505,17059,5833,11414,3862,603,704
100218,5989,31601,57695,6085,2014,146,100420,8490,31040,55142,6373,1695,182,74144,5093,21445,43117,4902,1415,106,68580,6929,14618,42838,3850,413,33,42022,3800,55,33,32667,28562,3443,41397,35456,5465,41941,33519,7925,8409,18816,13210,4384,11736,4295,939,662
96287,25883,8747,9864,51414,1110,161,94468,24807,9534,10899,49751,1167,70,70373,20356,5990,6848,36678,706,121,59747,18796,6055,6811,27551,305,12,6606,27190,158,12,34744,17935,15488,47181,26456,20102,44192,21254,20948,3510,5777,7008,4303,19644,13960,4052,3076
98122,27844,40135,21203,8787,2067,180,116206,33510,44178,25693,14390,1941,0,69647,21378,27193,14213,6294,1486,111,74605,24752,25406,16285,7388,515,0,15728,7110,83,0,26366,12615,12738,37564,19568,17384,42316,21262,20288,8100,16869,12638,4767,13991,6438,1041,1322
99713,25840,17683,21010,35003,1414,160,107016,27270,17178,27551,35216,1821,160,74143,20635,12607,14756,25778,1004,113,68629,20614,10903,16131,20409,652,96,14988,19994,79,96,29494,16112,12300,42315,24341,17440,41937,20229,19441,5336,10387,12308,4648,20671,9102,1752,900
104318,30113,23333,22199,28493,1913,182,101838,27004,23452,23210,29263,2080,237,82200,25808,16611,16321,22866,1384,135,70668,22992,12828,15770,18427,337,0,15047,18124,34,0,40579,20807,18067,48874,26779,21341,44460,22458,20839,6768,13964,13737,5239,20999,8056,1979,1108
96149,24245,27195,23545,21301,1814,159,104076,25914,27981,27697,22252,2079,346,70059,18699,19177,16241,15755,1302,96,61363,18969,13919,15144,12426,345,114,14891,12231,33,114,30003,16748,11965,39435,22942,15911,36386,19004,16210,6016,10421,11515,4661,18186,7798,1455,2243
96910,41241,20078,16730,17954,1722,149,114333,39715,30113,18961,23887,2350,42,67436,30589,13115,10927,11925,1189,91,68090,29067,16904,10886,10846,286,4,9991,10370,32,4,29634,10304,17995,43610,18986,23971,45674,18860,25513,2990,9279,13103,4960,20036,12350,1696,1601
103375,46366,21286,9611,24709,1599,134,123268,52487,25454,14476,28562,1816,202,68300,31929,13713,5999,15613,1040,88,64834,33382,11379,8043,11538,387,69,7144,11078,69,69,27859,9296,17172,44175,17923,25586,50749,19237,30212,1807,5263,8885,3081,26753,12734,1355,2388
99592,62183,24171,9397,1367,2765,122,106792,64182,28842,11068,1228,1273,54,74216,48572,15603,7061,945,2046,85,72175,50046,12962,7586,781,732,13,6964,689,86,13,33043,6242,25917,41370,7799,33113,45327,7843,37192,10279,22532,17388,5535,7742,2201,412,293
97608,66942,21316,6014,892,2801,124,108679,67740,29939,7878,1233,2627,54,71630,51843,12998,4254,604,1993,81,68699,53075,9152,4998,735,574,37,4576,423,27,37,32106,4587,26930,39040,5752,32880,40943,5947,34820,10020,24453,14016,4841,7259,2218,202,129
97323,69280,13687,10116,812,3362,135,101479,72474,15248,10595,1026,3098,138,78086,57243,9507,7922,604,2585,64,77949,59709,8103,7987,587,1779,13,7089,344,371,13,38334,7473,29859,46499,9127,36928,46719,8337,38067,12149,27391,17071,4099,6199,2556,540,547
103457,57340,21307,21352,1566,2252,161,107903,60434,22634,21259,1426,3256,295,86526,49160,16816,17616,1267,1801,123,86251,52401,14071,16524,813,2264,170,15902,672,128,170,30259,8126,20972,35894,10295,25123,38020,9617,28134,10851,26961,15450,4569,8497,3103,481,606
104535,60977,25178,14726,1027,2900,919,108190,61249,27540,14157,1003,3294,504,79668,49755,16131,10804,724,2208,567,74951,50908,11741,9800,526,1750,42,9255,408,169,42,38614,8585,29079,44665,10182,33960,46155,9167,36651,12162,23847,16544,6072,8169,3111,411,305
100103,42401,28918,25110,2720,2750,216,101249,44144,31498,22527,2901,2387,282,80212,37396,20706,18660,2170,2156,159,76773,39013,18223,16694,1945,726,140,15984,1815,272,140,32863,18077,13583,39997,21947,17441,36804,18734,17631,10181,19926,17021,6124,11642,4004,1488,1523
98202,46615,31097,14868,3996,2966,194,104922,48005,33998,17647,4473,2819,106,72667,37506,20405,10145,2979,2144,137,70655,38514,17651,11248,2589,667,25,10098,2203,108,25,27927,10087,16681,36818,14225,22004,40644,15069,25135,8329,15493,15861,6073,12549,4095,821,846
102381,69420,18834,5485,6369,2722,219,102502,67410,19988,7139,6041,1656,212,75238,52960,12352,3652,4386,1923,147,72197,51066,12847,4158,3469,572,44,3845,3101,115,44,41387,9696,29673,53023,14429,37705,55889,14714,40435,4587,13971,14487,6672,17309,6265,1215,1108
102075,64026,24342,7279,4211,2943,210,102379,62657,26072,8382,4915,1817,39,79433,52349,16755,5099,3141,2219,120,75675,51839,15261,5343,2479,593,0,4743,2152,79,0,40424,11447,26861,49105,16009,32210,49565,15881,33067,4550,13341,17306,6865,19230,5651,1459,1246
99595,54045,28710,12836,2947,3341,333,100136,54766,29630,12070,3349,2043,207,76241,44901,19158,8431,2133,2485,209,73148,45363,18515,6768,1568,610,24,6165,1234,141,24,28141,7702,18672,32810,10907,21146,30638,9617,20642,7409,18677,13435,5037,9653,3453,555,515
98885,72873,17844,3865,1869,2902,235,101784,73697,19471,4917,1622,1954,288,75161,57764,11569,2402,1303,2173,167,74565,58337,11801,2348,754,1077,66,2143,558,184,66,38435,5105,32040,46720,6957,39166,49012,7084,41548,6461,19731,15752,5939,11653,5051,1058,558
101242,73144,21301,3048,1099,3244,187,104327,75709,22757,2811,1216,2769,86,79581,59993,14236,2312,778,2445,137,77027,62160,11532,1736,530,1061,5,1465,438,132,5,36395,5450,29860,43600,6917,36068,46961,6836,39749,8977,21470,14332,5317,10800,4032,591,432
99771,77608,13976,3146,1534,3885,165,101541,79491,15219,3081,1539,3116,162,76819,62093,8864,1961,986,2926,101,76296,63514,8552,1853,724,1680,6,1283,464,367,6,41792,5028,35519,46919,6150,40206,48712,6044,42325,8151,24650,16789,5560,10479,3440,685,277
102541,57943,23252,15571,3510,3761,373,102993,59198,23764,15983,3685,2125,345,80386,48358,15934,11248,2654,2783,283,75494,48763,13382,10382,1808,813,146,9639,1576,150,146,27607,7433,18835,33966,11341,21975,32418,10510,21531,8688,20152,15189,5271,9804,4106,813,786
98475,65036,24555,5990,940,2897,302,98702,62523,26086,6598,945,4051,116,77055,52972,16940,4723,630,2187,153,74164,51075,15624,5063,517,1836,75,4596,448,314,75,38858,4966,32802,41943,5259,36240,41812,4870,36641,11503,23954,16282,5573,8618,2609,345,245
105051,74255,19563,5278,1459,4822,146,110736,77765,22213,5940,1546,2738,250,79207,59381,11902,3447,1032,3391,103,78040,62767,9064,3691,810,1453,155,3293,500,333,155,37832,6357,30157,47370,9109,37659,53704,9776,43459,7699,21452,17720,6616,10984,4201,579,817
103270,74080,13592,8358,1947,5698,179,108113,79391,14496,8589,2562,3825,105,80902,60793,8765,5882,1358,4092,123,79902,64809,6528,5461,914,1917,22,4538,642,288,22,36077,8038,26683,44246,10804,32784,47143,10509,36135,7490,23187,19313,7421,10345,3728,782,735
96657,68841,11740,11094,1173,4172,172,98751,70446,13061,11652,1084,2456,512,73816,55022,7279,7735,842,3002,115,71501,56014,5436,7820,607,1399,132,7312,504,351,132,36193,6883,28318,41938,8365,33128,42757,7825,34633,8915,22492,14783,5830,9575,3538,597,405
104480,64354,8368,27083,1603,3388,206,103726,64530,8807,26847,1619,2219,455,80816,51971,5736,19414,1135,2576,127,76988,51849,4193,18824,817,1110,66,18250,679,339,66,39763,9987,28850,44128,11993,31633,42507,10385,31804,7543,25529,17310,5652,9603,4112,925,494
104222,63633,21264,15645,980,3388,194,105174,63745,22545,16556,804,2055,25,79566,51894,13376,11384,661,2546,130,73603,51845,8552,11807,399,980,11,11474,299,176,11,39917,9503,29449,44950,10852,33701,45096,9108,35707,10468,27025,14917,5285,8847,3016,354,443
97899,77323,9989,6073,789,3605,125,102303,81134,11178,6907,967,2302,286,77051,62724,6335,4402,565,2761,65,78344,66347,5471,4601,562,1119,26,4018,360,88,26,39441,5638,32877,47724,7228,40013,50829,7307,43209,9546,23107,18464,5655,9020,3545,783,318
97912,49504,19125,26356,1011,2827,150,97109,50013,19993,24588,1124,2134,137,73624,39612,11869,19718,713,2068,109,68554,40320,8075,18308,614,1134,42,17703,354,130,42,34218,11954,21407,38404,13362,24585,38398,11769,26317,8468,20506,16129,4959,8653,3136,401,379
95166,60585,14754,15695,1844,2643,91,98526,61024,15758,16842,2042,4074,124,72244,48993,9183,10803,1341,1949,59,69269,49480,6574,10256,663,2312,19,9370,516,231,19,34079,6874,26106,39295,9342,29374,38583,8894,29367,7267,17420,16829,6022,10444,3746,972,348
95665,33768,31886,27032,1988,2454,113,95453,35031,32392,25892,1583,1328,116,71744,28686,20489,20044,1480,1861,95,64816,29318,15087,19202,929,326,0,18526,685,44,0,26189,12246,12809,30975,15337,15127,29281,13141,15723,11953,15672,14254,5762,7713,2638,782,622
98011,72784,9910,9975,2941,2625,142,105563,74700,12187,14108,3170,1273,60,75625,58365,6362,6820,2060,1940,103,76548,59816,5787,8858,1274,692,59,8536,1212,132,59,42593,7054,33666,50200,10534,39027,53738,11024,42061,4203,14213,16709,7360,16801,5766,1308,1184
99344,75886,12556,6830,954,3136,109,103373,79456,14419,6704,1218,1818,441,76059,60206,7822,4912,628,2341,83,76888,63939,6145,4862,605,1007,49,4421,460,211,49,37885,5799,30928,44894,7260,37196,49117,7326,41429,8866,22471,19303,6193,8619,3145,590,314
98727,62536,16454,16636,985,2583,130,99723,63052,17249,15091,803,4246,481,75965,50228,10667,12621,671,1923,97,72849,50508,7872,11294,452,2723,90,10765,271,111,90,38638,7528,30299,42941,8754,33835,43096,7973,34876,11122,22218,17837,5727,7154,2719,262,250
104951,55642,24172,21923,1521,2560,101,103539,56424,25135,18822,1604,2666,65,80165,46052,15748,15745,1112,1976,79,72831,46484,10419,13888,689,1368,5,13422,475,234,5,35561,11543,22729,41376,14399,26429,39078,12089,26676,11045,20283,15365,3822,8330,3359,648,814
104427,66851,21593,12768,1196,2710,105,108658,67407,22573,14237,1322,4401,4,79069,53366,13955,9113,859,2045,76,76226,54655,9572,9465,677,1743,13,8889,554,174,13,37507,7220,29251,43554,8934,34133,45138,8300,36458,11713,22523,16548,6093,8251,3810,556,523
101622,63245,16211,19263,907,2450,104,102585,61531,17758,17979,899,3984,138,82377,52513,11856,15630,656,1893,76,78450,51700,9827,13526,537,2880,76,12919,412,778,76,34073,6740,26563,39289,8034,30918,40105,7417,32395,10656,27557,17675,6695,7587,2530,455,285
100725,71433,19019,6239,1009,3443,164,107380,75575,20881,7383,1108,2765,74,77646,57989,12021,4377,702,2603,113,78818,61406,10455,4880,554,1068,59,4319,355,154,59,34115,6405,26846,41513,8289,32797,44545,8298,35881,11096,24066,17467,5182,9141,3139,351,305
105101,51857,26359,22355,2633,3388,199,127991,54756,35754,33397,4445,3835,399,73820,39842,16085,14287,1793,2375,122,82650,42195,17585,19886,1983,914,31,18945,1731,98,31,28454,8149,19239,40944,15411,24990,52243,21630,30008,8331,18347,16850,6467,12593,4303,264,698
97147,48915,32364,12631,1185,3071,269,104954,51052,35094,15776,1442,2805,477,71388,39223,20925,8621,764,2192,176,71689,42512,17004,10676,700,655,149,10251,529,102,149,30366,8513,20480,39044,13180,25220,43632,14996,28125,9187,18221,15383,5570,10426,3573,592,256
95308,57580,19668,14369,1454,2907,159,108206,61178,24968,19278,1607,3325,89,69596,44296,12637,9802,944,2077,108,75441,46090,14491,13129,837,863,4,12557,678,55,4,33748,7741,24464,46650,14387,31501,56186,18854,36638,5491,15982,15960,5064,13620,5637,571,430
102383,66075,25047,6605,1596,3782,194,106970,68372,26757,9363,1467,2828,128,77229,52866,16183,4442,1101,2805,113,76021,54574,14297,5527,701,941,47,4974,558,192,47,34011,6563,26246,41890,9471,31942,47715,11354,35874,10011,23131,15258,5304,9486,4388,419,278
102377,68598,23844,4536,1456,3755,1034,111617,71901,28897,6620,2486,2606,1107,75935,53709,15287,2892,973,2741,603,78912,56350,15924,3946,1094,834,145,3546,785,113,145,32834,6452,25061,39573,9056,29988,42079,9673,31913,8739,23085,15797,5573,10071,2724,587,380
96778,77218,13518,1602,1113,3323,224,104212,83000,16036,1908,1498,1830,129,75465,62473,8606,941,749,2479,152,78204,67328,8174,971,613,1059,40,749,424,180,40,40041,5940,32679,51007,8508,41798,58647,9324,48796,6004,20252,16868,5127,14744,5422,898,739
102208,81922,12905,2130,1459,3491,215,114795,90576,16731,3787,1820,2974,88,76901,63544,8188,1297,928,2522,145,83690,70326,9281,1664,840,1271,4,1268,696,163,4,41029,6114,33438,54539,9691,44067,63917,10815,52512,5854,18381,15304,7152,15278,6629,1338,483
99712,74604,18341,1778,988,4125,141,111089,83683,20642,2632,1213,2663,348,75368,58748,11682,1043,646,3062,86,79945,66681,9979,1472,477,1116,42,1045,404,229,42,34566,4770,28794,46213,7055,38609,56197,8279,47539,9216,23212,17691,6019,9888,2740,511,454
104950,68505,19738,9530,4480,3624,245,120170,75757,24692,12939,5675,2886,140,76421,52337,12631,6229,3026,2513,153,84129,57981,14390,8141,2857,814,28,7792,2398,104,28,39201,9413,27764,52933,16062,36002,61348,17720,42759,3658,12724,15718,6589,19653,7991,1756,1581
96737,59588,22066,7233,5027,3714,200,117610,67013,26064,14062,9177,2331,188,69595,45909,13613,4551,3280,2532,121,79416,52881,13096,7523,4561,848,100,7106,4242,248,100,32447,7223,23511,45104,13352,30972,59349,18518,39701,6772,16561,15003,5331,15311,5806,1008,464
96901,64148,14225,9964,6025,3173,235,136641,80817,19164,15652,18251,2294,437,65365,44903,8660,6238,3765,1943,141,84700,57809,10237,8824,6563,911,135,8439,6113,297,135,25675,5774,18401,48721,15360,32454,68717,21537,45899,3128,10913,12544,5088,24853,8587,1218,738
101554,58027,21547,13475,6732,2817,243,105712,60785,21307,13801,8618,2314,254,74949,45350,14262,9070,4670,2012,175,73745,47987,11987,8217,4645,727,74,7661,4041,104,74,38212,13186,22659,47916,20440,26501,47731,19534,27176,4720,11954,12649,5910,20822,8313,1489,908
100950,41943,10533,14316,32671,2100,243,109829,44549,13181,14335,36560,1955,177,69416,31266,6879,9430,20650,1376,167,65481,33792,7614,8684,14251,589,0,8243,13892,169,0,28659,11963,14863,42698,22347,19634,45373,21282,22563,1689,7456,9529,5167,24081,12893,1256,1301
95291,44284,14543,12584,22035,2217,234,104823,45243,17344,14813,27714,1207,483,69567,34800,9855,8518,14820,1542,154,64072,35424,8750,9849,9686,368,8,9204,9299,21,8,27873,11006,15117,39842,19651,19537,40686,18312,21210,2847,7030,10346,4823,22324,12363,1293,977
95687,48970,12473,11183,21379,2399,221,99782,48078,12401,15548,21470,1531,198,69883,38174,8261,7490,14504,1682,127,66708,37746,7228,9670,11183,597,54,9395,10612,59,54,36707,14490,19670,46578,22837,22822,45823,20855,23407,2684,9372,12304,4517,21044,10002,1645,1201
96054,49465,14929,12953,16845,2594,172,98203,50629,13028,14673,18585,1663,124,67787,36808,9511,8473,11520,1772,101,65428,38260,6957,9397,10104,473,77,8885,9641,132,77,33588,12405,18925,45156,20677,23600,45502,18497,24651,3626,9866,11733,5339,18411,8124,1198,832
95352,36469,23486,12018,22189,2388,206,100487,38858,25200,11672,23767,1759,319,75276,31335,16546,8890,17388,1801,153,65771,32884,11417,8679,12123,493,23,8165,11289,49,23,26974,13283,11840,36570,21453,14406,35260,18810,14445,6433,8372,11145,4426,18996,9697,2538,1022
96525,51083,15187,13893,14937,2088,237,98885,52182,17274,13863,14698,1489,150,79206,43851,11063,10680,12238,1599,155,68138,43525,7923,9108,6683,504,33,8321,6180,137,33,38779,17114,19258,46751,24632,21329,42617,21419,20300,2890,8457,12444,4663,25591,11744,3121,1694
95444,47225,12437,9347,24700,2243,210,97426,48213,14479,9520,24632,1366,66,74284,39407,8633,6502,18227,1612,138,67809,40946,7785,6509,11884,511,0,6218,11283,57,0,40928,18620,19732,49843,27123,21811,46683,23880,21115,4000,8950,10740,4955,23322,12263,1647,1440
96839,42963,8554,9462,34397,1596,214,97386,42352,8739,9745,35666,1051,109,73614,35440,6017,6927,23968,1154,143,59510,34524,5453,6952,11870,507,65,6508,11421,150,65,35534,15791,17704,44061,23400,19946,41114,19843,19850,1804,6405,9021,3225,25802,15311,2106,1966
103667,42876,24818,19180,15639,2809,316,106999,43509,27733,17463,17385,2464,700,83317,37342,17819,14269,12509,2180,211,77620,39245,14903,12488,10273,625,259,11816,9687,114,259,34275,16139,16204,45285,25123,19446,41510,21375,19373,5524,12738,16642,5587,24631,9190,1908,1038
101698,32979,27606,18909,21171,2785,257,104152,35322,26708,19650,21588,1848,188,77167,27761,18696,13923,15663,2042,178,67343,30742,11540,12791,11568,801,18,11831,11206,156,18,25313,12559,11285,35731,20643,14594,33970,17919,15452,6999,12600,14537,4681,20203,8375,1246,581
100631,57342,17753,8228,15364,2897,207,104297,59690,17888,8688,16614,1884,92,75285,45571,11898,5841,10357,2099,109,72504,48182,9649,5233,8445,684,21,4713,7752,59,21,41080,14752,23756,51026,22905,27254,49986,21696,27464,3473,10532,13150,5255,24935,9210,1245,915
96324,53667,18534,9047,12938,2832,224,100949,56967,17901,11132,13978,2507,296,72801,43595,12500,6191,8681,2089,147,72268,47374,10423,7317,6074,1096,0,6482,5609,166,0,32433,11014,19717,47899,20140,27060,50800,20760,29257,3999,11286,12837,6025,21904,8878,1297,887
100610,49170,17607,15471,16573,2719,219,111340,49406,19943,18676,21979,3072,148,68822,35535,11219,10135,10523,1773,121,68134,36455,10403,11507,8982,706,0,10487,8123,96,0,29717,11672,16471,44800,21819,22350,45246,20491,23874,3877,9537,10412,5274,22132,11366,1408,413
104336,53978,22242,17775,8153,3596,301,128145,62163,28630,24661,12375,2910,369,73339,41063,13946,11179,5186,2447,183,84769,49014,14714,15244,4586,876,0,14291,4125,62,0,27189,10925,14566,44143,22186,21167,59470,28798,29635,5378,11658,15764,6263,20625,8638,1190,1167
97178,49526,24715,14886,6508,3270,294,101287,50330,26499,15627,7381,3056,220,78709,42265,18075,11425,5408,2480,216,74573,43208,15727,11068,3429,838,100,10518,2326,149,100,30230,15595,12301,39025,23208,14901,40085,23611,15704,4743,11033,13078,3981,14362,5702,611,1179
101281,75429,11787,4703,6421,2983,223,108506,78313,14871,5721,8304,1709,197,74674,57593,7526,3151,4248,2072,134,76016,59498,8588,3568,3575,631,20,3317,2870,59,20,46692,11712,32617,59987,19325,39752,62570,19529,42201,2347,9262,12842,4557,26679,10230,1872,1097
100697,70679,17716,5439,3493,3925,247,113886,77912,20474,7532,5699,2407,208,74302,54736,11222,3334,2319,2759,180,81259,62605,11166,4013,2245,950,146,3612,1757,157,146,31477,6456,23519,49688,13213,35711,65551,17324,47561,4758,14765,16802,6364,18292,7524,837,717
102789,55842,35910,6815,2629,3091,416,110268,57284,40292,10187,3921,2512,675,77151,44953,24304,4500,1730,2263,253,80099,46402,25778,5085,1439,714,52,4667,915,53,52,34498,9107,23682,47102,14859,31411,54131,16356,37131,6757,21898,15502,5691,13259,4687,746,437
104711,51477,37370,10714,4186,3179,550,114351,58128,39922,11405,4253,2422,667,77705,40727,25238,7564,2915,2288,361,82926,46499,25143,7952,2110,747,5,6974,1544,50,5,35507,11860,21592,48688,19624,28144,51001,19376,30947,5355,15024,14971,7309,17553,7529,902,952
104028,76233,20389,2462,2094,3108,239,118867,82968,27264,4130,3270,2627,110,83076,63216,14248,1750,1414,2391,156,91421,68369,18221,2250,1457,1033,15,1713,1141,149,15,45241,9045,34317,64527,15904,47764,76859,18654,57471,3697,17905,16530,5977,20708,9437,1792,941
103491,68056,23131,4120,5883,2873,2352,113902,74361,27547,5666,4695,2372,335,82997,55797,17116,3196,4902,2150,2284,86769,62167,18041,3454,2081,691,93,3160,1605,97,93,38691,16285,19654,56637,28221,27382,64434,30949,32527,2945,9113,14302,3408,20626,8345,1744,1756
104145,41931,52706,5662,2929,3280,223,118326,48027,59016,7212,3118,3492,372,75222,32843,35423,3861,1978,2390,153,80674,38102,35835,4514,1597,742,26,3847,1217,24,26,26077,12264,12064,41641,23423,17314,49113,26672,21743,7671,18132,13875,5164,15507,5898,468,868
101993,33902,57656,7684,2073,3087,523,109061,35477,63560,6595,3040,3567,152,78163,29022,40783,5761,1620,2348,434,77975,32119,39506,4239,922,743,29,3629,489,52,29,24586,12069,10952,32336,17747,13951,34867,17392,16946,13264,23657,13380,3477,8325,3238,289,582
97434,47765,19750,8296,20185,2442,303,100107,47072,22702,9474,20582,2138,289,75170,39501,14135,6067,14077,1837,199,66077,37596,13775,6025,7958,510,32,5422,7143,26,32,33527,18192,12243,42268,27357,13852,38490,24287,13109,3669,7389,12269,5352,24416,11060,1721,1729
104493,60619,19643,6378,15783,2867,337,103120,56993,19420,6475,18560,1774,320,76191,46875,13077,4238,10317,1974,216,69081,45330,11247,3984,7696,629,100,3431,6875,108,100,40318,17685,18941,51146,27673,22173,47050,25116,20714,2485,11146,13426,6149,23573,9539,1666,1323
103569,47443,33382,14303,7525,3274,406,116383,54952,37562,14803,8443,2770,399,75462,37241,22251,9588,5091,2317,258,79634,43963,21894,9240,3646,484,11,8431,2917,92,11,30120,13456,14342,45196,24190,19929,48252,24963,22327,5180,17457,15932,6131,16958,6935,670,583
100220,47023,32574,12044,7582,2997,427,111362,51460,34140,16050,10061,2498,432,74399,37677,22111,8138,5256,2180,275,76961,41225,20201,9314,4506,613,141,8352,3934,97,141,27731,12943,12605,41954,22490,18378,45114,23160,21065,5617,14307,14568,6904,16116,7376,961,838
102457,61225,21363,6419,11530,2981,307,124398,67930,28471,9009,17590,2302,396,72064,45452,13582,4111,7200,2046,194,78863,50417,16316,5027,6295,727,142,4562,5622,29,142,31138,11247,17280,50122,23056,25893,59374,26893,31241,2896,10120,14173,6482,21809,9498,1035,1227
100844,72335,20376,3775,2191,2980,250,117318,80072,24159,5920,5515,1804,381,79759,60586,13263,2446,1531,2128,179,87764,67450,13517,3027,2339,818,173,2581,2020,80,173,41761,10911,28740,59448,18984,39481,71235,23347,46854,4583,14694,15820,5931,21116,8371,2061,1291
98153,69275,14543,2897,8788,2631,230,101279,70218,14591,4245,11074,2095,317,74000,54487,9580,1877,5899,1947,165,71912,56021,7718,2386,5056,629,15,2062,4510,177,15,40232,15359,22386,55914,25185,29725,57643,25127,31457,3058,7939,12524,4127,24810,11385,2222,1792
97652,65305,15895,3113,11301,2213,241,96436,64308,15956,4109,11244,1298,162,71964,49844,10881,2158,7511,1601,161,68432,50266,9456,2456,5710,503,21,2264,5153,88,21,43278,22866,17196,56392,34188,21064,55065,32762,20991,1995,5670,8736,3294,27335,12648,4293,2873
100235,72353,12857,2333,10675,1839,268,100414,72893,12893,2575,10064,1455,86,78851,58373,9428,1707,7658,1430,167,75787,59461,8600,1716,5203,548,5,1288,3980,112,5,52167,32064,16357,62783,42144,19289,57820,36902,19375,1108,4013,7476,2547,30781,16715,5742,3434
101695,62550,14269,4423,18823,2144,202,99917,61709,15934,5004,16185,1586,425,80815,51959,10597,3320,13489,1593,145,73436,51785,10429,3102,6987,545,228,2453,6082,51,228,49998,30387,16053,58002,39812,16950,52064,35497,15230,1481,5768,9017,3936,30708,17454,4266,2936
96848,59661,17055,4642,14217,1890,223,94981,53816,21444,6263,13036,2067,121,85195,52705,14690,3966,12643,1560,178,79080,47697,17423,4975,8238,614,24,4128,6966,111,24,51030,40927,6569,56914,48833,6910,58150,48354,8218,1737,4361,7279,2141,22464,11049,2258,2889
97526,60749,23904,5073,6013,2687,249,98645,59693,25263,5330,6190,2142,375,84407,54789,18697,4132,4995,2222,197,79243,53969,17374,3183,3639,741,13,2561,2932,82,13,45919,33925,8528,56993,44919,10765,50931,38408,11251,4053,9016,11501,3664,31658,11446,3508,1777
95797,22312,57202,12042,4226,3623,195,95671,24301,52033,14676,5312,2787,64,72399,20052,39520,9188,3300,2816,148,55225,22091,19673,10350,2673,366,30,9881,2180,14,30,20156,15694,3080,25566,21176,3863,22824,18243,3999,15247,15265,10874,3145,13778,4903,1236,535
102547,42512,30339,14492,14694,2945,350,107169,46122,30127,15655,15220,2686,324,84176,37576,22884,10923,11992,2315,236,76628,38956,18527,11067,7257,548,43,10271,6377,68,43,34600,23287,8416,44872,33414,10391,38810,28128,9683,5192,12032,15750,4984,26246,13420,1345,1492
99909,36843,33680,17241,11537,2975,336,108290,33919,40767,21929,11998,1952,354,74755,29752,23189,12354,8457,2214,251,69924,28376,21590,13281,6152,507,64,12493,5882,13,64,28583,16707,9823,42091,27483,13637,40015,25285,13823,6127,14743,14938,5067,18775,6905,1116,785
99611,25065,47865,18104,8745,3003,230,120389,32162,54112,22347,12280,4582,141,70889,20369,31074,12611,6533,2154,139,70763,26167,24809,13612,5627,429,57,12648,5128,4,57,19496,12685,5542,34159,24048,9342,38515,25637,12008,11169,14287,12823,4835,13998,6172,589,773
98249,18668,66067,10649,3032,3597,223,103290,23359,64380,11922,4609,4089,203,71586,16241,45032,7809,2274,2732,150,66656,21144,34561,7420,2720,628,24,7090,2399,57,24,17739,13396,3263,29199,22849,5691,32440,23281,8449,14682,16895,11178,3687,12370,3809,675,388
103492,38482,50756,8810,4880,3444,253,104132,41416,45339,8762,8325,2945,592,83785,34420,37608,6827,3988,2753,187,77204,36806,28658,6225,4469,723,28,5740,3817,264,28,31294,21933,7048,42733,32653,9102,41142,30134,10096,8900,13819,14836,5241,24348,6799,929,722
98474,39049,36678,16551,5516,3034,286,99402,39822,40218,12551,6790,2677,491,83668,35960,28578,13431,4748,2455,230,72429,36366,21661,9100,4074,651,57,8305,2812,126,57,34335,29082,2996,44889,39250,4669,38537,31210,6201,7985,11093,11667,3715,24281,8660,2149,1327
101130,22181,71537,5970,1306,3049,222,107012,24997,72805,7843,2358,3044,61,73097,18461,49044,4121,882,2256,139,71832,20883,45467,3903,1235,286,0,3685,1002,93,0,22807,10680,11198,31842,15372,16057,39418,17744,21258,12400,21325,12715,5646,6821,2534,179,314
99408,19180,65857,11755,3934,3054,604,106678,19624,69573,15171,4165,3604,760,69093,15197,43626,7664,2686,2131,363,70576,15692,43290,8740,1887,439,93,8050,1304,96,93,18956,10995,6758,31313,18939,11812,38338,20733,17108,7178,17516,15537,6716,9585,3768,290,324
100576,30187,51209,13350,7008,3085,610,104893,32652,52132,14264,8324,4996,392,69442,22855,33454,8465,4537,2085,368,68206,24268,32542,7300,2916,563,119,6397,2411,64,119,24435,11759,11064,42268,23743,17850,52629,27535,24401,2983,10565,14109,5619,16917,7583,665,714
103039,21143,65110,11905,5683,3101,590,102172,20471,64225,13289,5746,3125,524,78391,17867,47339,8774,4225,2383,412,74485,16948,45933,8502,2545,195,8,7732,1883,57,8,29481,17577,10049,38292,24562,13071,35048,20645,13916,6586,16753,17180,7451,11543,4772,603,875
95502,27883,56918,6856,4271,3062,351,99335,29705,58756,6947,4570,3402,294,71690,22778,40690,4682,3115,2304,266,70900,23624,39256,3955,2987,844,102,3705,2411,147,102,35796,18377,14972,44713,25633,18316,41956,22758,18635,4707,14336,16157,8205,15146,6728,1080,624
100331,27782,49357,10844,12785,2987,443,106232,27646,52570,14201,12985,3417,343,79769,24440,37796,7855,9327,2416,307,70930,23488,36092,7162,3431,516,16,6570,3042,120,16,28967,16358,10506,36010,22589,12770,32389,19131,12690,5759,13826,16308,5659,14473,6277,1993,1552
102457,35989,47852,8718,9870,2808,375,107333,35664,52974,9308,10185,3207,600,83154,30860,37481,6759,7589,2213,238,80592,29919,37778,6808,5021,465,136,5812,3797,43,136,36140,17955,15574,46763,27053,18936,47473,26212,20454,3033,8185,13303,5899,21041,9292,2168,1608
99507,46146,42357,6158,4610,2701,343,102061,46644,45780,6129,4348,2776,317,80288,40100,31778,4398,3360,2093,245,76060,39230,30480,3881,1689,374,34,3437,1275,113,34,46674,19624,24170,53308,26848,25648,49437,24648,23989,4357,10841,14704,5312,19369,10483,4223,2145
101073,50207,35618,5643,9001,2448,381,104090,50330,38683,6489,9531,2703,707,75440,39684,24919,3860,6059,1716,249,71366,39527,23496,3603,3948,453,68,2623,3410,95,68,38275,13419,22625,53005,22747,29578,54958,22710,31402,2063,6358,11426,5733,22730,10280,3504,1670
99029,46623,34891,7750,9388,2642,531,98042,44880,35198,7752,8415,3353,215,71516,35588,23490,5254,6336,1876,359,66400,34686,20672,5443,4732,717,0,5036,4075,38,0,36631,12720,21788,50334,21481,28160,53764,22301,30724,2283,7827,13380,5243,20032,10464,2362,1257
104140,41982,45885,11143,4972,3453,560,106119,41029,46655,14276,4855,2912,466,80426,35282,32707,7880,3667,2639,376,78546,34900,31045,9357,2257,573,184,8411,1585,120,184,39834,17159,20080,48556,24485,23215,46760,22850,23206,4285,15169,17770,7132,16358,5806,1241,864
101455,30772,51556,15547,4233,3252,492,100355,29453,54295,12961,4456,3506,507,77781,26837,36361,10849,3230,2469,352,70397,26343,33438,7568,2197,356,117,7249,1890,54,117,31287,15518,13893,38608,21534,16398,35085,18727,15895,8254,18065,16966,6696,11337,4407,833,487
98276,27850,41682,25020,4983,3257,853,107983,31206,44656,27626,8081,3116,1116,71789,22737,28016,17258,3559,2354,529,72719,25681,26055,16201,3146,773,271,15119,2822,187,271,28038,14641,11729,37705,22089,14929,39609,22021,16958,5051,15491,16091,7127,12072,5414,818,645
99537,34765,43382,17942,4026,2912,512,102157,36057,44581,19055,4106,2519,937,75324,29048,30543,12422,3076,2125,360,70302,29035,26460,12008,1731,456,198,11033,1328,115,198,30419,16277,12131,36840,22002,14266,33131,18748,13802,8794,14825,13555,4963,11959,5767,2519,779
104868,11092,77766,15899,1224,3136,256,108280,11609,82703,13978,1213,3619,99,77572,9716,55269,11918,870,2358,147,71968,9935,51214,9561,787,428,40,9327,707,76,40,24595,17780,5902,31127,22437,8275,28276,18601,9317,15346,25897,15345,4044,4972,1686,176,207
99409,6314,90911,1830,728,2476,166,99909,7730,89937,1554,458,2845,222,73254,5299,66356,1109,533,1959,121,64023,6689,55912,910,147,239,136,755,61,80,136,23738,17976,4888,28491,20499,7627,25190,15877,8997,20353,22883,12626,4010,4148,1093,158,89
100967,10534,84467,5123,1337,2473,221,102362,9350,87148,4947,1477,3666,663,73633,9188,59674,3909,987,1870,145,62727,8167,50855,2358,637,317,204,2160,421,51,204,18586,14198,3644,22307,16336,5613,19360,12427,6710,19184,19233,12180,3028,3560,1290,90,24
99092,6714,86860,4847,1333,2664,259,99525,5448,89008,5214,1564,3970,426,71974,5607,62307,3217,918,2052,155,61357,4621,53313,2419,422,475,25,2114,276,241,25,22027,16408,4687,26689,19498,6803,23112,15030,7842,19372,22270,12357,3854,4021,1258,194,138
99641,19030,73478,5313,1971,2998,238,100867,18451,74809,5802,1832,3921,309,81196,17516,57511,4332,1599,2397,168,70478,17083,47070,4484,1160,462,32,4171,682,229,32,27283,20828,4995,34054,26141,7382,31047,22314,8139,16633,17772,13125,3417,8238,4709,1669,1104
99887,19358,74265,4584,1899,3262,252,101936,18753,77598,3687,1779,2311,332,77559,17093,55682,3100,1397,2502,171,68738,16730,48545,2088,715,429,155,1878,634,203,155,30605,19301,9680,36917,24464,11912,33043,20377,12102,14569,19711,15796,4558,9936,4165,1711,1067
98862,66480,14187,4636,11181,2644,272,98925,65451,15132,4609,11806,1786,436,74679,52760,9488,3211,7303,1908,183,67956,50227,7636,2905,6098,781,13,2472,5604,155,13,44754,13614,28556,54645,20679,33116,54143,19590,33686,2257,8958,10931,3940,24573,11476,3054,1488
104450,69850,17974,7183,6603,3273,467,105747,71044,21276,7038,5327,2381,226,79366,55830,11845,4603,4674,2375,284,75357,56037,11202,4221,2883,924,49,3815,2595,52,49,44119,12277,29472,52932,18590,33458,52334,18099,33553,4097,14710,16336,6100,20431,6869,984,708
101815,46022,36355,10869,6487,3524,613,101155,48552,33933,10756,6917,1680,470,77069,38868,23995,7254,4969,2667,361,66714,42172,13698,6124,3752,669,273,5810,3542,188,273,28278,9717,17081,33893,13807,19444,32990,13361,19186,11739,21639,14793,5382,10099,3318,296,215
100489,65769,13726,9553,8763,2813,686,99297,61610,15329,11182,10768,1820,504,79663,54956,9563,6540,6325,2097,463,72631,51894,8048,6278,5087,702,27,5854,4693,135,27,47445,14691,30306,55981,21789,33307,53646,20630,32220,2816,10359,16007,6167,22944,9002,2131,1022
104003,39802,19919,28115,13996,2706,1634,106003,36335,21612,33194,13226,1975,1111,82112,34297,14552,20474,10828,2092,1083,72070,31336,11999,20694,6562,647,714,18765,6041,56,714,31455,15247,14400,40826,23488,16662,38767,20975,16928,5619,12119,17339,6803,18629,8011,1295,1065
97335,22664,23178,40050,11352,2219,267,101457,23524,26415,41802,10941,1547,188,70846,18180,15595,28328,8212,1598,166,64963,17311,13644,26719,6269,567,47,26021,6124,109,47,26978,16789,9190,35914,23985,11517,34381,21742,12086,5293,12711,14394,6458,15124,6618,1067,734
98138,18046,52995,20379,6449,3592,258,92253,16042,51972,18968,5594,1746,418,70746,15648,34961,14295,5306,2573,158,45238,12993,17382,11577,2628,580,162,10992,2491,85,162,16750,10072,5802,20376,12882,7141,17843,10242,7291,17606,16781,8983,3338,5912,2138,159,160
100775,33708,29222,25995,11161,2762,321,100651,31362,32463,26289,11628,2606,379,76974,28786,19798,18268,9117,2069,207,63918,26155,15858,15646,5159,867,196,14870,4766,190,196,30857,16222,13014,36251,20941,14759,32933,18042,14316,7660,16032,15313,4431,11304,4958,460,839
103324,39563,22872,29998,10083,2940,294,110107,45153,23534,31791,9579,1773,285,74392,30884,15115,20099,7266,2117,196,73138,33995,13466,19452,5529,576,14,19005,5117,79,14,35994,17399,17014,44884,24495,19795,43468,22674,20122,6152,14341,15113,6864,16800,6456,931,585
99179,59503,16595,14931,6337,2858,245,101769,57905,19911,15958,6109,2639,708,77303,49568,10957,10327,4614,2160,166,75260,48495,11222,10721,3550,784,492,10181,3281,96,492,45458,16172,26829,52153,22788,28551,49953,21899,27111,3582,13992,15679,5696,20036,7164,1325,937
100749,25835,36567,34463,3302,2666,192,104141,24947,40480,34747,4450,1988,335,71787,21161,22948,24726,2130,1860,124,61158,20560,15000,23560,1387,582,143,23283,1257,176,143,26361,16007,9574,31804,19598,11812,30520,17272,12908,14784,19676,14216,3852,6672,2370,281,248
96383,36377,24672,29281,5335,2658,266,109011,38857,29244,33351,7664,1788,1006,69156,28890,15848,19603,3866,1895,161,71885,30630,15299,21219,3455,645,62,20271,3068,52,62,29942,14824,13866,41196,22699,17904,45957,24268,21117,6002,17140,13838,5216,12523,5275,833,772
98360,40179,28182,24534,4582,2743,188,103853,40843,30822,28587,5506,2021,191,75630,34687,19030,17424,3353,2065,131,71299,34121,15690,17926,2920,534,5,17007,2703,72,5,35200,17026,16371,41451,22570,18166,37928,19984,17433,7397,18807,14469,4983,13339,6849,1529,1037
99335,16003,39222,41010,3209,2172,209,104845,15664,48005,38764,2837,2289,113,71807,13911,25375,29764,2393,1623,141,60700,13542,17718,27118,1428,536,35,26706,1366,197,35,23875,17866,5249,28464,21666,6448,25478,17890,7207,15314,19206,13407,3982,8039,2472,424,360
101917,18568,67178,11351,4257,2433,340,99730,19469,62186,11813,6134,2917,515,72851,15467,45608,7903,3125,1884,211,54505,15912,27332,7653,2933,499,9,7298,2653,127,9,19425,12231,6332,24396,15676,8331,23150,13279,9515,21209,17811,9511,2944,6746,2312,602,229
104666,32053,58750,9930,3266,2585,147,102968,32122,57782,9210,4344,2536,79,80395,28423,41055,7732,2412,2005,102,63223,28542,25877,6343,1658,542,23,5842,1380,161,23,23696,14078,8198,31085,19567,10929,29581,17181,11946,19928,14771,10143,3822,10841,5005,1502,789
100307,55941,22140,16427,4329,2526,206,97882,56869,18473,17454,4453,2366,128,79991,47853,15394,11808,3504,1927,150,73041,47896,10897,11394,2055,711,9,10859,1647,69,9,35370,15468,17622,42256,21237,20306,40024,19214,20244,6169,11408,12377,3445,19053,7344,2562,1620
100458,56524,29174,9151,3194,3410,377,101823,54638,32850,10030,3872,2773,258,76007,46092,19318,6072,2338,2541,235,71727,46135,17379,5432,1743,569,78,4887,1381,176,78,30661,9364,19622,39036,14409,23920,41019,15062,25454,6765,20327,16150,5751,11800,4326,978,404
103109,62116,23644,10032,5122,3563,308,118534,66896,29037,14677,6730,2198,290,73749,47406,14778,6052,3522,2433,167,80449,51819,16622,7742,3036,924,5,7457,2612,142,5,32489,8189,22736,45378,14634,29982,54132,17721,35798,5048,17944,15107,6572,15505,6044,616,367
99580,56278,19448,11195,10535,3045,404,99959,55335,19546,14110,9195,1881,285,69965,41302,12497,7135,7278,2107,272,66141,40659,11732,8219,4560,757,15,7349,4222,118,15,34191,11470,20604,43708,18370,24510,43952,17584,25740,2983,13061,14015,5757,17961,6103,704,820
97406,43603,24907,15321,12485,2900,382,107280,48306,25745,19337,12944,1633,695,69558,33329,16457,9779,8766,2047,265,72773,38747,16567,10683,6099,540,24,9842,5533,23,24,25449,9733,14246,38441,17827,19924,41113,17792,22765,4238,13608,14685,5866,17332,5963,558,509
97266,21278,62339,6840,6079,3799,199,96868,18855,66658,5246,5419,2100,122,72624,18764,42869,5211,4952,2749,130,44584,16747,20661,3897,2996,250,6,3650,2840,34,6,21013,10729,9374,25456,14345,10747,23185,11564,11095,20461,14079,9206,2832,9112,3395,367,546
100436,20273,37404,21679,20667,3021,332,101410,15344,39536,23869,23489,1962,267,75554,17892,26031,15782,15252,2185,240,50763,13990,14368,14368,7398,539,18,14046,7017,70,18,21253,12779,7579,26486,16969,9131,23121,12131,9635,11792,12785,10961,5107,15762,6711,1109,524
104174,33985,12200,10590,46247,1762,164,103428,31134,12337,11365,47891,1157,139,77874,28144,8572,7894,32232,1245,134,54861,25254,6486,7475,14992,300,48,6735,14541,82,48,33113,16530,14954,41525,23820,17096,39196,20172,17076,1744,5574,8172,3584,26567,18415,3234,1568
104278,36716,43927,11890,10625,3339,161,104684,35702,44335,12552,12135,2538,21,84409,33297,31523,9366,8969,2701,111,65885,31938,18324,9093,5910,693,0,8099,5242,83,0,32364,16585,14137,40461,23757,15999,38824,21511,16479,10831,14671,14015,4143,20415,7409,1552,774
103942,50376,21764,14737,15583,2525,189,103110,47587,23054,18220,14887,2112,239,81668,41967,15178,10683,12363,1933,143,69100,37355,11975,10421,8450,568,62,9833,7715,94,62,37088,18267,16803,45682,26191,18585,43488,23103,18507,6546,10652,12060,5983,20214,9203,1570,1434
98156,27849,37811,13578,18241,2861,181,97761,25614,40145,15718,16775,1906,80,74820,24062,25957,9748,14128,2118,143,58732,21503,16052,10138,10293,500,7,9372,9930,64,7,27660,13972,12529,34380,18720,15132,32286,16012,15380,12727,15256,13790,4927,10139,4632,598,562
100695,23005,55713,15514,5784,3602,145,100728,18890,60094,15089,5238,2944,20,73080,20024,37053,10835,4352,2586,90,50919,16853,20100,10696,2711,657,7,9992,2657,79,7,25316,13587,10748,29249,16991,11820,26390,14236,11680,16726,15868,12309,4237,7619,2689,452,426
97788,42600,22140,20395,11103,3050,230,101328,43766,23075,21377,12080,2222,168,73972,35042,15000,14068,8272,2273,151,71488,35955,11987,14690,8030,937,13,13678,7518,132,13,34593,14224,18952,43959,21046,22279,44431,20231,23283,5757,15750,16992,5991,14844,6208,801,820
100061,29017,35398,28633,6232,3019,186,100343,25994,33496,34446,6777,2472,331,72893,24384,23228,19366,4841,2230,130,63096,22467,15637,20211,4018,605,40,19620,3717,96,40,31340,16158,14105,36818,21209,15147,34410,18492,15366,9260,18301,15219,5618,9254,3923,500,639
105039,19682,62078,21706,1417,3677,178,103425,17856,62130,23542,1296,3098,198,72890,16827,39702,14788,1055,2655,129,54591,15059,22249,16297,867,354,23,15748,733,54,23,20596,11863,8020,23548,14849,8353,21599,12743,8535,17611,18641,13546,4228,4528,1719,242,269
99069,15139,36535,46660,715,2497,115,102336,14143,39991,47144,891,2783,27,70846,13147,23213,33512,512,1834,85,62499,11814,16385,33265,501,740,16,32150,405,161,16,24538,18888,5151,30819,24348,6141,29551,22036,7113,13014,17753,13663,4568,6674,2973,118,478
99075,13918,29656,54199,1446,2710,138,98301,13066,30847,52594,1626,2295,142,74104,12543,19564,40556,1139,1953,93,66993,11592,14498,39585,928,875,0,38158,739,72,0,35376,26496,8047,41385,32385,8528,37231,28068,8648,8627,17672,16617,5202,10032,5483,708,526
99232,17608,27741,48514,5563,2609,157,102691,16119,29848,52679,5486,2052,110,73634,15166,18560,35437,4131,1854,104,70440,13329,16176,36758,3055,652,0,35796,2922,63,0,38341,27364,9890,46416,34304,11523,44303,31026,12538,6222,14961,17072,5606,13792,5580,522,883
101239,18192,63265,15417,3792,3338,225,103171,17085,65457,17129,3863,2711,91,72932,15834,42630,10695,2972,2473,172,55660,15038,27365,10520,2106,514,0,10129,1970,185,0,21757,12404,8492,26598,16305,9894,25165,14059,10721,17193,19424,10786,3972,6775,2118,324,342
102721,52244,25793,16147,7330,2384,194,102234,51683,23804,17576,7785,1527,1008,82683,44246,18517,12744,6041,1803,143,70088,42346,10405,12420,3973,629,253,11602,3333,108,253,38525,19299,17437,45888,26192,19005,42419,23101,18371,4788,9109,12514,3706,24328,10570,4221,1866
103701,29754,30083,36214,7295,2466,162,103968,30541,27807,38370,7242,2603,61,76338,23782,20208,26587,5208,1832,111,57749,23734,8203,22121,3127,713,20,21295,2831,187,20,26197,15804,9173,30553,19761,10296,27188,16099,10357,10187,14670,13747,4840,15382,6408,1864,744
97532,33024,54182,6178,3276,2741,128,97085,31373,54924,5283,5007,2399,279,72734,27055,37697,4808,2332,2011,101,49288,24791,17472,4141,2225,653,0,4030,1993,144,0,29874,16713,11890,35102,21120,13504,33430,18445,14250,17206,11609,7623,2562,14068,6430,2643,1073
99598,13957,71102,12737,1600,3354,97,101525,17118,69896,13395,1902,4548,59,74268,12386,50580,9539,1301,2574,71,58784,14789,32813,9448,1234,440,17,9141,1110,93,17,21962,17698,3443,28671,22887,5362,27334,19797,7008,22219,15860,8879,2559,9220,3435,1320,603
101421,7672,70518,21783,1610,3380,135,100819,8761,69501,22234,899,4017,70,73114,6886,48541,16278,1254,2473,101,53897,8343,30309,14220,653,387,14,13698,608,46,14,21540,18017,2962,25910,21193,4376,23177,16827,5963,21284,17648,10501,2708,5935,1946,403,196
102687,3711,31881,66473,829,2187,129,108443,5074,37543,64967,979,2147,228,74524,3201,20106,50541,625,1527,93,68843,4489,15436,48002,598,424,13,47357,564,167,13,31456,29398,1634,34601,31981,2264,28852,25107,3282,13564,23478,15638,3430,6773,2476,497,418
96825,21383,26605,45854,2860,1972,118,100490,20023,33036,43872,3597,2396,379,78383,20690,18412,36313,2604,1464,95,71175,19191,13453,35333,2199,1187,17,34004,1926,286,17,24889,20504,3589,31918,25907,5578,27678,20669,6474,13492,18555,12386,3110,12793,6131,1941,553
101020,4942,74730,20968,570,4147,110,98035,5513,71539,20631,552,1978,51,69616,4304,49317,15550,403,2855,82,43968,4913,24441,13961,200,166,2,13708,173,96,2,16353,13967,2005,19346,15908,3194,16296,11805,4268,21834,17805,8850,2394,3047,529,28,43
102214,16089,60414,23270,2184,3179,136,101698,15223,58942,24488,2984,1760,127,74750,14210,41165,17079,1762,2429,98,54273,13457,22537,16042,1644,461,4,15785,1415,68,4,22268,16434,5049,27166,20436,6288,24271,16810,7047,17668,18768,12051,2575,6952,2297,484,334
98692,43941,31388,14820,7534,2726,211,95569,39983,30604,16919,7626,1820,231,86990,42183,24670,12081,6832,2252,164,74146,37330,18053,13252,4720,639,2,12645,3925,92,2,32775,22333,8689,42914,30495,11771,39264,25755,12686,8453,8469,9573,3736,25200,10466,4435,2087
98021,71301,14530,5076,4891,2530,187,95259,69600,14360,5206,4888,1666,23,80393,59987,10946,3907,3680,1951,130,74457,58049,9235,3420,3079,703,0,2889,2554,237,0,47088,25487,18778,58389,35030,22404,56136,31429,23394,2519,5025,8218,2309,30238,12588,6171,2104
98657,57331,18638,11863,9612,2336,191,96470,55252,18537,13555,8425,1414,270,77485,46673,13232,9509,7017,1752,130,64685,44122,7795,8656,3253,642,74,7900,2690,170,74,36928,15593,19540,45774,22453,22693,44111,19799,23312,5613,7256,7901,2650,23374,10513,4985,1604
97185,27220,48393,18466,2696,2727,189,97645,25141,53356,16147,2691,1500,439,70434,22525,32328,12732,2003,1993,141,60503,21697,26448,10268,1405,581,51,9534,1181,96,51,20711,9076,10954,25642,11739,13563,25157,10831,14075,13612,17439,13603,6049,5928,2483,503,296
98621,59605,24749,9375,2656,2853,166,97965,54641,29238,10312,3178,2529,298,71883,45920,15691,6590,1841,2057,100,64159,42100,13987,5951,1585,512,13,5419,1360,40,13,35712,8782,25476,43982,12341,31095,43938,11866,31635,5441,14921,13840,5589,11698,5062,1034,431
101141,42814,49891,4263,2894,2828,197,100306,39316,53212,5521,2175,3190,88,75670,35516,33836,2790,2183,2135,133,67023,33417,28277,3466,1280,480,26,3200,1203,84,26,31188,8810,21189,37183,11478,25196,35816,10552,24926,9175,19984,14425,4984,8716,3565,542,361
98347,9773,84260,3603,787,2726,101,98429,7721,86049,3880,679,1874,75,69624,8413,58213,2232,578,2042,74,46743,6798,37168,2189,349,207,5,2130,335,66,5,15976,10219,5116,18708,10828,7651,16582,8051,8373,23009,19132,9051,3343,3161,561,186,147
96414,15791,56823,16570,7528,2391,160,93564,16149,57328,13194,7094,1501,113,70103,13608,39139,11431,5735,1784,106,54220,14261,26170,9610,3852,519,42,8826,3744,28,42,19112,11270,6977,23987,13818,9831,21531,10798,10337,13278,17351,12905,4644,8134,1831,406,299
99921,52118,23886,9961,12626,2748,214,99094,52954,22135,10680,12916,2759,185,78114,43213,16617,7075,9761,2091,153,71039,43294,13151,6684,6824,823,79,5943,6246,134,79,38173,15035,20953,46781,21215,24762,44543,19513,23934,5022,10837,13920,6334,18798,9459,1743,1711
104004,14169,60321,18860,11479,2435,162,107322,13455,62836,18414,12842,2065,224,77143,12296,41890,14288,8940,1766,123,64479,12234,30498,13428,7864,491,90,13122,7780,158,90,27610,17127,9561,35041,20463,14214,33639,17574,15579,16242,17867,13601,5819,9713,2730,992,599
104449,7477,88636,6044,2580,3284,106,96268,7814,79396,7323,2834,2336,110,78366,6577,65177,4561,2039,2456,68,52438,6921,39118,4558,1382,288,28,4363,1202,93,28,20842,16158,3880,24352,17349,6676,21196,13386,7450,25552,19007,9325,3192,6101,2062,584,371
97049,6490,71550,18351,1252,2762,107,98189,4744,75493,17394,1495,1221,108,70712,5620,50402,13894,978,2056,82,51846,4261,33976,12647,781,113,14,12561,753,53,14,21193,16394,4178,24051,16915,6906,20657,12773,7662,20280,20286,10877,3424,4480,807,180,33
98654,12818,70044,14217,1951,3167,127,96621,10836,70010,13603,2425,2811,119,68233,10792,45731,10151,1491,2235,82,46139,9244,26141,8953,1402,398,7,8365,1249,150,7,17438,10760,6129,21614,12769,8603,19709,10333,9191,16139,16499,10235,4383,4650,1398,193,59
103325,3198,30612,68004,2579,2087,135,110722,3361,36083,69275,3354,2422,566,74693,2719,19754,50642,1999,1472,101,67491,3111,14050,47839,2062,311,0,46938,2022,72,0,30095,28035,1491,36223,33049,2853,33176,28565,4225,12039,19817,15134,4258,8116,3650,474,925
104159,22046,21930,51728,8822,1719,340,100153,18770,22833,52145,6861,1849,263,88972,21153,17630,41964,8298,1276,281,77314,17338,12959,41596,4222,852,47,40850,3854,290,47,26997,23001,2875,34193,29017,4679,33476,27780,5114,8047,16106,12144,3842,13969,7034,3235,1241
97081,2301,44777,50068,537,2314,106,97632,2329,48546,46929,479,1467,134,70134,1929,29063,38958,365,1610,80,54514,1997,16221,35946,251,149,22,35654,245,17,22,27048,25407,1261,28764,26008,2512,24004,20080,3713,18643,21008,10659,3005,3785,1214,56,127
99081,7409,40059,47616,4749,2537,141,97186,9690,35968,47578,4218,2611,232,74234,6108,27728,36748,3983,1851,91,62916,7963,15758,35896,2669,553,19,34920,2543,153,19,27924,24029,3171,32644,27356,5012,28155,21851,5949,13201,17210,13099,3666,9981,3924,1369,1152
98755,11146,62015,17520,8449,3119,193,98953,11604,66528,15038,7000,1923,117,69771,9412,42158,12513,5850,2176,128,33539,9016,13152,8233,2686,155,47,7988,2521,29,47,14020,9584,3831,16193,10999,4986,13394,8002,5129,24923,13794,6971,3028,8309,2813,857,392
103955,9114,62416,21851,11202,3402,199,103634,8322,67801,19369,10010,2026,355,75536,7865,42701,16141,9224,2424,135,38841,7086,15872,10301,5271,270,34,9867,5007,57,34,15622,10872,4244,18462,12244,6030,14637,8651,5705,25093,15883,9242,3282,8322,2348,492,296
96265,4582,53861,19690,18115,2575,167,93550,4866,49824,24616,15728,2495,84,70664,3952,37586,14003,14924,1845,115,44066,4257,16924,13113,9342,246,14,12872,9124,13,14,15830,11679,3678,19863,12607,7050,15647,8584,6853,19908,17115,8320,4306,6564,1876,623,487
99225,9859,70511,17680,1386,3133,160,95320,11290,63319,19940,1729,3177,42,73786,8657,50837,13155,1043,2351,104,57545,9795,32870,13422,1002,274,19,12825,807,56,19,22723,18165,3742,27025,20328,6384,24977,16939,7704,23069,18532,10336,2980,7102,2133,481,342
97272,6442,85635,4438,953,3317,104,93761,6166,83265,3795,915,1966,0,68127,5597,58530,3257,746,2366,73,42750,5370,34125,2592,584,153,0,2436,560,28,0,15145,10820,3831,17786,11548,6024,15515,8384,6984,27409,16752,7002,1641,1889,575,136,95
98825,9473,33888,33532,22504,2126,162,100264,11336,34177,36165,19434,2107,248,74487,8086,24594,23520,18490,1596,116,57275,8612,16193,19887,11895,356,31,19444,11663,38,31,22619,16613,5366,29451,18863,10314,24494,13814,10168,13286,16315,13328,5127,10767,3674,689,522
101370,46659,25420,12537,15702,2131,161,99465,43457,24904,14187,16870,2764,363,76795,37227,18201,8995,11310,1660,116,60083,33489,10226,7811,7457,648,25,7016,6784,158,25,33950,12579,19585,41535,18446,22465,38747,16550,21220,4031,9585,12056,4700,23884,9859,2751,1512
103983,35949,25212,31359,11498,1991,239,102020,35002,24464,31523,10863,2199,186,81447,30049,18673,23202,9221,1439,164,65352,27259,11848,20062,5396,779,22,19321,5005,158,22,30966,16245,13052,37417,21830,15027,33440,18129,14608,5173,9281,14078,5280,22580,11196,2313,1399
99590,42049,27922,13834,15155,2157,204,102561,42127,30498,15314,13840,3391,117,75815,33669,19651,10521,11289,1540,144,66021,32572,14696,11043,7304,623,20,10472,6822,36,20,40897,24508,14251,47406,30560,16217,43902,27550,15451,6442,9262,8848,2989,18927,10741,6009,4747
101585,55781,14110,9906,20616,1604,209,106956,56948,15085,12762,21425,2229,47,86851,48571,11609,8489,17020,1250,147,77321,47003,9959,9924,9824,502,23,9284,9165,45,23,41521,26140,12870,51254,35207,15324,47085,31752,14302,1147,3517,6714,2959,26286,16537,10112,6316
96048,50543,23611,15910,4539,2581,340,99709,46165,26399,21018,5517,3012,403,70455,39643,15387,10880,3157,1806,247,68170,38727,13341,12195,2726,948,57,11524,2460,175,57,37578,11890,23924,47083,18308,28138,48314,20152,27590,2922,10936,13435,5928,19635,7167,963,1090
101013,18227,43814,34971,4119,2569,434,110702,20220,49370,37535,4424,3577,320,69528,13969,28255,24062,2921,1740,295,68244,15262,24357,26068,2278,486,133,25640,2057,198,133,22872,14136,7751,32436,21484,10541,32730,20761,11591,10113,15830,12865,4612,10900,5420,879,986
101814,8504,53173,38129,2446,3214,583,102399,7731,57599,35462,1709,2816,864,70751,7245,35522,26128,1921,2264,413,52915,7160,21804,22183,917,318,192,21503,825,44,192,17041,12715,3767,21525,15720,5534,18553,12118,6194,14156,19274,13096,4731,4825,1461,397,194
104380,23798,41666,34449,3957,3247,725,112477,26693,44060,37653,4840,3375,488,75465,20122,27991,23404,3043,2318,498,71274,22361,21475,23669,2812,648,210,22830,2515,27,210,28155,14894,12063,35751,21225,14046,35308,20182,14693,8411,19871,19766,5674,11887,3473,308,325
96259,37413,26858,18965,12865,2107,208,100567,33171,32651,22521,14057,1121,269,80046,32994,21107,15399,10190,1587,141,59736,26434,12194,15332,5315,146,42,14881,4861,53,42,27440,14134,11876,33108,18955,13713,28295,15102,12571,5060,9301,13137,4798,24417,11089,3326,1155
101304,66793,14698,4591,13829,1730,134,105744,65791,15105,7528,14654,1055,337,80620,54309,11169,3636,10258,1307,78,74318,51366,9228,5003,7984,373,61,4541,7311,111,61,47817,18091,27122,58657,25701,32170,57773,24582,31997,1756,5392,8256,2577,30803,14981,6421,2432
102049,63230,19166,7573,10472,2158,335,109897,63491,21455,10222,13624,2844,707,88856,56572,16053,6094,8547,1767,202,87878,56022,14906,7795,8125,662,38,6680,7033,70,38,46442,28301,14721,59263,39645,18485,57541,38017,18298,2507,4994,8202,2875,33029,17729,7064,3876
98015,22572,37926,33506,3889,2428,144,104704,23744,41713,35412,3866,2687,26,72765,18311,25769,25399,2887,1752,116,64535,19347,18018,24710,2176,375,5,24289,1939,107,5,32287,22811,7976,38419,27521,10353,36820,24814,11442,13420,16119,11565,3948,12955,5813,1988,591
95725,4205,63306,21918,6789,3095,175,99469,4095,66927,23200,6242,3106,572,67574,3490,42939,15848,5469,2222,122,47806,3108,24242,16093,4082,184,63,15879,3981,139,63,17701,14282,2889,22422,16580,5602,19635,12715,6630,19723,18143,10246,4054,4488,2118,160,159
102049,14829,64071,17536,5802,3329,147,106255,15019,68520,17721,6567,3888,323,74645,13061,43967,12691,4777,2454,105,55574,13129,27097,10709,4002,234,12,10446,3863,72,12,21554,13591,7028,26342,16362,9596,23094,13123,9642,17464,17414,12929,4240,9219,2721,573,389
97339,22316,61307,6842,6789,4014,150,101362,22653,64856,6875,6982,3464,86,72104,19126,42196,4965,5505,2863,99,47840,18267,20158,4491,4469,526,5,4151,4265,175,5,21200,10609,9465,27559,14681,12469,26540,13388,12685,18602,15411,8544,3606,11623,4194,1136,679
102823,27126,47802,17775,9999,3323,223,102640,27503,46925,19333,9219,2764,119,76696,22617,33589,12256,7804,2445,160,61004,22509,21939,10990,4987,519,67,10389,4827,32,67,27458,13812,12263,35646,19550,15594,33459,16757,15933,8241,12841,14692,5066,15525,4890,1369,751
99206,21073,43692,21862,12920,2745,189,98884,19521,46128,20091,14302,2855,205,72837,17456,30226,14870,10099,2009,134,56622,15579,19509,12985,7818,352,16,12408,7469,35,16,24817,13660,10125,33056,18807,13818,30587,15757,14129,8824,13934,12734,5129,13430,4650,754,581
97929,17712,50056,23092,7570,3365,175,101138,16313,54399,24084,8306,3934,404,69420,14085,34207,15286,5684,2376,118,57492,13040,26819,12443,4859,432,31,11609,4584,120,31,22820,14029,7799,30943,19357,11093,29367,15828,13025,9009,15161,12768,5491,12407,3581,766,235
98214,36809,27660,18182,15070,2339,224,101743,36594,31289,15206,17413,1635,11,71101,28713,18596,12356,10668,1690,147,66737,28472,17335,10581,10168,284,4,10114,9905,25,4,31347,13261,16599,44007,21044,22342,46351,21110,24317,4575,11082,14174,4863,19281,6925,840,953
98134,42931,34045,13632,6602,2784,229,126662,49079,39701,23994,13917,3031,276,69800,32801,22553,8880,4588,1990,124,76811,37177,19592,12632,6555,637,0,12006,6362,169,0,25463,7341,16923,39677,14880,24209,52665,20081,31733,4154,11956,14329,6008,16471,6372,599,690
99549,49293,22455,12819,13551,2398,215,105082,50909,24239,13067,16175,1559,67,71013,37307,14732,8469,9221,1620,147,66825,37770,12508,7852,7818,707,0,7549,7454,144,0,34547,10762,22165,47538,17903,28982,48782,17826,30162,4248,10937,12968,4817,19237,8230,1837,988
105041,30770,37464,21643,14771,2762,234,108649,27978,43912,21785,15758,3884,251,80249,26427,26384,15107,11574,2051,165,68539,24193,20665,13286,9786,910,8,12143,9518,47,8,32800,14938,16305,40659,20410,19670,36815,17354,18869,10020,16683,16737,6565,15411,4554,743,681
101366,39341,28560,21231,11719,2719,210,107034,37085,34811,23222,11854,2307,237,78253,33306,19873,15152,9140,2048,133,70401,30001,17039,15588,7283,405,43,15107,7016,132,43,37939,14828,21296,45054,20553,23898,41201,18036,22331,6877,15019,15159,6086,18610,6423,1365,935
99092,18984,31875,42602,5915,2587,260,99767,19156,32674,43436,5354,2875,204,72230,15990,21468,30024,4611,1812,176,59335,15900,11999,27786,2963,562,28,26812,2864,112,28,26053,15406,9670,31457,19955,11128,27857,16655,10739,7732,14913,15243,5821,12390,3739,631,568
102642,48400,27637,14478,11040,2880,252,108833,46580,32293,18352,11331,3570,462,74854,37544,18350,9781,8019,2009,172,71314,35312,16923,11900,6176,693,171,11180,5518,67,171,34263,10805,21702,44902,17670,26568,44645,17251,26563,4340,13647,14730,6045,19279,6495,1105,803
98625,51932,23207,11080,11009,2757,221,100921,50559,22707,14674,13003,1688,27,71579,40168,15061,7394,7590,1914,149,65507,37579,11783,8695,6877,306,9,8168,6263,32,9,37343,10721,24756,46370,16339,29397,44644,15418,28421,3213,11437,11969,5112,19924,7797,1257,921
101192,59367,23879,6990,9061,2538,193,104051,59867,23897,8561,9491,1009,123,71417,44176,15252,4631,5869,1718,146,64652,43244,11489,4768,4763,277,4,4442,4004,107,4,31938,8555,21698,45535,15114,29759,49643,15917,32994,2987,10002,11364,3778,21217,11554,2096,1151
102829,55581,26248,12083,6991,3037,420,107134,55226,28215,15252,8600,1654,243,71706,40791,16890,7754,4654,2138,254,67366,39254,15162,8509,3609,501,39,8251,3124,64,39,31127,8371,20830,44541,15549,28260,48356,16531,31235,4943,10094,14391,5893,18106,7258,1031,917
99864,64649,17811,6209,8776,2222,299,106473,70030,20961,6536,7923,1115,48,77337,52531,12498,4210,6174,1598,201,73341,53517,11348,4090,3754,565,12,3299,3064,35,12,43568,12961,27937,51386,19127,31469,49924,18217,31007,1785,8571,13780,4601,26996,12283,2531,2172
99641,49038,35653,10210,2974,3444,286,115793,57489,39390,14056,3876,2202,144,74289,39841,23719,6928,2200,2505,189,75500,46864,17687,8308,1959,577,79,7844,1699,100,79,27072,6516,19354,36418,10326,25524,43880,12355,31134,10706,18360,13613,5157,11679,4438,995,896
98660,69121,21242,3384,2074,3245,185,112104,77778,24570,4406,3386,2320,590,72901,53408,13645,2289,1353,2340,107,77361,60728,11715,2617,1458,677,67,2275,1186,128,67,35355,5088,28920,49418,8784,40001,60721,11095,49161,5028,16998,13932,5476,18064,4989,1093,1234
96434,68739,19229,4218,1338,3154,187,107909,76747,21936,5780,1601,2066,150,73735,55494,12167,2823,936,2251,124,77913,63413,8935,3494,1039,841,52,2739,750,165,52,36929,5428,30293,47144,8267,38400,55090,9459,45309,7882,19642,15278,6040,13168,4258,932,561
99247,50024,38890,5300,2846,3746,247,112040,50158,51363,6650,3035,1879,305,71474,39585,24350,3635,2037,2657,178,67223,40419,19937,4654,1273,718,95,4340,910,70,95,22808,4618,17332,31075,7714,22940,36997,10169,26481,11211,19490,15171,3820,8640,2601,399,267
103110,84059,9925,1659,3633,1892,2490,102867,83158,10577,1948,3734,1306,1654,72693,60746,6299,875,2358,1217,1372,70703,62077,4688,1016,1530,379,769,719,1065,61,769,45262,10734,18552,52399,20651,29191,48698,20435,26597,2097,11980,16767,6106,17740,6890,1241,1009
97910,41824,40206,4303,5289,3809,5249,100642,41352,42619,4393,7428,3442,4552,69432,32830,26127,2539,3725,2676,3160,59937,34281,16837,1925,3766,910,1853,1449,3161,431,1853,22521,10933,6284,31146,18199,11515,29080,16281,11811,11311,20163,12437,4671,8388,2740,486,396
101663,42289,41489,3927,7070,3575,5670,98173,38037,43687,3975,6843,3964,5345,71994,33349,26595,2246,5240,2513,3374,53265,30420,14353,1444,3749,1006,1774,1239,3380,565,1774,23171,9986,7365,30207,16170,12692,26342,13546,12007,10377,19713,13335,4872,6516,1759,382,132
103176,74048,12717,3987,8707,2745,1291,108223,79329,13841,4499,7739,3093,1388,89293,65777,10051,3015,7348,2106,872,88805,71667,8550,2330,3660,1610,338,1311,2077,506,338,43456,30498,6329,53529,42668,9222,49432,38861,9007,3460,9579,12822,4818,23093,10552,4259,3280
103993,87675,6571,1669,5614,1486,870,104476,88097,6945,1513,5529,1481,755,80513,69017,4572,1075,4028,1082,501,79057,69269,4413,885,3322,518,355,669,2326,178,355,54735,29922,13328,64374,43841,18672,60279,41585,17228,1927,7117,12256,4823,25740,11821,4347,3053
103170,67879,17953,5678,7546,3095,1763,100026,64724,18576,4855,8853,2986,1792,82613,57333,12793,3622,5668,2293,1134,73118,55083,9625,2326,3870,1221,594,1967,3028,768,594,35111,17512,9852,44965,28647,14606,41083,26612,13298,5158,16134,16764,6564,16339,7143,1142,1034
98262,51067,34240,3240,4182,3392,4100,99990,49411,36205,3913,4223,2678,4947,71017,40155,22099,1873,3082,2328,2499,61769,39261,14989,1540,2726,757,2197,1136,2280,368,2197,27983,11104,9164,35067,18116,15292,30906,15837,14126,9684,21160,13693,5394,8464,1917,257,135
101117,68918,19151,3088,6155,2583,2040,101310,68322,19670,3925,6163,2692,2201,76590,54729,12715,1865,4483,1811,1247,69457,54569,7746,1424,3260,1068,887,794,2420,650,887,34321,13347,12073,44090,23311,18888,40927,21941,17759,5217,15027,18235,6131,15390,5545,908,426
100939,84588,6998,1540,5120,1514,983,97310,81643,6519,1897,4605,1524,962,76107,65134,4605,875,3543,1014,571,71288,63743,3423,827,2274,409,341,540,1735,93,341,52074,20309,19263,61325,32095,27184,56279,30169,24700,2096,11510,14296,5592,21164,9012,2199,1562
103675,68857,23170,2361,4794,2713,2966,101818,66124,25057,2856,4989,3053,2711,75117,51829,15375,1347,3430,1848,1811,68676,50802,11956,850,2852,539,1101,572,2351,248,1101,36627,11621,13901,46022,20152,23870,42186,18905,21998,6023,18740,16958,6963,11748,3749,596,414
102952,77356,15094,2234,4757,1991,2424,114485,83567,19192,3150,6206,2098,1400,65008,49449,9193,1230,2958,1219,1329,69247,56879,7496,1238,2542,407,78,874,1975,141,78,23627,5400,10429,43345,15856,25567,48035,18285,28461,2840,10963,14229,7734,16673,5321,830,434
103634,84535,8549,1582,6051,1411,1770,104405,84513,9541,1359,5864,2498,2241,71983,59951,5368,869,3905,853,1004,71416,62085,5240,581,2039,659,374,304,1631,327,374,42763,9589,19147,55420,19297,33916,53136,19683,31978,2317,11688,15943,7310,17733,7359,1241,794
94687,75065,8950,1778,5815,1706,1521,102422,79488,8839,2210,7254,1406,2505,63810,51251,5785,1078,3748,1135,872,65840,56055,4108,1031,2727,567,526,632,2090,215,526,29527,6924,14035,43637,15806,25922,46394,16930,28245,1763,8258,12591,5968,17805,6672,1479,894
102240,87554,7870,1073,2905,1640,1611,111389,92595,10260,1050,3766,1317,2157,64778,56287,4685,471,1616,988,830,70508,62293,4715,349,1558,574,353,247,807,239,353,34977,4093,18447,49558,12038,34911,51708,14036,35997,2240,8763,13549,5264,17981,5765,1116,690
98021,80945,9521,1224,3159,1618,2013,99082,80004,11176,1581,3726,1576,2506,66423,56034,5810,666,1890,1012,1121,65770,56959,4873,634,1809,444,653,464,1137,147,653,35976,4844,19404,49235,12897,33982,48752,13945,33265,1780,7097,13450,4527,16808,5812,1084,1531
98199,68985,19876,1741,3600,2522,2670,97414,69920,18839,2398,4293,2136,1616,71460,51939,13089,1114,2531,1680,1658,64809,52980,7423,496,1811,834,736,339,845,366,736,33318,5482,15634,41137,13025,25684,37821,12961,23490,3143,8612,12787,5669,15192,4666,917,1346
99649,68540,20369,1973,4714,2693,2974,100375,68966,21391,2608,4368,2734,2270,79249,57260,14000,1398,3635,1902,1904,73848,59870,8627,867,2417,597,735,513,1230,183,735,24539,4850,8931,30266,11706,16348,27078,10671,15318,3140,6055,10501,3580,11233,3161,449,712
98812,80750,11051,1407,2481,1891,1906,120049,95808,16585,1999,2766,2420,1437,56659,46944,6154,684,1233,1082,828,65663,56366,6639,648,910,416,234,442,390,121,234,22638,2535,12259,40815,8816,29814,52373,12616,38113,1793,9156,13501,5954,14096,4292,569,458
96385,80517,11077,988,1412,1697,1250,102885,85193,12444,1460,1786,1105,1555,62185,53058,6492,430,780,990,628,64752,57243,5346,681,509,337,156,553,184,122,156,31202,3541,18401,45481,8797,34650,49700,10649,37624,2605,11030,13381,5644,13122,4565,886,541
95826,82884,7101,1459,2598,1444,829,97504,83612,8245,1541,3143,1274,1080,62180,54530,4136,769,1540,868,451,63947,55798,5193,712,1186,536,135,623,629,250,135,38862,6723,17700,48138,14749,31073,47281,15890,29869,1619,9099,12928,5629,16779,6414,1488,909
96809,70905,15406,3329,4285,2581,1591,99755,71407,17616,3089,4782,1614,1594,67802,50992,9629,2037,2966,1761,916,68281,53668,8964,1960,2402,634,557,1423,1576,235,557,31223,7328,14428,38492,13626,22919,37402,13789,22357,4045,15437,14482,6506,12121,5123,547,373
98840,82846,9176,1603,3134,1793,964,104324,87035,9442,1532,3644,1270,924,65645,55826,5505,857,1940,1237,497,70162,61249,5164,514,2002,566,447,305,1423,145,447,34901,5654,18733,47320,11780,33600,50755,13593,35809,2381,15081,16246,6562,12022,4452,603,289
94369,58454,27776,3280,2626,3409,825,94883,60091,27636,3104,2612,2329,846,70157,46293,18031,2144,1817,2374,501,67090,48660,13966,1668,1308,818,172,1201,790,336,172,25151,9786,9327,32447,16053,14786,30995,15193,14818,7318,17980,14771,5410,10081,3358,608,671
94954,72145,14987,2418,3053,2456,968,99550,75400,17316,2318,2689,2129,765,68417,53701,9428,1422,2119,1708,540,69571,57281,8571,1235,1481,678,102,1020,1071,259,102,31158,8100,15056,40604,14441,24334,40916,14875,24827,3631,18261,16424,6375,11012,3289,371,347
95646,81724,8741,875,2322,1359,409,97461,82380,9724,966,2644,1271,266,69084,60183,5489,520,1483,902,257,68111,61727,4042,320,1318,541,118,240,945,75,118,42710,14662,19179,54415,23136,29614,54966,23159,30478,2177,11840,13681,4760,18205,7439,1836,1098
98204,79317,11534,1624,3150,2046,959,101701,81399,12564,2295,3788,2015,567,71587,59375,7221,949,2268,1400,531,70499,61023,5578,830,1957,674,67,514,1214,83,67,33258,7172,14069,41075,13723,25244,42263,15082,25628,2821,9062,12986,3746,12567,5347,827,1538
95126,81749,9176,731,1349,1915,476,102222,87221,10269,730,1800,1634,741,63728,55867,5358,346,813,1213,265,66965,60375,4508,309,826,720,193,145,386,236,193,33733,3777,20097,44845,7580,35493,48647,9096,37795,3556,16292,14791,5026,11638,3985,536,466
94854,77715,11106,1228,1422,2521,1216,102546,82017,13809,1550,1624,2249,1247,64254,53703,6795,679,843,1704,662,69415,58802,7362,701,780,1058,457,509,426,397,457,29719,5301,16569,41800,10079,29930,44968,10808,32973,4400,18495,15516,6265,8152,3165,385,672
99881,80796,13360,973,1702,2323,1125,104198,82718,15837,1218,1809,1706,832,68476,56879,8112,485,970,1484,668,68436,59781,6095,648,690,870,198,401,414,399,198,34796,6042,19744,46787,12485,32483,48132,13303,33512,3683,14043,13596,5823,14132,5131,941,1040
99702,75625,8989,814,1123,13155,486,101823,77497,9815,871,1201,11658,1027,70274,54461,5562,463,702,8928,265,71340,57343,4934,339,449,7730,319,158,334,6533,319,38034,7362,25419,45362,11007,33145,45744,11003,33848,5935,19474,17448,7296,8267,2708,646,260
98858,83369,9375,1054,1599,3154,741,104925,88686,10598,794,1584,2377,646,69948,59918,5921,611,1086,2050,441,73183,65279,4845,401,771,1521,156,306,601,775,156,34041,3840,23999,44512,6957,36140,48392,8018,39433,4441,15774,15523,6558,11058,3560,670,742
101598,87508,8313,875,1660,2392,1218,111870,94621,10413,1024,1889,2303,1903,74694,65510,5358,483,1095,1647,661,83511,73685,6322,502,826,1282,354,202,602,550,354,38301,6227,26526,53912,11564,40895,59491,12829,45587,3853,15606,19519,8713,15103,5408,1591,1095
95355,74867,13095,1413,2061,2713,1879,102228,80727,14373,1415,2305,2499,1327,70881,57690,8258,842,1438,1749,1127,72725,63643,5368,613,1189,1017,396,187,823,357,396,31660,5478,21587,45949,11014,33557,47630,11637,35126,3632,13184,16607,8680,12179,5431,1133,1134
97933,58555,10282,23912,3777,2487,348,96467,59901,9837,22766,2975,1376,181,78356,49715,6555,17816,2808,1855,256,72893,50113,3987,16147,1714,794,8,15473,1281,185,8,41738,19094,20544,45046,22062,22091,46208,22378,23181,8102,19266,13954,6546,12763,6507,1045,793
102056,73173,8369,13813,5310,2335,533,100523,71280,7679,15579,6051,1201,536,81670,60900,5814,9728,3754,1691,372,79048,59211,5493,9806,3552,467,49,8724,2450,66,49,45140,18010,24060,46721,21966,23798,53157,24640,27629,3395,12037,14510,6677,20771,9831,2571,1537
101621,56857,9329,26258,8364,2404,486,99188,55506,9583,28045,7560,1379,478,79840,47261,6401,18945,6245,1769,326,73934,45528,5549,17712,4475,444,0,16754,3659,65,0,44679,21005,20648,51922,28606,22087,48644,25928,21775,4379,15869,15910,6633,15501,7423,1802,1070
98017,49700,9755,26369,11766,2696,664,96645,50390,9998,25994,10927,1871,1041,75329,40272,6489,18812,8830,1935,435,72539,41012,6363,17308,6315,611,194,16274,5419,105,194,41568,20769,17796,49170,27992,20058,45124,24592,19727,4210,15644,17811,7805,13790,4990,743,867
100633,49504,8337,26203,16428,2223,553,103530,50017,9997,26532,17647,1708,386,76879,39380,5399,19252,12161,1521,357,75918,39232,6642,19085,9620,677,13,18062,8567,160,13,45333,21745,20530,50772,27507,22089,50660,27014,22767,3761,14322,17283,8346,17786,7876,1148,1027
100627,76943,5610,10263,5809,2274,370,101269,77395,6145,10554,6703,1435,235,76219,59536,3374,8037,3668,1565,244,75430,59558,3488,7960,3517,610,38,7272,2615,123,38,49895,14313,32760,56783,19374,36328,60153,21903,37350,3023,13686,15064,6706,18095,8632,1644,1003
95869,46615,7125,36464,4645,2611,463,98531,47381,6915,39831,4558,1548,257,71041,36206,4327,26312,3119,1810,258,71070,36337,3854,27742,2348,669,62,26795,1669,121,62,42535,22305,18009,47943,27553,19423,47963,26994,20185,3983,14736,15824,6661,13259,6222,1187,688
100269,36944,7472,49600,5777,2330,336,101779,36761,8984,50335,5788,1519,618,78028,31156,4943,36965,4199,1721,221,76128,31799,5095,35047,3186,552,68,34001,2891,140,68,41999,26312,13728,47337,31599,14850,44360,28125,15549,7159,18148,16716,6131,12376,6021,1256,467
100107,31739,8809,54121,5289,2433,449,99628,29911,9806,55165,5476,2244,522,78726,27218,6109,40701,4185,1825,328,73854,25816,5355,38308,3355,699,25,36837,2783,63,25,38867,27834,9182,44159,32887,10441,39742,28606,10488,9181,19296,18117,6200,11209,4843,747,489
95460,49177,10768,28864,6050,2408,600,90362,48160,10440,26110,5728,1696,534,80701,43005,8626,23338,5025,1903,485,71935,41158,6711,19717,2996,611,6,18417,2326,261,6,29194,19219,7804,28277,19828,7640,30735,21504,8472,3456,10115,12374,4356,13674,7017,2649,1505
97915,34912,4413,55570,2259,2306,360,97190,34405,5225,54838,3130,2677,157,76164,29614,3008,40960,1664,1700,238,73621,28907,2976,39208,1311,1075,35,37778,1092,184,35,43261,28497,12795,44582,30948,12755,41369,28317,12375,6874,20982,17591,6195,8863,3976,618,476
98506,38456,6364,49386,3971,2658,476,97054,37563,6932,49509,4247,2383,371,78371,32596,4396,37589,3046,2018,325,74598,31424,4374,35285,2303,976,50,33365,1718,230,50,42862,26983,13630,45722,30765,14007,43224,28511,13979,4646,19291,15558,6714,10834,5422,763,918
101542,31417,6860,59826,3319,2512,423,104222,31657,6912,62833,2467,1716,175,79483,27004,4625,44848,2463,1846,276,78809,26614,3810,45792,1443,827,49,44556,1141,177,49,44981,31659,11244,48271,36040,11413,44005,31525,11712,6626,22375,17732,8220,10130,5228,546,595
97737,42359,10569,38774,6123,2270,488,95672,42685,11625,36269,6034,1084,1082,77265,36165,7286,28818,4627,1656,324,71305,36912,5581,24550,3291,734,60,23080,2573,200,60,42453,23055,16515,44561,26238,17299,43626,26054,16785,3871,17132,13435,6509,13465,6451,1170,940
99447,57744,9277,26584,5072,2143,427,101539,62818,9811,21346,6174,1251,395,79910,49041,6101,20119,3728,1554,257,77582,53103,5274,15070,3126,662,64,13992,2598,103,64,47328,25249,19067,48866,29212,18670,52773,31191,20546,4003,13216,12652,5390,15706,10101,2045,2238
102347,72549,6642,14190,7213,2435,439,103741,72823,7221,14915,7820,1461,622,78213,57732,4027,10025,4862,1656,314,78634,58959,4404,10351,3915,569,86,9445,2910,111,86,52375,18895,30074,62833,27144,34380,62086,27015,33962,3024,13405,13338,7400,18253,11095,1697,1965
104284,50698,4710,44523,3085,2322,248,109288,52122,6210,46571,3698,1968,182,79646,40748,2953,32711,2075,1652,133,81389,42244,3034,33351,1807,496,13,32328,1311,106,13,48301,25025,21005,54899,30767,23143,59912,33237,25746,6046,18513,16776,6575,14151,7055,1212,973
105218,53517,2754,46539,1056,1802,268,105673,53995,2871,46346,969,2793,121,85617,44555,1814,37399,719,1367,170,84567,44934,1520,36143,433,1868,92,34886,248,165,92,52721,26041,25138,56619,27898,28164,55763,25810,29380,12324,26280,17105,6266,9889,4289,745,671
99501,37659,8203,50673,2309,2128,392,99642,36327,8722,53182,2657,1381,373,79142,31743,5737,39043,1775,1611,276,75411,29812,4910,38079,1399,835,197,36905,1056,157,197,38978,23164,14493,41158,24922,15707,39780,23140,16131,8012,23050,15238,5932,8814,3541,509,443
103069,69147,3674,27158,1131,2088,149,105022,73457,3962,24315,1140,1413,337,82599,55592,2511,22146,795,1602,88,84261,60632,2212,19455,690,1003,196,19049,459,79,196,51552,18580,30838,57599,21155,35593,59535,20546,38360,7854,25711,14930,6705,11657,4593,751,602
103448,61259,3196,36826,834,1595,118,103190,61521,3648,36400,952,1343,94,83382,50602,2034,29143,565,1181,74,81501,50618,1525,28135,386,766,4,27393,273,77,4,50076,20393,28387,53721,22175,31063,52949,20285,32257,12418,27391,15455,6997,8508,3795,596,309
100253,67402,5417,21713,4289,2062,206,105971,68061,6841,24424,5621,1890,20,76386,52505,3418,16356,2927,1461,131,77312,52836,3581,16905,3069,922,0,15722,2616,81,0,48512,17800,28338,54441,21393,32111,63546,27763,34813,3739,14711,13431,5515,17100,8963,1038,1156
99887,44165,17789,33042,4257,2337,232,103446,43958,21121,35425,4330,1697,441,75422,36419,11221,23805,3213,1697,134,71157,36791,6758,24079,2514,517,59,23438,1952,47,59,43057,20944,20126,51929,29004,22159,48401,27056,20597,8162,19666,14070,6262,12572,5737,823,819
97975,49577,12857,30049,4375,2113,185,100745,50625,12789,32260,4101,1799,110,75110,40395,8493,22010,3201,1552,109,73632,41437,5667,23476,2359,470,111,22618,1952,18,111,47214,24721,19757,54811,32652,21181,53004,31403,20652,5049,16613,13832,6718,16125,7259,819,960
97643,71130,6158,13177,5700,1526,160,99073,71345,6596,14901,5576,817,113,75552,56447,3961,9846,4108,1084,103,74495,56130,3688,10849,3311,310,4,9809,2883,43,4,53735,24611,25038,59073,31349,26452,63502,35886,26268,3034,9329,11389,4737,23695,12599,3002,1783
97204,26543,17657,49292,3376,2032,177,98884,27601,18060,52396,2145,1732,110,78071,24482,11923,38248,3075,1600,129,70806,25756,3853,39370,1214,920,17,37398,898,73,17,36954,30966,4118,42481,37014,4668,37664,32035,4702,10435,18373,14231,3677,13263,5951,1614,944
97952,43836,4655,44397,4502,1575,164,99627,43716,4689,46264,3851,1368,277,83419,40004,3854,34868,4049,1295,139,81440,40267,3570,34076,2275,725,89,32414,1663,149,89,47978,39862,4996,50427,44238,5068,50621,43289,5779,6714,12971,13016,3797,19736,9021,2154,1860
97407,27737,3831,63125,1399,2442,126,97053,26956,4207,63826,1461,1576,33,76573,24081,2521,47654,1057,1870,83,75412,23739,2143,47726,832,1097,21,46542,649,458,21,49022,35201,12302,54333,40342,13303,53157,38931,13500,6683,24366,16933,5397,10488,4650,385,617
95821,72619,6400,9008,6188,1265,97,95779,70738,6166,10904,6330,1319,517,75367,58763,4356,6553,4436,896,72,70783,57187,2667,6938,3142,413,73,6509,2461,33,73,53349,25642,23271,59276,33147,24833,56766,32485,22986,3551,8202,9756,3321,23556,11536,4306,1975
100254,55272,5636,13779,24087,1310,128,99943,56282,6067,13537,23246,1094,224,75496,43865,3743,10317,16409,880,78,66019,43339,3367,9296,9441,347,53,8665,8942,91,53,45304,22352,19848,47371,26363,20138,53242,30306,21699,2510,7050,9318,4767,24264,13828,3223,2236
96737,53682,8696,26134,6672,2088,151,99898,54289,9290,27509,8344,1591,203,75964,44395,5676,19801,4861,1525,120,74676,44888,4249,20169,4487,601,61,19321,3902,79,61,46937,25309,18651,54127,33139,20007,54028,31907,21099,6040,17033,13742,4835,15767,7785,1314,1037
102281,83261,3018,10632,2368,2497,156,105516,85681,3806,11755,2392,1392,171,80491,66605,1942,8137,1573,1804,121,82233,68689,2257,8992,1314,877,60,8192,942,143,60,58762,16651,38943,68943,22565,45166,70443,23297,46200,4187,20260,15709,6393,18244,7193,1339,996
102549,76024,4233,17669,1750,3111,271,105452,78104,5205,18506,1519,1960,294,81353,61506,2757,13621,1161,2255,160,82588,63443,2730,14341,780,1143,73,13590,497,333,73,52014,17627,31834,59247,21296,36882,62642,21689,40223,7016,25293,17014,6323,12046,4777,702,654
98105,65992,4332,24106,1657,2372,210,100411,66160,5289,24641,2117,1351,124,79486,55448,2779,18375,1144,1794,122,80180,56615,2658,18712,1216,962,69,17759,845,88,69,49716,19561,28154,56189,23567,31764,58738,23392,34606,10383,23251,14120,5503,11662,5794,1073,1024
104121,46026,21749,28506,7355,3152,619,109172,44549,23806,31640,8998,2211,451,74481,35463,13824,19383,4991,2156,389,71251,34865,11659,19134,4031,607,50,18045,3250,75,50,39054,19183,17394,47242,26804,19389,47034,25458,20538,6236,13339,13356,5024,16642,8396,775,517
101854,61393,11318,21523,5972,3074,362,105608,62242,12618,22891,6270,1831,325,77733,49743,7297,15179,3831,2158,228,76586,51471,6140,14550,2725,785,0,13317,2105,99,0,44297,19627,21854,52022,26403,24414,56428,28657,26585,3672,14810,13745,4803,16791,9924,1444,1215
97506,55088,13923,22211,4979,2600,286,99400,53714,15641,24709,5210,1439,281,72834,43757,8887,15599,3379,1846,173,70270,43187,7204,16168,2981,633,70,14962,2253,55,70,42695,18466,21519,49057,25696,22271,52124,26256,24973,5736,17155,14228,5002,13435,7208,950,757
104849,79806,4958,15128,2262,2603,194,113593,86550,6650,15531,2172,1985,226,82788,64428,3087,11575,1565,1926,112,88596,70469,3184,11977,1521,1190,79,11166,1180,218,79,51503,16842,32016,65125,23565,40400,71262,26141,44153,7003,22826,16434,5825,14330,7533,1665,1167
103385,81258,6109,11691,1945,2286,249,106835,82150,7907,12855,2138,1685,83,81705,66024,3904,8550,1358,1609,160,81370,67127,3199,8789,1386,732,43,7879,909,108,43,50650,16553,31412,60064,21765,37210,63937,22622,40388,7712,25487,14849,6174,12477,5959,1007,808
100130,70161,13424,11699,2945,2641,205,102587,71505,14955,11936,2897,1469,318,75846,55681,8379,8195,2011,1865,137,73422,56397,6383,8237,1610,647,60,7230,1314,44,60,47364,17008,27488,55873,23369,31312,57528,22590,33942,6008,17908,14228,4771,15062,6926,1359,1283
98527,20970,30395,35648,12500,2494,416,100417,21659,30635,37706,12185,1755,382,72456,17438,20606,25550,9058,1761,257,60712,17647,11927,23613,6893,209,0,22786,5770,55,0,33527,24283,7640,40092,28303,11341,39921,26873,11711,6803,13264,11746,5443,14150,8431,769,1018
101777,32994,29340,26331,13088,2528,379,99654,33497,26939,26152,13461,3083,400,74660,26626,19920,18670,9187,1729,239,64698,25915,13969,16818,7096,543,154,15385,6141,63,154,40841,26225,12176,47494,30693,15908,46402,28623,16069,7819,13069,12589,5261,15243,9361,1201,1175
98460,48604,17615,20279,11430,2480,343,102240,49592,19604,20441,12402,1874,450,72398,37759,11574,14303,7863,1741,224,69834,38221,10272,13062,6655,680,10,12115,6050,65,10,48822,24988,20906,51721,29001,21776,56027,30490,23790,4275,12173,12033,5150,18413,11380,1072,1030
102901,54280,15821,14945,16938,1926,244,102830,52399,17507,16640,15375,1353,168,74964,41431,10533,10179,11977,1329,155,67856,40499,7828,10710,8423,454,17,9684,7548,22,17,44565,21595,20188,47383,28107,18265,56851,28970,26145,4187,11294,10911,4542,20738,10849,1423,1159
99121,29518,45370,13855,9929,3072,201,99305,28030,49169,13042,9282,2338,846,72989,24766,30069,10118,7498,2217,137,54825,23132,16832,8584,5400,396,92,8034,4808,101,92,32782,19022,11641,42887,28706,13487,33198,18568,13782,11589,18567,10216,4729,11875,5131,916,560
101625,60113,12909,9209,17726,1841,255,101952,57800,14646,10603,18174,2039,387,78353,48165,9019,6595,13242,1302,176,71273,45345,7257,6794,10888,623,34,6320,9659,64,34,56867,30543,22164,64086,39100,23676,58835,34222,22743,3466,7853,7780,3508,21087,14844,3518,3080
101582,40020,16814,9249,35090,1607,223,100446,37952,19679,8567,34214,1197,247,77689,32324,11700,6563,26494,1189,147,65826,30829,9048,5499,19826,323,43,5074,18856,91,43,48426,29659,15304,56439,38703,16686,51086,30724,18608,3771,10351,9053,4080,22083,13738,2045,1474
99973,52527,8337,7972,30292,1173,223,100266,50932,9570,7791,30432,1273,199,77376,42615,5968,5908,22056,844,153,69612,40178,5406,5104,18243,572,38,4795,17141,168,38,51469,31642,16207,51664,34607,15905,55991,36179,17866,1614,5538,7776,3245,24699,19370,3676,2610
98296,41620,19140,11141,25646,1639,201,99255,43611,20616,11196,23326,898,162,76170,34882,13106,8188,19319,1188,154,62777,36785,7239,6642,11561,279,38,5912,10295,41,38,44274,29250,11956,47471,34278,12184,48461,32643,13973,4769,7662,7515,3383,23938,16191,2273,1739
103196,59643,12132,7770,22378,1423,232,103534,58238,13275,8467,22119,1000,180,79769,48236,8540,5562,16330,1012,156,70992,45535,6767,5008,13260,285,25,4318,11873,74,25,52552,35419,13209,50800,35959,13567,59716,42293,15349,3499,5747,6788,3026,24274,20255,4408,3575
99101,50255,13391,6422,27913,1426,231,99009,52063,12242,7297,26514,1578,206,76746,40681,9466,4594,21029,1082,149,66092,40646,6465,4130,14161,299,28,3822,12890,68,28,47969,31058,13389,49969,34446,14329,52333,35544,14990,2922,6989,6930,3135,22875,17279,4735,2768
104112,51114,14797,13398,24230,1715,421,105512,51395,16576,13665,23319,2106,690,78370,39836,10523,9218,18104,1156,258,73623,39589,9262,8468,15431,512,98,7682,13882,85,98,54800,34242,16605,66651,46806,18534,57438,36763,18498,3636,7790,9593,4982,23670,17463,2480,1824
98783,38347,20347,25679,14293,2076,413,101404,36616,22452,28267,14612,1847,401,73847,30470,13964,18532,10476,1536,280,67470,29279,10436,18208,8881,310,86,17122,8208,33,86,41258,28049,10581,45110,32758,11521,43920,29327,13128,5108,11378,10060,5154,19129,13787,2427,1678
96866,48487,21784,15715,10113,2056,303,95001,48486,21263,13821,9954,2292,132,73970,39069,14848,11934,7346,1489,214,65033,38534,9418,10127,6456,373,18,9405,5734,63,18,45616,30527,11870,52223,37685,13355,48742,34025,13247,4788,9249,8321,3884,19422,14906,2979,2080
95991,31705,26868,12790,24252,2037,186,92358,30121,22407,15014,24924,2138,220,73954,26447,18878,9199,19046,1464,136,60062,25495,9178,8795,15894,465,0,8138,14757,75,0,43058,29307,11317,55917,40619,14430,41915,26016,14218,7118,12185,8860,4739,16712,10615,2332,1423
103611,37577,33409,11257,20717,3085,189,104060,39493,31945,11999,20519,2334,420,80339,31269,23531,8480,16506,2227,137,63694,32045,11657,7118,12402,377,25,6390,11172,78,25,43138,30761,9684,47002,35337,10866,42624,28630,12220,11149,12024,9312,4273,19364,12371,2797,1850
103998,43726,19151,28920,11893,1870,263,102569,42713,19266,30238,10267,2295,170,85457,38665,14163,22995,9241,1500,192,70900,36848,8956,18530,5536,790,24,17436,4714,201,24,45494,34621,8043,52607,42839,8730,47298,35643,10066,5068,9536,11005,5195,23732,16836,4378,2632
104639,62044,16848,13707,10946,2265,304,101652,59972,16270,15637,9349,1854,263,87249,53679,12315,11098,9176,1724,240,76276,50687,8179,11318,5177,472,5,10449,4298,83,5,55659,41645,9540,58466,46682,10427,58789,46091,11030,3614,4956,5961,2371,28326,23674,6721,4132
101692,49596,22318,13346,15771,2331,250,99887,49694,21518,14797,13914,2051,88,84856,44188,16639,10572,12807,1865,186,68880,42129,9761,9094,7134,444,19,8608,6187,69,19,47218,36950,6999,52161,43156,7960,48993,37563,9809,5275,6603,7071,2592,25954,18287,4509,2366
102439,72761,9946,5178,12965,1317,178,103832,71671,10893,5931,13363,1089,217,80084,58323,7151,3999,9395,954,134,75265,56429,6390,4079,7824,404,53,3309,6244,49,53,56487,41861,10213,58792,46053,11235,64447,50675,12050,1965,4769,5081,1911,24599,20862,8713,3811
103396,62450,7775,4495,27133,1135,220,103820,62764,7880,4369,27478,1211,117,79133,49649,5529,3311,19457,772,142,69968,47621,4670,2576,14599,226,6,2164,13387,25,6,50401,30011,16679,48386,30839,16334,61179,38964,19763,1727,4153,4896,2366,23492,22169,7470,4652
103053,46773,26709,10350,18484,1918,243,106389,47365,27707,10077,20412,1032,92,77936,37635,18467,7440,13642,1428,156,67218,36971,11226,6727,11808,272,19,6356,10830,94,19,45623,27140,15411,55731,37512,17071,50749,29591,19121,7064,9974,10662,4499,22340,11115,1975,1425
103543,39408,8042,10011,45480,1353,263,107996,42595,8783,12112,44757,1238,466,69043,27290,5118,6461,29624,792,162,63692,28482,4634,6918,22565,423,87,6456,21360,149,87,34755,20531,12156,43810,28379,14694,53339,30194,20970,2094,4967,7154,3467,23124,19255,2406,1193
99270,51066,9612,9751,28099,1379,231,101787,50763,9219,10468,30804,1282,173,71309,38920,6388,6618,18656,896,141,66279,39344,4911,5999,15760,237,42,5352,14610,78,42,44578,25601,16010,53132,34324,17886,56022,33388,20435,2539,5891,7332,3637,25240,16427,2287,1774
103359,72245,14368,7250,7582,2045,254,104839,72422,14905,8598,8037,1424,95,75728,54982,9215,5044,5078,1393,162,72689,55561,6370,5437,4606,415,23,4711,3906,73,23,51865,24018,24039,65534,34093,30008,62401,32067,28812,3355,9274,10753,4513,23571,12372,2240,1102
100396,72052,14587,8413,3190,2454,169,102590,73432,15699,8505,3165,1765,239,77733,58737,9159,5866,2274,1764,98,74034,60129,5316,5758,1969,701,38,5060,1667,79,38,42797,15914,24152,50553,22344,27128,52603,22399,29254,7525,20233,14211,5111,12886,6542,1340,801
98362,85320,4694,4263,1606,2236,166,100805,85355,6849,5125,1637,1432,117,77545,68698,2989,2834,1121,1595,97,77330,69413,3089,3251,913,617,14,2640,641,73,14,45212,11916,30986,53254,15003,37257,57323,16218,40279,9103,25955,15180,5020,9658,4571,1064,577
102255,87716,7995,3286,1493,1968,96,105979,89746,9501,4732,1670,1360,96,79941,70469,4981,2105,1008,1456,62,79291,71671,4074,2161,792,445,52,1844,668,12,52,47255,11620,33002,55797,15592,39234,57477,16013,40619,9196,28887,12140,5617,10543,5035,829,934
98804,68606,15629,9864,3733,2012,158,97534,68582,15069,10971,3749,1253,267,80054,58486,10525,7135,3003,1454,106,74084,58964,6382,6173,2073,562,10,5094,1444,44,10,37953,17841,17261,37782,20398,16430,41909,21753,19281,7258,17307,10032,4244,11323,6035,1309,1438
104131,88211,5001,7640,1263,1933,154,105226,88172,6205,8121,1419,1144,169,83128,71833,3237,5534,888,1456,107,82807,72841,2846,5477,883,628,42,4520,473,104,42,47576,12664,32180,56987,17294,38655,57997,17442,39715,7844,28333,14144,5506,11899,4973,868,900
102500,91437,2371,4943,1391,2223,178,102444,90953,2495,5074,1761,1483,226,83616,75669,1509,3584,984,1620,125,83204,76107,1360,3580,949,911,72,3077,567,170,72,50548,14804,33120,57040,17259,38857,58594,17115,40697,6889,26694,14253,6298,10896,5472,1047,1324
99777,85568,2624,7386,1749,2107,113,101357,86931,2801,7510,1895,789,216,79602,69624,1617,5267,1187,1554,65,80157,71733,1371,5438,893,507,4,4952,695,115,4,52778,12741,37457,59902,15944,42827,62386,15953,45652,5848,21910,15312,6548,14230,6356,1175,928
101960,83161,4026,8294,4548,1760,152,102178,82556,4675,9162,4573,923,220,81706,68508,2544,5845,3256,1367,100,79696,68477,2314,6238,2153,350,6,5594,1909,73,6,53461,18429,31836,59002,23181,34724,58950,23391,34587,4294,18765,14237,7616,17516,7067,1944,1561
100011,55951,8484,30764,3204,2328,122,98355,54346,8823,30223,3851,1205,177,78948,47950,5417,21795,2303,1749,65,71605,45557,2742,20739,1814,492,115,19782,1531,99,115,39466,22286,14789,43323,26773,15607,42314,25737,15787,7578,23982,13188,5109,12316,4647,1773,1050
100173,75799,4947,7617,9975,1582,130,99822,79135,4535,6920,8056,850,288,85143,64875,3886,6018,8806,1285,101,80516,67731,2888,5208,3971,418,139,4496,3221,103,139,41097,20818,16657,40587,23069,16354,43717,24066,18580,2526,10462,9073,3285,11659,9072,1374,3920
100144,66811,7718,15090,9053,1620,165,100820,67756,8101,15992,7962,1072,235,81098,56565,5294,11042,7017,1201,102,77075,57656,3681,11015,4312,352,4,10177,3541,42,4,49966,34092,12249,56161,42289,12767,55961,41250,13420,4805,10620,8782,4267,20123,12222,3590,4171
100828,75772,5712,11004,6456,1622,191,102360,78609,5671,11708,4879,1005,99,81452,62108,3833,8609,5476,1210,129,79225,64596,2772,8572,2393,690,7,8037,1990,111,7,51130,26603,21149,57857,32614,24098,60870,34493,25302,5153,14250,11570,4033,17825,10414,2686,3197
97616,61484,3837,27894,2299,2427,154,98647,62747,3726,27361,2563,1570,327,77835,51400,2608,20467,1683,1779,112,75717,52750,1900,19100,1032,650,37,18384,589,93,37,44956,18772,23285,48181,22016,24849,50059,21028,28118,6579,18077,12553,5280,12270,5931,1003,1328
101339,74490,3453,19839,1432,1839,128,101233,73576,4011,20250,1672,1446,127,81816,61385,2386,15255,1100,1376,77,81400,61606,2145,15717,1137,601,23,14933,780,64,23,48918,12892,33632,52473,15663,35780,53219,14267,38320,7408,24893,14951,5591,9925,4130,280,402
97883,47870,5684,42253,1212,1564,103,97647,49312,5617,41000,1753,1021,7,78030,40764,3453,32138,866,1161,69,74919,40630,2065,31051,640,451,4,29992,485,29,4,45026,22609,21006,45365,23710,21093,44498,22277,21743,10401,25302,13577,7310,7993,3859,710,316
98379,79801,3067,13020,760,1768,83,98565,79483,3592,13464,718,1665,32,79517,65588,1923,10093,527,1311,55,79474,66365,1620,10213,567,820,9,9856,335,99,9,50161,13381,35024,55686,15302,39695,56356,14768,41036,9673,26518,15491,6960,9374,3532,556,414
103596,90603,3881,6280,693,1907,117,102893,89851,4775,6696,689,704,30,83896,74575,2391,4742,462,1466,86,82245,74597,2049,4603,445,458,0,4183,350,67,0,50566,12011,36603,59748,15394,43606,58685,14137,43944,11700,28368,14983,8704,9092,3518,631,598
100930,89842,2960,5218,759,1992,103,100445,90289,3080,5110,1058,715,124,82078,74037,1896,3849,532,1559,55,80825,74455,1550,3660,523,493,101,3326,347,29,101,46366,10980,33473,52393,12536,39103,53322,12230,40591,8547,26899,16852,7937,8769,4338,583,637
96854,90165,1302,2916,655,1583,114,94658,88077,1450,3886,771,734,40,78920,73893,902,2159,457,1270,66,76537,72121,762,2745,411,453,40,2390,270,51,40,43842,7734,34787,47702,8332,38908,47266,7714,39169,11685,28061,13770,6867,6975,3210,399,367
96935,89744,1514,2851,774,1873,85,96313,89631,1646,2890,610,611,144,78518,73485,996,1883,519,1462,59,78212,74275,984,1849,469,477,77,1786,327,51,77,45119,9718,33733,49877,11303,37905,50555,11175,38955,9283,25965,14332,6986,9416,3988,985,703
97690,90221,1347,3660,484,1704,111,96137,89095,1576,3679,429,959,45,78975,72933,987,3073,350,1347,80,77653,72475,916,3231,291,732,19,3018,193,137,19,42562,7627,33829,46334,8258,37651,46715,7808,38596,13091,26039,15950,6684,6673,2780,438,205
103658,93547,2563,1974,1710,2767,122,103913,94798,2750,2315,1794,1405,92,85462,78241,1737,1237,1190,2078,83,84732,79605,1957,1073,954,854,12,538,681,51,12,52562,31896,14059,60481,42143,16411,60222,40473,17386,4192,22908,12733,6204,17684,10099,2057,1626
105638,96097,2343,1757,1441,2494,97,105581,97014,2635,1834,1453,1190,33,86426,79561,1668,1078,1019,1885,71,85699,81526,1773,859,768,681,9,598,380,20,9,51053,25295,19819,59076,33705,23472,59598,32514,25087,4824,24651,13510,7018,15966,8724,1739,1054
106546,96278,2543,1851,1501,2969,134,107565,98302,2718,1860,1456,1536,46,86222,78831,1807,1229,1006,2255,96,86519,81848,1835,1024,717,926,0,668,543,69,0,53731,30378,15505,61797,41514,18112,62376,40380,19362,4346,21410,12749,6679,19086,9732,2452,1352
105171,93564,2661,2049,3544,2148,114,105755,94119,3064,2429,3692,1311,58,84877,76512,1968,1322,2529,1606,79,83674,77378,1913,1278,2306,712,11,1018,1796,35,11,57918,36297,14361,67489,49284,16176,67850,48910,16486,3240,14449,11217,6441,22585,12335,2613,2587
108572,90208,3345,5369,6624,2356,137,109591,92127,3082,4683,7710,1887,169,91457,78031,2548,3333,5049,1837,103,89988,79929,2506,2511,3883,991,13,1941,2706,180,13,49347,32707,10674,59202,45000,12423,57805,42904,12532,3547,13216,9739,5592,21893,10149,2410,2295
113492,103507,2049,1422,1362,4166,121,114701,105671,2296,1723,1442,2295,52,90038,82970,1385,839,872,3119,86,90722,86073,1553,853,687,1521,0,451,343,223,0,50456,22000,20951,59383,31174,26110,61571,30610,28542,6438,30063,14927,7410,14400,6500,1167,1025
95727,70300,10092,961,1364,12383,413,98879,72647,11409,1482,1570,10745,526,75417,57949,6623,569,917,8520,258,73701,61375,3833,421,711,6938,240,233,411,4788,240,43369,13163,26973,54079,18225,34419,53097,17273,34117,7348,21982,17302,7780,9125,4039,913,782
100162,85864,4361,1823,2873,3925,681,103247,87930,5084,2189,3478,3514,515,77652,68215,2686,1029,1861,2729,413,78746,70703,3147,882,1508,1976,183,401,767,601,183,49101,15521,29774,62801,21924,38879,62906,21684,39212,3133,16468,19579,9439,13433,5275,1334,789
97681,76499,6441,4193,4461,4842,1606,97964,78142,7066,5149,4316,3496,1459,76666,62232,4137,2551,3137,3385,975,75185,63816,4104,2975,2128,1711,229,1767,1425,577,229,41941,19124,18875,53575,27701,23702,50404,26151,22240,5037,16531,17935,9106,13463,4743,1008,706
99670,74553,7614,5621,5021,5571,2053,101270,75626,9644,6387,5345,4236,1354,77980,60956,5102,3318,3610,3913,1179,77524,62826,5704,3246,2877,2098,326,2289,1751,803,326,35389,18197,13893,46132,26006,18239,42847,24103,17062,4758,16884,17338,8060,12820,5402,1178,696
104857,85067,7349,3607,3568,4416,1157,109434,90904,7416,3099,3922,3722,1162,81535,68279,4609,2113,2519,3088,721,83777,73469,4115,1440,2301,1876,206,1006,1382,504,206,42079,15497,22727,55359,22805,30360,53533,22072,29501,4375,21325,19535,9907,12717,4853,1099,598
97306,75832,7664,4062,4348,4719,1118,98330,77902,7520,4284,4415,3286,1628,78328,62185,5647,2835,3283,3645,753,76179,63688,5081,2231,2377,1951,415,1783,1668,779,415,39487,18154,17735,51427,26205,23271,50298,25301,23056,3651,12407,16683,7993,15337,6458,1594,1251
101037,81232,6421,2800,7096,2881,668,99864,79899,6539,3026,7065,2237,605,80789,65660,4821,1965,5640,2130,477,76806,65493,4201,1642,3990,1112,67,945,2828,208,67,43356,17354,22207,55815,24901,28920,55666,24793,28792,2556,9905,12814,7253,16456,7439,2049,2468
104339,73289,21749,2625,2717,3940,814,104340,73611,21965,2502,3236,3177,603,82069,60707,14164,2004,2020,2877,617,76468,61473,10096,1464,1313,1527,197,1130,830,423,197,41543,14219,23958,50704,19743,29198,48162,18789,27792,8451,17269,17454,8247,10822,5221,1453,995
96680,36353,52938,2674,3074,3031,606,99129,35001,56629,2677,3203,3012,403,65675,28000,32562,1628,2031,2075,373,56770,28861,23671,1526,1731,747,107,1127,1458,282,107,23410,9457,12267,32433,14209,17120,31664,12571,18140,13336,14987,11884,5226,6922,3335,395,534
98270,65340,20741,3091,5666,3365,660,99721,67081,21315,2897,5796,2653,719,73772,52385,12778,1792,4047,2386,410,70682,54738,10319,1403,2947,1042,165,975,2353,232,165,38111,14113,20688,48628,20624,25880,46308,19949,24594,4209,14412,16046,6955,13647,6395,1285,2044
95440,65416,21891,1597,3146,3276,424,99612,65501,25597,2455,3459,3048,315,69832,50936,13377,886,1995,2285,230,66305,51189,11013,1053,1627,1111,76,788,1184,220,76,39266,11090,25227,50868,16444,32748,51329,16416,33305,7043,14367,14127,6891,12163,5225,853,857
98840,42002,51527,1391,1904,3575,327,101662,42548,52791,1772,1979,4168,164,68771,32999,31937,857,1335,2478,218,56895,34857,19077,864,824,1098,44,720,609,385,44,24993,7076,16261,33312,10644,21730,31702,9438,21323,13450,16415,13006,5209,7435,2093,444,216
97596,66082,24727,959,1843,3983,394,100870,67032,26956,1183,1813,3763,514,74669,54204,15646,516,1171,2860,262,68954,56302,9557,574,704,1462,135,282,373,582,135,39645,12006,24978,52638,18324,32971,52609,17619,33308,9652,18665,16226,6698,10089,3665,755,481
100525,71432,20987,1359,2744,3574,567,103266,72345,22748,1771,2880,3040,428,79391,59529,13681,919,2042,2698,416,76535,62533,10054,963,1383,1480,74,594,650,471,74,41941,16709,22286,55599,24957,28924,54318,23496,28835,7762,16768,14525,6212,13985,5059,1568,928
99250,60478,31207,1424,2393,4489,364,101825,60180,34135,1957,2958,3616,288,74140,49017,19667,830,1683,3037,246,68824,49598,15195,845,1397,1598,101,503,1006,474,101,39901,11646,25868,49615,16763,31595,47406,15495,30600,8701,17843,14404,7036,10357,4257,1074,584
96434,34697,52914,2263,2172,7053,364,94994,33393,53106,2518,2034,6386,928,69485,29564,33438,1438,1581,4784,236,56571,28849,22741,1065,893,2349,146,683,758,1311,146,25775,12675,11418,31544,17237,13460,27832,14160,12730,16023,16278,12425,4656,6044,2496,493,234
95815,36194,49606,794,1278,10140,386,96146,36361,51325,1144,1693,6908,637,68840,30193,31595,477,832,6772,245,56053,31064,19700,413,733,3801,146,232,519,2850,146,28482,13396,13166,35906,18330,16622,34475,16115,17177,15618,17643,11051,4417,6206,3030,736,537
99489,70445,10604,3569,10854,3180,1552,102631,70502,11811,3450,11894,2607,1946,76039,56322,6668,2220,7678,2282,956,73660,57771,5369,1797,6512,1265,463,1286,5409,337,463,41593,20762,17777,56103,31173,23187,56472,32209,22253,4867,15428,15644,7098,16941,7314,1926,1225
102581,70262,14081,4641,8662,3583,2442,106736,72769,15301,5141,9268,2703,2964,76806,54965,8800,2909,6301,2600,1583,76562,58482,7142,2940,5536,1108,655,1949,4511,230,655,33787,14909,16188,50043,24551,23827,49500,24604,23202,5395,19212,18402,7579,11329,4253,660,437
103525,68523,17661,5925,6173,4444,2567,105656,69884,19163,6619,6886,3593,2099,82282,58277,11319,3911,4668,3298,1629,78654,59682,8387,3555,4047,1595,424,2882,3018,451,424,36669,20428,13270,49736,30255,17646,47473,29435,16289,6864,18215,18728,7113,14112,5737,1641,878
103053,77287,10802,3871,6686,3673,1365,106535,79281,11800,4749,7491,3189,1418,79746,62345,6762,2463,4710,2626,854,78696,63961,6081,2406,3961,1236,212,1577,2870,209,212,45076,22390,19406,60895,33607,25366,62540,35353,25041,3869,15292,17968,8795,16570,7127,1443,987
102522,86014,7076,1574,3444,3359,791,104526,88946,7351,1349,3454,2252,615,76673,65644,4396,929,2329,2435,498,76731,68813,3660,759,1762,1409,102,443,1378,203,102,45761,15064,27531,62467,21988,38738,64297,22803,39619,3968,19409,17275,7275,12631,5305,976,637
102871,82263,9368,1815,2807,5502,1064,103235,82794,10021,2137,2839,4237,1008,79885,66224,5636,1050,1946,3949,672,78442,68249,4724,1040,1639,2303,191,481,1001,609,191,42966,17112,22454,56439,22688,31963,55621,21627,32174,7010,23052,20856,9193,7983,2959,513,392
98833,79796,9325,1361,2221,5149,599,102247,82073,10662,1939,2528,4123,533,78444,65747,5575,797,1514,3804,367,79124,69122,4865,859,1160,2714,157,462,782,1025,157,43214,13759,26343,57048,20409,35055,57671,20534,35263,6921,21394,20169,8493,10196,4046,587,418
100249,77674,9605,2867,4255,5024,1252,101738,76651,11522,4209,5186,3651,1363,77515,62493,5939,1691,2814,3560,797,76129,63242,5631,2141,2383,1892,365,1246,1326,631,365,43092,17184,21994,56315,23941,30311,55483,23643,29735,5461,20061,18883,7748,12350,4651,1286,580
101983,63064,12544,8540,12556,4719,3516,104121,65336,12041,7855,13277,4398,2931,79300,52210,8017,5484,9113,3287,2275,77755,54768,6954,4423,7183,1998,1612,3580,6138,869,1612,40530,20885,15874,54529,31286,21189,53182,31391,19911,4500,16292,18492,8896,14940,6990,955,801
103664,75373,8759,5106,9815,4376,1392,104767,74933,9972,7275,9668,2936,914,82843,62912,5812,3241,7013,3197,846,81962,64920,5731,3401,5652,1671,296,2482,4710,404,296,49806,32080,13113,62596,43451,16807,60845,42557,15462,3066,12321,16193,7666,20711,10017,2753,1407
99796,80589,5677,1651,2969,8206,602,101158,82393,6314,1970,3279,7095,214,84326,70326,3825,1099,2265,5831,421,84333,73262,3496,1057,2026,4307,50,527,1236,2027,50,53449,27245,22103,66261,37458,26878,65737,38352,25106,4685,18219,19860,8348,16047,8045,2169,1243
104753,79667,9844,2455,2976,9432,831,105636,81040,10866,2472,2622,7582,797,85404,67979,6169,1744,2148,6591,635,83600,70690,4286,1639,1288,4959,381,1231,859,2762,381,42560,18679,20518,56479,26684,28066,55580,26477,27303,7266,26070,20810,8534,9468,4193,1176,594
95723,74653,9022,2188,3898,5244,1227,100692,77740,10015,2735,4537,4339,1379,76576,62303,5556,1344,2721,3709,809,76889,65579,4352,1616,2432,2071,154,983,1172,409,154,43806,17903,21743,57864,26328,29227,56996,26715,28149,5008,18475,19615,10146,11154,4948,987,349
103655,78083,8189,3476,8603,4987,1342,104143,79088,8171,4359,8136,3837,1046,82804,64978,5426,2304,6005,3425,818,81849,67404,4815,2518,4072,2156,253,1802,2811,984,253,52950,31649,16853,65827,43335,20158,64832,43397,19168,2424,12065,17334,7038,21521,9754,3203,1349
96581,62207,10921,7609,11195,4275,3084,97545,64269,11607,6566,11318,4094,2928,76974,51892,7443,5290,8400,3195,1976,75231,54362,6743,3418,6623,1882,1200,2337,4626,570,1200,34615,16658,14109,46248,25718,18165,46478,26695,17819,3854,15720,18634,9156,13292,4031,512,484
98498,78247,6470,2758,6269,3360,1611,97241,76691,6943,2828,6794,3143,1437,78116,63947,4327,1783,4299,2434,1030,74922,62872,4223,1324,3817,1683,358,627,2684,448,358,50794,23039,23383,64535,32508,29629,63379,33122,27899,2929,14024,18055,7982,17049,6723,2610,1366
103439,59533,12016,14569,14368,3613,3117,103568,60090,13148,13747,14391,3784,2491,80647,49402,7942,9987,10539,2492,1926,77993,50815,7073,7926,8560,1459,651,6184,6649,395,651,42578,22969,16042,53198,31547,19624,49544,29617,17996,3756,13991,16824,8025,16390,7694,2237,963
100446,68896,8795,8775,10593,3658,1593,102530,71070,8322,9636,11886,3284,1349,83404,59415,6352,6481,8133,2698,1039,82394,61666,5312,6154,6765,1500,376,4697,4990,359,376,48180,31296,13127,59715,41829,15934,56879,40068,14552,3471,14656,15728,7156,20041,9184,3180,1556
102315,46220,16570,20148,14298,6040,4094,102136,47014,17963,19080,15822,5619,2235,79510,39468,10891,13987,10717,4264,2528,74079,39957,9626,11732,8631,2472,810,9802,7166,874,810,30057,19094,8099,42336,28850,11712,38100,25644,10766,8748,21107,17328,7534,10198,4090,746,427
101903,42435,20629,18621,14283,4614,6093,101082,41856,19731,21498,13238,5617,6244,77366,35802,13012,12717,11011,3186,3926,69416,36112,8405,11685,7408,2073,2690,9941,6402,751,2690,26116,14177,9711,35266,20620,13270,30540,17325,12177,8448,22516,16762,7006,7920,2450,526,214
102651,54792,15546,14322,11994,4646,5700,102702,53354,17608,14741,12205,3723,5851,76289,43861,9838,9344,8376,3172,3461,71183,42165,9304,8376,6403,1778,1791,7153,4894,751,1791,29981,13797,13617,41286,20841,18844,37262,18157,17841,5702,18389,17171,8330,8872,2739,305,220
97834,74176,8407,4533,5229,4493,2130,100058,70897,12640,6562,6041,3353,2932,74348,58635,5180,2806,3460,3104,1270,72523,57507,6114,2258,3239,1493,881,1743,2005,426,881,40182,13259,23540,55251,19309,33955,53320,18338,33169,5594,21520,18105,8522,9369,3232,441,367
96876,64755,11110,6904,9324,4041,2537,101582,67660,10337,9328,12220,4058,2378,70193,49459,6689,4222,6192,2653,1470,68616,50512,4927,4083,5708,1500,953,3184,3897,322,953,34544,13893,17648,49517,22576,25147,51031,23851,25377,3732,16443,16395,7467,11386,4999,661,475
97455,67124,10096,6296,9133,3956,2480,98777,66213,11157,8183,10080,3157,1983,75434,54833,6450,3962,6307,2786,1475,71413,53477,5407,4100,5400,1407,495,3288,4233,364,495,39610,17892,18448,52391,26195,24236,49183,24481,22907,4673,19164,16683,8369,12459,4189,792,442
100440,78121,7594,2106,8464,3059,551,97650,74414,7828,1926,10422,2154,479,76264,61324,4827,1236,5688,2185,333,70018,58977,4162,864,3981,1397,95,510,2741,325,95,49416,26418,18884,62784,36793,23658,61610,36409,22721,2485,11333,13715,5915,23076,9899,1458,1153
97359,63409,8766,6185,15997,2979,1348,96352,59916,8455,6371,20315,2170,915,72652,49632,5536,3883,11077,2082,879,66106,47742,3928,3476,9553,804,91,2509,7942,374,91,45014,23772,17571,57221,33305,21945,53239,30912,20155,3294,13332,14126,6748,18229,7435,834,664
101271,67497,14032,4818,8415,5483,2376,100944,65708,15427,3957,9803,5239,2514,76826,54622,8632,3035,5758,3758,1433,70361,54021,5754,2151,4380,2618,1107,1559,3749,1173,1107,42507,18486,20588,55461,26464,27229,53743,25313,26560,5120,17034,16364,8131,14912,5980,982,411
95531,49509,14457,9607,16974,3796,3399,97592,48033,17449,10952,17383,3062,2726,72715,40780,9271,6168,12530,2782,2174,62257,37856,6856,5161,9581,1391,1106,4055,8096,501,1106,32079,16890,12741,43040,24028,17721,38344,20657,16384,6949,18307,15422,7443,11866,3335,1004,435
97289,50860,5395,2546,36796,1199,523,97331,49069,5279,3021,38391,1008,516,69572,39130,3495,1574,24105,801,334,56282,37180,2683,1283,14056,580,157,916,12793,208,157,41680,27418,11540,50587,35939,13210,47849,33277,12376,1592,4146,7318,3725,26103,18123,2419,2233
104429,37733,15177,17873,31852,3183,1673,103755,37840,15931,17832,31026,3353,1432,82502,32865,10376,12815,24458,2422,1215,70787,32238,6621,10624,18457,1069,623,9053,17211,272,623,36613,25372,8761,47934,34241,12328,42224,29190,11481,7846,15498,16069,8270,17434,6158,1155,768
103830,51998,7203,4010,38878,1649,720,102714,47731,6991,4276,41299,1476,498,80001,42722,4909,2761,28069,1214,448,67655,39228,3190,1666,22438,667,30,1166,21086,22,30,50137,34380,12666,59089,42320,15135,53701,37651,13868,2749,6929,8404,4867,25862,15731,4753,3421
103602,44667,8732,4113,44588,1512,605,104510,41349,8484,5077,48056,1269,692,83491,38467,6358,2962,34386,1154,414,57218,33829,3680,2726,15686,432,184,1913,14805,101,184,37178,25320,9516,44280,31507,11506,40226,27711,10682,3624,7140,8926,4248,26934,20305,3297,2826
96482,45636,6631,2991,39358,1414,398,100572,47792,6892,3551,40425,1312,563,72911,37529,4625,1982,27269,1022,246,54907,36094,3333,1807,12791,510,70,1361,11764,69,70,35388,24233,8779,42767,31436,9973,41426,29654,9710,1693,5223,8209,3774,25292,20063,1729,2569
103817,65576,7743,3439,24152,1919,669,103520,63832,7096,3250,25882,2017,720,81862,54101,5501,2352,17530,1418,414,70782,52209,3815,1787,11320,998,113,1243,10091,205,113,49662,33341,12714,58050,41792,14419,53707,37989,13417,2445,7964,10756,4938,28367,14811,2749,2507
102622,69955,8095,3291,18112,2318,671,103972,70022,7836,2930,20439,1779,910,80132,56873,5484,2163,12981,1701,481,72581,55945,4160,1636,9226,894,177,1256,7854,190,177,52567,34995,13745,63428,45460,15889,59920,43023,14488,2195,8412,11936,6263,27695,12957,2544,2742
101030,38897,20266,17742,18928,3453,5189,99491,34938,19690,22528,18380,3339,3825,77734,33392,13186,12217,14748,2593,3339,62363,30554,6433,10894,10783,1228,1555,9598,9901,318,1555,32754,19657,10861,41791,26433,14151,36383,22425,12724,6644,17875,15741,6920,14284,4924,933,586
103294,40360,14845,14733,29814,2804,3267,100181,39629,14372,15578,28504,2741,3027,79162,34060,9810,10078,22220,2098,2186,63148,31214,5725,8128,15611,891,779,6954,14870,194,779,33486,20239,10916,43922,27850,14875,39162,23218,14482,7974,17514,15099,7732,13818,4159,615,190
98042,30325,21258,20953,21475,3528,3774,101960,29972,25506,21257,21814,3051,3924,76310,27331,14376,14911,16307,2665,2506,61104,26260,8465,12157,11522,834,1400,11235,10530,323,1400,27835,18826,7227,36778,26068,9713,31808,20766,9742,11554,17976,14654,5878,12500,4163,466,287
100269,46736,20487,11806,17408,3722,2687,97134,45485,19683,12086,17104,3237,1869,79413,40874,13896,8026,13351,2796,1805,66847,40249,7014,6132,11118,1307,755,5324,10073,230,755,39192,26198,10462,49218,34768,13141,44723,31121,11858,9258,16140,14380,7407,15656,5446,883,839
100490,58906,9573,9936,19316,2986,930,103862,61740,10378,10428,19346,2725,1101,82205,50496,6918,6997,15353,2321,647,77025,52390,5241,5571,11635,1118,116,4664,9780,154,116,50175,38973,8065,59015,48125,9285,55247,44424,8574,4132,11694,14544,6454,24552,11271,2365,2302
98974,72760,6637,3524,13028,2356,599,100719,72244,7465,3052,14896,1868,909,83516,62726,5211,2604,10330,1900,424,78274,61889,4504,2038,8129,1075,173,1518,6260,157,173,60560,52993,4399,68127,61587,4965,66245,59393,4477,1497,5886,9894,4017,31518,16592,4274,3597
100524,65617,7519,5379,19526,2280,713,102233,68317,6959,4825,20329,1637,431,83158,55775,5732,3864,15574,1767,499,78191,58431,4323,2894,11485,703,136,2230,9370,110,136,55214,47835,4445,63301,56431,5181,60389,53086,4963,1637,5063,9281,3986,28963,16040,4253,4844
101803,66128,6715,4486,22386,1721,606,103021,67225,6997,4480,21818,1892,597,89788,58644,5674,3618,19920,1409,478,81637,59072,5355,3171,12167,1011,155,2581,9567,413,155,52589,46404,3646,57682,52281,4106,54808,48701,3865,1015,2787,6035,2517,27909,15033,6698,4124
100174,64107,7488,5509,20634,2372,746,100085,60662,7821,5196,23310,2472,499,89183,57613,6305,4735,18230,1971,579,74462,52987,5647,4243,9775,1403,100,3156,8200,176,100,50129,41744,5386,57670,50128,5975,53888,46606,5302,1838,5808,10349,4753,32284,18674,3917,3378
100787,50854,9071,12033,26823,2530,928,106245,51071,9299,12179,32003,2795,1712,93656,48518,8073,9904,25156,2174,758,81460,46381,6657,8483,16822,1468,466,7055,13914,552,466,43056,38458,2211,52915,48070,3475,51467,45284,3491,4396,6942,9575,4071,29829,16633,3602,2768
100938,34068,10593,21764,33277,2817,1057,104027,38123,10483,21761,33581,3535,788,80855,29321,7603,15399,27118,2149,755,73716,32277,4492,13667,21501,1150,260,12059,19971,389,260,42566,37019,3583,53669,46396,6165,49555,41221,5976,9419,12771,11353,5234,20352,9657,2800,1867
102988,70366,8913,8105,12613,2964,893,105076,69650,10413,9617,12961,2885,908,84423,60195,6601,5306,9721,2293,586,80327,58899,5980,5943,7397,1176,297,4952,5844,270,297,58248,47838,7106,68161,58423,8152,66278,56514,7459,3028,10082,13846,6076,28816,13246,3181,2120
104766,82191,10309,2530,4718,4219,943,109744,82525,12025,2953,7994,2742,1060,80377,65006,6589,1658,3285,2976,613,80120,67220,5520,1440,3456,1555,184,903,2569,578,184,44265,17711,22501,60001,26183,31445,59825,25810,31690,5751,21562,19276,8768,13298,4570,786,598
95835,72684,8795,2624,7700,3092,947,96605,71378,9128,2892,9624,2058,766,71840,56686,5456,1419,5152,2178,578,68083,56333,4356,1215,4497,1108,169,910,3538,209,169,44550,21304,19154,57279,30282,24769,55720,29056,24364,3298,14988,16142,7815,15974,6091,884,755
103678,57170,11379,6587,25211,2893,1237,109348,59338,11995,7703,28614,2199,1106,80837,47683,7657,4395,18308,2135,859,72726,48207,4949,4422,13237,768,267,3622,11847,179,267,42964,27451,12067,53552,36788,15052,50820,34407,14217,5558,12940,16054,6816,20768,10423,1131,1221
103460,67827,9451,5734,17439,2785,1074,103176,65075,9336,5830,19289,2727,1659,83051,57228,6329,3759,13086,2109,691,76265,55556,4425,3367,10635,997,496,2671,9146,337,496,52640,33804,15233,63172,43323,17976,59181,40524,16417,3211,13468,15442,8798,22186,9290,1778,1651
98635,45967,15026,9193,25393,2769,1659,99908,47416,13717,8639,25375,2517,2277,76246,37996,9988,6150,19500,2030,1168,63687,38294,5688,4619,12558,1164,811,3734,11305,410,811,31559,19744,9209,42579,28555,12612,38648,24761,12250,6418,13816,14109,6775,17861,6008,985,638
96648,55011,8757,4941,25285,2262,1069,97312,50680,10039,5732,28129,2629,932,71864,43636,5635,3096,17323,1576,669,61100,39828,4057,3250,12286,1152,174,2400,11031,238,174,39705,22823,13784,49024,30802,16605,45003,27970,15192,3843,10759,14295,6163,19369,8676,1154,1200
96066,56839,16818,7363,10883,3984,1831,95810,56045,17466,7975,11400,3349,1282,76457,48433,11091,5021,8332,3078,1197,67348,48305,6669,4136,5944,1513,291,3511,4955,260,291,33847,19693,11119,43477,27600,14181,40057,25352,13121,7065,17733,17303,6732,12062,4573,1002,376
95263,63966,11866,3698,8510,7381,1401,97145,64211,14188,5160,9191,5802,1022,73196,52220,7415,2246,6040,4815,850,71046,53798,6499,2271,5053,2901,110,1750,4361,1629,110,38434,17192,17787,50531,25144,23405,49086,23827,23376,4829,20341,18811,8045,10359,3154,601,288
101782,77970,8349,4226,6828,3647,1158,103566,78696,9493,4437,7270,3191,865,82602,65684,5488,2808,4992,2716,783,81727,67014,5750,2462,4084,1531,370,1636,3115,593,370,49643,23659,21940,62933,33064,27609,61661,33579,25878,3235,16963,20481,8529,15242,7411,1657,951
95814,65956,19742,1490,3968,4434,730,97150,66953,20798,1941,3643,3879,780,75424,55656,12362,896,2898,3132,509,71768,57899,8791,911,1861,1802,154,705,1359,762,154,42978,21731,17888,55504,30996,22769,52835,29844,21068,5936,15865,17062,7326,13529,6272,1525,806
100986,78274,12050,1489,3268,5056,619,102413,77601,13633,1778,4614,4522,678,77229,62372,7436,779,2259,3549,382,74500,63069,6428,634,1677,2136,114,294,1094,772,114,43425,15145,24683,56977,22003,32945,57124,21690,33280,7085,21364,17291,7833,10604,3304,833,406
98530,76637,7483,2597,7695,3336,768,100517,77704,9400,2650,7895,2418,663,82984,66186,5477,1882,6049,2534,580,82984,68361,5868,1733,5109,1494,144,831,3156,543,144,50918,35784,10957,62127,47252,12797,61128,47020,11493,3514,9902,13967,6933,18198,9202,1837,2704
97509,71535,10652,2001,5861,6994,848,98881,74527,9951,2308,6138,5029,757,78316,60279,6858,1299,4422,4811,572,75402,61419,4934,1138,3988,3292,286,630,3075,1872,286,46536,24348,18421,60805,35586,23317,60712,35644,22860,4208,16389,17523,6638,14786,6435,1620,1351
101402,63929,19939,13668,2779,2509,171,99907,63922,18996,13333,3026,2548,191,77559,53083,12728,8543,1928,1803,109,72505,53130,9315,7658,1404,648,0,6554,1071,112,0,42341,23389,16399,47483,26562,20026,47731,25856,21117,7067,19138,16123,6272,11283,5199,869,676
97172,49949,21033,24050,1606,2293,154,97290,51622,21731,22078,1883,2283,24,72917,42186,13154,15397,1109,1578,99,68831,42973,11089,13128,916,556,18,11867,668,144,18,40426,24307,13903,44459,27543,16096,43599,26530,16366,7371,19151,15402,6355,10931,3820,592,425
104018,84069,7362,5882,4612,1866,101,102790,83246,8674,5399,3907,1475,262,83236,69262,4743,4434,3137,1338,67,79006,68470,4301,3431,2006,640,176,3056,1537,111,176,56192,20936,32222,63630,25635,37081,65994,26104,38527,5030,19505,15811,7739,17267,6572,1526,895
99969,85352,6526,3909,1971,1896,144,100486,85022,7527,3781,2415,1343,20,77580,68614,3854,2082,1282,1306,95,76637,69894,2955,1863,1256,599,13,1346,666,66,13,48063,24591,19991,54345,29856,23438,56838,30191,25620,4376,23095,15308,8081,12614,4860,611,546
100811,78404,10774,8114,1463,2239,112,100881,79894,10686,8155,1120,1111,66,77566,63189,6568,4991,1003,1578,73,75330,65129,4509,4711,633,302,0,4069,520,15,0,46996,23870,20195,52421,27653,23869,53548,27354,25441,6121,24261,14877,8392,10475,3814,769,640
99709,92362,2942,1599,1007,1274,110,99969,92174,3285,1850,1055,797,114,77883,72829,1955,1073,693,931,56,77311,73852,1283,1176,492,439,40,1036,371,107,40,47716,21546,22817,51900,24244,26800,54737,23915,29937,4696,23467,13404,8992,10361,3806,919,654
99547,88253,5157,2143,1075,2274,114,99253,87931,5064,2547,1374,1648,190,78374,70822,3293,1370,724,1575,81,77316,71908,2306,1358,683,926,22,947,481,331,22,49348,23125,23025,56612,28404,27296,58396,28405,29095,4751,22464,16788,9279,12694,3715,1008,517
98969,92486,2474,1051,896,1309,103,99618,90634,3428,1280,1577,856,204,75041,70964,1530,510,524,891,64,74000,71009,1356,432,660,435,13,182,462,58,13,47724,20793,23992,53719,24214,28636,56103,24358,30876,5371,24727,13273,8147,10779,4126,901,546
103201,88931,2697,3411,6139,1616,110,102804,89469,2867,3235,5901,1051,98,83346,73910,1881,2029,3972,1158,77,83419,75347,1712,1824,3855,598,20,1404,3384,196,20,54318,28527,21495,57512,33380,22953,61375,34434,26061,2525,16222,14697,8620,14458,6406,1852,1296
101102,87823,6588,2314,1911,1846,130,101869,86399,8127,2887,2084,981,122,80102,71148,4189,1491,1342,1384,95,80415,72212,5030,1454,1152,470,11,992,940,59,11,51412,17855,30761,61812,22659,38121,64135,23211,40006,3887,20094,15540,8595,15015,6134,1041,739
102215,74583,13945,5826,6210,2386,122,101581,73737,14751,5640,5898,2100,475,80606,62232,9046,3558,4199,1745,79,76948,61798,7975,3209,2729,1007,26,2806,2166,195,26,50227,23788,23128,55693,28733,25987,56734,28636,26729,5667,24023,14661,7796,16300,5504,965,625
102306,72430,16132,6685,5724,2480,132,101629,67693,19458,7171,6628,2077,68,81558,61680,10322,4260,3932,1781,94,75402,56379,10626,4427,3250,588,6,3468,2883,271,6,52287,24249,24614,56492,29248,26357,56969,29327,26475,4775,22658,16224,7560,16299,5781,725,556
99947,22912,61715,9995,5993,4447,154,100207,23235,60347,11585,6653,2788,85,69507,19990,39686,6082,3643,2988,108,52716,20660,24077,5177,1959,588,5,4636,1701,279,5,28415,19954,6946,28838,20280,8088,28988,19155,9210,17112,20181,10636,3632,5926,2032,284,194
101602,75724,11659,8459,4004,2628,135,101464,74480,11953,9001,4810,2386,104,80770,63358,7288,5506,2970,1850,94,78229,62897,6394,5339,2438,1112,28,4500,2026,301,28,53856,28363,21078,57053,34887,20997,58816,36754,20830,3456,18613,14115,6528,19840,7231,2257,1649
97682,54288,24182,13622,4639,2742,180,94383,51688,23452,14382,4544,1902,113,81584,50094,16676,9765,3830,2005,134,71966,47761,11189,9030,2831,1019,17,7999,2269,534,17,42956,29103,10544,45481,33632,10853,48299,35124,12157,6859,14518,10785,4103,15863,6933,1545,1376
99707,24328,6152,63394,6033,1781,133,93760,23797,6347,59274,4953,1257,280,72592,20869,3930,43687,3819,1158,112,67010,20347,3348,40293,2412,538,4,38696,2302,126,4,46126,37965,6175,46100,38686,6702,45058,37493,6718,7236,17488,13968,5133,10020,4402,677,522
100845,36965,6409,53926,3026,1674,168,95190,34240,6404,51252,3382,1698,189,80642,34692,4767,37771,2524,1252,132,72591,31934,3985,33977,1908,774,12,32796,1187,162,12,50145,42492,4957,48222,42501,4856,47670,41279,5295,6646,15580,12812,3788,12981,6006,1632,1105
99783,37541,4752,51239,6046,1408,147,102176,37168,6687,51950,6458,1451,96,72592,30481,3004,34735,3978,956,90,71338,30312,3333,33522,3161,679,0,32699,2870,269,0,50814,40310,8170,52360,42941,8714,51681,42171,8594,6034,16795,11954,4502,13486,8311,2078,1884
98586,29248,5606,53965,9807,1400,127,100055,29780,5559,54434,9773,1506,96,71284,25074,3468,36168,6233,954,101,68592,25178,2658,34831,5218,615,0,33525,4968,245,0,46459,34550,9888,47286,36571,10053,46799,36199,9823,5861,19504,13785,5302,11917,5038,1120,788
96123,78669,3294,3479,8943,1129,99,97221,78811,4342,3249,8976,652,0,74517,63193,1999,2256,5854,737,57,71905,62822,2426,2231,4156,295,5,1825,3464,37,5,57035,21101,32148,64250,28460,34720,65647,30064,34248,2162,12632,10559,5610,22885,9785,2909,1655
103011,92309,3960,1307,3255,1520,94,103674,90751,5550,2387,3877,885,69,81231,74345,2423,694,2116,1043,56,81079,74607,2938,1168,2073,263,16,783,1861,81,16,63004,19264,39852,70781,24439,45229,72000,25020,45960,2181,18329,14935,7631,21849,7676,1847,832
103767,81983,11262,4044,4585,1649,152,103549,84537,10026,3510,3879,1342,21,81777,67632,7207,2310,3121,1155,89,80314,70510,5323,2071,1770,510,0,1433,1385,67,0,55249,20690,30416,61122,26135,33837,62716,26898,34766,3209,14830,14704,7643,21639,7607,1516,777
104077,94961,3319,1317,2403,1272,108,107318,96049,3732,1842,3720,836,117,80668,75026,2001,691,1472,885,81,83378,77764,2339,884,1841,469,20,420,1304,162,20,62305,18169,40127,71843,24872,45863,75424,26496,47794,1583,14710,14762,7638,24165,8260,2094,1233
98086,86387,3086,2870,3952,1149,128,99729,87715,3483,3118,4152,930,100,76821,69164,1865,1835,2622,800,85,76543,69817,2125,1633,2312,405,16,1329,2023,142,16,58376,21807,32468,66065,29002,35954,68030,30694,36186,1690,13276,11690,5859,22779,8876,2994,1934
95279,87137,3343,1628,1418,1352,76,96305,88423,3408,1925,1372,854,54,75108,70053,2036,835,882,905,52,76148,72019,1844,1073,604,448,39,703,409,68,39,54406,14523,36898,61628,18180,42601,63916,19355,43663,2660,21400,14112,8008,15406,5581,775,569
98337,81776,11582,1481,1342,1788,62,97957,81448,11869,1674,1321,1096,76,77699,66891,7402,846,951,1228,50,75111,67782,5165,883,829,415,4,530,557,100,4,47516,16682,27437,55249,21353,32992,57587,21447,35348,5570,20759,14698,6443,14112,5158,1129,563
96714,82086,8988,2241,1290,1580,118,96419,83493,8113,1750,1638,1502,136,76659,67068,5654,1360,931,1088,81,75934,69568,4009,1094,600,559,9,630,356,93,9,47268,18033,25866,50767,20560,29313,53338,21214,31296,4774,22727,13450,6972,11449,3470,745,543
94958,84470,4308,3234,948,1495,65,94646,83281,5318,3375,1168,1429,123,75526,67964,2775,2641,654,1088,39,75017,68634,2712,2338,616,543,26,2039,358,205,26,47890,12915,32297,54659,15467,38415,57113,15998,40290,5329,26079,14392,8190,9626,3294,420,352
95448,85252,4206,2120,1938,1338,131,96750,85045,4896,3010,2596,888,15,73447,67334,2432,1104,1181,923,73,73289,68260,1901,1345,1396,422,0,905,884,39,0,53287,30332,19452,61117,37381,22654,64234,39229,24036,2751,16673,12560,7407,18289,6822,1127,1014
98710,79056,6015,6162,5620,1571,127,102481,81743,6300,7076,6079,876,359,73679,61548,3735,3442,3576,1078,104,74112,64546,3102,3257,2789,344,65,2848,2571,13,65,48983,28453,17145,59369,38115,20205,64621,41674,21862,2191,13757,11574,7753,21499,7438,1368,1405
103578,82498,8334,6035,5020,1617,86,108113,84489,9738,5323,6761,1224,19,80251,66360,5295,3881,3398,1161,61,80199,68712,3718,3595,3654,460,16,2629,3151,80,16,55104,36384,15076,64557,46107,17252,69016,49238,18552,2633,13614,10799,6626,23924,10321,2492,2958
96554,67768,8415,8308,10800,1535,133,98295,68766,9279,8353,10442,1254,76,76815,57032,5589,5197,7847,1135,78,71662,57230,3677,4702,5316,652,10,3790,4570,138,10,54308,40792,10034,62006,49984,11002,64087,51480,11355,2799,7970,8889,4514,23232,12210,3412,3837
96271,70230,5373,4999,14026,1456,161,94268,70939,5298,4340,12381,1139,44,86547,64156,4481,3929,12499,1213,120,80419,65576,3885,3447,6579,611,13,2587,5028,213,13,58715,47554,6943,54467,48102,5532,60780,51575,8058,1421,4364,4996,2017,16635,9304,2735,5095
96607,64600,11337,13115,6003,2083,185,98958,65862,11757,14346,5728,1800,187,77654,56086,7291,8463,4263,1565,146,73047,57638,4612,7176,2801,647,12,5941,2108,97,12,52399,40492,8780,58418,48087,9439,59129,48722,9357,4191,13923,12352,7039,20975,7496,1502,1434
99534,86503,3007,2357,5253,1814,192,101000,87738,3276,2533,5455,1056,238,79389,70902,1866,1317,3483,1269,129,79917,73700,1439,1007,2969,574,98,701,2467,172,98,52666,26522,21909,55584,30771,23543,60352,33530,25822,2155,16020,12505,9579,15195,5585,1398,1138
101421,94033,2476,1116,1217,1669,138,102932,94648,3060,1689,1212,1163,64,77366,72674,1486,609,776,1160,78,77747,74498,1278,774,627,544,0,625,355,59,0,50319,17107,29792,58238,20594,36417,62322,20990,40186,4055,24228,14546,10182,12244,4211,621,466
100402,90314,2942,1951,2674,1854,141,102036,92763,2862,1371,3214,984,202,78812,71905,1938,1194,1798,1345,91,80430,75886,1462,767,1626,515,20,554,1242,33,20,51387,21677,25442,57270,26638,29188,61844,27982,32505,2358,14711,12647,7300,17711,6318,1129,1007
98179,84377,7195,1846,1090,3657,160,98028,84465,7442,2290,1166,2867,115,74240,65857,4049,1149,675,2358,110,71600,66407,1848,1328,537,1443,14,1017,420,939,14,42653,16506,23628,48175,18974,28399,49950,18852,30428,5769,25980,13881,8533,8740,3192,503,295
95839,86245,4367,1906,738,2100,113,97170,86484,4692,2257,984,1616,62,78037,71328,2736,1417,528,1573,85,78379,72978,2361,1622,466,884,31,1240,327,305,31,46599,15713,28646,53433,18448,34305,56650,18935,36488,7434,29566,16075,6918,8705,2856,679,309
95132,86068,3012,1726,1863,1921,108,94719,85228,3581,1904,1820,1286,108,74816,68993,1810,1033,1231,1313,66,73099,68925,1533,1026,750,723,8,697,644,172,8,47146,17105,27475,51894,19602,31446,53207,19859,32543,5406,25945,13419,9159,9074,3034,857,360
96870,88214,3147,1713,1502,1607,75,97458,89392,3263,2068,1563,1168,182,72973,67343,1930,1179,876,1113,44,72692,68834,1129,1165,828,677,4,860,697,254,4,42922,15444,25057,48332,17718,29690,51272,18326,32164,6756,23652,13143,9038,9655,2637,629,346
97988,89150,2153,1546,818,3546,99,99356,91147,2311,1290,1004,2749,95,78366,72584,1322,877,500,2390,71,79702,75444,1208,777,548,1667,17,405,321,708,17,50096,16999,30341,57351,20454,36094,61040,20641,39213,5600,26018,15725,9142,11041,3663,848,421
99978,93523,2095,838,858,1738,247,99961,92729,2648,1503,766,1297,130,79518,75293,1285,392,594,1222,126,79162,76210,1121,584,381,779,42,429,222,143,42,50123,16601,30865,56240,19189,36063,59014,19239,38606,6142,29783,14287,9373,9159,2898,786,493
97561,87666,1769,949,764,5958,151,98845,88462,1948,1446,754,5451,61,80506,74186,1009,474,496,3822,89,81158,75749,925,652,388,3352,19,285,122,2373,19,54489,19058,32623,60937,23071,37052,63235,23219,39250,4800,25584,17705,8663,11806,4620,1007,435
100098,92778,2290,844,865,2561,66,101130,93686,2575,1259,885,2202,118,79349,74596,1401,400,509,1739,43,79254,76033,1198,385,386,1152,8,237,122,382,8,51053,15552,33207,58335,18155,39417,62112,18688,42630,5016,27372,14800,10211,10722,3543,602,215
96948,82671,3176,859,678,9395,76,96860,82932,3556,1058,875,8326,43,76418,67088,1914,461,465,6189,46,75843,67850,1711,492,431,5323,19,396,281,4028,19,47213,15521,29245,53335,18137,34403,55475,18549,36239,5141,30182,12906,8140,9202,3109,523,296
103833,86746,3873,2723,8130,2124,145,104553,88015,4654,2631,7711,1385,264,82727,71809,2366,1596,5141,1496,111,81664,73309,1919,1277,4181,664,26,638,3877,58,26,52233,25459,22926,55267,28886,25141,57872,30203,26699,4427,20546,12697,8440,15550,5143,991,828
104557,94249,3200,1002,4029,1457,96,104682,94340,3195,960,4694,1191,73,80675,74352,1933,522,2364,969,61,80171,75730,1154,309,2437,418,8,216,1757,38,8,55871,19550,33391,62084,22349,38780,64212,22829,40501,5026,25298,13434,10641,13094,4253,1026,496
103732,86390,4955,5381,4417,2345,155,103411,85744,5480,5615,4592,2305,123,82472,70831,3136,3457,3020,1655,118,81493,71622,3237,2982,2508,929,33,2373,2200,358,33,50651,23248,23292,53173,27299,24589,53193,27276,25044,4414,21748,14137,8346,13429,4799,987,763
103681,92480,4715,1553,2567,1836,86,104817,93653,5003,1974,2382,1174,8,80499,73533,2845,778,1635,1285,56,80907,76142,2156,790,1164,680,0,587,825,176,0,55206,19860,31793,63032,24383,37430,66235,25794,39436,3671,23607,14008,9428,15586,4478,883,696
104154,90150,6717,3527,1671,1922,141,104137,89538,7129,3359,2612,1511,221,82059,73084,4230,1982,1122,1407,88,80245,73714,3010,1723,1010,542,4,1249,877,103,4,51796,17387,31022,57251,20588,35754,58527,20495,37272,5508,27041,14970,9204,10940,4073,781,488
99163,75163,9361,3757,8770,2159,137,98854,75106,9951,3794,8596,1252,228,76763,62066,5654,1996,5364,1475,105,73272,61353,4346,1890,4782,653,115,1457,4408,98,115,45139,20102,21617,49283,23433,24847,50583,24026,25725,5244,22870,14067,7956,11996,4343,1050,406
100230,91625,3351,1582,1632,1430,78,100543,91305,3671,1918,1853,938,288,80267,74558,2081,1107,1008,1004,38,80283,76231,1711,1070,744,463,42,795,537,125,42,55413,17436,34141,61557,20486,39980,63295,21108,41238,4192,26740,15200,9053,12235,4211,664,512
98291,88629,3449,1047,1570,3106,85,100316,89128,4387,2084,2208,2440,140,77699,71509,2068,573,994,2128,59,77752,72945,1661,840,844,1353,4,438,679,662,4,52761,19880,29940,61614,24748,35866,64639,26058,37712,3264,21514,14388,8237,15779,5530,1187,679
104404,92970,3720,1510,1799,4262,83,105875,93488,4152,1526,3238,3261,142,78841,71791,2177,731,1019,2880,42,79768,73556,1807,761,1673,1929,0,557,1387,1200,0,52013,18191,30701,61119,22675,37424,64614,23906,39786,3910,25324,12698,9668,14810,4276,616,415
103060,81676,7218,4328,7338,2413,204,103434,82992,7294,4569,7133,1716,155,80288,66711,4522,2428,4707,1661,129,77837,67583,3511,1859,3856,979,27,1413,3566,220,27,49793,23458,22905,55504,29486,24894,56177,30049,25228,4066,17898,14115,8923,16976,5867,1337,732
101946,73943,11118,6576,4269,7216,125,103028,74584,12016,5875,5390,6653,133,78156,60828,6787,3496,2742,4603,90,76814,62311,5614,2621,2591,3617,32,1622,2167,2177,32,46577,20762,22593,51171,25187,25011,51915,25660,25456,5997,22518,14036,8029,14152,3865,846,396
99871,74530,13258,4836,4366,3223,149,99162,75076,13095,5026,4260,2348,208,77271,60982,8144,3250,2766,2122,113,73930,62240,5076,2721,2533,1218,54,2334,2260,467,54,47528,21178,23135,51303,25522,24786,53422,26537,26045,5046,17775,12588,8751,14532,5011,1045,1005
100753,85166,1860,1678,983,10657,148,101570,86612,2237,1864,1258,9147,94,81655,71094,1113,959,618,7338,76,82089,73008,1289,1032,573,6137,22,448,333,4208,22,52837,25316,24359,58843,30200,27734,60653,29878,29762,4023,22807,17243,9964,13326,4916,1124,636
101523,91743,1434,4329,949,1898,96,99558,90745,1546,3866,1002,1005,165,82430,75808,923,2738,699,1428,57,80216,75827,942,2295,446,523,82,1734,251,38,82,43516,12169,28931,47876,14960,32179,44931,13653,30466,5740,27014,14156,7329,12068,4843,1235,646
97776,81358,3247,5859,4805,1882,175,99316,84389,3336,5311,4781,770,86,81587,68906,2469,4388,3779,1474,128,80867,71826,2305,3576,2628,370,4,2758,2096,46,4,32697,14009,15989,38244,19345,17975,37509,18335,18161,3572,13639,8444,3882,13622,9988,3006,3678
100080,75568,7236,12301,2350,2670,165,102445,78469,7937,12136,2018,1445,207,77541,60843,4494,8415,1634,1968,103,78068,63902,4070,8082,1084,674,29,6748,771,50,29,37761,14773,20808,43729,19124,23691,45430,18571,25906,7191,21568,14335,5247,13043,5444,900,717
96760,82671,4030,5740,1666,2325,120,103755,88040,5297,6638,2154,973,83,74725,65397,2489,3616,1106,1716,75,79194,70561,2987,3833,1065,580,32,3417,655,53,32,36890,8639,26372,44204,12187,31158,48925,12843,35256,6284,26948,13936,6962,10025,4686,918,415
101840,93289,1362,3270,714,2275,120,99959,92268,1482,2731,630,1138,39,81792,75637,980,2187,474,1757,75,79921,76124,804,1795,352,792,23,1389,246,8,23,42598,11085,29038,46847,13832,32082,44549,12650,30906,6080,30437,13036,6562,9525,4596,616,518
101985,93501,1488,3959,501,1939,57,102116,93452,1514,3678,514,1935,47,82202,75568,1107,3215,372,1482,45,82662,77080,927,3138,203,1254,13,2828,106,205,13,41262,7363,32211,46883,9307,36975,47034,8768,37505,8283,35121,13119,5380,8322,4670,405,499
103902,96822,1693,2302,517,2157,79,102926,93746,1840,2574,545,1223,9,83539,78406,1112,1627,386,1617,57,82640,78714,1090,1578,273,859,24,1331,76,58,24,41638,9089,30631,46498,10933,34855,44583,9623,34111,10334,37382,11076,4373,7311,3497,489,349
99659,91586,1773,2339,903,2166,101,98211,90371,1873,2582,826,973,71,78764,73134,1210,1428,629,1631,82,77132,73483,1202,1277,396,603,0,938,329,66,0,41426,10532,28757,45305,12549,31942,43808,11468,31452,8411,28917,12653,5226,9786,4468,1060,602
100519,94604,1021,1836,497,2104,84,98931,91867,1141,2257,595,1155,151,80559,76033,697,1469,342,1633,53,79171,75674,789,1531,251,756,17,1281,108,56,17,41225,8140,31328,45239,9579,34975,42798,8149,33901,10628,34276,11741,5844,7179,2793,369,499
97143,89932,1259,2242,917,2162,93,95981,90055,1389,1945,803,1204,287,77244,72273,845,1325,655,1637,63,75778,72558,844,998,449,604,90,684,266,76,90,41187,9407,29703,44906,12091,32078,43242,11382,31132,6718,25715,15172,7462,8868,4410,650,599
98069,90032,1269,3498,607,2094,65,96182,89218,1423,3582,490,943,147,78473,72503,893,2498,437,1692,48,76200,71990,650,2428,275,728,20,2250,155,51,20,38894,9895,27164,43342,11944,30784,40653,10502,29387,9280,31346,12652,5379,7796,3897,757,589
98926,86072,1476,7688,1157,2050,84,97310,85852,1534,7694,1039,1196,25,78871,69213,1049,5774,876,1604,61,76996,69290,1024,5233,562,656,10,4805,420,35,10,40285,8744,29946,45181,10775,33815,42597,9197,32664,10423,28393,13709,4884,8342,4174,756,502
100157,88674,1265,7324,530,1991,68,97135,87356,1329,5599,729,1793,0,80265,71724,962,5346,382,1565,55,77070,70547,841,3801,410,1450,5,3538,90,172,5,37016,7204,28580,40253,8046,31738,36574,6867,29185,12467,30704,12283,4498,7288,3217,505,323
103356,97163,1152,1682,1014,1870,70,102122,96601,1189,1814,992,950,72,80600,76415,750,948,668,1449,37,79856,77164,752,909,356,529,4,607,229,49,4,42145,9424,30749,47534,12115,34537,45241,10514,33870,7816,28816,13763,7028,9925,4590,723,758
95117,90277,707,1821,319,1584,58,92124,88000,782,2054,164,560,7,75270,71801,480,1180,210,1273,30,72477,70354,365,1184,122,448,0,1041,83,19,0,37051,6819,28960,39995,7818,31663,35706,6441,28759,12726,28077,12030,5308,5445,3306,714,347
101514,94618,939,2422,712,2236,82,101827,95582,869,2502,687,1504,20,81187,76313,619,1553,473,1757,52,79670,75983,509,1673,291,1202,0,881,181,78,0,41048,10095,29211,44312,12129,31456,40794,10328,29620,9373,33112,12772,5780,8564,3411,661,479
101040,78829,1914,15333,2366,2309,118,95736,76523,2063,11377,2250,2942,211,81470,65549,1296,10735,1767,1804,77,77443,65174,1215,7454,1296,2047,58,6013,1129,24,58,43325,19958,21143,46944,24256,21758,42587,21544,20046,5274,21291,14652,4983,14108,6792,3239,1241
94350,82095,1562,6581,1757,1977,91,92739,82311,1631,6116,1610,803,120,76413,67517,1108,4518,1356,1560,64,73691,67128,1059,3966,945,606,13,3074,659,58,13,33085,11447,19850,37360,14994,21721,35429,13474,21229,6401,19577,12400,5360,10541,5704,1447,1324
100512,75279,15602,3899,2471,3833,448,101060,75654,16004,4008,2378,3109,525,77134,60026,10266,2493,1685,2703,281,77160,62688,9963,1775,1261,1002,100,1578,732,299,100,40969,11573,24847,44982,15217,27891,43362,14153,28063,3868,17030,17355,9299,13178,5764,1267,649
93875,72952,13467,1618,2289,3147,304,94254,73349,13674,1739,2613,2390,181,73143,58623,9044,1077,1747,2238,184,71084,59800,7734,961,1258,1171,45,676,671,283,45,40564,11400,24165,41884,14342,25822,40962,13376,26423,3649,15828,13258,6651,11125,5463,1051,1816
95397,82463,7477,643,1420,2594,196,97728,83277,8142,973,1448,1914,252,75226,66492,4805,399,952,1867,123,74866,69095,3438,418,691,990,78,273,476,303,78,47549,13380,29369,53574,18089,33803,52189,16669,34126,3467,17573,15030,6773,16937,6695,1541,1363
92614,73560,6179,819,978,11113,311,94121,75242,6794,948,883,10153,134,68946,56756,3859,467,654,6995,169,70047,59240,3573,496,408,6209,4,252,166,4684,4,41344,7551,29448,45528,9983,34102,44729,9771,33778,3747,19690,16938,7407,9709,3744,649,375
96087,80522,8586,1762,1314,3579,283,96366,81701,9039,1186,1439,2527,655,72963,62925,5329,978,866,2465,152,73225,64964,5185,622,798,1280,0,372,407,310,0,41579,7747,29940,44128,10078,32397,42696,9840,31732,3932,18137,18263,7971,10771,5274,1004,482
98366,84888,7735,920,1001,3214,172,98868,84568,8394,929,915,2988,312,73925,65219,4850,514,616,2165,100,73947,66850,4293,490,229,1836,64,302,60,559,64,43844,4322,36650,46669,5782,39544,45110,5718,38511,5056,22019,17299,7981,9593,4113,565,453
