CD,T_20_CENS_ADJ_Total,T_20_CENS_ADJ_White,T_20_CENS_ADJ_Hispanic,T_20_CENS_ADJ_Black,T_20_CENS_ADJ_Asian,T_20_CENS_ADJ_Native,T_20_CENS_ADJ_Pacific,E_16_SEN_Total,E_16_SEN_Dem,E_16_SEN_Rep,E_16_GOV_Total,E_16_GOV_Dem,E_16_GOV_Rep,E_17_GOV_Total,E_17_GOV_Dem,E_17_GOV_Rep,E_18_SEN_Total,E_18_SEN_Dem,E_18_SEN_Rep,E_18_GOV_Total,E_18_GOV_Dem,E_18_GOV_Rep,E_19_GOV_Total,E_19_GOV_Dem,E_19_GOV_Rep,E_20_SEN_Total,E_20_SEN_Dem,E_20_SEN_Rep,E_20_GOV_Total,E_20_GOV_Dem,E_20_GOV_Rep,E_21_GOV_Total,E_21_GOV_Dem,E_21_GOV_Rep,E_22_SEN_Total,E_22_SEN_Dem,E_22_SEN_Rep,E_22_GOV_Total,E_22_GOV_Dem,E_22_GOV_Rep,E_23_GOV_Total,E_23_GOV_Dem,E_23_GOV_Rep,E_24_SEN_Total,E_24_SEN_Dem,E_24_SEN_Rep,E_24_GOV_Total,E_24_GOV_Dem,E_24_GOV_Rep,E_25_GOV_Total,E_25_GOV_Dem,E_25_GOV_Rep
AK-1,,,,,,,,,,,,,,,,,,,,29952,18283,9637,,,,33232,15768,14615,,,,,,,22811,16549,6259,23963,5775,11092,,,,,,,,,,,,
AK-2,,,,,,,,,,,,,,,,,,,,34678,13197,19939,,,,45788,16133,27250,,,,,,,31691,14826,16869,32805,5641,19696,,,,,,,,,,,,
AK-3,,,,,,,,,,,,,,,,,,,,50143,25548,22118,,,,61399,30600,28007,,,,,,,44583,27034,17549,46627,11435,20812,,,,,,,,,,,,
AK-4,,,,,,,,,,,,,,,,,,,,49065,17306,30087,,,,62407,20907,39314,,,,,,,46892,21653,25239,47962,10204,29817,,,,,,,,,,,,
AK-5,,,,,,,,,,,,,,,,,,,,37689,19785,16569,,,,47039,24097,20808,,,,,,,30829,19602,11230,32392,11647,14681,,,,,,,,,,,,
AK-6,,,,,,,,,,,,,,,,,,,,40709,21323,17897,,,,50713,25655,23334,,,,,,,36013,23250,12759,37339,12534,16527,,,,,,,,,,,,
AK-7,,,,,,,,,,,,,,,,,,,,40898,10297,29384,,,,53408,12908,37784,,,,,,,41024,13407,27617,42664,6615,31824,,,,,,,,,,,,
AL-1,,,,,,,,41464,25022,16351,,,,,,,,,,32995,21550,11415,,,,43261,28565,14630,,,,,,,25108,14247,10347,25104,13906,10300,,,,,,,,,,,,
AL-2,,,,,,,,41485,27053,14337,,,,,,,,,,33652,23300,10306,,,,42037,29756,12197,,,,,,,24251,14245,9349,24242,13850,9248,,,,,,,,,,,,
AL-3,,,,,,,,39276,10027,29155,,,,,,,,,,30459,9768,20647,,,,42762,13815,28875,,,,,,,25181,5915,18658,25214,5585,18449,,,,,,,,,,,,
AL-4,,,,,,,,40291,8291,31929,,,,,,,,,,31350,8056,23262,,,,45559,11700,33793,,,,,,,27989,5148,22294,28039,4912,21957,,,,,,,,,,,,
AL-5,,,,,,,,40911,10802,30039,,,,,,,,,,32655,9294,23315,,,,46122,13604,32446,,,,,,,27725,5430,21790,27782,5146,21642,,,,,,,,,,,,
AL-6,,,,,,,,44082,10045,33890,,,,,,,,,,37042,11379,25594,,,,50593,15177,35303,,,,,,,33789,6255,26307,33754,5672,25896,,,,,,,,,,,,
AL-7,,,,,,,,38292,6595,31616,,,,,,,,,,32389,6980,25374,,,,46322,10377,35855,,,,,,,31784,4018,26975,31798,3508,26794,,,,,,,,,,,,
AL-8,,,,,,,,41895,8972,32827,,,,,,,,,,33415,7472,25842,,,,46120,10877,35191,,,,,,,29832,4482,24870,29869,4265,24624,,,,,,,,,,,,
AL-9,,,,,,,,39646,8995,30535,,,,,,,,,,31596,7145,24372,,,,43829,11248,32511,,,,,,,28183,4745,23007,28207,4505,22854,,,,,,,,,,,,
AL-10,,,,,,,,39854,11018,28723,,,,,,,,,,30670,8913,21707,,,,43647,14195,29385,,,,,,,26134,5758,19895,26153,5541,19799,,,,,,,,,,,,
AL-11,,,,,,,,38154,21706,16397,,,,,,,,,,30699,17789,12880,,,,40451,24098,16313,,,,,,,23459,12149,10981,23486,11689,11276,,,,,,,,,,,,
AL-12,,,,,,,,40755,22609,18081,,,,,,,,,,34553,20343,14182,,,,43759,26928,16780,,,,,,,26967,14355,12052,26946,13775,12436,,,,,,,,,,,,
AL-13,,,,,,,,41457,24374,17001,,,,,,,,,,33838,20331,13485,,,,43500,28082,15358,,,,,,,25072,13660,10947,25095,13239,11203,,,,,,,,,,,,
AL-14,,,,,,,,44771,27633,17076,,,,,,,,,,36203,21803,14366,,,,46345,30336,15966,,,,,,,26425,14931,10952,26488,14514,11268,,,,,,,,,,,,
AL-15,,,,,,,,51293,28925,22325,,,,,,,,,,42556,24493,18034,,,,51594,30102,21443,,,,,,,33848,17641,15858,34068,17362,16213,,,,,,,,,,,,
AL-16,,,,,,,,53106,29209,23855,,,,,,,,,,46116,26255,19827,,,,54280,30831,23418,,,,,,,35935,17795,17727,36168,17646,17885,,,,,,,,,,,,
AL-17,,,,,,,,36197,21851,14287,,,,,,,,,,31123,21816,9251,,,,39303,26596,12630,,,,,,,21088,12680,8024,21079,12432,8008,,,,,,,,,,,,
AL-18,,,,,,,,36333,16950,19310,,,,,,,,,,30410,14641,15714,,,,42769,21928,20782,,,,,,,24376,9234,14436,24438,8869,14596,,,,,,,,,,,,
AL-19,,,,,,,,35689,10370,25239,,,,,,,,,,30255,10005,20211,,,,43719,14966,28684,,,,,,,25305,6221,18447,25305,5824,18607,,,,,,,,,,,,
AL-20,,,,,,,,47542,11377,36123,,,,,,,,,,37570,9549,27955,,,,51978,12160,39768,,,,,,,32913,5263,27042,32952,4890,27081,,,,,,,,,,,,
AL-21,,,,,,,,42547,9658,32802,,,,,,,,,,33551,8235,25285,,,,46936,11776,35095,,,,,,,29904,5221,23745,29961,4783,23928,,,,,,,,,,,,
AL-22,,,,,,,,41700,10621,30969,,,,,,,,,,33819,9244,24537,,,,46385,13298,33018,,,,,,,29555,5908,22829,29602,5509,22874,,,,,,,,,,,,
AL-23,,,,,,,,43506,11981,31441,,,,,,,,,,34646,10513,24041,,,,47589,13145,34351,,,,,,,26092,4925,20599,26118,4593,20685,,,,,,,,,,,,
AL-24,,,,,,,,41699,13227,28409,,,,,,,,,,32650,11561,21003,,,,44630,15549,29011,,,,,,,26150,6820,18698,26192,6454,18821,,,,,,,,,,,,
AL-25,,,,,,,,41901,14274,27584,,,,,,,,,,33616,12180,21399,,,,46305,16144,30108,,,,,,,28275,7898,19670,28313,7622,19731,,,,,,,,,,,,
AL-26,,,,,,,,41348,11466,29799,,,,,,,,,,33412,11697,21677,,,,47699,16594,31011,,,,,,,27997,7675,19156,28036,7186,19251,,,,,,,,,,,,
AL-27,,,,,,,,36126,6742,29349,,,,,,,,,,30031,5639,24290,,,,41497,7365,34062,,,,,,,24969,2440,22147,24971,2124,22198,,,,,,,,,,,,
AL-28,,,,,,,,36832,8576,28190,,,,,,,,,,29887,10249,19576,,,,40003,11429,28476,,,,,,,23832,4818,18329,23830,4526,18254,,,,,,,,,,,,
AL-29,,,,,,,,44906,7840,37000,,,,,,,,,,37460,8946,28465,,,,49889,9192,40634,,,,,,,30842,3793,26424,30876,3481,26426,,,,,,,,,,,,
AL-30,,,,,,,,49890,11375,38407,,,,,,,,,,43268,13657,29534,,,,56299,17723,38443,,,,,,,35222,7594,26205,35234,6789,26527,,,,,,,,,,,,
AL-31,,,,,,,,44557,26212,18284,,,,,,,,,,38324,24376,13910,,,,47439,30021,17371,,,,,,,30061,17785,11665,30081,17379,11806,,,,,,,,,,,,
AL-32,,,,,,,,43282,24307,18918,,,,,,,,,,36487,22825,13638,,,,45468,28572,16830,,,,,,,28065,16738,10780,28114,16473,10800,,,,,,,,,,,,
AL-33,,,,,,,,42309,23107,19151,,,,,,,,,,35917,21492,14397,,,,45448,28238,17154,,,,,,,27587,15176,11738,27583,14750,11848,,,,,,,,,,,,
AL-34,,,,,,,,46908,28789,18053,,,,,,,,,,40285,27295,12950,,,,51080,34377,16576,,,,,,,29659,16915,11995,29559,16084,12087,,,,,,,,,,,,
AL-35,,,,,,,,45924,29235,16611,,,,,,,,,,39213,27012,12148,,,,48940,34148,14709,,,,,,,28200,17021,10403,28162,16182,10674,,,,,,,,,,,,
AL-36,,,,,,,,43049,19977,22972,,,,,,,,,,39499,23775,15653,,,,47476,27706,19649,,,,,,,28986,13417,14456,28748,11811,14662,,,,,,,,,,,,
AL-37,,,,,,,,41418,7147,34186,,,,,,,,,,33076,7113,25906,,,,48704,9827,38791,,,,,,,30891,4502,25366,30897,4136,25372,,,,,,,,,,,,
AL-38,,,,,,,,44571,5799,38701,,,,,,,,,,34901,5278,29549,,,,49374,7536,41756,,,,,,,30207,3128,26089,30253,2787,26071,,,,,,,,,,,,
AL-39,,,,,,,,45928,7728,38136,,,,,,,,,,36566,7666,28841,,,,49834,8957,40787,,,,,,,29683,3426,25376,29722,3151,25337,,,,,,,,,,,,
AL-40,,,,,,,,42797,5922,36809,,,,,,,,,,32873,5018,27794,,,,47623,6369,41160,,,,,,,29843,2183,26628,29911,1868,26699,,,,,,,,,,,,
AL-41,,,,,,,,36997,7660,29292,,,,,,,,,,29151,6373,22708,,,,42748,8445,34229,,,,,,,25319,2856,21962,25343,2515,22062,,,,,,,,,,,,
AL-42,,,,,,,,39457,6490,32910,,,,,,,,,,31086,5806,25214,,,,43923,7979,35851,,,,,,,27098,2826,23508,27113,2410,23634,,,,,,,,,,,,
AL-43,,,,,,,,40962,8729,32182,,,,,,,,,,32520,7844,24611,,,,44111,9064,34954,,,,,,,27898,3398,23872,27990,2935,23982,,,,,,,,,,,,
AL-44,,,,,,,,34604,15787,18776,,,,,,,,,,28662,14162,14453,,,,37936,18953,18926,,,,,,,21466,8044,12964,21469,7520,13214,,,,,,,,,,,,
AL-45,,,,,,,,41695,11211,30444,,,,,,,,,,33816,9714,24052,,,,48039,12688,35251,,,,,,,29233,5054,23593,29268,4298,24024,,,,,,,,,,,,
AL-46,,,,,,,,39493,10233,29203,,,,,,,,,,33687,10421,23213,,,,49038,15584,33364,,,,,,,31340,7037,23422,31372,6289,23770,,,,,,,,,,,,
AL-47,,,,,,,,41950,12843,29037,,,,,,,,,,36318,13757,22488,,,,51869,19908,31845,,,,,,,32822,10149,21680,32796,9264,22021,,,,,,,,,,,,
AL-48,,,,,,,,44236,11460,32685,,,,,,,,,,39433,13633,25737,,,,52887,20135,32606,,,,,,,34349,9104,24001,34296,7911,24421,,,,,,,,,,,,
AL-49,,,,,,,,35530,15202,20239,,,,,,,,,,31009,15494,15457,,,,43023,23813,19100,,,,,,,25755,11239,13527,25734,10296,13902,,,,,,,,,,,,
AL-50,,,,,,,,39274,23365,15835,,,,,,,,,,34880,22638,12192,,,,46303,30602,15630,,,,,,,27574,15484,11369,27552,14705,11715,,,,,,,,,,,,
AR-1,,,,,,,,32474,22167,9277,,,,,,,,,,26768,16724,9439,,,,32382,21509,10873,,,,,,,,,,,,,,,,,,,,,,,,
AR-2,,,,,,,,33955,23764,9196,,,,,,,,,,28756,18765,9373,,,,35042,24848,10194,,,,,,,,,,,,,,,,,,,,,,,,
AR-3,,,,,,,,47690,24459,21837,,,,,,,,,,42133,20039,21291,,,,51314,27551,23763,,,,,,,,,,,,,,,,,,,,,,,,
AR-4,,,,,,,,44196,18495,24052,,,,,,,,,,36991,13734,22392,,,,47012,19876,27136,,,,,,,,,,,,,,,,,,,,,,,,
AR-5,,,,,,,,34800,19123,14679,,,,,,,,,,27821,12532,14762,,,,33984,15215,18769,,,,,,,,,,,,,,,,,,,,,,,,
AR-6,,,,,,,,31093,16468,13603,,,,,,,,,,25292,12905,11783,,,,29799,14029,15770,,,,,,,,,,,,,,,,,,,,,,,,
AR-7,,,,,,,,37585,15471,20990,,,,,,,,,,30603,11096,18875,,,,37139,12541,24598,,,,,,,,,,,,,,,,,,,,,,,,
AR-8,,,,,,,,31689,10997,19608,,,,,,,,,,26530,7419,18226,,,,30782,8080,22702,,,,,,,,,,,,,,,,,,,,,,,,
AR-9,,,,,,,,32010,9610,21063,,,,,,,,,,23780,6986,15603,,,,34733,10955,23778,,,,,,,,,,,,,,,,,,,,,,,,
AR-10,,,,,,,,33795,8602,23459,,,,,,,,,,27713,5262,21071,,,,36574,6740,29834,,,,,,,,,,,,,,,,,,,,,,,,
AR-11,,,,,,,,35063,11648,21909,,,,,,,,,,28218,6598,20826,,,,38921,9157,29764,,,,,,,,,,,,,,,,,,,,,,,,
AR-12,,,,,,,,37629,9810,26258,,,,,,,,,,30012,5181,23978,,,,42449,8046,34403,,,,,,,,,,,,,,,,,,,,,,,,
AR-13,,,,,,,,36954,14301,20787,,,,,,,,,,30540,10307,19275,,,,41780,16018,25762,,,,,,,,,,,,,,,,,,,,,,,,
AR-14,,,,,,,,41291,11049,28466,,,,,,,,,,33701,6060,26340,,,,44252,8011,36241,,,,,,,,,,,,,,,,,,,,,,,,
AR-15,,,,,,,,42866,9572,31193,,,,,,,,,,33487,6812,25335,,,,45848,8980,36868,,,,,,,,,,,,,,,,,,,,,,,,
AR-16,,,,,,,,42641,10597,30158,,,,,,,,,,34005,8381,24672,,,,46226,11769,34457,,,,,,,,,,,,,,,,,,,,,,,,
AR-17,,,,,,,,37605,9695,26158,,,,,,,,,,30997,7373,22823,,,,46448,13496,32952,,,,,,,,,,,,,,,,,,,,,,,,
AR-18,,,,,,,,34009,9881,22576,,,,,,,,,,27576,8765,18138,,,,43357,17064,26293,,,,,,,,,,,,,,,,,,,,,,,,
AR-19,,,,,,,,21899,8428,12312,,,,,,,,,,16628,6654,9494,,,,25134,11591,13543,,,,,,,,,,,,,,,,,,,,,,,,
AR-20,,,,,,,,36966,11700,23788,,,,,,,,,,30833,8907,21003,,,,44150,14830,29320,,,,,,,,,,,,,,,,,,,,,,,,
AR-21,,,,,,,,36664,19591,15429,,,,,,,,,,29525,16746,11997,,,,40344,24424,15920,,,,,,,,,,,,,,,,,,,,,,,,
AR-22,,,,,,,,39882,9041,29143,,,,,,,,,,30336,5192,24174,,,,43044,8770,34274,,,,,,,,,,,,,,,,,,,,,,,,
AR-23,,,,,,,,33403,10751,21019,,,,,,,,,,24984,7160,17015,,,,34857,12664,22193,,,,,,,,,,,,,,,,,,,,,,,,
AR-24,,,,,,,,37994,10531,25816,,,,,,,,,,31097,6712,23106,,,,40815,9570,31245,,,,,,,,,,,,,,,,,,,,,,,,
AR-25,,,,,,,,37641,10631,25582,,,,,,,,,,29875,5941,22870,,,,39969,7971,31998,,,,,,,,,,,,,,,,,,,,,,,,
AR-26,,,,,,,,39229,12761,24495,,,,,,,,,,31167,7788,22415,,,,42749,12327,30422,,,,,,,,,,,,,,,,,,,,,,,,
AR-27,,,,,,,,40380,14385,24262,,,,,,,,,,31767,8865,21969,,,,43756,13336,30420,,,,,,,,,,,,,,,,,,,,,,,,
AR-28,,,,,,,,41512,12861,27085,,,,,,,,,,33104,7023,25300,,,,44973,9411,35562,,,,,,,,,,,,,,,,,,,,,,,,
AR-29,,,,,,,,36079,10347,24515,,,,,,,,,,27048,7065,19426,,,,37476,8944,28532,,,,,,,,,,,,,,,,,,,,,,,,
AR-30,,,,,,,,38350,13815,23149,,,,,,,,,,30222,10226,19435,,,,37952,11667,26285,,,,,,,,,,,,,,,,,,,,,,,,
AZ-1,,,,,,,,34146,8900,21427,,,,,,,31251,8957,21134,31252,6290,24222,,,,45475,13111,32364,,,,,,,36074,10034,24933,35931,9734,26071,,,,48391,12917,34271,,,,,,
AZ-2,,,,,,,,41045,9637,27546,,,,,,,38436,9776,27687,38491,6865,31003,,,,53921,13519,40402,,,,,,,43697,10468,32163,43592,10112,33360,,,,56345,12869,42351,,,,,,
AZ-3,,,,,,,,37068,22308,12821,,,,,,,33920,21296,11306,33847,18074,14548,,,,48476,31282,17194,,,,,,,34942,22457,11638,34817,21741,12971,,,,44776,26731,16959,,,,,,
AZ-4,,,,,,,,41292,25151,13669,,,,,,,36443,22313,12727,36362,20060,15006,,,,51314,32820,18494,,,,,,,34886,22539,11559,34785,22085,12607,,,,43873,26741,16200,,,,,,
AZ-5,,,,,,,,41838,22551,16811,,,,,,,39453,25399,12837,39125,23400,14731,,,,50201,32515,17686,,,,,,,38702,25763,12132,38495,25385,13012,,,,47947,31127,15658,,,,,,
AZ-6,,,,,,,,39366,9633,25945,,,,,,,37846,10947,25652,37889,7904,29134,,,,50707,13802,36905,,,,,,,46292,13598,31459,46136,13027,32974,,,,55825,15564,39124,,,,,,
AZ-7,,,,,,,,19977,10723,8362,,,,,,,16284,10584,5075,16325,10597,5308,,,,26747,17807,8940,,,,,,,15361,9751,5127,15263,9416,5809,,,,23866,13783,9282,,,,,,
AZ-8,,,,,,,,29905,8728,18928,,,,,,,27540,9296,17457,27584,8480,18650,,,,42358,16154,26204,,,,,,,30978,11390,18790,30935,10647,20231,,,,43236,15416,26930,,,,,,
AZ-9,,,,,,,,40779,11514,25901,,,,,,,37883,11390,25316,37828,8954,27852,,,,50035,15892,34143,,,,,,,39998,13842,24927,39873,13161,26560,,,,49481,15465,32729,,,,,,
AZ-10,,,,,,,,35136,18360,14890,,,,,,,31013,17882,12222,30932,15989,14177,,,,42957,26091,16866,,,,,,,30850,18335,11716,30696,17736,12863,,,,41428,23176,17026,,,,,,
AZ-11,,,,,,,,43840,14114,26282,,,,,,,42243,16512,24410,42223,13213,28108,,,,55729,21792,33937,,,,,,,46994,18650,27242,46738,18206,28532,,,,57117,21848,34212,,,,,,
AZ-12,,,,,,,,49931,14355,31857,,,,,,,49293,16842,31245,49305,13454,35001,,,,63698,21442,42256,,,,,,,57277,19179,36914,57033,18839,38194,,,,67366,21777,44552,,,,,,
AZ-13,,,,,,,,24169,11023,11240,,,,,,,21655,11538,9254,21624,9858,11028,,,,33472,18456,15016,,,,,,,22991,12387,9937,22936,12005,10828,,,,35040,18171,15678,,,,,,
AZ-14,,,,,,,,26606,11264,13410,,,,,,,23759,11886,11096,23626,9482,13475,,,,39328,20526,18802,,,,,,,28833,14652,13384,28758,14213,14451,,,,44177,22316,20697,,,,,,
AZ-15,,,,,,,,34445,13208,19088,,,,,,,32679,14454,17378,32519,11164,20590,,,,45214,20522,24692,,,,,,,37792,17315,19577,37680,16725,20853,,,,49448,22147,26217,,,,,,
AZ-16,,,,,,,,29468,9913,17281,,,,,,,27339,11031,15519,27236,8060,18475,,,,39475,15570,23905,,,,,,,33042,13030,19072,32938,12556,20264,,,,44339,16789,26581,,,,,,
AZ-17,,,,,,,,27052,8185,16768,,,,,,,24405,9566,14165,24310,7674,16048,,,,44378,17231,27147,,,,,,,33342,12635,19869,33270,12313,20857,,,,52701,19516,32141,,,,,,
AZ-18,,,,,,,,44353,16770,25083,,,,,,,43830,18414,24557,43679,15320,27512,,,,57666,26228,31438,,,,,,,49254,24311,23914,49147,23397,25608,,,,61679,28996,31388,,,,,,
AZ-19,,,,,,,,57695,26033,29547,,,,,,,56679,29781,26230,56410,26248,29428,,,,67777,37908,29869,,,,,,,58074,34930,22340,57903,34082,23705,,,,65675,38893,25669,,,,,,
AZ-20,,,,,,,,48752,18656,27768,,,,,,,48111,21707,25590,47897,18769,28349,,,,62048,30050,31998,,,,,,,52657,27406,24354,52561,26498,25933,,,,63330,32101,29958,,,,,,
AZ-21,,,,,,,,41566,20046,19231,,,,,,,39810,21806,17046,39649,19322,19430,,,,53162,30276,22886,,,,,,,42889,25598,16477,42775,24928,17755,,,,54905,30958,22545,,,,,,
AZ-22,,,,,,,,33204,17407,13718,,,,,,,30381,18826,10667,30233,16690,12671,,,,41018,26657,14361,,,,,,,29171,19449,9032,29030,19032,9902,,,,37387,23550,12501,,,,,,
AZ-23,,,,,,,,39303,25324,11825,,,,,,,37959,28282,8671,37685,26023,10614,,,,48820,37286,11534,,,,,,,37200,29602,6958,36981,29188,7694,,,,44920,33968,9478,,,,,,
AZ-24,,,,,,,,46104,21002,22598,,,,,,,43498,23352,19177,43261,20091,22102,,,,55677,31863,23814,,,,,,,42923,26102,15883,42743,25366,17252,,,,52385,30640,20329,,,,,,
AZ-25,,,,,,,,35734,15508,18020,,,,,,,32829,16838,15010,32681,14522,17160,,,,46121,25704,20417,,,,,,,34167,20197,13114,34079,19485,14497,,,,46380,25698,19197,,,,,,
AZ-26,,,,,,,,23311,15083,7101,,,,,,,19818,14853,4243,19764,13548,5573,,,,29934,23141,6793,,,,,,,17873,13557,3891,17758,13167,4516,,,,27260,18885,7234,,,,,,
AZ-27,,,,,,,,28047,19162,7393,,,,,,,25531,19971,4700,25202,18204,6139,,,,35803,28619,7184,,,,,,,23782,19017,4285,23482,18440,4976,,,,33170,24351,7562,,,,,,
AZ-28,,,,,,,,32447,8657,20822,,,,,,,32232,10173,21082,32258,7463,24079,,,,49677,15826,33851,,,,,,,44393,14203,29078,44271,13717,30444,,,,63005,19806,41819,,,,,,
AZ-29,,,,,,,,30515,8977,19397,,,,,,,30874,12279,17812,30724,9349,20697,,,,49678,19674,30004,,,,,,,40620,16840,22886,40544,16232,24189,,,,56648,23141,32291,,,,,,
AZ-30,,,,,,,,37396,10001,25295,,,,,,,35899,12875,22328,35821,10420,24781,,,,55922,20285,35637,,,,,,,46350,17262,28181,46285,16604,29556,,,,64662,23777,39595,,,,,,
AZ-31,,,,,,,,41221,13177,26152,,,,,,,42972,18464,23755,42834,14531,27659,,,,58136,25832,32304,,,,,,,49320,23131,25364,49206,22408,26650,,,,60754,28590,31014,,,,,,
AZ-32,,,,,,,,36214,11218,22245,,,,,,,33930,13661,19265,33885,10329,22721,,,,48699,19958,28741,,,,,,,38143,16329,20794,38065,15838,22047,,,,49476,21062,27203,,,,,,
AZ-33,,,,,,,,37016,11348,23790,,,,,,,35077,15024,19309,34945,12560,21742,,,,53607,23624,29983,,,,,,,40707,18622,21347,40611,18142,22355,,,,55283,24872,29209,,,,,,
AZ-34,,,,,,,,40835,12241,25996,,,,,,,37608,15108,21622,37528,11633,25117,,,,53040,22276,30764,,,,,,,41335,18058,22316,41220,17646,23425,,,,52596,22893,28512,,,,,,
AZ-35,,,,,,,,42352,11970,27632,,,,,,,40674,15435,24282,40588,12092,27672,,,,54496,21840,32656,,,,,,,42367,17895,23430,42219,17418,24620,,,,52530,22332,28944,,,,,,
AZ-36,,,,,,,,35276,14117,19423,,,,,,,33186,17979,14549,33057,15120,17331,,,,48414,26954,21460,,,,,,,35322,19903,14710,35250,19427,15713,,,,46865,25990,19696,,,,,,
AZ-37,,,,,,,,41456,17905,21053,,,,,,,38254,22274,15045,38062,18679,18513,,,,53244,31209,22035,,,,,,,38969,23415,14727,38839,22920,15777,,,,49980,29398,19173,,,,,,
AZ-38,,,,,,,,39485,14140,23133,,,,,,,36351,17845,17619,36219,14894,20490,,,,51024,25759,25265,,,,,,,37410,19446,17161,37342,19010,18210,,,,48021,24293,22566,,,,,,
AZ-39,,,,,,,,24745,9775,13088,,,,,,,21216,11073,9323,21144,9356,11085,,,,31732,17659,14073,,,,,,,21107,11638,8849,21059,11346,9599,,,,29469,16178,12336,,,,,,
AZ-40,,,,,,,,30787,13802,14749,,,,,,,27353,15976,10467,27248,13591,12841,,,,39574,24030,15544,,,,,,,27033,16438,9820,26940,16236,10563,,,,35782,21247,13349,,,,,,
AZ-41,,,,,,,,41563,20779,18622,,,,,,,38970,25338,12811,38710,21662,16197,,,,51080,33683,17397,,,,,,,38114,25717,11678,37943,25277,12518,,,,46794,31015,14539,,,,,,
AZ-42,,,,,,,,25608,13871,10138,,,,,,,23894,16734,6474,23620,14924,8092,,,,35776,25084,10692,,,,,,,24017,17160,6343,23655,16669,6884,,,,32147,21478,9758,,,,,,
AZ-43,,,,,,,,45177,19985,23177,,,,,,,43183,24927,17479,43000,20824,21387,,,,58772,34936,23836,,,,,,,45478,27852,16878,45343,27321,17895,,,,55511,33700,20559,,,,,,
AZ-44,,,,,,,,25925,16117,8507,,,,,,,23593,17267,5512,23531,15317,7482,,,,36649,27217,9432,,,,,,,25409,18588,6298,25315,18207,7023,,,,38708,27285,10344,,,,,,
AZ-45,,,,,,,,19988,14074,4898,,,,,,,17303,14076,2512,17234,12690,3947,,,,27231,22198,5033,,,,,,,16783,13525,2857,16726,13335,3334,,,,25257,19424,5027,,,,,,
AZ-46,,,,,,,,16868,10784,5235,,,,,,,13669,10689,2466,13645,9803,3453,,,,23912,18566,5346,,,,,,,13711,10208,3134,13661,10029,3582,,,,23442,16586,6106,,,,,,
AZ-47,,,,,,,,25399,13198,10800,,,,,,,22238,14299,7198,22140,12440,9039,,,,34315,22581,11734,,,,,,,21132,13477,7127,21057,13114,7866,,,,33689,20771,11885,,,,,,
AZ-48,,,,,,,,22857,11791,9541,,,,,,,19499,12734,6037,19420,11109,7700,,,,31311,20879,10432,,,,,,,19095,12163,6411,19046,11832,7138,,,,30480,18972,10511,,,,,,
AZ-49,,,,,,,,16159,10309,4901,,,,,,,13246,10215,2442,13229,9155,3604,,,,21444,16830,4614,,,,,,,11383,8722,2293,11329,8574,2710,,,,18422,13374,4382,,,,,,
AZ-50,,,,,,,,17651,9703,6853,,,,,,,15043,10439,3974,15040,9022,5481,,,,22986,16285,6701,,,,,,,13380,9201,3765,13358,9040,4243,,,,20033,13327,6001,,,,,,
AZ-51,,,,,,,,16758,10744,5032,,,,,,,14746,11533,2647,14710,10376,3867,,,,21674,17131,4543,,,,,,,13533,10649,2556,13471,10467,2957,,,,18777,14119,4062,,,,,,
AZ-52,,,,,,,,23565,15114,7142,,,,,,,22131,17318,4156,22025,15726,5753,,,,32286,25324,6962,,,,,,,21842,17275,4111,21690,17093,4514,,,,29807,22724,6209,,,,,,
AZ-53,,,,,,,,21821,10477,9702,,,,,,,19293,11999,6581,19189,9988,8518,,,,27953,17796,10157,,,,,,,18199,11610,6056,18144,11397,6662,,,,25353,15482,8987,,,,,,
AZ-54,,,,,,,,29584,11623,15618,,,,,,,25997,13554,11494,25941,10857,14249,,,,38498,20510,17988,,,,,,,26045,14180,11087,25986,13844,12044,,,,35815,18762,15946,,,,,,
AZ-55,,,,,,,,45139,19082,23916,,,,,,,42666,24029,17798,42427,19755,21874,,,,57084,31952,25132,,,,,,,42956,24512,17667,42778,23994,18653,,,,52922,29363,22569,,,,,,
AZ-56,,,,,,,,48241,19649,26716,,,,,,,46744,25525,20520,46485,20985,24856,,,,59630,33058,26572,,,,,,,48087,27747,19671,47847,27254,20453,,,,56846,32383,23492,,,,,,
AZ-57,,,,,,,,38956,21408,15761,,,,,,,37539,26173,10583,37333,22640,13852,,,,50960,35647,15313,,,,,,,38795,28195,9888,38622,27872,10612,,,,48195,34220,12790,,,,,,
AZ-58,,,,,,,,36012,15681,18261,,,,,,,33764,19246,13720,33620,15875,16908,,,,44246,25888,18358,,,,,,,34157,20662,12723,34016,20366,13522,,,,41490,24702,15770,,,,,,
AZ-59,,,,,,,,41796,15346,24150,,,,,,,38986,19372,18759,38821,15778,22307,,,,50757,25505,25252,,,,,,,39931,20992,18123,39823,20573,19103,,,,48389,24632,22707,,,,,,
AZ-60,,,,,,,,36789,13587,21088,,,,,,,34131,17357,16029,34036,14064,19310,,,,49669,25619,24050,,,,,,,38400,20506,17088,38320,20096,18096,,,,50313,25956,23272,,,,,,
AZ-61,,,,,,,,44070,12561,29367,,,,,,,42743,17167,24989,42587,13538,28540,,,,59385,24246,35139,,,,,,,49069,21300,27027,48970,20681,28143,,,,59454,25512,33062,,,,,,
AZ-62,,,,,,,,52516,17752,32967,,,,,,,50254,23186,26438,50009,18361,31047,,,,65053,30410,34643,,,,,,,53166,26029,26434,53010,25412,27461,,,,63152,30574,31623,,,,,,
AZ-63,,,,,,,,52383,13999,35659,,,,,,,52050,17527,33903,51861,13459,37809,,,,68658,23477,45181,,,,,,,60672,21917,37891,60539,21324,39063,,,,72347,25985,45380,,,,,,
AZ-64,,,,,,,,38755,10579,26033,,,,,,,38985,14851,23513,38852,11793,26449,,,,56857,21505,35352,,,,,,,47420,19127,27547,47462,18601,28758,,,,60298,23852,35491,,,,,,
AZ-65,,,,,,,,36207,12470,21180,,,,,,,32217,15079,16291,32101,12048,19325,,,,46029,22052,23977,,,,,,,34063,16637,16625,34018,16260,17644,,,,44071,21088,21845,,,,,,
AZ-66,,,,,,,,35528,12581,19968,,,,,,,31365,15055,15209,31236,12047,18164,,,,44740,21824,22916,,,,,,,31126,15341,14825,31049,14949,15951,,,,40573,19530,19788,,,,,,
AZ-67,,,,,,,,40558,12826,24885,,,,,,,36746,16099,19674,36665,12721,23014,,,,50472,22236,28236,,,,,,,37085,16868,19328,36999,16390,20463,,,,47262,21225,24854,,,,,,
AZ-68,,,,,,,,40592,15274,22134,,,,,,,38955,18121,19630,38911,12877,24899,,,,51116,24481,26635,,,,,,,40497,19881,19601,40392,19204,21027,,,,50021,24355,24339,,,,,,
AZ-69,,,,,,,,52119,15972,33264,,,,,,,51981,19950,31175,51873,14136,36885,,,,64866,24853,40013,,,,,,,56987,23374,32564,56821,22685,33993,,,,65095,26665,37395,,,,,,
AZ-70,,,,,,,,31914,10336,19264,,,,,,,28931,12416,15725,28866,10184,17952,,,,46221,19791,26430,,,,,,,33883,14377,18716,33863,13949,19807,,,,48851,20477,27226,,,,,,
AZ-71,,,,,,,,35791,12540,21149,,,,,,,33533,15267,17542,33444,12252,20509,,,,50018,23566,26452,,,,,,,39657,18546,20271,39622,17998,21495,,,,55615,26273,28067,,,,,,
AZ-72,,,,,,,,26894,9147,16054,,,,,,,27634,11893,15090,27556,9663,17332,,,,45726,20147,25579,,,,,,,37483,16315,20375,37504,15656,21737,,,,55490,24552,29599,,,,,,
CA-1,98875,65812,11856,2325,5736,13483,662,,,,,,,,,,,,,36289,22439,13850,,,,,,,,,,,,,33503,20514,12989,33658,19803,13855,,,,43048,26349,16699,,,,,,
CA-2,98641,67796,14910,2430,4102,9424,835,,,,,,,,,,,,,35504,20871,14633,,,,,,,,,,,,,32803,19145,13658,32930,18342,14588,,,,43080,24839,18241,,,,,,
CA-3,99072,60299,26232,2682,3241,7586,577,,,,,,,,,,,,,30342,16165,14177,,,,,,,,,,,,,28165,14688,13477,28495,14120,14375,,,,37041,18641,18400,,,,,,
CA-4,98901,66804,22929,1556,2778,5410,484,,,,,,,,,,,,,47285,34593,12692,,,,,,,,,,,,,43771,32264,11507,44081,31433,12648,,,,52076,37479,14597,,,,,,
CA-5,97139,60869,23582,2589,6979,4143,918,,,,,,,,,,,,,44787,31054,13733,,,,,,,,,,,,,42405,29967,12438,42954,29278,13676,,,,53385,37187,16198,,,,,,
CA-6,98923,35319,48782,4231,8176,5645,954,,,,,,,,,,,,,26555,20066,6489,,,,,,,,,,,,,22920,17199,5721,23209,16865,6344,,,,33163,24129,9034,,,,,,
CA-7,98977,63923,22932,2097,7200,3222,784,,,,,,,,,,,,,47769,34101,13668,,,,,,,,,,,,,44636,33124,11512,45147,32556,12591,,,,54466,39690,14776,,,,,,
CA-8,98095,60489,24762,2861,6761,3723,855,,,,,,,,,,,,,42490,30730,11760,,,,,,,,,,,,,39853,28845,11008,40332,28077,12255,,,,49816,35350,14466,,,,,,
CA-9,98197,65381,20254,2817,7068,3250,697,,,,,,,,,,,,,49215,37214,12001,,,,,,,,,,,,,45275,35047,10228,45738,34473,11265,,,,55477,42107,13370,,,,,,
CA-10,97676,64882,18032,2858,9386,2676,596,,,,,,,,,,,,,49835,39307,10528,,,,,,,,,,,,,44713,36115,8598,45224,36094,9130,,,,53245,42577,10668,,,,,,
CA-11,101848,68111,18733,2986,9939,2314,447,,,,,,,,,,,,,50359,41141,9218,,,,,,,,,,,,,45481,37698,7783,45974,37755,8219,,,,54640,44471,10169,,,,,,
CA-12,101249,75183,12979,2215,2731,8300,933,,,,,,,,,,,,,41535,14113,27422,,,,,,,,,,,,,40025,13559,26466,40481,12069,28412,,,,47781,16042,31739,,,,,,
CA-13,99647,73234,11126,2798,5846,6372,594,,,,,,,,,,,,,36771,11584,25187,,,,,,,,,,,,,34754,11937,22817,35255,10822,24433,,,,46200,15342,30858,,,,,,
CA-14,99356,76911,10401,1321,2972,7178,454,,,,,,,,,,,,,40862,10436,30426,,,,,,,,,,,,,39981,10458,29523,40499,9196,31303,,,,48963,12364,36599,,,,,,
CA-15,100983,49971,42274,1548,2577,6485,579,,,,,,,,,,,,,27436,8415,19021,,,,,,,,,,,,,26566,8121,18445,26889,7096,19793,,,,35043,10931,24112,,,,,,
CA-16,95739,62380,19606,3414,6077,4954,764,,,,,,,,,,,,,35105,21445,13660,,,,,,,,,,,,,30687,18661,12026,31038,17790,13248,,,,39788,24071,15717,,,,,,
CA-17,100452,66997,17834,2760,7018,6254,656,,,,,,,,,,,,,47942,18323,29619,,,,,,,,,,,,,36166,13355,22811,36563,12396,24167,,,,45972,16649,29323,,,,,,
CA-18,99926,41499,31675,3342,20252,5174,736,,,,,,,,,,,,,30075,11122,18953,,,,,,,,,,,,,27624,9797,17827,28106,9082,19024,,,,38113,12984,25129,,,,,,
CA-19,98351,52871,26426,5240,8419,6886,992,,,,,,,,,,,,,24887,8638,16249,,,,,,,,,,,,,24279,8494,15785,24471,7850,16621,,,,35053,12193,22860,,,,,,
CA-20,102284,82882,10409,1138,2931,4097,523,,,,,,,,,,,,,52867,27985,24882,,,,,,,,,,,,,50375,27898,22477,50736,26655,24081,,,,61344,33359,27985,,,,,,
CA-21,98509,66888,20359,1230,3796,6406,596,,,,,,,,,,,,,39916,21556,18360,,,,,,,,,,,,,37556,20691,16865,37959,19807,18152,,,,48022,25809,22213,,,,,,
CA-22,96590,75241,11379,1414,4057,3990,501,,,,,,,,,,,,,48418,17588,30830,,,,,,,,,,,,,48310,17978,30332,48783,16831,31952,,,,57266,20907,36359,,,,,,
CA-23,97359,62550,16928,3343,11789,3308,979,,,,,,,,,,,,,40274,16919,23355,,,,,,,,,,,,,38852,16717,22135,39283,15809,23474,,,,48284,21137,27147,,,,,,
CA-24,97050,57434,12782,3928,21012,2554,934,,,,,,,,,,,,,36403,16029,20374,,,,,,,,,,,,,41025,19312,21713,41524,18531,22993,,,,56159,26315,29844,,,,,,
CA-25,97047,64607,16626,3015,10155,3361,911,,,,,,,,,,,,,42780,16883,25897,,,,,,,,,,,,,44872,18922,25950,45334,18002,27332,,,,57751,24368,33383,,,,,,
CA-26,97290,72339,11493,1632,7953,3544,629,,,,,,,,,,,,,47462,17918,29544,,,,,,,,,,,,,47609,18836,28773,48139,17714,30425,,,,59305,23345,35960,,,,,,
CA-27,99299,74935,12946,1670,4659,4894,639,,,,,,,,,,,,,47227,16423,30804,,,,,,,,,,,,,47600,16819,30781,48155,15667,32488,,,,58093,20001,38092,,,,,,
CA-28,99007,77296,11344,1263,2724,5866,663,,,,,,,,,,,,,46402,18061,28341,,,,,,,,,,,,,44706,17540,27166,45191,16574,28617,,,,54165,20461,33704,,,,,,
CA-29,98143,55321,19596,8184,12132,4063,1406,,,,,,,,,,,,,29243,12978,16265,,,,,,,,,,,,,27519,12481,15038,27932,11956,15976,,,,39668,17823,21845,,,,,,
CA-30,97107,67585,15497,4180,6326,3787,889,,,,,,,,,,,,,38908,15829,23079,,,,,,,,,,,,,36922,15775,21147,37349,14934,22415,,,,46486,19713,26773,,,,,,
CA-31,100275,48922,25080,13831,10136,4262,1483,,,,,,,,,,,,,24271,12754,11517,,,,,,,,,,,,,21283,11380,9903,21518,10923,10595,,,,30395,15636,14759,,,,,,
CA-32,97223,64123,14285,6049,9781,3209,943,,,,,,,,,,,,,41667,20599,21068,,,,,,,,,,,,,39008,20623,18385,39460,19876,19584,,,,48289,25336,22953,,,,,,
CA-33,100174,53177,12029,5000,27483,2548,1033,,,,,,,,,,,,,39126,19011,20115,,,,,,,,,,,,,41187,21639,19548,41710,20800,20910,,,,57466,29631,27835,,,,,,
CA-34,101388,48794,23348,13469,13253,3946,1747,,,,,,,,,,,,,32625,18591,14034,,,,,,,,,,,,,29380,17325,12055,29664,16680,12984,,,,38443,22143,16300,,,,,,
CA-35,98049,18592,24034,14103,39011,3061,3043,,,,,,,,,,,,,24348,15551,8797,,,,,,,,,,,,,21509,13441,8068,21812,13256,8556,,,,31992,19060,12932,,,,,,
CA-36,95978,46231,27558,5739,14294,3964,1351,,,,,,,,,,,,,37130,15233,21897,,,,,,,,,,,,,35279,14796,20483,35685,13882,21803,,,,46061,19290,26771,,,,,,
CA-37,99161,24342,18894,14550,40737,2598,2402,,,,,,,,,,,,,33148,21086,12062,,,,,,,,,,,,,31196,20083,11113,31604,19756,11848,,,,44091,27512,16579,,,,,,
CA-38,97903,17152,25475,18006,35087,2962,3734,,,,,,,,,,,,,25264,17197,8067,,,,,,,,,,,,,22098,14744,7354,22417,14549,7868,,,,32542,20780,11762,,,,,,
CA-39,95480,48183,18298,11273,15588,3371,1146,,,,,,,,,,,,,33320,19515,13805,,,,,,,,,,,,,29531,18104,11427,29786,17487,12299,,,,36603,22397,14206,,,,,,
CA-40,95916,20680,25586,19278,28400,3304,3293,,,,,,,,,,,,,31922,22886,9036,,,,,,,,,,,,,27421,20098,7323,27849,19842,8007,,,,36017,25812,10205,,,,,,
CA-41,101810,24706,40373,13346,21383,4366,2304,,,,,,,,,,,,,25645,19598,6047,,,,,,,,,,,,,22309,17236,5073,22537,16893,5644,,,,30757,22803,7954,,,,,,
CA-42,99745,52991,23549,9744,10895,3939,1233,,,,,,,,,,,,,39138,29112,10026,,,,,,,,,,,,,34506,26631,7875,34732,25907,8825,,,,45038,34464,10574,,,,,,
CA-43,101691,34753,27016,17416,20635,3869,1904,,,,,,,,,,,,,34369,25518,8851,,,,,,,,,,,,,30972,23437,7535,31260,22849,8411,,,,42387,30968,11419,,,,,,
CA-44,104841,24969,32679,18402,27145,3905,2726,,,,,,,,,,,,,24578,17238,7340,,,,,,,,,,,,,21922,15324,6598,22298,15090,7208,,,,32919,21875,11044,,,,,,
CA-45,101861,50360,20307,5056,24281,2990,1101,,,,,,,,,,,,,41128,30813,10315,,,,,,,,,,,,,37362,28685,8677,37282,27790,9492,,,,46583,34900,11683,,,,,,
CA-46,102159,37787,49303,3818,9432,4991,1027,,,,,,,,,,,,,30198,17114,13084,,,,,,,,,,,,,28172,16097,12075,28274,15255,13019,,,,40127,22658,17469,,,,,,
CA-47,100792,50154,28371,6862,13178,3801,1556,,,,,,,,,,,,,34519,16615,17904,,,,,,,,,,,,,31875,15346,16529,32091,14480,17611,,,,46683,23405,23278,,,,,,
CA-48,101202,37933,25792,16726,20231,4054,2286,,,,,,,,,,,,,31998,18095,13903,,,,,,,,,,,,,29078,17100,11978,29282,16479,12803,,,,43202,25336,17866,,,,,,
CA-49,98144,27840,32405,17722,19767,3646,2057,,,,,,,,,,,,,29086,18049,11037,,,,,,,,,,,,,24632,15301,9331,24773,14797,9976,,,,36212,22524,13688,,,,,,
CA-50,97349,32194,21302,16212,26792,3111,1973,,,,,,,,,,,,,36697,25863,10834,,,,,,,,,,,,,32899,23612,9287,33107,23159,9948,,,,44248,30800,13448,,,,,,
CA-51,100585,23889,33995,18674,23334,3410,1752,,,,,,,,,,,,,28898,21691,7207,,,,,,,,,,,,,24088,18040,6048,24459,17939,6520,,,,35666,25758,9908,,,,,,
CA-52,100985,57025,35680,1710,4180,3788,553,,,,,,,,,,,,,43503,27717,15786,,,,,,,,,,,,,37969,24881,13088,38593,24635,13958,,,,47791,31084,16707,,,,,,
CA-53,102918,33678,39708,15996,12418,4371,1791,,,,,,,,,,,,,26473,15664,10809,,,,,,,,,,,,,24800,14674,10126,25187,14309,10878,,,,38099,21701,16398,,,,,,
CA-54,102228,15665,48459,18314,19685,3865,1674,,,,,,,,,,,,,21841,16482,5359,,,,,,,,,,,,,18321,13658,4663,18564,13521,5043,,,,29491,20467,9024,,,,,,
CA-55,101163,30429,29198,20399,20517,3420,1918,,,,,,,,,,,,,31320,20111,11209,,,,,,,,,,,,,28730,18571,10159,29136,18323,10813,,,,43384,27027,16357,,,,,,
CA-56,103438,42204,35641,5964,18201,3513,1246,,,,,,,,,,,,,33093,22132,10961,,,,,,,,,,,,,29054,19878,9176,29478,19673,9805,,,,39231,26026,13205,,,,,,
CA-57,101036,60464,12955,4053,22035,1968,771,,,,,,,,,,,,,45756,29881,15875,,,,,,,,,,,,,42557,28984,13573,43099,28671,14428,,,,53208,35526,17682,,,,,,
CA-58,103651,66628,11923,3151,20058,2047,767,,,,,,,,,,,,,52758,36182,16576,,,,,,,,,,,,,49585,35698,13887,50082,35315,14767,,,,59627,42033,17594,,,,,,
CA-59,100995,70642,8457,1968,18225,1445,613,,,,,,,,,,,,,54280,33084,21196,,,,,,,,,,,,,51892,33595,18297,52545,33531,19014,,,,61427,39605,21822,,,,,,
CA-60,99656,39287,14930,5001,39422,2023,925,,,,,,,,,,,,,33969,18826,15143,,,,,,,,,,,,,34190,19680,14510,34635,19468,15167,,,,46670,26282,20388,,,,,,
CA-61,102019,38746,12489,4634,45254,1895,947,,,,,,,,,,,,,37044,23759,13285,,,,,,,,,,,,,32896,21884,11012,33555,21798,11757,,,,44306,28773,15533,,,,,,
CA-62,100482,43002,17421,3463,35328,2382,873,,,,,,,,,,,,,35334,21133,14201,,,,,,,,,,,,,32814,20407,12407,33620,20269,13351,,,,44158,26735,17423,,,,,,
CA-63,102100,46953,11816,2859,39037,1955,778,,,,,,,,,,,,,40983,24778,16205,,,,,,,,,,,,,36366,23272,13094,37267,23173,14094,,,,46965,29495,17470,,,,,,
CA-64,99664,29293,30161,14195,24784,3569,1175,,,,,,,,,,,,,31733,23665,8068,,,,,,,,,,,,,28647,21418,7229,29157,21315,7842,,,,38734,27800,10934,,,,,,
CA-65,103559,12160,58810,19287,13000,4808,1031,,,,,,,,,,,,,22174,19590,2584,,,,,,,,,,,,,18819,16558,2261,19080,16664,2416,,,,27071,22400,4671,,,,,,
CA-66,102233,35331,20356,14898,30181,2875,1083,,,,,,,,,,,,,43839,36552,7287,,,,,,,,,,,,,39886,33741,6145,40292,33795,6497,,,,49047,40259,8788,,,,,,
CA-67,104429,38529,17168,24139,23332,2848,1172,,,,,,,,,,,,,42022,39519,2503,,,,,,,,,,,,,33743,31751,1992,34336,32139,2197,,,,41718,38254,3464,,,,,,
CA-68,96722,49843,12434,7495,25779,1682,484,,,,,,,,,,,,,43356,40930,2426,,,,,,,,,,,,,34711,33011,1700,35072,33113,1959,,,,41972,39223,2749,,,,,,
CA-69,105008,60447,10522,12914,19705,2211,720,,,,,,,,,,,,,62494,57069,5425,,,,,,,,,,,,,54204,50201,4003,54861,50504,4357,,,,62105,56823,5282,,,,,,
CA-70,102780,26091,20026,21103,35139,2949,972,,,,,,,,,,,,,34719,32235,2484,,,,,,,,,,,,,26195,23976,2219,26759,24426,2333,,,,34104,30119,3985,,,,,,
CA-71,100651,22486,27926,32026,18344,3856,1121,,,,,,,,,,,,,39770,36441,3329,,,,,,,,,,,,,32218,29614,2604,32829,30007,2822,,,,39875,35434,4441,,,,,,
CA-72,99391,5769,59888,25884,7775,5227,1458,,,,,,,,,,,,,16462,15275,1187,,,,,,,,,,,,,11521,10424,1097,11876,10688,1188,,,,18592,15572,3020,,,,,,
CA-73,103308,36085,16230,8800,41442,2502,1313,,,,,,,,,,,,,42081,33971,8110,,,,,,,,,,,,,35480,28827,6653,36368,29206,7162,,,,46073,36151,9922,,,,,,
CA-74,97505,19871,32626,12195,32687,3205,1651,,,,,,,,,,,,,29336,23014,6322,,,,,,,,,,,,,23731,18291,5440,24407,18626,5781,,,,33146,24307,8839,,,,,,
CA-75,100140,28160,28564,13619,29171,3285,1695,,,,,,,,,,,,,32434,23911,8523,,,,,,,,,,,,,27152,19811,7341,27748,19923,7825,,,,36850,26027,10823,,,,,,
CA-76,105040,11844,53943,10866,25845,3903,4636,,,,,,,,,,,,,21054,16971,4083,,,,,,,,,,,,,16264,12660,3604,16689,12801,3888,,,,26030,18932,7098,,,,,,
CA-77,104190,18143,26772,7466,51175,2764,2261,,,,,,,,,,,,,31990,24182,7808,,,,,,,,,,,,,25786,19141,6645,26403,19343,7060,,,,37288,26122,11166,,,,,,
CA-78,103512,11691,19907,5697,65074,2125,2711,,,,,,,,,,,,,28194,21547,6647,,,,,,,,,,,,,23989,17740,6249,24630,18149,6481,,,,35876,24990,10886,,,,,,
CA-79,99884,19779,20087,4220,54684,2261,1522,,,,,,,,,,,,,26278,18807,7471,,,,,,,,,,,,,21704,15486,6218,22299,15612,6687,,,,31531,21185,10346,,,,,,
CA-80,103835,14772,10686,2499,75355,1293,786,,,,,,,,,,,,,29604,20657,8947,,,,,,,,,,,,,25770,17673,8097,26486,18048,8438,,,,37939,24602,13337,,,,,,
CA-81,104784,34964,30640,13333,24256,3621,1605,,,,,,,,,,,,,38223,35276,2947,,,,,,,,,,,,,30556,28138,2418,30542,27915,2627,,,,39177,34122,5055,,,,,,
CA-82,104424,37923,16265,8842,39668,2324,835,,,,,,,,,,,,,32508,28748,3760,,,,,,,,,,,,,25280,22139,3141,25655,22321,3334,,,,33722,28025,5697,,,,,,
CA-83,104527,56880,7665,2788,35934,1124,495,,,,,,,,,,,,,46339,38209,8130,,,,,,,,,,,,,35966,29625,6341,36560,29976,6584,,,,47275,37558,9717,,,,,,
CA-84,104363,55316,13268,9284,25022,1953,653,,,,,,,,,,,,,53500,49495,4005,,,,,,,,,,,,,43267,40048,3219,43400,39935,3465,,,,53426,48128,5298,,,,,,
CA-85,104251,57258,10796,4215,30449,1768,534,,,,,,,,,,,,,57563,50834,6729,,,,,,,,,,,,,50527,44942,5585,50812,44925,5887,,,,59650,52134,7516,,,,,,
CA-86,102668,49545,9508,3752,38476,1446,558,,,,,,,,,,,,,47467,40486,6981,,,,,,,,,,,,,40513,34506,6007,41015,34779,6236,,,,50512,41941,8571,,,,,,
CA-87,103332,32878,10045,4314,55312,1435,593,,,,,,,,,,,,,43168,34191,8977,,,,,,,,,,,,,36975,28477,8498,38019,29462,8557,,,,46691,34866,11825,,,,,,
CA-88,104178,12779,27909,6343,57102,2287,1199,,,,,,,,,,,,,31575,25712,5863,,,,,,,,,,,,,25543,19974,5569,26257,20714,5543,,,,34702,25355,9347,,,,,,
CA-89,101694,16537,32491,8481,43299,2808,1969,,,,,,,,,,,,,29931,23856,6075,,,,,,,,,,,,,25003,19335,5668,25588,19669,5919,,,,34603,25099,9504,,,,,,
CA-90,100037,12206,25157,3450,58709,1872,1407,,,,,,,,,,,,,25801,20320,5481,,,,,,,,,,,,,21421,16541,4880,21804,16693,5111,,,,30733,22225,8508,,,,,,
CA-91,100096,36395,19469,2292,39541,1898,2275,,,,,,,,,,,,,37652,27060,10592,,,,,,,,,,,,,32414,23589,8825,32841,23370,9471,,,,43572,30345,13227,,,,,,
CA-92,99575,45512,18676,2433,31193,1746,1192,,,,,,,,,,,,,42716,31011,11705,,,,,,,,,,,,,37114,27744,9370,37464,27486,9978,,,,46956,34188,12768,,,,,,
CA-93,98668,33779,16475,2585,43269,1510,2139,,,,,,,,,,,,,34576,25768,8808,,,,,,,,,,,,,29865,22726,7139,30290,22681,7609,,,,39518,28981,10537,,,,,,
CA-94,103183,22499,59845,7015,11183,4159,3597,,,,,,,,,,,,,25468,21329,4139,,,,,,,,,,,,,19721,16347,3374,19953,16216,3737,,,,29121,22957,6164,,,,,,
CA-95,103265,66385,11355,1961,21661,1491,726,,,,,,,,,,,,,52724,39099,13625,,,,,,,,,,,,,47236,36453,10783,47659,36187,11472,,,,57979,44257,13722,,,,,,
CA-96,101365,46678,19174,2701,31204,2253,1275,,,,,,,,,,,,,45669,34066,11603,,,,,,,,,,,,,40764,31058,9706,41118,30667,10451,,,,51316,37900,13416,,,,,,
CA-97,101820,48535,9569,3508,38233,1253,788,,,,,,,,,,,,,37954,30985,6969,,,,,,,,,,,,,32963,27432,5531,33155,27116,6039,,,,41530,33326,8204,,,,,,
CA-98,98765,37073,14767,2126,43709,1516,505,,,,,,,,,,,,,32798,25332,7466,,,,,,,,,,,,,28721,22553,6168,28881,22314,6567,,,,37304,28477,8827,,,,,,
CA-99,100308,36442,4377,1098,57540,739,356,,,,,,,,,,,,,43888,31044,12844,,,,,,,,,,,,,38952,28288,10664,39329,28131,11198,,,,48332,34471,13861,,,,,,
CA-100,102567,26559,13205,2104,59901,1376,553,,,,,,,,,,,,,27556,20309,7247,,,,,,,,,,,,,23945,17877,6068,24170,17830,6340,,,,31793,22919,8874,,,,,,
CA-101,100422,25110,20141,2913,51211,2148,915,,,,,,,,,,,,,26348,20127,6221,,,,,,,,,,,,,22530,17283,5247,22690,17153,5537,,,,32089,23632,8457,,,,,,
CA-102,99124,34326,24372,4188,35261,2612,1009,,,,,,,,,,,,,31975,24106,7869,,,,,,,,,,,,,27604,20989,6615,27822,20796,7026,,,,36215,26402,9813,,,,,,
CA-103,97191,25739,20300,4110,46367,1861,804,,,,,,,,,,,,,28824,20392,8432,,,,,,,,,,,,,24390,17179,7211,24658,17052,7606,,,,32285,21970,10315,,,,,,
CA-104,101731,46950,12593,2549,38285,1834,650,,,,,,,,,,,,,44129,30060,14069,,,,,,,,,,,,,39343,27230,12113,39763,26870,12893,,,,50224,34199,16025,,,,,,
CA-105,102551,52202,19281,2872,26822,2427,818,,,,,,,,,,,,,43468,29646,13822,,,,,,,,,,,,,38878,27411,11467,39251,26962,12289,,,,48354,33535,14819,,,,,,
CA-106,99435,28437,44316,6222,19986,3395,904,,,,,,,,,,,,,26760,21343,5417,,,,,,,,,,,,,21565,17238,4327,21744,17014,4730,,,,30304,23254,7050,,,,,,
CA-107,99186,23485,41419,4798,29281,3362,956,,,,,,,,,,,,,28975,20529,8446,,,,,,,,,,,,,24553,17024,7529,24812,16787,8025,,,,35083,23357,11726,,,,,,
CA-108,100316,13436,30636,4495,51828,2465,823,,,,,,,,,,,,,26556,18426,8130,,,,,,,,,,,,,22495,14741,7754,22809,14783,8026,,,,32848,20531,12317,,,,,,
CA-109,100668,10414,51993,3716,34901,3707,722,,,,,,,,,,,,,20884,16349,4535,,,,,,,,,,,,,17278,12732,4546,17514,12760,4754,,,,26292,18508,7784,,,,,,
CA-110,102094,12377,14109,3283,71988,1578,960,,,,,,,,,,,,,23057,16335,6722,,,,,,,,,,,,,19747,13559,6188,20040,13663,6377,,,,28491,18650,9841,,,,,,
CA-111,98274,11486,14700,2703,69160,1433,786,,,,,,,,,,,,,25197,17162,8035,,,,,,,,,,,,,22270,14588,7682,22608,14781,7827,,,,32015,20359,11656,,,,,,
CA-112,99925,9272,59251,3010,28961,4090,890,,,,,,,,,,,,,22715,17247,5468,,,,,,,,,,,,,18827,13555,5272,19012,13396,5616,,,,28641,19182,9459,,,,,,
CA-113,101153,14686,21488,3334,61552,1903,747,,,,,,,,,,,,,31780,22156,9624,,,,,,,,,,,,,29547,20189,9358,29907,20117,9790,,,,42322,27314,15008,,,,,,
CA-114,102472,33873,51060,3372,13575,4607,846,,,,,,,,,,,,,31455,19343,12112,,,,,,,,,,,,,29041,18192,10849,29395,17558,11837,,,,41233,25069,16164,,,,,,
CA-115,100257,44365,19387,3111,32244,2570,865,,,,,,,,,,,,,44461,27331,17130,,,,,,,,,,,,,39625,25255,14370,40075,24643,15432,,,,50390,31558,18832,,,,,,
CA-116,100892,73466,11428,1620,11245,2720,551,,,,,,,,,,,,,53301,37227,16074,,,,,,,,,,,,,47841,34847,12994,48192,34041,14151,,,,57592,41131,16461,,,,,,
CA-117,101650,60934,24802,3473,9811,3484,667,,,,,,,,,,,,,48536,40491,8045,,,,,,,,,,,,,40816,34314,6502,41068,33859,7209,,,,50526,41761,8765,,,,,,
CA-118,100691,32940,60827,1681,4784,4407,469,,,,,,,,,,,,,33113,24336,8777,,,,,,,,,,,,,28948,21346,7602,29162,20864,8298,,,,38672,27667,11005,,,,,,
CA-119,99176,27727,53427,5272,11715,4592,1826,,,,,,,,,,,,,26649,17438,9211,,,,,,,,,,,,,23315,15256,8059,23521,14894,8627,,,,34323,22026,12297,,,,,,
CA-120,99356,9372,79618,2875,8657,4930,787,,,,,,,,,,,,,17847,12905,4942,,,,,,,,,,,,,13709,9596,4113,13816,9242,4574,,,,23374,15079,8295,,,,,,
CA-121,100155,11907,81967,2151,5149,5463,580,,,,,,,,,,,,,19556,13440,6116,,,,,,,,,,,,,16216,10907,5309,16362,10357,6005,,,,25984,16268,9716,,,,,,
CA-122,101707,23149,72059,1794,4581,5997,648,,,,,,,,,,,,,25666,14723,10943,,,,,,,,,,,,,23981,13726,10255,24212,12976,11236,,,,34363,19030,15333,,,,,,
CA-123,98604,66946,15991,3356,10124,2879,979,,,,,,,,,,,,,46535,29416,17119,,,,,,,,,,,,,43342,28684,14658,43796,28221,15575,,,,53193,34890,18303,,,,,,
CA-124,97043,65842,20975,1640,5790,3432,543,,,,,,,,,,,,,48832,27732,21100,,,,,,,,,,,,,46242,27472,18770,46786,26743,20043,,,,55243,32369,22874,,,,,,
CA-125,97527,62087,26568,2230,3645,4024,533,,,,,,,,,,,,,41516,16696,24820,,,,,,,,,,,,,40321,16957,23364,40831,16206,24625,,,,50241,21278,28963,,,,,,
CA-126,97388,58395,27309,1912,7846,3164,461,,,,,,,,,,,,,39693,22349,17344,,,,,,,,,,,,,34894,20100,14794,35345,19566,15779,,,,45333,26036,19297,,,,,,
CA-127,96150,48452,37654,2469,5631,4504,637,,,,,,,,,,,,,38003,14869,23134,,,,,,,,,,,,,35420,14744,20676,35851,14188,21663,,,,46276,19852,26424,,,,,,
CA-128,97642,13519,76324,2790,5880,5486,551,,,,,,,,,,,,,14421,8102,6319,,,,,,,,,,,,,11774,6682,5092,11976,6440,5536,,,,19985,10804,9181,,,,,,
CA-129,97181,39877,38133,3538,14649,3576,447,,,,,,,,,,,,,33774,23113,10661,,,,,,,,,,,,,25887,17591,8296,26264,17344,8920,,,,36842,25159,11683,,,,,,
CA-130,99478,56370,32474,2277,6618,3158,472,,,,,,,,,,,,,46495,33657,12838,,,,,,,,,,,,,40496,30169,10327,41001,29863,11138,,,,51327,37738,13589,,,,,,
CA-131,97180,51463,36909,2587,4593,3787,509,,,,,,,,,,,,,40067,26258,13809,,,,,,,,,,,,,36002,24297,11705,36482,23919,12563,,,,47322,31514,15808,,,,,,
CA-132,100516,38272,56130,1665,3328,4511,427,,,,,,,,,,,,,34919,21358,13561,,,,,,,,,,,,,32111,19818,12293,32536,19459,13077,,,,43599,26121,17478,,,,,,
CA-133,97935,30483,53666,3728,9813,4445,676,,,,,,,,,,,,,31130,19065,12065,,,,,,,,,,,,,26322,16057,10265,26762,15872,10890,,,,39271,23711,15560,,,,,,
CA-134,101639,24375,65257,4444,7497,4751,832,,,,,,,,,,,,,29439,19432,10007,,,,,,,,,,,,,24877,15999,8878,25209,15812,9397,,,,36455,22945,13510,,,,,,
CA-135,100789,13921,74984,3040,9538,5250,646,,,,,,,,,,,,,18958,13256,5702,,,,,,,,,,,,,15135,9803,5332,15303,9748,5555,,,,25570,16235,9335,,,,,,
CA-136,97591,52816,27964,3241,12127,2865,637,,,,,,,,,,,,,44525,21202,23323,,,,,,,,,,,,,40955,20316,20639,41495,20076,21419,,,,53127,26563,26564,,,,,,
CA-137,97700,50986,28949,2806,13590,3007,550,,,,,,,,,,,,,38722,18293,20429,,,,,,,,,,,,,35160,16848,18312,35678,16582,19096,,,,48887,22946,25941,,,,,,
CA-138,97113,59665,20100,2428,13325,2504,486,,,,,,,,,,,,,44230,22012,22218,,,,,,,,,,,,,40628,20887,19741,41266,20704,20562,,,,53160,26942,26218,,,,,,
CA-139,98438,61864,19951,2382,12377,2365,498,,,,,,,,,,,,,45791,23290,22501,,,,,,,,,,,,,42579,22819,19760,43148,22516,20632,,,,54391,28873,25518,,,,,,
CA-140,97082,26966,37709,8037,23225,3538,1866,,,,,,,,,,,,,28478,16864,11614,,,,,,,,,,,,,23396,13571,9825,23719,12972,10747,,,,34425,18742,15683,,,,,,
CA-141,100318,29166,42539,7068,20449,4383,1664,,,,,,,,,,,,,25491,13530,11961,,,,,,,,,,,,,23320,12282,11038,23633,11617,12016,,,,37827,18984,18843,,,,,,
CA-142,101981,10986,71173,11068,9400,5136,666,,,,,,,,,,,,,13215,9619,3596,,,,,,,,,,,,,10541,7447,3094,10661,7087,3574,,,,17492,11056,6436,,,,,,
CA-143,98471,18290,37315,13243,29685,3434,1394,,,,,,,,,,,,,20500,12908,7592,,,,,,,,,,,,,18840,11928,6912,19034,11445,7589,,,,28865,16947,11918,,,,,,
CA-144,104177,16104,39642,14184,34198,3849,1689,,,,,,,,,,,,,18982,12311,6671,,,,,,,,,,,,,16518,10620,5898,16696,10229,6467,,,,26167,15359,10808,,,,,,
CA-145,103154,28007,35715,15550,24318,3784,1599,,,,,,,,,,,,,29420,16238,13182,,,,,,,,,,,,,25616,14372,11244,25874,13660,12214,,,,36981,20250,16731,,,,,,
CA-146,101629,48702,38602,2285,10348,3759,735,,,,,,,,,,,,,32630,11418,21212,,,,,,,,,,,,,31510,11311,20199,31821,10457,21364,,,,41400,14798,26602,,,,,,
CA-147,98584,55244,34758,1601,3705,4300,579,,,,,,,,,,,,,34539,10740,23799,,,,,,,,,,,,,32024,9052,22972,32445,8256,24189,,,,43947,12653,31294,,,,,,
CA-148,98332,43144,36743,4103,12192,3978,1540,,,,,,,,,,,,,33637,14477,19160,,,,,,,,,,,,,30731,12701,18030,31154,11997,19157,,,,42915,17530,25385,,,,,,
CA-149,101120,21737,67876,4893,5792,4878,1263,,,,,,,,,,,,,21439,11951,9488,,,,,,,,,,,,,19234,10263,8971,19478,9794,9684,,,,30751,16184,14567,,,,,,
CA-150,103243,34661,51180,5520,10017,4973,1702,,,,,,,,,,,,,27711,15412,12299,,,,,,,,,,,,,21381,11135,10246,21783,10777,11006,,,,32106,16435,15671,,,,,,
CA-151,102951,44543,39900,6056,9855,5149,1864,,,,,,,,,,,,,31361,15894,15467,,,,,,,,,,,,,25803,12497,13306,26274,12047,14227,,,,37126,17746,19380,,,,,,
CA-152,96551,21537,64691,2620,6808,4384,976,,,,,,,,,,,,,20467,11833,8634,,,,,,,,,,,,,15154,7621,7533,15461,7290,8171,,,,25609,12733,12876,,,,,,
CA-153,103721,44757,46884,3062,7414,4295,847,,,,,,,,,,,,,29405,13195,16210,,,,,,,,,,,,,25097,10224,14873,25551,9633,15918,,,,36257,14481,21776,,,,,,
CA-154,100821,21976,65187,3561,9799,5611,570,,,,,,,,,,,,,20622,10895,9727,,,,,,,,,,,,,18575,9110,9465,18824,8496,10328,,,,28233,13372,14861,,,,,,
CA-155,101007,26149,56125,6492,11922,4862,548,,,,,,,,,,,,,22718,12191,10527,,,,,,,,,,,,,20928,10771,10157,21157,10252,10905,,,,31547,16115,15432,,,,,,
CA-156,96430,11233,79717,3128,2003,4705,302,,,,,,,,,,,,,14011,7821,6190,,,,,,,,,,,,,11501,6040,5461,11707,5740,5967,,,,17993,8701,9292,,,,,,
CA-157,96388,35935,45434,6902,7178,4218,694,,,,,,,,,,,,,23596,8610,14986,,,,,,,,,,,,,21186,7322,13864,21435,6803,14632,,,,31631,11102,20529,,,,,,
CA-158,99763,16541,75868,3808,3537,6747,349,,,,,,,,,,,,,17690,8647,9043,,,,,,,,,,,,,15490,7357,8133,15703,6979,8724,,,,24861,11342,13519,,,,,,
CA-159,100614,42417,37220,8107,12148,4091,521,,,,,,,,,,,,,37286,17522,19764,,,,,,,,,,,,,31253,14401,16852,31861,14165,17696,,,,42341,20139,22202,,,,,,
CA-160,97208,18393,54391,7609,16492,4755,497,,,,,,,,,,,,,17223,10316,6907,,,,,,,,,,,,,12966,7513,5453,13233,7401,5832,,,,20603,11746,8857,,,,,,
CA-161,104489,25206,57442,11067,10446,5411,517,,,,,,,,,,,,,23864,15042,8822,,,,,,,,,,,,,18618,11675,6943,18956,11523,7433,,,,27717,16904,10813,,,,,,
CA-162,97154,14011,54840,11547,16664,4397,387,,,,,,,,,,,,,18118,11707,6411,,,,,,,,,,,,,14677,9194,5483,15008,8971,6037,,,,23908,13696,10212,,,,,,
CA-163,95772,10483,63961,8455,13297,4546,501,,,,,,,,,,,,,13763,9380,4383,,,,,,,,,,,,,10493,7088,3405,10733,6973,3760,,,,17967,11323,6644,,,,,,
CA-164,100134,53472,22939,4233,18003,2945,422,,,,,,,,,,,,,39545,15164,24381,,,,,,,,,,,,,35592,13474,22118,36313,13238,23075,,,,49041,19335,29706,,,,,,
CA-165,103280,47526,31986,3911,17793,4237,692,,,,,,,,,,,,,34475,13050,21425,,,,,,,,,,,,,32428,11921,20507,33060,11584,21476,,,,47093,17954,29139,,,,,,
CA-166,95359,10577,67172,3026,14938,4019,265,,,,,,,,,,,,,19468,11281,8187,,,,,,,,,,,,,15877,9018,6859,16224,8701,7523,,,,25307,13343,11964,,,,,,
CA-167,95987,13061,77932,1451,3944,3800,303,,,,,,,,,,,,,19195,10200,8995,,,,,,,,,,,,,16223,7872,8351,16463,7512,8951,,,,24850,11622,13228,,,,,,
CA-168,103207,59881,31668,1711,3813,7814,358,,,,,,,,,,,,,40490,12062,28428,,,,,,,,,,,,,39464,11618,27846,39898,10977,28921,,,,51426,15410,36016,,,,,,
CA-169,98207,25881,64162,1505,5834,4151,270,,,,,,,,,,,,,23603,8649,14954,,,,,,,,,,,,,21352,7114,14238,21680,6717,14963,,,,30724,10678,20046,,,,,,
CA-170,100473,42125,46944,3219,6682,4661,466,,,,,,,,,,,,,30870,11985,18885,,,,,,,,,,,,,28042,10043,17999,28261,9601,18660,,,,40767,14934,25833,,,,,,
CA-171,97395,30764,58003,2506,4851,4472,374,,,,,,,,,,,,,21538,8250,13288,,,,,,,,,,,,,19928,6975,12953,20083,6545,13538,,,,29842,10319,19523,,,,,,
CA-172,97672,14366,76913,1930,4648,4556,263,,,,,,,,,,,,,15678,8625,7053,,,,,,,,,,,,,13443,6777,6666,13575,6339,7236,,,,20953,9832,11121,,,,,,
CA-173,95485,13035,76962,2325,3155,4127,390,,,,,,,,,,,,,11380,6034,5346,,,,,,,,,,,,,9946,4849,5097,10054,4581,5473,,,,16695,7653,9042,,,,,,
CA-174,103723,6521,87129,2303,8933,4445,310,,,,,,,,,,,,,14545,9136,5409,,,,,,,,,,,,,12641,7436,5205,12762,6989,5773,,,,20480,10364,10116,,,,,,
CA-175,97163,54620,27791,3751,8430,4243,424,,,,,,,,,,,,,34505,8882,25623,,,,,,,,,,,,,34120,8464,25656,34398,7922,26476,,,,47876,12557,35319,,,,,,
CA-176,97027,46425,36104,4219,8272,4265,423,,,,,,,,,,,,,30746,9709,21037,,,,,,,,,,,,,29267,9079,20188,29503,8499,21004,,,,40008,12992,27016,,,,,,
CA-177,97114,51560,27013,10657,5297,4890,805,,,,,,,,,,,,,30586,9501,21085,,,,,,,,,,,,,28406,9172,19234,28648,8840,19808,,,,38800,13068,25732,,,,,,
CA-178,97576,55466,31453,3667,3309,5401,399,,,,,,,,,,,,,28968,9249,19719,,,,,,,,,,,,,26502,8412,18090,26681,7961,18720,,,,36958,11834,25124,,,,,,
CA-179,100797,16058,72302,9973,2380,5081,345,,,,,,,,,,,,,15333,9062,6271,,,,,,,,,,,,,12936,7401,5535,13019,7022,5997,,,,19815,10570,9245,,,,,,
CA-180,98802,14681,69991,10690,3639,4510,308,,,,,,,,,,,,,14503,8860,5643,,,,,,,,,,,,,11963,7093,4870,12044,6730,5314,,,,19826,10866,8960,,,,,,
CA-181,102765,22884,54805,9499,15364,4047,471,,,,,,,,,,,,,21170,10943,10227,,,,,,,,,,,,,20751,10466,10285,20937,9822,11115,,,,33266,15279,17987,,,,,,
CA-182,97707,9065,83156,3279,2635,4675,232,,,,,,,,,,,,,13023,8166,4857,,,,,,,,,,,,,10619,6256,4363,10709,5916,4793,,,,18683,9911,8772,,,,,,
CA-183,101243,14394,60033,21707,5357,4512,1114,,,,,,,,,,,,,15782,9530,6252,,,,,,,,,,,,,12523,7279,5244,12788,7132,5656,,,,26270,14180,12090,,,,,,
CA-184,103773,21967,60125,16437,4819,4499,828,,,,,,,,,,,,,19144,9637,9507,,,,,,,,,,,,,14735,7226,7509,15039,7143,7896,,,,27663,13157,14506,,,,,,
CA-185,101435,38577,48688,8196,4888,4366,620,,,,,,,,,,,,,27059,9689,17370,,,,,,,,,,,,,22644,7963,14681,23100,7849,15251,,,,37411,13549,23862,,,,,,
CA-186,102201,43136,37590,13512,5101,6189,1291,,,,,,,,,,,,,24233,8082,16151,,,,,,,,,,,,,20907,7117,13790,21312,7003,14309,,,,31581,10831,20750,,,,,,
CA-187,101087,57019,27842,8186,5076,4835,1034,,,,,,,,,,,,,25908,9952,15956,,,,,,,,,,,,,22941,9437,13504,23394,9334,14060,,,,33999,13415,20584,,,,,,
CA-188,97124,59687,28018,2657,3836,4131,543,,,,,,,,,,,,,35816,11533,24283,,,,,,,,,,,,,30491,10557,19934,31167,10416,20751,,,,43112,14683,28429,,,,,,
CA-189,98800,52161,32415,4332,8226,3685,628,,,,,,,,,,,,,37755,13971,23784,,,,,,,,,,,,,34470,12917,21553,35073,12615,22458,,,,49507,18333,31174,,,,,,
CA-190,104523,34849,40434,10106,18811,3561,849,,,,,,,,,,,,,29894,16309,13585,,,,,,,,,,,,,25255,13923,11332,25698,13738,11960,,,,39454,21270,18184,,,,,,
CA-191,100236,15402,64682,15110,5455,4378,722,,,,,,,,,,,,,17125,10594,6531,,,,,,,,,,,,,12204,7186,5018,12507,7044,5463,,,,22258,12158,10100,,,,,,
CA-192,100691,18333,63644,13831,5606,4541,626,,,,,,,,,,,,,21698,12902,8796,,,,,,,,,,,,,16083,8937,7146,16401,8711,7690,,,,29370,15276,14094,,,,,,
CA-193,96501,10615,70393,11542,4466,4091,617,,,,,,,,,,,,,15855,10717,5138,,,,,,,,,,,,,11462,7365,4097,11743,7285,4458,,,,20959,12346,8613,,,,,,
CA-194,96341,7047,73907,13060,3079,4460,699,,,,,,,,,,,,,17701,13018,4683,,,,,,,,,,,,,12672,8754,3918,12975,8646,4329,,,,25328,15620,9708,,,,,,
CA-195,97351,9114,78890,6262,3717,4627,430,,,,,,,,,,,,,17847,12400,5447,,,,,,,,,,,,,13134,8419,4715,13415,8277,5138,,,,25368,14619,10749,,,,,,
CA-196,97488,10223,70887,10526,6688,4281,629,,,,,,,,,,,,,17243,11786,5457,,,,,,,,,,,,,14311,8870,5441,14685,8760,5925,,,,28890,16563,12327,,,,,,
CA-197,98097,9240,72260,8894,8559,3988,611,,,,,,,,,,,,,19649,13787,5862,,,,,,,,,,,,,14772,9515,5257,15164,9450,5714,,,,28620,16819,11801,,,,,,
CA-198,98372,29860,38482,12571,17690,3201,755,,,,,,,,,,,,,28915,15579,13336,,,,,,,,,,,,,24158,12325,11833,24690,12245,12445,,,,38991,19719,19272,,,,,,
CA-199,96004,34576,34040,10240,16884,2960,607,,,,,,,,,,,,,35554,16160,19394,,,,,,,,,,,,,31582,13876,17706,32225,13678,18547,,,,48760,21648,27112,,,,,,
CA-200,97327,33232,43953,8490,11419,3661,543,,,,,,,,,,,,,32058,15987,16071,,,,,,,,,,,,,27605,13396,14209,28139,13240,14899,,,,41849,20345,21504,,,,,,
CA-201,98276,12410,73281,6283,6793,4860,594,,,,,,,,,,,,,20231,13489,6742,,,,,,,,,,,,,15404,9415,5989,15732,9276,6456,,,,27684,16020,11664,,,,,,
CA-202,96162,14315,60048,8626,13910,3697,638,,,,,,,,,,,,,21096,12909,8187,,,,,,,,,,,,,18868,10657,8211,19345,10494,8851,,,,34341,18374,15967,,,,,,
CA-203,96373,16753,61869,4494,13827,3725,452,,,,,,,,,,,,,25406,13818,11588,,,,,,,,,,,,,20598,10159,10439,21126,9911,11215,,,,34073,16454,17619,,,,,,
CA-204,100747,22256,28959,6612,43298,2332,605,,,,,,,,,,,,,31243,15014,16229,,,,,,,,,,,,,28094,13171,14923,28730,13114,15616,,,,43123,19862,23261,,,,,,
CA-205,101798,6183,92194,1909,2707,3667,220,,,,,,,,,,,,,19621,13472,6149,,,,,,,,,,,,,16969,11175,5794,17037,10598,6439,,,,31536,16810,14726,,,,,,
CA-206,104070,15142,82358,3590,2582,5871,345,,,,,,,,,,,,,17972,9404,8568,,,,,,,,,,,,,16248,8354,7894,16431,7825,8606,,,,27430,12518,14912,,,,,,
CA-207,95949,20258,71548,2395,2231,4136,342,,,,,,,,,,,,,20429,12336,8093,,,,,,,,,,,,,20365,11950,8415,20694,11742,8952,,,,29985,16609,13376,,,,,,
CA-208,98265,33004,57424,3312,4546,3595,391,,,,,,,,,,,,,28970,15047,13923,,,,,,,,,,,,,27211,14295,12916,27624,14240,13384,,,,38963,19800,19163,,,,,,
CA-209,96947,56790,30715,3037,5359,2706,376,,,,,,,,,,,,,37128,20132,16996,,,,,,,,,,,,,38252,22469,15783,38778,22416,16362,,,,48739,28485,20254,,,,,,
CA-210,95784,28444,55055,6417,5415,4090,476,,,,,,,,,,,,,21806,13945,7861,,,,,,,,,,,,,20950,13670,7280,21227,13537,7690,,,,31815,19323,12492,,,,,,
CA-211,99492,55403,31904,5498,4310,4494,508,,,,,,,,,,,,,36831,20695,16136,,,,,,,,,,,,,34766,21234,13532,35252,21077,14175,,,,44807,26394,18413,,,,,,
CA-212,101265,38623,43355,8954,8394,5395,546,,,,,,,,,,,,,27210,11630,15580,,,,,,,,,,,,,27089,11828,15261,27524,11480,16044,,,,43700,18467,25233,,,,,,
CA-213,102624,28201,56999,12189,4475,5011,809,,,,,,,,,,,,,19852,9869,9983,,,,,,,,,,,,,17114,8427,8687,17384,8286,9098,,,,28643,13814,14829,,,,,,
CA-214,96947,14731,55001,18991,8614,3956,863,,,,,,,,,,,,,22267,13944,8323,,,,,,,,,,,,,17823,10823,7000,18120,10705,7415,,,,31419,18269,13150,,,,,,
CA-215,97002,10023,65223,16282,5915,3999,898,,,,,,,,,,,,,15746,10943,4803,,,,,,,,,,,,,11550,7650,3900,11781,7658,4123,,,,22649,13973,8676,,,,,,
CA-216,101051,24724,55131,11202,9814,4426,740,,,,,,,,,,,,,23395,15215,8180,,,,,,,,,,,,,18181,11432,6749,18464,11316,7148,,,,31305,18890,12415,,,,,,
CA-217,101947,18955,71974,5242,5950,4453,528,,,,,,,,,,,,,21616,12196,9420,,,,,,,,,,,,,17559,9016,8543,17877,8792,9085,,,,30276,14943,15333,,,,,,
CA-218,100930,36134,48488,7649,7999,4047,701,,,,,,,,,,,,,32837,16689,16148,,,,,,,,,,,,,27233,13707,13526,27630,13412,14218,,,,40737,20335,20402,,,,,,
CA-219,97333,17064,66697,6547,7119,4137,719,,,,,,,,,,,,,20411,12585,7826,,,,,,,,,,,,,14492,7937,6555,14768,7832,6936,,,,25921,13954,11967,,,,,,
CA-220,97617,26709,37632,8551,24734,2845,659,,,,,,,,,,,,,27064,12517,14547,,,,,,,,,,,,,24951,10553,14398,25464,10373,15091,,,,39998,16709,23289,,,,,,
CA-221,98071,27368,53502,5962,10986,3826,797,,,,,,,,,,,,,25980,12862,13118,,,,,,,,,,,,,21893,10303,11590,22302,10113,12189,,,,34379,15971,18408,,,,,,
CA-222,102265,34077,42973,7203,17565,3360,899,,,,,,,,,,,,,31576,14995,16581,,,,,,,,,,,,,27896,12852,15044,28378,12585,15793,,,,43272,19539,23733,,,,,,
CA-223,101736,8434,79456,10723,4058,4521,554,,,,,,,,,,,,,14339,10323,4016,,,,,,,,,,,,,10236,6748,3488,10426,6627,3799,,,,22601,13476,9125,,,,,,
CA-224,104009,45204,39004,8286,10667,3645,818,,,,,,,,,,,,,35195,13529,21666,,,,,,,,,,,,,33543,13174,20369,34089,12895,21194,,,,51639,20270,31369,,,,,,
CA-225,95369,31084,47493,7607,8744,3781,849,,,,,,,,,,,,,22597,10173,12424,,,,,,,,,,,,,21696,9748,11948,22047,9541,12506,,,,36418,16164,20254,,,,,,
CA-226,101847,41202,44821,8729,6135,4054,837,,,,,,,,,,,,,30540,12355,18185,,,,,,,,,,,,,28614,12361,16253,29178,12208,16970,,,,44298,19401,24897,,,,,,
CA-227,98425,46848,27100,7811,14836,4357,1230,,,,,,,,,,,,,29940,10829,19111,,,,,,,,,,,,,32460,12643,19817,32954,12327,20627,,,,52106,20603,31503,,,,,,
CA-228,103714,48094,36319,7385,10378,3854,1178,,,,,,,,,,,,,29990,10350,19640,,,,,,,,,,,,,30778,11255,19523,31277,10924,20353,,,,49693,18365,31328,,,,,,
CA-229,99705,44520,31328,8840,14123,3504,1235,,,,,,,,,,,,,30060,11572,18488,,,,,,,,,,,,,28220,11301,16919,28697,11092,17605,,,,43337,17682,25655,,,,,,
CA-230,96902,47908,27158,6303,14214,3646,1072,,,,,,,,,,,,,32068,12808,19260,,,,,,,,,,,,,29888,12467,17421,30365,12109,18256,,,,44112,18611,25501,,,,,,
CA-231,98095,58889,26588,2448,4327,7135,891,,,,,,,,,,,,,39273,12849,26424,,,,,,,,,,,,,37558,12875,24683,37967,12230,25737,,,,51206,17638,33568,,,,,,
CA-232,99222,62584,24380,4505,5244,3882,772,,,,,,,,,,,,,37460,12452,25008,,,,,,,,,,,,,33437,10894,22543,33833,10403,23430,,,,47178,15106,32072,,,,,,
CA-233,103378,64833,23092,4364,8024,3510,1320,,,,,,,,,,,,,38675,14319,24356,,,,,,,,,,,,,35488,13801,21687,35997,13323,22674,,,,49251,19251,30000,,,,,,
CA-234,97221,50487,29018,8668,7749,2792,1083,,,,,,,,,,,,,24792,12099,12693,,,,,,,,,,,,,21039,10209,10830,21278,9981,11297,,,,32614,15268,17346,,,,,,
CA-235,99536,58114,21529,2948,14795,3257,795,,,,,,,,,,,,,44954,18678,26276,,,,,,,,,,,,,41822,18766,23056,42344,18243,24101,,,,54960,25140,29820,,,,,,
CA-236,99807,24278,63827,3939,7790,4282,686,,,,,,,,,,,,,22107,12378,9729,,,,,,,,,,,,,17576,9639,7937,17781,9397,8384,,,,27775,15694,12081,,,,,,
CA-237,100018,51220,35068,6032,6317,3637,1309,,,,,,,,,,,,,24769,9803,14966,,,,,,,,,,,,,23163,9566,13597,23413,9284,14129,,,,32710,13737,18973,,,,,,
CA-238,101884,42329,40720,6644,10410,3841,2222,,,,,,,,,,,,,34106,19054,15052,,,,,,,,,,,,,31146,17740,13406,31388,17332,14056,,,,42917,23888,19029,,,,,,
CA-239,101937,37195,49083,4930,9335,4158,1738,,,,,,,,,,,,,32046,17082,14964,,,,,,,,,,,,,29356,15674,13682,29709,15302,14407,,,,41935,22443,19492,,,,,,
CA-240,95940,40379,40345,3676,10507,3350,928,,,,,,,,,,,,,33045,16103,16942,,,,,,,,,,,,,30060,15121,14939,30390,14687,15703,,,,42004,21510,20494,,,,,,
CA-241,101645,61226,23082,3061,12729,2569,632,,,,,,,,,,,,,43891,23320,20571,,,,,,,,,,,,,41334,22973,18361,41784,22344,19440,,,,53628,29692,23936,,,,,,
CA-242,103534,66499,20350,3446,11362,2671,841,,,,,,,,,,,,,48090,24703,23387,,,,,,,,,,,,,46732,25458,21274,47258,24948,22310,,,,58908,32111,26797,,,,,,
CA-243,100101,71315,15989,1848,8823,2234,545,,,,,,,,,,,,,52167,31680,20487,,,,,,,,,,,,,48407,30113,18294,48912,29350,19562,,,,59680,35877,23803,,,,,,
CA-244,101926,56765,9610,2345,31604,1195,480,,,,,,,,,,,,,42706,21864,20842,,,,,,,,,,,,,40937,22544,18393,41277,22147,19130,,,,53438,29353,24085,,,,,,
CA-245,99878,49951,11307,3443,34088,1670,882,,,,,,,,,,,,,43903,23062,20841,,,,,,,,,,,,,40353,23038,17315,40792,22767,18025,,,,53462,30777,22685,,,,,,
CA-246,99417,36327,13166,4637,44612,1575,990,,,,,,,,,,,,,36225,20476,15749,,,,,,,,,,,,,32833,19582,13251,33233,19450,13783,,,,44659,26658,18001,,,,,,
CA-247,96798,39946,11855,3329,40895,1309,925,,,,,,,,,,,,,32957,21419,11538,,,,,,,,,,,,,28156,18432,9724,28472,18283,10189,,,,41185,27157,14028,,,,,,
CA-248,97226,65621,12159,2364,14571,1585,638,,,,,,,,,,,,,43509,28240,15269,,,,,,,,,,,,,37479,24710,12769,37819,24032,13787,,,,49513,31578,17935,,,,,,
CA-249,98254,45401,24298,7941,19214,2692,1225,,,,,,,,,,,,,32984,20736,12248,,,,,,,,,,,,,28823,18807,10016,29143,18473,10670,,,,41447,26652,14795,,,,,,
CA-250,99358,53683,20939,5381,17575,2653,1060,,,,,,,,,,,,,41182,24173,17009,,,,,,,,,,,,,36318,22318,14000,36787,21952,14835,,,,47966,29232,18734,,,,,,
CA-251,99131,55808,20868,8302,12696,2723,1239,,,,,,,,,,,,,40620,25153,15467,,,,,,,,,,,,,35591,23161,12430,35967,22796,13171,,,,47628,30828,16800,,,,,,
CA-252,102096,67543,17659,5693,8477,2550,786,,,,,,,,,,,,,43928,29027,14901,,,,,,,,,,,,,38601,26225,12376,39045,25672,13373,,,,50874,33536,17338,,,,,,
CA-253,101989,56633,25901,7914,10098,3054,757,,,,,,,,,,,,,48998,41027,7971,,,,,,,,,,,,,40543,34443,6100,40790,34009,6781,,,,55215,45870,9345,,,,,,
CA-254,101715,15924,49074,16642,20348,3456,806,,,,,,,,,,,,,22369,17023,5346,,,,,,,,,,,,,16911,12572,4339,17083,12454,4629,,,,27716,19519,8197,,,,,,
CA-255,104688,53823,27400,10875,11272,3473,1292,,,,,,,,,,,,,40081,23646,16435,,,,,,,,,,,,,34661,21108,13553,35066,20667,14399,,,,48047,29408,18639,,,,,,
CA-256,98209,10178,61580,14260,13014,4068,1029,,,,,,,,,,,,,22838,18063,4775,,,,,,,,,,,,,15880,12321,3559,16026,12149,3877,,,,27822,19721,8101,,,,,,
CA-257,103002,20214,45440,16688,20766,3525,1786,,,,,,,,,,,,,29380,18510,10870,,,,,,,,,,,,,23591,14606,8985,23864,14395,9469,,,,38663,23132,15531,,,,,,
CA-258,95512,8117,60620,7825,19842,3574,1224,,,,,,,,,,,,,21096,14520,6576,,,,,,,,,,,,,15807,10595,5212,16008,10517,5491,,,,27418,16909,10509,,,,,,
CA-259,100708,25010,50104,7914,18683,3454,1232,,,,,,,,,,,,,36917,20818,16099,,,,,,,,,,,,,31562,17690,13872,31860,17271,14589,,,,47704,25831,21873,,,,,,
CA-260,96019,14494,44351,9474,29694,2709,1397,,,,,,,,,,,,,25568,15711,9857,,,,,,,,,,,,,23504,14171,9333,23745,13881,9864,,,,42707,24649,18058,,,,,,
CA-261,100357,14588,74280,4960,7636,4315,948,,,,,,,,,,,,,27398,18041,9357,,,,,,,,,,,,,21247,13536,7711,21476,13226,8250,,,,35652,21064,14588,,,,,,
CA-262,101869,36611,48473,8113,8157,3665,1114,,,,,,,,,,,,,24406,14123,10283,,,,,,,,,,,,,20701,11786,8915,20871,11535,9336,,,,31621,17530,14091,,,,,,
CA-263,101792,7043,78846,5410,12170,4224,874,,,,,,,,,,,,,24604,17531,7073,,,,,,,,,,,,,17509,11714,5795,17666,11525,6141,,,,34996,20840,14156,,,,,,
CA-264,104502,74470,19150,1596,6914,2578,597,,,,,,,,,,,,,49946,20296,29650,,,,,,,,,,,,,48377,20352,28025,47569,19293,28276,,,,61591,25328,36263,,,,,,
CA-265,101296,64322,17389,2558,15425,2108,657,,,,,,,,,,,,,42032,16877,25155,,,,,,,,,,,,,41038,17518,23520,40703,16739,23964,,,,55758,23767,31991,,,,,,
CA-266,103423,63758,19545,2346,16190,2181,588,,,,,,,,,,,,,48480,21181,27299,,,,,,,,,,,,,44011,20569,23442,43447,19545,23902,,,,57582,26721,30861,,,,,,
CA-267,97779,59168,23897,2045,11404,2362,447,,,,,,,,,,,,,43493,19971,23522,,,,,,,,,,,,,40519,19058,21461,39800,18201,21599,,,,52688,24656,28032,,,,,,
CA-268,96776,60951,14923,2563,16748,1878,669,,,,,,,,,,,,,45318,24350,20968,,,,,,,,,,,,,41361,22364,18997,40689,21624,19065,,,,53444,28444,25000,,,,,,
CA-269,97971,48653,25170,2596,20390,2442,605,,,,,,,,,,,,,40240,19188,21052,,,,,,,,,,,,,37939,19105,18834,37383,18520,18863,,,,49728,25219,24509,,,,,,
CA-270,97087,29932,9177,2812,54475,950,476,,,,,,,,,,,,,21151,12811,8340,,,,,,,,,,,,,22751,14119,8632,22594,13864,8730,,,,35525,20630,14895,,,,,,
CA-271,99741,38052,14555,2430,44045,1532,474,,,,,,,,,,,,,35928,18372,17556,,,,,,,,,,,,,34166,18197,15969,33769,17583,16186,,,,46384,24179,22205,,,,,,
CA-272,99784,38003,11883,3298,45720,1420,668,,,,,,,,,,,,,33550,19715,13835,,,,,,,,,,,,,30514,18347,12167,30162,17855,12307,,,,42084,24447,17637,,,,,,
CA-273,101532,46590,17054,4012,32908,1571,451,,,,,,,,,,,,,33362,21097,12265,,,,,,,,,,,,,28083,17027,11056,27653,16368,11285,,,,39192,22944,16248,,,,,,
CA-274,96598,72310,9465,1504,11502,1451,523,,,,,,,,,,,,,48362,19460,28902,,,,,,,,,,,,,44407,17209,27198,43567,16454,27113,,,,56534,21649,34885,,,,,,
CA-275,104414,56146,20105,2524,24424,2100,635,,,,,,,,,,,,,50013,19578,30435,,,,,,,,,,,,,45216,18646,26570,44407,17729,26678,,,,59169,24631,34538,,,,,,
CA-276,101382,28530,56546,2895,13168,3897,742,,,,,,,,,,,,,30457,16576,13881,,,,,,,,,,,,,25412,13786,11626,25136,13221,11915,,,,37340,20259,17081,,,,,,
CA-277,101090,25398,62572,2856,10359,4329,647,,,,,,,,,,,,,24127,14002,10125,,,,,,,,,,,,,19919,11281,8638,19753,10871,8882,,,,31983,18223,13760,,,,,,
CA-278,100241,9850,59102,2189,29533,3458,722,,,,,,,,,,,,,19854,12319,7535,,,,,,,,,,,,,16544,9088,7456,16400,9198,7202,,,,28200,15972,12228,,,,,,
CA-279,99089,5963,85263,2221,6851,5286,408,,,,,,,,,,,,,16045,12276,3769,,,,,,,,,,,,,11180,8081,3099,11066,7773,3293,,,,20281,13647,6634,,,,,,
CA-280,102751,10104,78650,2452,12198,5335,635,,,,,,,,,,,,,21052,15186,5866,,,,,,,,,,,,,15372,10303,5069,15282,10035,5247,,,,27433,17654,9779,,,,,,
CA-281,99014,43696,38902,2419,12586,3224,1028,,,,,,,,,,,,,33432,18220,15212,,,,,,,,,,,,,29125,15320,13805,28878,14678,14200,,,,41207,20964,20243,,,,,,
CA-282,98377,19843,59336,3491,16153,3719,724,,,,,,,,,,,,,24249,14391,9858,,,,,,,,,,,,,19047,10906,8141,18863,10497,8366,,,,31806,17857,13949,,,,,,
CA-283,100021,14531,67012,3356,15598,3920,800,,,,,,,,,,,,,18487,12300,6187,,,,,,,,,,,,,15418,9925,5493,15294,9661,5633,,,,26537,16607,9930,,,,,,
CA-284,96006,16203,52619,3983,23061,3529,831,,,,,,,,,,,,,20764,12651,8113,,,,,,,,,,,,,16631,9581,7050,16476,9345,7131,,,,27114,15028,12086,,,,,,
CA-285,103439,15151,33413,1927,52450,2262,948,,,,,,,,,,,,,25118,13450,11668,,,,,,,,,,,,,22909,11174,11735,22726,11443,11283,,,,35851,17857,17994,,,,,,
CA-286,103116,12071,27203,1341,62292,1981,769,,,,,,,,,,,,,27466,14354,13112,,,,,,,,,,,,,24518,11170,13348,24391,11718,12673,,,,36916,17348,19568,,,,,,
CA-287,95795,38621,22635,2120,31176,2295,822,,,,,,,,,,,,,35203,16904,18299,,,,,,,,,,,,,31489,14537,16952,31099,14281,16818,,,,43540,20286,23254,,,,,,
CA-288,96972,62708,15184,1966,14835,2426,845,,,,,,,,,,,,,46855,20615,26240,,,,,,,,,,,,,43477,18671,24806,42869,17902,24967,,,,56202,24029,32173,,,,,,
CA-289,97247,27593,38620,3942,26441,3143,1172,,,,,,,,,,,,,28767,14516,14251,,,,,,,,,,,,,24495,11956,12539,24219,11695,12524,,,,36019,17575,18444,,,,,,
CA-290,98010,27463,25607,4752,39765,2441,1189,,,,,,,,,,,,,31730,15891,15839,,,,,,,,,,,,,29196,14743,14453,28938,14334,14604,,,,42586,21266,21320,,,,,,
CA-291,97189,56475,17557,2308,19257,2282,821,,,,,,,,,,,,,46480,20734,25746,,,,,,,,,,,,,42831,19377,23454,42304,18820,23484,,,,55345,25128,30217,,,,,,
CA-292,100502,52068,19011,2139,26163,2186,545,,,,,,,,,,,,,46768,16582,30186,,,,,,,,,,,,,43472,16300,27172,42863,15457,27406,,,,57068,21905,35163,,,,,,
CA-293,98533,16988,56600,3915,21160,3755,853,,,,,,,,,,,,,23739,14861,8878,,,,,,,,,,,,,18481,10716,7765,18366,10423,7943,,,,30561,17021,13540,,,,,,
CA-294,98916,33168,22783,3140,39303,2188,560,,,,,,,,,,,,,35590,17211,18379,,,,,,,,,,,,,31205,15606,15599,30934,15183,15751,,,,43757,22110,21647,,,,,,
CA-295,104417,31349,49353,2981,20569,3568,556,,,,,,,,,,,,,34928,17105,17823,,,,,,,,,,,,,29574,14462,15112,29338,13896,15442,,,,43951,21353,22598,,,,,,
CA-296,103324,14338,71377,14108,4123,4663,469,,,,,,,,,,,,,23204,15607,7597,,,,,,,,,,,,,15616,9740,5876,15693,9372,6321,,,,28810,17019,11791,,,,,,
CA-297,99623,19099,57534,17344,5824,4583,482,,,,,,,,,,,,,22103,13304,8799,,,,,,,,,,,,,15796,8892,6904,15845,8577,7268,,,,27094,15026,12068,,,,,,
CA-298,100946,18134,51792,26530,4599,4185,494,,,,,,,,,,,,,20465,12896,7569,,,,,,,,,,,,,14398,8708,5690,14507,8490,6017,,,,25815,15256,10559,,,,,,
CA-299,100864,42545,34149,14399,8546,4121,601,,,,,,,,,,,,,34210,13908,20302,,,,,,,,,,,,,29251,12092,17159,29304,11495,17809,,,,43149,18473,24676,,,,,,
CA-300,101759,51016,31808,5745,11882,3295,595,,,,,,,,,,,,,40362,17073,23289,,,,,,,,,,,,,36841,15921,20920,37018,15167,21851,,,,51942,22556,29386,,,,,,
CA-301,101347,42768,34242,6591,17299,2896,563,,,,,,,,,,,,,35274,17990,17284,,,,,,,,,,,,,32337,16512,15825,32599,15875,16724,,,,46964,23721,23243,,,,,,
CA-302,102902,44281,36178,5690,16056,3082,527,,,,,,,,,,,,,38525,19824,18701,,,,,,,,,,,,,33627,17686,15941,33727,16964,16763,,,,46848,23995,22853,,,,,,
CA-303,100597,29097,49409,7966,14034,3768,692,,,,,,,,,,,,,31708,20990,10718,,,,,,,,,,,,,26407,17423,8984,26454,16845,9609,,,,38645,24214,14431,,,,,,
CA-304,98539,8427,71377,6284,13372,4141,477,,,,,,,,,,,,,18434,13645,4789,,,,,,,,,,,,,12350,8350,4000,12362,8031,4331,,,,23521,14450,9071,,,,,,
CA-305,101975,41574,41578,4035,14520,3359,501,,,,,,,,,,,,,37639,17443,20196,,,,,,,,,,,,,33202,15430,17772,33324,14690,18634,,,,48037,21966,26071,,,,,,
CA-306,101285,26343,53049,5210,17046,3920,530,,,,,,,,,,,,,32957,18247,14710,,,,,,,,,,,,,27560,14898,12662,27684,14302,13382,,,,42888,22358,20530,,,,,,
CA-307,97800,24092,48938,6237,18988,3670,400,,,,,,,,,,,,,30533,19573,10960,,,,,,,,,,,,,25815,16634,9181,25898,16054,9844,,,,38091,23483,14608,,,,,,
CA-308,101715,4837,76517,2475,19129,4261,392,,,,,,,,,,,,,21408,16406,5002,,,,,,,,,,,,,15433,10837,4596,15564,10501,5063,,,,27030,17039,9991,,,,,,
CA-309,102252,3702,82630,2350,14677,4247,439,,,,,,,,,,,,,21918,17032,4886,,,,,,,,,,,,,14885,10629,4256,14929,10337,4592,,,,27828,17877,9951,,,,,,
CA-310,102930,10970,55313,4915,32627,3560,466,,,,,,,,,,,,,28278,18515,9763,,,,,,,,,,,,,22395,13817,8578,22506,13406,9100,,,,37078,21624,15454,,,,,,
CA-311,98246,11727,23648,3850,59419,1672,508,,,,,,,,,,,,,31960,18327,13633,,,,,,,,,,,,,26196,14459,11737,26401,14315,12086,,,,38154,20429,17725,,,,,,
CA-312,98874,8805,37035,2019,51552,2317,495,,,,,,,,,,,,,26639,15943,10696,,,,,,,,,,,,,21403,11999,9404,21578,11937,9641,,,,33103,17789,15314,,,,,,
CA-313,98296,18385,69353,2472,8612,4402,488,,,,,,,,,,,,,32559,20085,12474,,,,,,,,,,,,,26921,15937,10984,26963,15311,11652,,,,40642,23236,17406,,,,,,
CA-314,97724,18151,66432,2655,10948,4278,532,,,,,,,,,,,,,29599,17423,12176,,,,,,,,,,,,,24079,13348,10731,24236,12833,11403,,,,38108,20592,17516,,,,,,
CA-315,100810,19008,29064,5891,46817,2226,896,,,,,,,,,,,,,34452,19689,14763,,,,,,,,,,,,,29375,16439,12936,29769,16180,13589,,,,44143,23851,20292,,,,,,
CA-316,97374,1127,76195,19160,1839,4153,711,,,,,,,,,,,,,16533,14796,1737,,,,,,,,,,,,,9686,8353,1333,9688,8179,1509,,,,20101,15081,5020,,,,,,
CA-317,95159,9319,41143,10249,33608,2708,2422,,,,,,,,,,,,,25776,18455,7321,,,,,,,,,,,,,19492,13583,5909,19596,13256,6340,,,,33563,21086,12477,,,,,,
CA-318,99017,2508,48432,44919,3680,3237,946,,,,,,,,,,,,,29323,26340,2983,,,,,,,,,,,,,20295,18040,2255,20429,17985,2444,,,,33685,27330,6355,,,,,,
CA-319,98627,46538,29104,11592,10060,3198,870,,,,,,,,,,,,,39822,28685,11137,,,,,,,,,,,,,33675,24622,9053,33631,23756,9875,,,,43882,31625,12257,,,,,,
CA-320,102096,9341,61056,16570,15572,4005,952,,,,,,,,,,,,,17101,14319,2782,,,,,,,,,,,,,11552,9431,2121,11553,9219,2334,,,,21781,16342,5439,,,,,,
CA-321,101114,18357,40783,17003,24535,3185,1977,,,,,,,,,,,,,30267,22358,7909,,,,,,,,,,,,,24513,18171,6342,24512,17671,6841,,,,36960,25755,11205,,,,,,
CA-322,101600,44260,33539,7335,15721,3279,982,,,,,,,,,,,,,41207,25129,16078,,,,,,,,,,,,,36266,22780,13486,36384,21902,14482,,,,48660,29871,18789,,,,,,
CA-323,99474,30172,35234,12876,20471,3304,1585,,,,,,,,,,,,,35807,20835,14972,,,,,,,,,,,,,29541,17188,12353,29778,16660,13118,,,,44151,25300,18851,,,,,,
CA-324,101684,6336,69255,16081,9910,4132,1659,,,,,,,,,,,,,19149,15227,3922,,,,,,,,,,,,,12794,9878,2916,12868,9657,3211,,,,24963,17152,7811,,,,,,
CA-325,100640,11838,62408,14170,12371,3932,1151,,,,,,,,,,,,,22475,15886,6589,,,,,,,,,,,,,15955,10379,5576,16024,10165,5859,,,,29087,18048,11039,,,,,,
CA-326,103659,9006,74050,5565,15542,4460,700,,,,,,,,,,,,,24987,17851,7136,,,,,,,,,,,,,18496,12264,6232,18574,11896,6678,,,,33904,20837,13067,,,,,,
CA-327,104239,5929,91452,2500,5408,5058,362,,,,,,,,,,,,,30058,23027,7031,,,,,,,,,,,,,21834,15667,6167,22070,15194,6876,,,,37170,23794,13376,,,,,,
CA-328,102857,12869,77160,5172,8331,4451,583,,,,,,,,,,,,,28404,19469,8935,,,,,,,,,,,,,21088,13181,7907,21246,12876,8370,,,,36106,20639,15467,,,,,,
CA-329,97698,3817,84335,8120,2472,4847,509,,,,,,,,,,,,,19914,16135,3779,,,,,,,,,,,,,12392,9418,2974,12554,9193,3361,,,,24176,16253,7923,,,,,,
CA-330,102536,1641,99069,1995,1533,5006,337,,,,,,,,,,,,,20601,17453,3148,,,,,,,,,,,,,12099,9599,2500,12100,9370,2730,,,,25023,17266,7757,,,,,,
CA-331,101571,1181,94167,6241,1508,4820,252,,,,,,,,,,,,,14447,12550,1897,,,,,,,,,,,,,7850,6540,1310,7934,6394,1540,,,,17853,12636,5217,,,,,,
CA-332,103041,2730,98196,2029,1827,5106,357,,,,,,,,,,,,,16855,14333,2522,,,,,,,,,,,,,9617,7623,1994,9712,7512,2200,,,,20646,14064,6582,,,,,,
CA-333,104270,4124,94044,2170,5410,4956,370,,,,,,,,,,,,,23420,19194,4226,,,,,,,,,,,,,15191,11799,3392,15309,11505,3804,,,,27930,18888,9042,,,,,,
CA-334,103814,2137,98628,1930,2611,5146,303,,,,,,,,,,,,,20617,17899,2718,,,,,,,,,,,,,12612,10615,1997,12625,10308,2317,,,,23684,17227,6457,,,,,,
CA-335,98753,2299,71042,1728,24948,3929,268,,,,,,,,,,,,,14518,11324,3194,,,,,,,,,,,,,9860,7093,2767,9946,6953,2993,,,,18723,12003,6720,,,,,,
CA-336,97963,10197,33030,1574,53510,2167,312,,,,,,,,,,,,,23687,14835,8852,,,,,,,,,,,,,19234,11527,7707,19329,11232,8097,,,,30405,17119,13286,,,,,,
CA-337,99433,4552,34629,1295,59669,2119,309,,,,,,,,,,,,,23948,16763,7185,,,,,,,,,,,,,19258,13345,5913,19382,13000,6382,,,,29559,18471,11088,,,,,,
CA-338,98039,7290,32123,2425,56816,2387,321,,,,,,,,,,,,,23805,16992,6813,,,,,,,,,,,,,19514,13702,5812,19516,13378,6138,,,,30767,19985,10782,,,,,,
CA-339,102617,19811,22839,2418,57862,1838,412,,,,,,,,,,,,,32826,21651,11175,,,,,,,,,,,,,28336,19035,9301,28448,18626,9822,,,,39718,25627,14091,,,,,,
CA-340,96245,25726,18476,3936,48136,1584,343,,,,,,,,,,,,,31830,19733,12097,,,,,,,,,,,,,29068,18468,10600,29115,17896,11219,,,,39937,24330,15607,,,,,,
CA-341,102018,34980,36471,11150,19426,3180,445,,,,,,,,,,,,,38342,29572,8770,,,,,,,,,,,,,33471,26651,6820,33380,25860,7520,,,,45189,34926,10263,,,,,,
CA-342,101651,49962,19744,10152,21325,2234,356,,,,,,,,,,,,,47501,31783,15718,,,,,,,,,,,,,42700,29813,12887,42677,28955,13722,,,,55626,37708,17918,,,,,,
CA-343,98688,56831,20984,3253,17448,1626,356,,,,,,,,,,,,,21287,15339,5948,,,,,,,,,,,,,17489,12554,4935,17598,12392,5206,,,,28853,18378,10475,,,,,,
CA-344,102257,67810,14046,2297,17634,1433,267,,,,,,,,,,,,,34280,21356,12924,,,,,,,,,,,,,29300,18715,10585,29430,18328,11102,,,,43572,25541,18031,,,,,,
CA-345,103648,58355,24810,4475,15191,2460,430,,,,,,,,,,,,,40514,27786,12728,,,,,,,,,,,,,34562,24400,10162,34785,23806,10979,,,,48262,32204,16058,,,,,,
CA-346,103439,42693,46718,4548,9302,3196,369,,,,,,,,,,,,,26924,16890,10034,,,,,,,,,,,,,22024,13434,8590,22140,12997,9143,,,,34811,19436,15375,,,,,,
CA-347,103118,6470,88767,3581,5532,4940,305,,,,,,,,,,,,,21601,17249,4352,,,,,,,,,,,,,15261,11830,3431,15146,11007,4139,,,,26928,17744,9184,,,,,,
CA-348,95184,9944,75939,4066,6134,4322,311,,,,,,,,,,,,,22416,16691,5725,,,,,,,,,,,,,17153,12377,4776,17030,11397,5633,,,,29043,18468,10575,,,,,,
CA-349,103696,8455,76645,4662,15054,4054,416,,,,,,,,,,,,,17349,13596,3753,,,,,,,,,,,,,12670,9496,3174,12598,8987,3611,,,,23293,15174,8119,,,,,,
CA-350,102175,20472,68976,5046,8233,4254,467,,,,,,,,,,,,,21975,17694,4281,,,,,,,,,,,,,16104,12576,3528,16056,12025,4031,,,,27682,18983,8699,,,,,,
CA-351,98984,29630,54258,4969,10490,3192,418,,,,,,,,,,,,,18724,14536,4188,,,,,,,,,,,,,14606,10883,3723,14571,10421,4150,,,,25138,16464,8674,,,,,,
CA-352,97094,23996,55832,6487,10945,3578,423,,,,,,,,,,,,,22630,17473,5157,,,,,,,,,,,,,17757,13319,4438,17727,12910,4817,,,,27307,18727,8580,,,,,,
CA-353,102432,20582,59745,5968,16669,3686,391,,,,,,,,,,,,,22236,16191,6045,,,,,,,,,,,,,17788,12319,5469,17760,11969,5791,,,,29311,18898,10413,,,,,,
CA-354,97348,26105,48694,6295,16496,3175,464,,,,,,,,,,,,,26938,18468,8470,,,,,,,,,,,,,21828,14655,7173,21832,14145,7687,,,,32674,20662,12012,,,,,,
CA-355,99887,39221,32726,6254,21455,2434,525,,,,,,,,,,,,,34059,21923,12136,,,,,,,,,,,,,28652,18217,10435,28589,17349,11240,,,,42634,24997,17637,,,,,,
CA-356,96496,43888,20990,5549,25561,1949,440,,,,,,,,,,,,,37570,22197,15373,,,,,,,,,,,,,35064,20846,14218,35080,20068,15012,,,,47790,26997,20793,,,,,,
CA-357,100516,55520,19175,7076,17678,1891,429,,,,,,,,,,,,,34935,23201,11734,,,,,,,,,,,,,31381,20566,10815,31454,19957,11497,,,,43837,26945,16892,,,,,,
CA-358,103149,59843,24441,7775,10216,2354,417,,,,,,,,,,,,,38292,29619,8673,,,,,,,,,,,,,33337,25201,8136,33239,24372,8867,,,,45750,32052,13698,,,,,,
CA-359,102949,74063,11337,5619,10528,1353,352,,,,,,,,,,,,,43924,30806,13118,,,,,,,,,,,,,40785,27829,12956,40711,26802,13909,,,,52347,33302,19045,,,,,,
CA-360,100797,62043,18164,8757,10607,2336,418,,,,,,,,,,,,,44954,36415,8539,,,,,,,,,,,,,40408,32846,7562,40170,31759,8411,,,,51467,40195,11272,,,,,,
CA-361,101647,66748,15397,7744,9800,2133,424,,,,,,,,,,,,,44268,38212,6056,,,,,,,,,,,,,37881,31744,6137,37683,30729,6954,,,,50625,40461,10164,,,,,,
CA-362,101652,75123,8099,3547,13253,978,340,,,,,,,,,,,,,44061,30981,13080,,,,,,,,,,,,,40877,26612,14265,40805,25412,15393,,,,52060,31202,20858,,,,,,
CA-363,101149,46951,21370,6383,25502,2091,469,,,,,,,,,,,,,40571,34177,6394,,,,,,,,,,,,,34757,29122,5635,34456,28067,6389,,,,45690,36762,8928,,,,,,
CA-364,99358,59180,11005,4473,22969,1211,362,,,,,,,,,,,,,35080,27284,7796,,,,,,,,,,,,,29795,21445,8350,29637,20495,9142,,,,39163,26301,12862,,,,,,
CA-365,98912,51606,18872,12235,15173,2012,460,,,,,,,,,,,,,40857,35226,5631,,,,,,,,,,,,,34995,29082,5913,34807,28151,6656,,,,45573,35783,9790,,,,,,
CA-366,101621,58773,15768,9794,15541,1994,638,,,,,,,,,,,,,42334,33123,9211,,,,,,,,,,,,,37806,29361,8445,37703,28157,9546,,,,48477,36244,12233,,,,,,
CA-367,101678,48367,25353,8299,18502,2572,583,,,,,,,,,,,,,44395,36716,7679,,,,,,,,,,,,,39091,32225,6866,38826,31078,7748,,,,49355,39241,10114,,,,,,
CA-368,98659,54741,22053,5288,15474,2187,418,,,,,,,,,,,,,45228,39820,5408,,,,,,,,,,,,,40501,35694,4807,40046,34598,5448,,,,48863,41178,7685,,,,,,
CA-369,100476,22874,26377,6624,44311,2082,323,,,,,,,,,,,,,26658,21352,5306,,,,,,,,,,,,,24184,18861,5323,24143,18553,5590,,,,32600,24495,8105,,,,,,
CA-370,99419,21986,54809,5860,16969,3597,442,,,,,,,,,,,,,23836,20654,3182,,,,,,,,,,,,,18530,15816,2714,18358,15360,2998,,,,27980,21865,6115,,,,,,
CA-371,100599,14255,60115,7326,19387,3905,444,,,,,,,,,,,,,20860,18066,2794,,,,,,,,,,,,,16721,14184,2537,16612,13975,2637,,,,25185,19733,5452,,,,,,
CA-372,99475,25398,33397,13590,26556,3049,550,,,,,,,,,,,,,26556,22788,3768,,,,,,,,,,,,,21643,18331,3312,21573,17926,3647,,,,30432,24182,6250,,,,,,
CA-373,97682,5846,67411,6180,19102,4027,355,,,,,,,,,,,,,13624,11334,2290,,,,,,,,,,,,,9679,7600,2079,9755,7645,2110,,,,16859,12231,4628,,,,,,
CA-374,97058,9227,56699,21690,9906,3828,315,,,,,,,,,,,,,26297,23754,2543,,,,,,,,,,,,,19998,17645,2353,20037,17451,2586,,,,31063,25423,5640,,,,,,
CA-375,98375,10568,54865,20542,12873,3372,351,,,,,,,,,,,,,20915,18644,2271,,,,,,,,,,,,,13706,11950,1756,13765,11820,1945,,,,22304,17574,4730,,,,,,
CA-376,99800,7217,27020,61372,4581,2836,383,,,,,,,,,,,,,39444,36305,3139,,,,,,,,,,,,,31045,28589,2456,31217,28583,2634,,,,42083,37267,4816,,,,,,
CA-377,99575,1642,76702,20346,2038,4388,328,,,,,,,,,,,,,16518,14656,1862,,,,,,,,,,,,,10268,8892,1376,10282,8752,1530,,,,19245,14407,4838,,,,,,
CA-378,100005,2001,87221,9973,2281,5073,344,,,,,,,,,,,,,12728,11261,1467,,,,,,,,,,,,,7168,6093,1075,7184,5957,1227,,,,14935,10839,4096,,,,,,
CA-379,100845,27600,49378,3473,20578,3622,488,,,,,,,,,,,,,39364,32902,6462,,,,,,,,,,,,,34258,29019,5239,34054,28360,5694,,,,44080,35180,8900,,,,,,
CA-380,98935,10047,69416,4055,16376,4297,425,,,,,,,,,,,,,25908,22119,3789,,,,,,,,,,,,,21214,18006,3208,21114,17457,3657,,,,31283,24172,7111,,,,,,
CA-381,99832,5642,84049,5181,6195,4638,381,,,,,,,,,,,,,18685,16433,2252,,,,,,,,,,,,,13273,11289,1984,13270,11011,2259,,,,22615,17038,5577,,,,,,
CA-382,98950,1146,74547,23025,1470,4043,363,,,,,,,,,,,,,13923,12438,1485,,,,,,,,,,,,,8439,7422,1017,8484,7337,1147,,,,16567,12593,3974,,,,,,
CA-383,101566,1225,71624,28553,1423,4003,326,,,,,,,,,,,,,16158,14649,1509,,,,,,,,,,,,,9240,8194,1046,9250,7986,1264,,,,18547,14295,4252,,,,,,
CA-384,100443,8847,64814,12033,15306,3811,1143,,,,,,,,,,,,,19974,14917,5057,,,,,,,,,,,,,15313,10733,4580,15354,10367,4987,,,,25913,16527,9386,,,,,,
CA-385,99722,27862,55420,7998,8278,4142,1025,,,,,,,,,,,,,29395,19565,9830,,,,,,,,,,,,,24737,16041,8696,24877,15400,9477,,,,35861,21700,14161,,,,,,
CA-386,96604,1490,46162,47627,1706,3173,366,,,,,,,,,,,,,27192,24786,2406,,,,,,,,,,,,,18263,16620,1643,18438,16586,1852,,,,29720,24886,4834,,,,,,
CA-387,100315,8477,43475,26404,22037,2998,1109,,,,,,,,,,,,,25791,20298,5493,,,,,,,,,,,,,18527,13970,4557,18587,13743,4844,,,,31146,21929,9217,,,,,,
CA-388,96955,4236,44958,44990,3176,3456,625,,,,,,,,,,,,,31099,28461,2638,,,,,,,,,,,,,22054,19901,2153,22106,19724,2382,,,,34099,28732,5367,,,,,,
CA-389,101273,10929,68935,13762,7762,4150,1078,,,,,,,,,,,,,24229,19336,4893,,,,,,,,,,,,,16458,12432,4026,16550,12064,4486,,,,28994,20121,8873,,,,,,
CA-390,102808,33433,35055,7212,26285,3106,1152,,,,,,,,,,,,,35098,23225,11873,,,,,,,,,,,,,28878,19045,9833,28928,18400,10528,,,,42374,26978,15396,,,,,,
CA-391,104143,34918,23615,5533,38990,2361,1115,,,,,,,,,,,,,36453,20519,15934,,,,,,,,,,,,,31721,18080,13641,31854,17557,14297,,,,44431,24691,19740,,,,,,
CA-392,102187,53050,11376,3332,33096,1537,577,,,,,,,,,,,,,47410,23813,23597,,,,,,,,,,,,,44356,23389,20967,44310,22471,21839,,,,56571,29618,26953,,,,,,
CA-393,103614,69655,13365,3427,15021,1897,630,,,,,,,,,,,,,49720,30308,19412,,,,,,,,,,,,,45460,28648,16812,45546,27294,18252,,,,57328,35224,22104,,,,,,
CA-394,98279,64830,13901,5562,12223,1872,414,,,,,,,,,,,,,48356,39236,9120,,,,,,,,,,,,,41071,33187,7884,41035,32155,8880,,,,53005,41032,11973,,,,,,
CA-395,103461,78784,8806,3022,10848,1439,374,,,,,,,,,,,,,51964,33316,18648,,,,,,,,,,,,,47729,30426,17303,47791,29390,18401,,,,58644,35596,23048,,,,,,
CO-1,,,,,,,,29623,22903,5550,,,,,,,,,,27402,21895,4572,,,,40266,32104,7358,,,,,,,26097,21085,4539,26041,21487,4185,,,,,,,,,,,,
CO-2,,,,,,,,36284,24737,9487,,,,,,,,,,31816,22241,8081,,,,42953,30758,11182,,,,,,,28618,20635,7192,28574,21015,6919,,,,,,,,,,,,
CO-3,,,,,,,,45262,34333,8273,,,,,,,,,,43572,35071,7027,,,,57730,46331,10355,,,,,,,42391,35171,6419,42284,36096,5554,,,,,,,,,,,,
CO-4,,,,,,,,47535,37509,7631,,,,,,,,,,44662,37412,5904,,,,56215,46849,8250,,,,,,,41507,35767,5031,41406,36437,4397,,,,,,,,,,,,
CO-5,,,,,,,,53920,40128,10296,,,,,,,,,,52066,42497,8113,,,,65533,53108,11224,,,,,,,46653,39316,6548,46537,40265,5633,,,,,,,,,,,,
CO-6,,,,,,,,60011,44527,12663,,,,,,,,,,58511,45694,11551,,,,68218,53687,13579,,,,,,,54128,43811,9612,53949,45196,8158,,,,,,,,,,,,
CO-7,,,,,,,,51007,33238,15092,,,,,,,,,,47299,32686,13117,,,,57867,40912,15831,,,,,,,42575,31188,10624,42480,32210,9640,,,,,,,,,,,,
CO-8,,,,,,,,24979,16878,6521,,,,,,,,,,21652,15416,5264,,,,30603,22125,7458,,,,,,,18794,13817,4393,18773,14051,4262,,,,,,,,,,,,
CO-9,,,,,,,,37449,24503,10862,,,,,,,,,,32444,22241,9057,,,,42701,29675,11829,,,,,,,28148,19968,7463,28067,20457,7001,,,,,,,,,,,,
CO-10,,,,,,,,46236,25229,18266,,,,,,,,,,40328,23509,15195,,,,52031,30724,19853,,,,,,,36250,22253,12875,36232,23078,12256,,,,,,,,,,,,
CO-11,,,,,,,,37160,19994,15205,,,,,,,,,,33184,18927,12977,,,,47076,26975,18891,,,,,,,33755,19937,12817,33774,20880,12123,,,,,,,,,,,,
CO-12,,,,,,,,46203,22051,22226,,,,,,,,,,42308,21848,19278,,,,55770,29379,25342,,,,,,,42465,23316,18132,42461,24824,16896,,,,,,,,,,,,
CO-13,,,,,,,,58416,29779,26448,,,,,,,,,,54459,29487,23496,,,,64579,36237,27384,,,,,,,52330,30530,20784,52281,32531,18984,,,,,,,,,,,,
CO-14,,,,,,,,53637,27887,22824,,,,,,,,,,49405,27313,20343,,,,60782,35018,24531,,,,,,,47580,28248,18094,47536,29963,16643,,,,,,,,,,,,
CO-15,,,,,,,,49630,27386,18987,,,,,,,,,,45875,27026,16804,,,,58703,35470,21782,,,,,,,43250,27277,14757,43164,28300,13943,,,,,,,,,,,,
CO-16,,,,,,,,59696,26452,30184,,,,,,,,,,55725,26325,27211,,,,68681,32952,34319,,,,,,,55710,28529,25604,55754,30408,24203,,,,,,,,,,,,
CO-17,,,,,,,,59821,29028,27833,,,,,,,,,,59795,30996,26937,,,,71484,38039,32324,,,,,,,60427,33350,25817,60330,35786,23543,,,,,,,,,,,,
CO-18,,,,,,,,56436,29910,23011,,,,,,,,,,53941,30751,21025,,,,65458,38460,25579,,,,,,,52668,32443,18871,52617,33961,17567,,,,,,,,,,,,
CO-19,,,,,,,,50921,28251,19154,,,,,,,,,,47663,28686,16720,,,,60209,37136,21558,,,,,,,46386,30205,14771,46387,31304,14025,,,,,,,,,,,,
CO-20,,,,,,,,54775,27462,24048,,,,,,,,,,52548,28408,21785,,,,65365,36378,27496,,,,,,,51106,30373,19313,51082,31678,18309,,,,,,,,,,,,
CO-21,,,,,,,,27884,17486,8496,,,,,,,,,,24857,16314,7159,,,,35295,23384,10727,,,,,,,21664,14567,6225,22877,16000,6290,,,,,,,,,,,,
CO-22,,,,,,,,28662,16423,10363,,,,,,,,,,24833,14479,8913,,,,36807,21895,13663,,,,,,,22418,13448,8106,23705,14747,8322,,,,,,,,,,,,
CO-23,,,,,,,,42292,23047,16553,,,,,,,,,,38869,22121,14888,,,,50860,29248,20131,,,,,,,33761,20503,12247,35848,22766,12345,,,,,,,,,,,,
CO-24,,,,,,,,44889,21841,20551,,,,,,,,,,43698,23315,18777,,,,56604,30210,25111,,,,,,,42714,24508,17123,44287,26878,16593,,,,,,,,,,,,
CO-25,,,,,,,,40073,18020,19800,,,,,,,,,,38535,17659,19071,,,,53358,24633,27288,,,,,,,39508,19194,19073,41628,21365,19193,,,,,,,,,,,,
CO-26,,,,,,,,55190,34938,16815,,,,,,,,,,53753,37813,14516,,,,64880,45778,18005,,,,,,,53212,39110,12978,53110,40697,11601,,,,,,,,,,,,
CO-27,,,,,,,,57470,45013,7782,,,,,,,,,,52216,45369,5871,,,,56834,48609,7360,,,,,,,43333,37840,4818,43184,38591,4065,,,,,,,,,,,,
CO-28,,,,,,,,47705,27041,17248,,,,,,,,,,45054,28555,14708,,,,56772,36993,18463,,,,,,,45483,31225,12972,45456,32454,12088,,,,,,,,,,,,
CO-29,,,,,,,,62564,37374,21014,,,,,,,,,,60417,40081,18649,,,,69246,45698,22391,,,,,,,59153,40172,17682,59132,41692,16500,,,,,,,,,,,,
CO-30,,,,,,,,51173,31832,15185,,,,,,,,,,45925,32755,11627,,,,52349,36411,14543,,,,,,,39733,29170,9442,39875,30101,8939,,,,,,,,,,,,
CO-31,,,,,,,,54895,28794,23086,,,,,,,,,,50860,29792,19545,,,,60910,35748,23866,,,,,,,48726,30573,16860,48883,31983,15901,,,,,,,,,,,,
CO-32,,,,,,,,53706,21438,29187,,,,,,,,,,50463,21649,26716,,,,62672,27050,34188,,,,,,,51322,24204,25369,51915,25910,24641,,,,,,,,,,,,
CO-33,,,,,,,,44888,15106,27739,,,,,,,,,,44128,14946,27456,,,,59387,20099,38151,,,,,,,51498,18896,30974,51549,20059,30200,,,,,,,,,,,,
CO-34,,,,,,,,30557,15449,12983,,,,,,,,,,25703,12457,11707,,,,32860,16382,15498,,,,,,,20578,10248,9473,20561,10378,9509,,,,,,,,,,,,
CO-35,,,,,,,,45448,16389,26725,,,,,,,,,,42902,15112,25959,,,,56935,20794,34982,,,,,,,45137,17239,26389,45066,17977,25805,,,,,,,,,,,,
CO-36,,,,,,,,40540,14707,23852,,,,,,,,,,38138,12924,23514,,,,51173,18226,31935,,,,,,,39665,14589,23746,39626,15098,23252,,,,,,,,,,,,
CO-37,,,,,,,,45990,12752,31575,,,,,,,,,,41009,8714,30545,,,,51354,10265,40121,,,,,,,40681,9181,29971,40733,8865,29573,,,,,,,,,,,,
CO-38,,,,,,,,59396,25308,31744,,,,,,,,,,55786,25689,28601,,,,68852,33093,34786,,,,,,,55508,28279,26106,55468,30756,23971,,,,,,,,,,,,
CO-39,,,,,,,,42983,16728,23935,,,,,,,,,,41078,17555,21909,,,,56950,25379,30459,,,,,,,43906,20562,22188,43870,22255,20776,,,,,,,,,,,,
CO-40,,,,,,,,48268,16651,29346,,,,,,,,,,45443,16943,26756,,,,62299,23967,37111,,,,,,,54024,22665,29872,53894,24888,27929,,,,,,,,,,,,
CO-41,,,,,,,,55585,16095,37134,,,,,,,,,,52417,15387,35225,,,,66799,20261,45400,,,,,,,57210,18324,37182,57213,20036,35723,,,,,,,,,,,,
CO-42,,,,,,,,29304,14160,12634,,,,,,,,,,23559,12505,9550,,,,34747,18593,14371,,,,,,,21962,12545,8400,22025,13133,8137,,,,,,,,,,,,
CO-43,,,,,,,,54405,26522,24431,,,,,,,,,,48522,25880,20830,,,,60086,32067,26280,,,,,,,46466,26447,18645,46555,27945,17646,,,,,,,,,,,,
CO-44,,,,,,,,50576,19284,28127,,,,,,,,,,43109,17926,23252,,,,56095,24278,29883,,,,,,,41499,19740,20186,41620,20969,19644,,,,,,,,,,,,
CO-45,,,,,,,,42238,13531,26106,,,,,,,,,,36489,13180,21478,,,,52709,20043,30764,,,,,,,39380,16429,21372,39496,17779,20672,,,,,,,,,,,,
CO-46,,,,,,,,46453,14006,30012,,,,,,,,,,41595,14451,25597,,,,57105,20829,34717,,,,,,,45281,18250,25403,45409,20027,24370,,,,,,,,,,,,
CO-47,,,,,,,,49503,12257,35265,,,,,,,,,,47193,12859,32916,,,,62339,17838,43214,,,,,,,52726,16515,34691,52864,18484,33356,,,,,,,,,,,,
CO-48,,,,,,,,28977,10598,16071,,,,,,,,,,22626,9283,11907,,,,35834,14309,19663,,,,,,,23190,10519,11651,23229,11215,11210,,,,,,,,,,,,
CO-49,,,,,,,,52545,18509,31420,,,,,,,,,,45956,15797,28215,,,,60876,20005,39176,,,,,,,49029,18339,28962,49134,19322,27970,,,,,,,,,,,,
CO-50,,,,,,,,40537,25334,12694,,,,,,,,,,33699,20947,10806,,,,44562,26955,16087,,,,,,,32138,20821,10178,32207,21175,10024,,,,,,,,,,,,
CO-51,,,,,,,,51362,28876,18882,,,,,,,,,,48456,29596,17136,,,,61219,37501,22534,,,,,,,49790,31579,16987,49699,33313,15427,,,,,,,,,,,,
CO-52,,,,,,,,55845,29957,21792,,,,,,,,,,51141,30290,19018,,,,64693,38208,25118,,,,,,,51330,31340,18688,51392,33436,16972,,,,,,,,,,,,
CO-53,,,,,,,,47822,16876,28427,,,,,,,,,,43082,16180,25428,,,,55023,20112,33659,,,,,,,44739,17994,25183,44831,18907,24512,,,,,,,,,,,,
CO-54,,,,,,,,49568,16901,29571,,,,,,,,,,43233,16778,24893,,,,57386,20915,34784,,,,,,,46870,19917,25097,46957,21283,24073,,,,,,,,,,,,
CO-55,,,,,,,,53596,15280,35500,,,,,,,,,,47802,14812,31174,,,,62206,18184,42525,,,,,,,51515,17847,31746,51589,18569,31405,,,,,,,,,,,,
CO-56,,,,,,,,49717,15400,31619,,,,,,,,,,44839,14547,28302,,,,57969,18099,38313,,,,,,,46918,16612,28389,46906,17611,27891,,,,,,,,,,,,
CO-57,,,,,,,,48865,23091,23478,,,,,,,,,,44013,20081,21875,,,,55782,24562,29931,,,,,,,45586,21804,22220,45593,22192,21783,,,,,,,,,,,,
CO-58,,,,,,,,52557,25511,23615,,,,,,,,,,49009,25718,21855,,,,61739,32176,28169,,,,,,,51710,28756,21443,51715,29698,20491,,,,,,,,,,,,
CT-1,,,,,,,,24418,22014,1928,,,,,,,17191,15420,1585,17896,15275,2034,,,,,,,,,,,,,,,,,,,,,,20769,17030,3226,,,,,,
CT-2,,,,,,,,47766,37669,9239,,,,,,,41388,31109,9874,41979,27947,11678,,,,,,,,,,,,,,,,,,,,,,48328,36247,11223,,,,,,
CT-3,,,,,,,,36159,26061,9243,,,,,,,29888,19877,9678,30618,17264,11613,,,,,,,,,,,,,,,,,,,,,,37461,23254,13361,,,,,,
CT-4,,,,,,,,51448,28293,22263,,,,,,,45239,20888,23878,46034,15939,27468,,,,,,,,,,,,,,,,,,,,,,56567,26415,29298,,,,,,
CT-5,,,,,,,,46840,25858,20025,,,,,,,39019,17813,20719,39669,13904,23737,,,,,,,,,,,,,,,,,,,,,,50534,22802,26732,,,,,,
CT-6,,,,,,,,52387,34747,16542,,,,,,,47426,31693,15265,47844,26088,17852,,,,,,,,,,,,,,,,,,,,,,55733,37972,16850,,,,,,
CT-7,,,,,,,,46815,31076,14802,,,,,,,40340,24993,14868,40992,20917,17127,,,,,,,,,,,,,,,,,,,,,,48826,30991,17029,,,,,,
CT-8,,,,,,,,42440,27934,13355,,,,,,,36884,22603,13748,37300,19095,15455,,,,,,,,,,,,,,,,,,,,,,45859,28770,16168,,,,,,
CT-9,,,,,,,,52344,31549,19231,,,,,,,45021,25176,19142,45503,20781,21736,,,,,,,,,,,,,,,,,,,,,,53542,28858,23686,,,,,,
CT-10,,,,,,,,52029,31760,19099,,,,,,,46214,25784,19893,46876,20489,23058,,,,,,,,,,,,,,,,,,,,,,57058,31731,24390,,,,,,
CT-11,,,,,,,,51898,32977,17713,,,,,,,46764,27690,18488,47360,23000,21796,,,,,,,,,,,,,,,,,,,,,,55625,32750,21874,,,,,,
CT-12,,,,,,,,50192,32677,16291,,,,,,,45049,27538,16902,45687,22775,20583,,,,,,,,,,,,,,,,,,,,,,55722,34081,20681,,,,,,
CT-13,,,,,,,,43622,27208,15192,,,,,,,38420,22410,15401,39008,17809,18543,,,,,,,,,,,,,,,,,,,,,,48923,28288,19709,,,,,,
CT-14,,,,,,,,36139,23324,11639,,,,,,,31559,18927,12068,32085,15608,14433,,,,,,,,,,,,,,,,,,,,,,40058,22529,16518,,,,,,
CT-15,,,,,,,,44813,25082,18233,,,,,,,38268,18883,18737,38844,14555,21846,,,,,,,,,,,,,,,,,,,,,,50675,23187,26445,,,,,,
CT-16,,,,,,,,46117,26781,18116,,,,,,,39618,20823,18264,40238,16217,21310,,,,,,,,,,,,,,,,,,,,,,50692,26963,22719,,,,,,
CT-17,,,,,,,,52404,28520,22768,,,,,,,47399,24537,22322,47945,19103,25289,,,,,,,,,,,,,,,,,,,,,,58238,32165,25156,,,,,,
CT-18,,,,,,,,55606,30325,23958,,,,,,,50057,25993,23435,50627,21816,26702,,,,,,,,,,,,,,,,,,,,,,60253,31672,27700,,,,,,
CT-19,,,,,,,,48029,26146,20858,,,,,,,42098,20088,21544,42806,15510,25537,,,,,,,,,,,,,,,,,,,,,,52277,25519,25832,,,,,,
CT-20,,,,,,,,47650,32673,14110,,,,,,,42192,26584,15236,42908,22642,18989,,,,,,,,,,,,,,,,,,,,,,49478,30728,17894,,,,,,
CT-21,,,,,,,,51144,32727,17538,,,,,,,46255,27396,18466,47021,22263,23308,,,,,,,,,,,,,,,,,,,,,,56474,33258,22483,,,,,,
CT-22,,,,,,,,26968,18918,7424,,,,,,,21619,13988,7388,22242,12687,8902,,,,,,,,,,,,,,,,,,,,,,26409,15986,9823,,,,,,
CT-23,,,,,,,,43598,28250,14351,,,,,,,37597,21653,15437,38509,17720,19110,,,,,,,,,,,,,,,,,,,,,,46886,26517,19456,,,,,,
CT-24,,,,,,,,50059,31993,17161,,,,,,,42231,23015,18793,42916,18510,23101,,,,,,,,,,,,,,,,,,,,,,51156,27941,22326,,,,,,
CT-25,,,,,,,,36468,28342,7358,,,,,,,31031,22652,8070,31652,20635,10169,,,,,,,,,,,,,,,,,,,,,,35712,24968,10055,,,,,,
CT-26,,,,,,,,26418,23141,2674,,,,,,,23099,20281,2607,23604,19581,3601,,,,,,,,,,,,,,,,,,,,,,26213,21278,4218,,,,,,
CT-27,,,,,,,,52052,26746,24357,,,,,,,46217,22743,23026,46800,18487,26680,,,,,,,,,,,,,,,,,,,,,,57997,29073,28228,,,,,,
CT-28,,,,,,,,54923,29700,24339,,,,,,,47520,23219,23874,48132,18647,28456,,,,,,,,,,,,,,,,,,,,,,60465,30255,29289,,,,,,
CT-29,,,,,,,,34197,20133,13257,,,,,,,27479,16230,10936,27937,14364,12998,,,,,,,,,,,,,,,,,,,,,,37678,20604,16493,,,,,,
CT-30,,,,,,,,56403,29824,25625,,,,,,,50265,29176,20716,50515,24064,25636,,,,,,,,,,,,,,,,,,,,,,60667,36360,23578,,,,,,
CT-31,,,,,,,,36289,27138,8121,,,,,,,29812,20936,8637,30262,19042,10642,,,,,,,,,,,,,,,,,,,,,,36386,24406,11307,,,,,,
CT-32,,,,,,,,25030,20869,3686,,,,,,,19879,16461,3233,20090,15644,4177,,,,,,,,,,,,,,,,,,,,,,23827,18012,5307,,,,,,
CT-33,,,,,,,,51923,31800,19276,,,,,,,46523,29737,16421,46807,25046,20990,,,,,,,,,,,,,,,,,,,,,,56628,36430,19500,,,,,,
CT-34,,,,,,,,42204,26660,14723,,,,,,,36739,23747,12670,37042,20719,15746,,,,,,,,,,,,,,,,,,,,,,46477,29224,16602,,,,,,
CT-35,,,,,,,,28422,20332,7398,,,,,,,25806,19265,6230,26105,17960,7763,,,,,,,,,,,,,,,,,,,,,,34232,23126,10484,,,,,,
CT-36,,,,,,,,50828,29279,20684,,,,,,,44556,26135,18104,44749,22309,21973,,,,,,,,,,,,,,,,,,,,,,54434,31305,22616,,,,,,
DE-1,,,,,,,,,,,39882,32997,5879,,,,32744,27595,4217,,,,,,,42492,35499,5708,42830,35871,5939,,,,,,,,,,,,,39900,33035,5748,39228,32145,7083,,,
DE-2,,,,,,,,,,,53433,31779,20222,,,,46387,29557,15723,,,,,,,58392,37992,19017,58434,37661,19815,,,,,,,,,,,,,56380,33904,19737,56045,33670,22375,,,
DE-3,,,,,,,,,,,44487,26727,16334,,,,37447,23869,12452,,,,,,,47916,30984,15504,47972,30790,16082,,,,,,,,,,,,,45310,27183,15684,45207,25680,19527,,,
DE-4,,,,,,,,,,,37012,25972,9885,,,,29407,21303,7327,,,,,,,40660,28643,10823,40747,28664,11058,,,,,,,,,,,,,37481,25424,10646,37276,24846,12430,,,
DE-5,,,,,,,,,,,44593,30754,12657,,,,36929,26722,9359,,,,,,,49698,35275,13157,49767,35332,13432,,,,,,,,,,,,,47633,32612,13230,47312,32219,15093,,,
DE-6,,,,,,,,,,,40289,22729,16653,,,,34906,20569,13605,,,,,,,51401,29183,20834,51423,29223,21258,,,,,,,,,,,,,55273,30380,22629,55006,30056,24950,,,
DE-7,,,,,,,,,,,37102,20765,15478,,,,31024,18661,11675,,,,,,,43865,26423,16096,44132,26694,16496,,,,,,,,,,,,,43338,26182,15789,43114,25605,17509,,,
DE-8,,,,,,,,,,,41631,16285,24494,,,,34368,13453,20246,,,,,,,47940,18568,28072,48183,18739,28588,,,,,,,,,,,,,49896,18814,29152,49843,18609,31234,,,
DE-9,,,,,,,,,,,43138,17845,24515,,,,39043,15112,23406,,,,,,,54344,21164,31955,54691,21580,32359,,,,,,,,,,,,,63402,24209,36978,63567,24908,38659,,,
DE-10,,,,,,,,,,,44217,22551,20735,,,,40337,20544,19117,,,,,,,54227,28073,24888,54456,28349,25285,,,,,,,,,,,,,61993,31555,28160,62037,31847,30190,,,
FL-1,,,,,,,,52731,21285,29419,,,,,,,44800,21967,22659,44873,22041,22211,,,,,,,,,,,,,38171,17019,20622,38229,16814,21029,,,,52147,23858,27190,,,,,,
FL-2,,,,,,,,37868,16238,19852,,,,,,,31089,15703,15262,31178,15864,14775,,,,,,,,,,,,,25534,10995,14085,25576,10779,14496,,,,37449,16882,19687,,,,,,
FL-3,,,,,,,,54555,12644,39771,,,,,,,47855,14112,33594,47873,13913,33281,,,,,,,,,,,,,46468,12013,33948,46540,11739,34460,,,,64898,18232,45488,,,,,,
FL-4,,,,,,,,46000,7383,36583,,,,,,,39612,8384,31074,39631,7766,31178,,,,,,,,,,,,,39246,6533,32237,39306,6327,32732,,,,58654,10808,46694,,,,,,
FL-5,,,,,,,,47759,10050,35496,,,,,,,41605,11755,29716,41537,11458,29421,,,,,,,,,,,,,41730,9784,31444,41784,9513,31982,,,,60365,14886,44258,,,,,,
FL-6,,,,,,,,49014,9888,36947,,,,,,,41120,10871,30098,41021,10639,29609,,,,,,,,,,,,,39072,8996,29507,39159,8860,29956,,,,53462,13605,38631,,,,,,
FL-7,,,,,,,,47717,10547,35173,,,,,,,41996,12285,29569,41936,11948,29343,,,,,,,,,,,,,41656,9758,31453,41741,9537,31955,,,,55944,13989,40845,,,,,,
FL-8,,,,,,,,45276,7688,35390,,,,,,,38194,8087,29952,38137,7577,29853,,,,,,,,,,,,,41698,6979,34202,41791,6817,34665,,,,61650,11740,48607,,,,,,
FL-9,,,,,,,,47695,8682,36917,,,,,,,36144,7544,28505,36034,7435,28048,,,,,,,,,,,,,38156,6590,31110,38233,6373,31627,,,,56885,10869,44801,,,,,,
FL-10,,,,,,,,50208,13521,34312,,,,,,,36526,11138,25277,36427,11187,24678,,,,,,,,,,,,,37952,9302,28188,37986,9003,28749,,,,52792,14107,37538,,,,,,
FL-11,,,,,,,,43228,11961,29493,,,,,,,34701,10437,24177,34622,9773,24187,,,,,,,,,,,,,35563,7827,27373,35668,7516,27979,,,,47202,10582,35731,,,,,,
FL-12,,,,,,,,52738,28758,22647,,,,,,,48692,28810,19827,48756,27862,20419,,,,,,,,,,,,,44125,24124,19554,44216,23361,20559,,,,53918,28392,24652,,,,,,
FL-13,,,,,,,,38822,25156,12092,,,,,,,34480,26742,7635,34630,26794,7447,,,,,,,,,,,,,21516,15124,6015,21582,14814,6515,,,,37894,24423,12588,,,,,,
FL-14,,,,,,,,60005,33167,25183,,,,,,,56643,35031,21478,56606,33652,22274,,,,,,,,,,,,,51604,30026,21026,51642,29045,22235,,,,62218,35083,26112,,,,,,
FL-15,,,,,,,,46408,24974,19994,,,,,,,42690,24723,17840,42780,23944,18360,,,,,,,,,,,,,38335,19022,18950,38383,18176,19923,,,,49866,23489,25506,,,,,,
FL-16,,,,,,,,43742,11687,30234,,,,,,,38715,10948,27621,38759,8992,29089,,,,,,,,,,,,,40067,8294,31296,40194,7418,32522,,,,52553,10516,40969,,,,,,
FL-17,,,,,,,,42901,10045,31243,,,,,,,37397,9734,27524,37403,8785,28097,,,,,,,,,,,,,37199,6973,29819,37305,6396,30714,,,,50676,10645,39041,,,,,,
FL-18,,,,,,,,41855,7511,32662,,,,,,,36331,7743,28478,36358,7040,28858,,,,,,,,,,,,,36110,5090,30665,36213,4807,31227,,,,48962,8349,39642,,,,,,
FL-19,,,,,,,,43632,11997,29875,,,,,,,38768,14526,24111,38742,14935,23395,,,,,,,,,,,,,34474,11713,22305,34479,11231,22937,,,,50186,19494,29624,,,,,,
FL-20,,,,,,,,49926,9636,38362,,,,,,,44415,11456,32844,44386,11580,32379,,,,,,,,,,,,,44958,9956,34512,44985,9639,35069,,,,61374,15388,44855,,,,,,
FL-21,,,,,,,,52687,25245,25871,,,,,,,49319,28052,21120,49294,27019,21685,,,,,,,,,,,,,44891,23499,20919,44954,23196,21452,,,,59187,31224,26897,,,,,,
FL-22,,,,,,,,41621,22361,17980,,,,,,,37187,24324,12761,37129,23842,12851,,,,,,,,,,,,,29863,17432,12081,29907,17275,12367,,,,44631,25851,17897,,,,,,
FL-23,,,,,,,,41339,24980,14972,,,,,,,36219,25232,10887,36265,24941,10931,,,,,,,,,,,,,27902,16975,10589,27948,16678,11015,,,,40398,24507,15111,,,,,,
FL-24,,,,,,,,47121,14596,30172,,,,,,,44095,15279,28636,44114,14240,29030,,,,,,,,,,,,,48986,13873,34609,49065,13219,35582,,,,64517,19328,44143,,,,,,
FL-25,,,,,,,,40831,18280,20630,,,,,,,35835,17757,17969,35834,17460,17747,,,,,,,,,,,,,33771,13939,19490,33795,13378,20187,,,,50423,21716,27825,,,,,,
FL-26,,,,,,,,46440,15292,28875,,,,,,,40349,15085,25116,40369,14687,25007,,,,,,,,,,,,,38896,11857,26633,38956,11177,27541,,,,54079,18118,34940,,,,,,
FL-27,,,,,,,,49217,13476,33017,,,,,,,44484,13019,31316,44415,12618,31015,,,,,,,,,,,,,45167,11506,33244,45240,10760,34253,,,,57929,16112,40718,,,,,,
FL-28,,,,,,,,51637,10675,39069,,,,,,,48312,12937,35262,48333,12720,35154,,,,,,,,,,,,,52338,12326,39514,52377,11915,40189,,,,71756,18483,52257,,,,,,
FL-29,,,,,,,,38343,16194,20629,,,,,,,33556,18173,15269,33608,18761,14518,,,,,,,,,,,,,28007,13617,14052,28027,13182,14520,,,,43784,22909,19915,,,,,,
FL-30,,,,,,,,37975,19437,17186,,,,,,,32870,20227,12517,32951,20718,11931,,,,,,,,,,,,,24616,13511,10768,24606,13120,11191,,,,36514,20971,14722,,,,,,
FL-31,,,,,,,,43631,25161,16927,,,,,,,38738,26757,11849,38905,27382,11162,,,,,,,,,,,,,30868,19850,10598,30881,19452,11060,,,,41863,27913,13138,,,,,,
FL-32,,,,,,,,43501,22852,19411,,,,,,,39392,24533,14736,39498,25142,14101,,,,,,,,,,,,,34179,19534,14280,34188,19045,14826,,,,50582,30131,19619,,,,,,
FL-33,,,,,,,,36545,17572,17545,,,,,,,31531,18848,12564,31573,19343,11870,,,,,,,,,,,,,24045,12794,10889,24086,12476,11313,,,,34995,19304,14902,,,,,,
FL-34,,,,,,,,49222,14379,32916,,,,,,,44066,17403,26542,44125,17671,26011,,,,,,,,,,,,,40786,14455,25904,40848,14049,26549,,,,54550,20877,32721,,,,,,
FL-35,,,,,,,,49351,13718,33940,,,,,,,44971,17118,27741,44980,17370,27238,,,,,,,,,,,,,44421,15151,28830,44481,14738,29503,,,,58276,21790,35576,,,,,,
FL-36,,,,,,,,48314,13037,33462,,,,,,,43579,16143,27329,43641,16352,26888,,,,,,,,,,,,,41798,14215,27112,41848,13831,27734,,,,57237,21325,34922,,,,,,
FL-37,,,,,,,,39740,14982,23154,,,,,,,34659,16999,17547,34751,17345,16991,,,,,,,,,,,,,29297,12886,16012,29319,12589,16443,,,,41114,19357,20963,,,,,,
FL-38,,,,,,,,36523,13135,21735,,,,,,,31393,14938,16339,31411,15280,15741,,,,,,,,,,,,,26388,10644,15386,26422,10413,15792,,,,38919,16935,21101,,,,,,
FL-39,,,,,,,,43883,9166,33360,,,,,,,42548,12602,29854,42584,12926,29294,,,,,,,,,,,,,49460,13547,35411,49550,13028,36260,,,,70850,21319,48531,,,,,,
FL-40,,,,,,,,49960,12710,35689,,,,,,,49332,16965,32267,49356,17257,31678,,,,,,,,,,,,,55240,16866,37864,55326,16265,38828,,,,73896,24285,48695,,,,,,
FL-41,,,,,,,,53894,18122,33834,,,,,,,49254,20086,28997,49322,20004,28776,,,,,,,,,,,,,48767,16687,31512,48852,16211,32341,,,,63234,22827,39274,,,,,,
FL-42,,,,,,,,44708,13912,28615,,,,,,,40040,13739,26147,39942,13288,26013,,,,,,,,,,,,,42195,11498,30297,42265,10878,31145,,,,58308,16971,40234,,,,,,
FL-43,,,,,,,,56569,20621,33625,,,,,,,53249,21072,32040,53127,20747,31694,,,,,,,,,,,,,56373,19431,36486,56435,18505,37633,,,,70532,25120,44364,,,,,,
FL-44,,,,,,,,44571,22233,20118,,,,,,,38912,21037,17730,38935,20767,17497,,,,,,,,,,,,,35496,15933,19136,35553,15164,20067,,,,48454,22403,24953,,,,,,
FL-45,,,,,,,,48245,18438,27451,,,,,,,42960,18021,24797,42917,17558,24655,,,,,,,,,,,,,44398,15451,28509,44465,14639,29551,,,,58775,22040,35626,,,,,,
FL-46,,,,,,,,53727,18935,32176,,,,,,,49211,19299,29781,49159,18346,29988,,,,,,,,,,,,,52139,16988,34661,52228,15983,35983,,,,68456,23062,43959,,,,,,
FL-47,,,,,,,,45741,17867,25594,,,,,,,41555,18306,23114,41474,17950,22888,,,,,,,,,,,,,41460,16053,24980,41501,15203,26003,,,,58781,23933,33588,,,,,,
FL-48,,,,,,,,41047,19277,19612,,,,,,,34316,18019,16180,34279,18045,15664,,,,,,,,,,,,,29989,13110,16531,30006,12333,17417,,,,46245,20618,24532,,,,,,
FL-49,,,,,,,,51913,15859,32407,,,,,,,46977,15103,31688,46990,14209,31468,,,,,,,,,,,,,50123,13246,36227,50209,12902,37016,,,,64961,18999,44539,,,,,,
FL-50,,,,,,,,51770,17463,30811,,,,,,,45890,16239,29455,45904,15312,29456,,,,,,,,,,,,,46916,13193,33130,47014,12855,33885,,,,59770,18750,39698,,,,,,
FL-51,,,,,,,,44958,15332,26576,,,,,,,39144,14392,24543,39172,13673,24676,,,,,,,,,,,,,40298,11569,28177,40402,11249,28920,,,,56088,17912,36808,,,,,,
FL-52,,,,,,,,48714,17082,28331,,,,,,,42864,16267,26378,42790,15437,26483,,,,,,,,,,,,,43551,13061,29875,43639,12739,30628,,,,58306,19556,37330,,,,,,
FL-53,,,,,,,,41899,16609,22262,,,,,,,35367,15440,19719,35265,14684,19690,,,,,,,,,,,,,34984,11817,22624,35085,11442,23365,,,,45860,16988,27551,,,,,,
FL-54,,,,,,,,45202,17189,24964,,,,,,,38231,16316,21689,38167,15407,21873,,,,,,,,,,,,,37471,12662,24218,37565,12260,25027,,,,49642,18470,29823,,,,,,
FL-55,,,,,,,,42055,14601,25360,,,,,,,40030,16324,23562,40000,16005,23482,,,,,,,,,,,,,47856,16577,30737,47956,16033,31669,,,,67397,25018,41033,,,,,,
FL-56,,,,,,,,41029,17206,21881,,,,,,,37951,19025,18796,37922,19067,18358,,,,,,,,,,,,,39736,17186,22035,39817,16646,22847,,,,61527,27573,32472,,,,,,
FL-57,,,,,,,,41533,14128,24693,,,,,,,36839,13775,22863,36691,13216,22671,,,,,,,,,,,,,39515,12285,26646,39534,12016,27256,,,,56599,20598,34381,,,,,,
FL-58,,,,,,,,65158,18370,44497,,,,,,,65119,19002,46048,64965,19381,44946,,,,,,,,,,,,,78622,22615,55612,78758,21447,57120,,,,89808,27504,61611,,,,,,
FL-59,,,,,,,,47607,14299,31043,,,,,,,43551,14587,28927,43547,14070,28878,,,,,,,,,,,,,45226,13370,31436,45278,12639,32388,,,,66260,21259,43790,,,,,,
FL-60,,,,,,,,47025,13528,30927,,,,,,,43701,13801,29898,43741,13407,29647,,,,,,,,,,,,,45433,12165,32839,45453,11368,33809,,,,58317,17246,39728,,,,,,
FL-61,,,,,,,,43390,16299,24860,,,,,,,39111,16747,22358,39163,16326,22226,,,,,,,,,,,,,38642,14297,23953,38676,13625,24785,,,,51963,20531,30299,,,,,,
FL-62,,,,,,,,40760,17840,21181,,,,,,,38095,18928,19163,38168,18947,18737,,,,,,,,,,,,,41414,17938,23067,41455,17216,23970,,,,62300,28007,33198,,,,,,
FL-63,,,,,,,,51878,34665,15327,,,,,,,48081,34578,13341,48088,34351,13240,,,,,,,,,,,,,42482,27563,14402,42586,27394,14918,,,,51981,33981,17171,,,,,,
FL-64,,,,,,,,52925,26181,24154,,,,,,,48875,28271,20436,48771,27580,20471,,,,,,,,,,,,,46634,24799,21164,46760,24567,21910,,,,57126,30301,25787,,,,,,
FL-65,,,,,,,,43735,22639,18065,,,,,,,38726,23426,15100,38708,22716,15113,,,,,,,,,,,,,37660,20360,16539,37764,20166,17312,,,,48337,26391,20696,,,,,,
FL-66,,,,,,,,58214,23313,32061,,,,,,,53027,24286,28544,52978,22774,29382,,,,,,,,,,,,,52333,20275,31312,52481,20066,32130,,,,59320,24203,34150,,,,,,
FL-67,,,,,,,,42704,18756,21054,,,,,,,36527,18226,18115,36422,17332,18212,,,,,,,,,,,,,34928,14663,19559,35067,14643,20151,,,,44765,19977,23655,,,,,,
FL-68,,,,,,,,52223,20908,28520,,,,,,,46271,20999,25069,46150,19925,25383,,,,,,,,,,,,,45895,17702,27567,46029,17462,28296,,,,53631,22116,30626,,,,,,
FL-69,,,,,,,,53268,22890,27452,,,,,,,47577,23120,24262,47520,22403,24307,,,,,,,,,,,,,46593,19921,25929,46745,19560,26886,,,,57000,25554,30395,,,,,,
FL-70,,,,,,,,47527,21814,22800,,,,,,,42123,22308,19643,42097,21531,19809,,,,,,,,,,,,,41550,18393,22429,41692,18040,23361,,,,51081,23445,26612,,,,,,
FL-71,,,,,,,,54637,21489,30360,,,,,,,49427,22393,26856,49456,21507,27204,,,,,,,,,,,,,48970,18832,29484,49108,18342,30514,,,,58565,23699,33859,,,,,,
FL-72,,,,,,,,52878,18895,31754,,,,,,,48064,20311,27615,48013,19825,27568,,,,,,,,,,,,,47417,17944,28912,47506,17477,29758,,,,58600,23269,34434,,,,,,
FL-73,,,,,,,,36945,19009,16300,,,,,,,32369,18909,13366,32404,18965,13035,,,,,,,,,,,,,29145,14765,13989,29203,14315,14623,,,,42595,21635,20078,,,,,,
FL-74,,,,,,,,41783,19187,20473,,,,,,,35833,19152,16548,35854,19206,16108,,,,,,,,,,,,,30518,14029,16051,30590,13779,16506,,,,42412,20559,20922,,,,,,
FL-75,,,,,,,,28270,13622,13284,,,,,,,28399,16004,12285,28381,16217,11808,,,,,,,,,,,,,34128,17302,16385,34163,16670,17179,,,,55517,28979,25536,,,,,,
FL-76,,,,,,,,41232,16421,22722,,,,,,,38898,17258,21498,38857,17062,21184,,,,,,,,,,,,,42725,17173,25055,42795,16715,25781,,,,57630,25335,31321,,,,,,
FL-77,,,,,,,,50915,16534,32257,,,,,,,45692,17568,27981,45687,17378,27724,,,,,,,,,,,,,44227,15024,28669,44266,14689,29310,,,,57268,21016,35187,,,,,,
FL-78,,,,,,,,39715,13172,24488,,,,,,,34339,12626,21585,34309,12244,21490,,,,,,,,,,,,,32097,9113,22614,32167,8933,23032,,,,45143,14911,29264,,,,,,
FL-79,,,,,,,,40099,20755,17324,,,,,,,34846,20680,14034,34889,20712,13696,,,,,,,,,,,,,30345,15616,14192,30372,15253,14752,,,,42193,22252,18701,,,,,,
FL-80,,,,,,,,42645,20314,20584,,,,,,,38288,21142,17042,38339,21118,16817,,,,,,,,,,,,,34420,16402,17565,34507,16099,18125,,,,46915,23141,22711,,,,,,
FL-81,,,,,,,,28888,19163,8182,,,,,,,24051,17542,6421,24143,17831,5929,,,,,,,,,,,,,17876,11491,6000,17910,11345,6274,,,,25909,16447,8793,,,,,,
FL-82,,,,,,,,51955,22238,27642,,,,,,,46261,23114,23006,46299,22955,22774,,,,,,,,,,,,,43250,19329,23347,43369,19029,24034,,,,54631,24970,28710,,,,,,
FL-83,,,,,,,,37747,29483,6714,,,,,,,33088,27724,5218,33342,28255,4764,,,,,,,,,,,,,25016,18986,5642,25045,18602,6076,,,,36099,26216,9087,,,,,,
FL-84,,,,,,,,36073,19986,14431,,,,,,,29035,17499,11436,29075,17672,10916,,,,,,,,,,,,,24232,11297,12501,24269,11075,12901,,,,34844,15769,18308,,,,,,
FL-85,,,,,,,,38670,20781,16104,,,,,,,32135,19158,12866,32184,19250,12420,,,,,,,,,,,,,27618,13293,13849,27698,13052,14380,,,,38774,18192,19823,,,,,,
FL-86,,,,,,,,52070,21835,28240,,,,,,,47279,23898,23260,47306,23615,23148,,,,,,,,,,,,,44788,20164,24086,44916,19639,25011,,,,57560,25633,31086,,,,,,
FL-87,,,,,,,,40614,18727,20188,,,,,,,36356,19444,16806,36387,19421,16586,,,,,,,,,,,,,33204,16097,16792,33227,15258,17677,,,,47999,24415,22522,,,,,,
FL-88,,,,,,,,37029,17254,18258,,,,,,,34444,18655,15699,34434,18712,15291,,,,,,,,,,,,,33718,16943,16429,33721,16196,17254,,,,48040,24440,22578,,,,,,
FL-89,,,,,,,,33345,26150,6026,,,,,,,28960,24382,4494,29066,24965,3857,,,,,,,,,,,,,18914,15089,3615,18900,14563,4111,,,,30398,23431,6269,,,,,,
FL-90,,,,,,,,27413,22048,4368,,,,,,,22352,19419,2843,22406,19839,2353,,,,,,,,,,,,,14640,12077,2390,14619,11614,2813,,,,23859,18282,4995,,,,,,
FL-91,,,,,,,,41778,19580,20716,,,,,,,36167,19825,16271,36157,19771,16021,,,,,,,,,,,,,30814,15027,15510,30815,14386,16218,,,,42566,21083,20598,,,,,,
FL-92,,,,,,,,30582,13241,16322,,,,,,,31579,16449,15075,31570,16695,14577,,,,,,,,,,,,,35689,17589,17801,35693,16966,18545,,,,52933,25586,26350,,,,,,
FL-93,,,,,,,,31266,17649,12186,,,,,,,26138,16411,9651,26150,16533,9258,,,,,,,,,,,,,21433,11910,9234,21424,11448,9798,,,,32966,18378,13801,,,,,,
FL-94,,,,,,,,32909,20175,11482,,,,,,,27599,18617,8899,27629,19171,8125,,,,,,,,,,,,,21670,12627,8768,21677,12009,9492,,,,35438,19292,15252,,,,,,
FL-95,,,,,,,,35497,16471,17635,,,,,,,32683,17911,14692,32659,18216,14034,,,,,,,,,,,,,32140,15917,15855,32147,15127,16833,,,,50029,24486,24386,,,,,,
FL-96,,,,,,,,39381,21687,15966,,,,,,,32270,19586,12581,32274,19901,11919,,,,,,,,,,,,,25547,13556,11675,25547,12909,12374,,,,37853,19847,17105,,,,,,
FL-97,,,,,,,,40117,22829,15457,,,,,,,33325,20975,12261,33282,21195,11579,,,,,,,,,,,,,25435,14070,10975,25447,13454,11718,,,,38842,21043,16673,,,,,,
FL-98,,,,,,,,38419,19865,16679,,,,,,,32794,20148,12546,32792,20305,12036,,,,,,,,,,,,,25557,13667,11596,25564,13130,12202,,,,39545,21176,17345,,,,,,
FL-99,,,,,,,,38773,20642,16389,,,,,,,33928,21365,12451,33901,21215,12201,,,,,,,,,,,,,27707,15899,11417,27694,15337,12116,,,,39467,22284,16077,,,,,,
FL-100,,,,,,,,56503,27306,27017,,,,,,,53103,31280,21704,53062,30715,21815,,,,,,,,,,,,,49188,28250,20484,49173,27305,21561,,,,63304,36204,25854,,,,,,
FL-101,,,,,,,,42514,20705,19923,,,,,,,37214,21241,15860,37218,21093,15632,,,,,,,,,,,,,31239,16009,14844,31249,15336,15626,,,,44550,23627,19949,,,,,,
FL-102,,,,,,,,43592,20167,21742,,,,,,,38952,20657,18193,38953,20717,17799,,,,,,,,,,,,,35243,16756,18123,35265,16029,19001,,,,50741,25030,24742,,,,,,
FL-103,,,,,,,,50248,20322,27731,,,,,,,45316,22157,23033,45304,21670,22998,,,,,,,,,,,,,41568,18273,22851,41591,17470,23840,,,,55089,25316,28643,,,,,,
FL-104,,,,,,,,47970,18592,27377,,,,,,,44179,20902,23132,44167,20540,23076,,,,,,,,,,,,,42866,17934,24446,42898,17089,25486,,,,57397,24737,31496,,,,,,
FL-105,,,,,,,,49520,21386,25747,,,,,,,44464,23280,21059,44408,22916,20877,,,,,,,,,,,,,40979,19394,21102,41007,18569,22115,,,,55892,27253,27426,,,,,,
FL-106,,,,,,,,38113,24211,12409,,,,,,,29872,20287,9492,29792,21057,8329,,,,,,,,,,,,,21808,12444,9045,21838,11797,9759,,,,36347,19093,16428,,,,,,
FL-107,,,,,,,,28138,17326,9594,,,,,,,21671,14076,7527,21639,14538,6746,,,,,,,,,,,,,17082,9298,7502,17084,8856,8020,,,,28866,14777,13286,,,,,,
FL-108,,,,,,,,37183,22395,13445,,,,,,,31571,20434,11056,31493,20948,10130,,,,,,,,,,,,,29017,16251,12408,29021,15757,12953,,,,47604,26116,20601,,,,,,
FL-109,,,,,,,,40184,15063,23033,,,,,,,36010,15131,20748,35992,15086,20278,,,,,,,,,,,,,37604,13684,23425,37654,12667,24661,,,,62587,24401,36795,,,,,,
FL-110,,,,,,,,33739,18449,13843,,,,,,,30669,17716,12878,30599,18103,12065,,,,,,,,,,,,,30893,15731,14803,30909,15230,15437,,,,52969,27378,24713,,,,,,
FL-111,,,,,,,,38421,17502,19139,,,,,,,34182,16597,17435,34139,16577,16988,,,,,,,,,,,,,30498,12407,17722,30543,12025,18279,,,,47930,20972,26066,,,,,,
FL-112,,,,,,,,40898,14582,24118,,,,,,,36235,14433,21674,36112,14070,21427,,,,,,,,,,,,,35882,12183,23265,35954,11859,23852,,,,54236,20359,32874,,,,,,
FL-113,,,,,,,,44027,14577,27079,,,,,,,38779,14519,24124,38675,14056,23956,,,,,,,,,,,,,36604,11168,24995,36668,10911,25521,,,,51165,17486,32690,,,,,,
FL-114,,,,,,,,34401,16616,15766,,,,,,,28063,14920,13025,28052,14857,12617,,,,,,,,,,,,,23350,10086,12897,23403,9865,13309,,,,35115,16224,18126,,,,,,
FL-115,,,,,,,,47461,15632,29642,,,,,,,41255,15257,25846,41179,14711,25853,,,,,,,,,,,,,38307,11740,26142,38434,11509,26697,,,,54776,18792,34959,,,,,,
FL-116,,,,,,,,41863,13007,26611,,,,,,,36127,12223,23728,36112,11672,23811,,,,,,,,,,,,,34064,8948,24726,34110,8775,25161,,,,47507,14266,32296,,,,,,
FL-117,,,,,,,,53201,17140,32870,,,,,,,47162,17778,29172,47051,16558,29606,,,,,,,,,,,,,43487,14056,28925,43497,13502,29683,,,,58788,20308,37016,,,,,,
FL-118,,,,,,,,51454,19511,29062,,,,,,,46538,20775,25590,46458,19830,25879,,,,,,,,,,,,,43388,16889,26014,43439,16260,26908,,,,56736,23026,32445,,,,,,
FL-119,,,,,,,,60236,20384,36690,,,,,,,54728,22359,32202,54597,20747,33021,,,,,,,,,,,,,51454,18125,32796,51474,17434,33750,,,,62569,23308,37957,,,,,,
FL-120,,,,,,,,54003,18144,32838,,,,,,,49555,20262,29111,49461,19170,29435,,,,,,,,,,,,,49332,17617,31124,49351,16892,32120,,,,65785,24806,39447,,,,,,
FL-121,,,,,,,,47696,19971,24943,,,,,,,42668,21044,21443,42589,20360,21459,,,,,,,,,,,,,38495,16534,21460,38520,15948,22268,,,,52970,23739,27797,,,,,,
FL-122,,,,,,,,45411,17764,25093,,,,,,,41835,18894,22787,41758,18256,22813,,,,,,,,,,,,,41123,15757,24914,41172,15095,25833,,,,61171,25225,34542,,,,,,
FL-123,,,,,,,,49443,16665,31216,,,,,,,46987,17322,29501,47016,16883,29560,,,,,,,,,,,,,49701,15942,33317,49832,15382,34198,,,,63064,21885,40202,,,,,,
FL-124,,,,,,,,41652,20606,19771,,,,,,,37495,19608,17730,37568,19445,17675,,,,,,,,,,,,,35106,14551,20190,35159,14086,20866,,,,45778,20749,24368,,,,,,
FL-125,,,,,,,,46772,21071,24258,,,,,,,41593,19003,22379,41652,18752,22337,,,,,,,,,,,,,40078,14846,24893,40119,14275,25655,,,,54875,22780,31291,,,,,,
FL-126,,,,,,,,37446,20030,16278,,,,,,,32302,18636,13551,32266,18587,13247,,,,,,,,,,,,,29693,13645,15704,29721,13142,16380,,,,50257,25084,24279,,,,,,
FL-127,,,,,,,,43451,19506,22880,,,,,,,39943,18566,21231,39938,18399,21099,,,,,,,,,,,,,44525,17480,26698,44562,16868,27524,,,,66830,29451,36579,,,,,,
FL-128,,,,,,,,46112,16420,28360,,,,,,,41075,14570,26355,41097,13896,26670,,,,,,,,,,,,,43267,11968,30918,43304,11462,31660,,,,53275,16492,36056,,,,,,
FL-129,,,,,,,,52994,21552,30093,,,,,,,47919,19614,28106,47975,18558,28909,,,,,,,,,,,,,45193,14889,29926,45249,14365,30681,,,,59841,21525,37436,,,,,,
FL-130,,,,,,,,45047,14498,28123,,,,,,,39800,13398,26282,39809,12783,26285,,,,,,,,,,,,,39741,10480,28777,39825,9994,29518,,,,51302,15688,34858,,,,,,
FL-131,,,,,,,,35026,11385,21847,,,,,,,30328,11171,18962,30326,10641,19100,,,,,,,,,,,,,30817,8013,22460,30899,7714,23041,,,,45269,13231,31215,,,,,,
FL-132,,,,,,,,48918,17862,28571,,,,,,,47262,19237,27806,47356,18620,27904,,,,,,,,,,,,,52052,17977,33575,52163,17450,34511,,,,65488,23819,40830,,,,,,
FL-133,,,,,,,,58990,24600,32216,,,,,,,55119,26082,28868,55026,25584,28792,,,,,,,,,,,,,55163,23562,31135,55241,23141,31874,,,,65450,28593,36096,,,,,,
FL-134,,,,,,,,52920,19548,31366,,,,,,,49718,20711,28845,49693,20210,28819,,,,,,,,,,,,,53133,19392,33308,53233,18873,34144,,,,68836,25715,42297,,,,,,
FL-135,,,,,,,,48272,24308,22158,,,,,,,44200,25001,19087,44119,24819,18794,,,,,,,,,,,,,41501,20752,20336,41598,20408,20979,,,,50917,25662,24615,,,,,,
FL-136,,,,,,,,34507,16573,16173,,,,,,,30095,15969,14029,30049,15750,13717,,,,,,,,,,,,,28014,12646,15028,28069,12393,15474,,,,35857,16862,18402,,,,,,
FL-137,,,,,,,,49951,18850,28574,,,,,,,43941,18946,24827,43846,18417,24670,,,,,,,,,,,,,40592,15313,24830,40665,14980,25480,,,,48330,19409,28161,,,,,,
FL-138,,,,,,,,44268,15975,26210,,,,,,,41281,16522,24616,41248,16307,24279,,,,,,,,,,,,,43319,14574,28244,43379,14109,29055,,,,58950,21591,36321,,,,,,
FL-139,,,,,,,,48800,15147,31760,,,,,,,48403,17405,30886,48338,17141,30569,,,,,,,,,,,,,59544,18890,40132,59617,18319,41100,,,,83706,27600,55044,,,,,,
FL-140,,,,,,,,50020,15872,31482,,,,,,,45173,17621,27541,45462,16369,28224,,,,,,,,,,,,,47677,14137,33092,47798,13735,33890,,,,63223,19436,42828,,,,,,
FL-141,,,,,,,,49500,15531,31639,,,,,,,45125,17060,28041,45272,15974,28525,,,,,,,,,,,,,48615,14382,33771,48726,13989,34549,,,,64341,19879,43536,,,,,,
FL-142,,,,,,,,45963,13354,30782,,,,,,,42104,14965,26967,42123,14281,27200,,,,,,,,,,,,,40468,10926,29195,40556,10485,29919,,,,58439,16150,41596,,,,,,
FL-143,,,,,,,,44665,14756,27975,,,,,,,38339,15301,22874,38326,14563,23070,,,,,,,,,,,,,34015,10435,23249,34120,10096,23869,,,,49095,15226,33206,,,,,,
FL-144,,,,,,,,40119,11351,26733,,,,,,,35563,11999,23378,35537,11434,23355,,,,,,,,,,,,,35812,9695,25789,35900,9428,26319,,,,53893,15009,38213,,,,,,
FL-145,,,,,,,,30412,13786,15480,,,,,,,26118,14453,11547,26087,14369,11330,,,,,,,,,,,,,22929,10141,12504,22994,9917,12908,,,,32541,14703,17330,,,,,,
FL-146,,,,,,,,26284,11433,13584,,,,,,,21225,11150,9964,21142,11087,9597,,,,,,,,,,,,,16608,6539,9813,16646,6345,10137,,,,31451,12471,18361,,,,,,
FL-147,,,,,,,,40082,11837,26876,,,,,,,38434,14394,23929,38350,14182,23676,,,,,,,,,,,,,40624,12504,27834,40701,12138,28455,,,,56667,17869,38214,,,,,,
FL-148,,,,,,,,54032,17111,35169,,,,,,,50012,19656,30177,49936,18789,30478,,,,,,,,,,,,,44768,15020,29440,44856,14660,30029,,,,54410,18829,35053,,,,,,
FL-149,,,,,,,,50896,14120,35352,,,,,,,48321,16369,31862,48176,15854,31808,,,,,,,,,,,,,48887,14863,33725,48967,14664,34180,,,,60483,18959,41047,,,,,,
FL-150,,,,,,,,24961,8990,15149,,,,,,,21255,8895,12291,21265,8924,11961,,,,,,,,,,,,,21853,5908,15718,21907,5715,16045,,,,37808,11125,26183,,,,,,
FL-151,,,,,,,,49565,13236,35092,,,,,,,46694,15197,31413,46556,14969,31133,,,,,,,,,,,,,50679,13811,36575,50763,13537,37114,,,,65533,18473,46589,,,,,,
FL-152,,,,,,,,48308,14551,32587,,,,,,,43103,15506,27525,42993,15353,27204,,,,,,,,,,,,,40722,12304,28179,40769,12172,28455,,,,52331,16627,35265,,,,,,
FL-153,,,,,,,,47016,13428,32401,,,,,,,43851,14862,28919,43715,14503,28746,,,,,,,,,,,,,49038,13622,35168,49091,13451,35525,,,,61861,17908,43513,,,,,,
FL-154,,,,,,,,51388,20315,30018,,,,,,,47065,19836,27125,46740,19223,27109,,,,,,,,,,,,,46396,16275,29739,46491,15637,30695,,,,57563,21333,35522,,,,,,
FL-155,,,,,,,,53581,22994,29627,,,,,,,49894,23208,26601,49437,22816,26232,,,,,,,,,,,,,49760,20369,29006,49811,19801,29804,,,,62323,26186,35444,,,,,,
FL-156,,,,,,,,37688,26575,10314,,,,,,,33429,24798,8533,33339,25065,8101,,,,,,,,,,,,,27482,17639,9573,27534,17172,10166,,,,40204,25923,13707,,,,,,
FL-157,,,,,,,,36390,23557,12005,,,,,,,32066,22055,9922,31776,22131,9410,,,,,,,,,,,,,25768,15382,10092,25820,15058,10592,,,,38470,23063,14769,,,,,,
FL-158,,,,,,,,36073,20374,14639,,,,,,,31767,19787,11902,31651,19675,11668,,,,,,,,,,,,,27271,14272,12658,27328,13875,13240,,,,38726,20159,17952,,,,,,
FL-159,,,,,,,,43428,24724,17509,,,,,,,39397,24365,14923,39341,24436,14570,,,,,,,,,,,,,34387,18125,15751,34449,17693,16560,,,,47588,26217,20654,,,,,,
FL-160,,,,,,,,49537,25527,22865,,,,,,,45373,25793,19491,45073,25695,19118,,,,,,,,,,,,,42208,20650,21162,42274,20093,21998,,,,54793,26785,27454,,,,,,
FL-161,,,,,,,,27964,15838,11264,,,,,,,23381,14412,8882,23306,14347,8687,,,,,,,,,,,,,19145,9061,9795,19170,8774,10240,,,,30065,14369,15183,,,,,,
FL-162,,,,,,,,30680,18938,10883,,,,,,,26665,17987,8618,26629,18041,8328,,,,,,,,,,,,,21441,11736,9413,21449,11409,9868,,,,33514,18800,14137,,,,,,
FL-163,,,,,,,,49951,27816,21016,,,,,,,46172,27965,18122,46049,27896,17826,,,,,,,,,,,,,44167,23912,19793,44284,23272,20797,,,,58211,31563,25866,,,,,,
FL-164,,,,,,,,47310,24171,22155,,,,,,,41945,24018,17825,41759,23749,17651,,,,,,,,,,,,,37839,18461,19039,37895,17878,19840,,,,52339,25978,25539,,,,,,
FL-165,,,,,,,,38305,19248,18067,,,,,,,33424,17753,15605,33315,17465,15521,,,,,,,,,,,,,31810,13182,18300,31889,12773,18962,,,,48297,21254,26160,,,,,,
FL-166,,,,,,,,56595,33070,22626,,,,,,,54333,33905,20334,53992,33456,20219,,,,,,,,,,,,,55619,32273,22988,55668,31751,23738,,,,66967,37798,28706,,,,,,
FL-167,,,,,,,,44151,23447,19639,,,,,,,39090,23029,15986,38899,22817,15776,,,,,,,,,,,,,36798,18211,18285,36872,17747,18960,,,,50788,24121,26037,,,,,,
FL-168,,,,,,,,50278,24031,25272,,,,,,,46165,25097,20981,45713,24597,20800,,,,,,,,,,,,,42761,20291,22121,42854,19722,22994,,,,54979,25091,29256,,,,,,
FL-169,,,,,,,,44937,24151,19842,,,,,,,39220,23911,15244,40330,24144,15958,,,,,,,,,,,,,36624,19221,17103,36666,18463,18035,,,,52082,27362,24069,,,,,,
FL-170,,,,,,,,46510,29281,16169,,,,,,,38081,26023,11975,39490,26625,12566,,,,,,,,,,,,,32623,19658,12637,32663,19017,13395,,,,47193,28656,17803,,,,,,
FL-171,,,,,,,,41116,25932,14130,,,,,,,34703,23688,10924,35900,24059,11496,,,,,,,,,,,,,30924,18675,11946,30952,18092,12604,,,,44644,27583,16374,,,,,,
FL-172,,,,,,,,40812,22377,17378,,,,,,,33219,19514,13616,34795,19914,14586,,,,,,,,,,,,,31020,15095,15627,31061,14555,16297,,,,42659,21437,20630,,,,,,
FL-173,,,,,,,,40193,23851,15392,,,,,,,33269,20722,12465,34697,21205,13253,,,,,,,,,,,,,29946,15399,14243,29975,14854,14916,,,,41556,22645,18375,,,,,,
FL-174,,,,,,,,39028,30168,8102,,,,,,,32853,27089,5690,34069,28106,5733,,,,,,,,,,,,,25452,18951,6240,25471,18505,6754,,,,40458,30033,9813,,,,,,
FL-175,,,,,,,,34713,30382,3840,,,,,,,29983,27148,2777,31168,28370,2690,,,,,,,,,,,,,23031,19760,3065,23064,19409,3482,,,,35435,29637,5364,,,,,,
FL-176,,,,,,,,48111,27363,19642,,,,,,,41640,25762,15782,43247,25879,17021,,,,,,,,,,,,,39238,22185,16711,39270,21624,17449,,,,50051,28833,20641,,,,,,
FL-177,,,,,,,,49201,29354,18687,,,,,,,42055,27559,14410,43104,27623,15153,,,,,,,,,,,,,37044,21253,15463,37075,20630,16227,,,,52411,30039,21659,,,,,,
FL-178,,,,,,,,42283,32769,8683,,,,,,,35441,28923,6436,36617,29775,6581,,,,,,,,,,,,,27916,20512,7123,27908,19945,7686,,,,42140,30459,11027,,,,,,
FL-179,,,,,,,,44557,33679,10025,,,,,,,37449,29632,7750,38952,30686,8054,,,,,,,,,,,,,31773,22356,9141,31772,21849,9700,,,,44921,31179,13148,,,,,,
FL-180,,,,,,,,43551,23327,18896,,,,,,,36578,21502,14990,37749,21345,16038,,,,,,,,,,,,,34374,17090,16946,34418,16475,17733,,,,46736,22681,23358,,,,,,
FL-181,,,,,,,,39062,26033,11998,,,,,,,30883,22123,8674,32682,23006,9359,,,,,,,,,,,,,26558,15888,10381,26561,15398,10930,,,,38866,22708,15523,,,,,,
FL-182,,,,,,,,30977,19083,10963,,,,,,,24179,15974,8120,25223,16335,8563,,,,,,,,,,,,,20714,10750,9702,20725,10422,10135,,,,33707,17370,15687,,,,,,
FL-183,,,,,,,,47563,24787,21631,,,,,,,40624,23483,17049,41621,23083,18192,,,,,,,,,,,,,37053,18157,18550,37102,17557,19339,,,,50639,25088,24828,,,,,,
FL-184,,,,,,,,43530,22893,19714,,,,,,,35734,21350,14308,36618,21311,15004,,,,,,,,,,,,,33118,16113,16713,33153,15740,17228,,,,46671,22415,23651,,,,,,
FL-185,,,,,,,,40041,26485,12642,,,,,,,32586,23359,9151,33834,24029,9503,,,,,,,,,,,,,27157,16075,10814,27170,15652,11328,,,,41130,24232,16306,,,,,,
FL-186,,,,,,,,47760,27420,19433,,,,,,,39946,25440,14438,41191,26049,14839,,,,,,,,,,,,,36774,19769,16723,36783,19198,17374,,,,52545,28610,23345,,,,,,
FL-187,,,,,,,,37093,31188,5323,,,,,,,30634,27280,3304,32247,28855,3225,,,,,,,,,,,,,23038,18291,4532,23026,17789,5036,,,,37860,28533,8827,,,,,,
FL-188,,,,,,,,34328,21002,12651,,,,,,,27087,18485,8562,27561,18816,8497,,,,,,,,,,,,,23653,12388,11067,23672,12050,11462,,,,38288,19431,18352,,,,,,
FL-189,,,,,,,,41966,34698,6567,,,,,,,35488,30960,4450,35543,31392,3919,,,,,,,,,,,,,25930,19697,5968,25945,19369,6305,,,,41990,29394,12060,,,,,,
FL-190,,,,,,,,38676,32839,5002,,,,,,,32978,29604,3301,33024,29984,2840,,,,,,,,,,,,,23800,19017,4500,23833,18649,4909,,,,38949,28870,9495,,,,,,
FL-191,,,,,,,,34585,27207,6518,,,,,,,29043,24541,4429,29110,24785,4089,,,,,,,,,,,,,20768,15504,4933,20943,15290,5399,,,,32105,22490,9021,,,,,,
FL-192,,,,,,,,34588,18374,15366,,,,,,,29155,17412,11687,29017,16743,11933,,,,,,,,,,,,,27412,12216,14923,27479,11935,15375,,,,41015,16509,24020,,,,,,
FL-193,,,,,,,,34053,28372,4936,,,,,,,27872,24731,3071,27898,25154,2550,,,,,,,,,,,,,19699,15465,3993,19694,15176,4257,,,,31345,22560,8270,,,,,,
FL-194,,,,,,,,38660,30206,7518,,,,,,,33244,27743,5399,33266,27895,5143,,,,,,,,,,,,,24960,18477,6174,24987,18092,6630,,,,37099,25992,10472,,,,,,
FL-195,,,,,,,,41070,24104,15869,,,,,,,34665,22257,12340,34521,21737,12415,,,,,,,,,,,,,30573,16213,14031,30648,15750,14678,,,,43352,21891,20844,,,,,,
FL-196,,,,,,,,25480,17050,7654,,,,,,,19842,14540,5244,19739,14644,4794,,,,,,,,,,,,,16432,9467,6723,16405,9354,6857,,,,28446,15266,12600,,,,,,
FL-197,,,,,,,,29851,13658,15493,,,,,,,22607,11222,11311,22359,11065,10875,,,,,,,,,,,,,19204,6493,12458,19211,6566,12465,,,,29064,10796,17804,,,,,,
FL-198,,,,,,,,38258,14675,22778,,,,,,,30818,13353,17390,30570,12784,17357,,,,,,,,,,,,,28702,8364,20081,28718,8356,20180,,,,40812,12941,27354,,,,,,
FL-199,,,,,,,,37654,14472,22455,,,,,,,30603,13207,17352,30382,12778,17222,,,,,,,,,,,,,29759,7772,21758,29803,7682,21956,,,,45243,12817,31893,,,,,,
FL-200,,,,,,,,32398,12063,19716,,,,,,,24219,9316,14847,23880,9058,14416,,,,,,,,,,,,,22585,4450,17943,22597,4556,17913,,,,34897,7956,26539,,,,,,
FL-201,,,,,,,,30927,10819,19521,,,,,,,23185,8330,14807,22823,8060,14341,,,,,,,,,,,,,20911,3949,16822,20934,4103,16722,,,,31806,6970,24500,,,,,,
FL-202,,,,,,,,26139,13458,12095,,,,,,,20998,12638,8318,20874,12554,8030,,,,,,,,,,,,,21345,8394,12738,21348,8319,12832,,,,35472,13371,21675,,,,,,
FL-203,,,,,,,,36380,14790,20838,,,,,,,28140,12538,15531,27892,12334,15179,,,,,,,,,,,,,25880,7026,18637,25894,7039,18676,,,,39610,12016,27096,,,,,,
FL-204,,,,,,,,32915,17558,14655,,,,,,,29445,18252,11144,29299,17876,11119,,,,,,,,,,,,,27760,14162,13366,27795,13742,13898,,,,41200,19927,20742,,,,,,
FL-205,,,,,,,,48640,25475,22147,,,,,,,43619,26249,17284,43483,25580,17533,,,,,,,,,,,,,39978,20849,18798,40008,20454,19352,,,,53285,27645,25107,,,,,,
FL-206,,,,,,,,46079,14617,30602,,,,,,,38225,14391,23761,38012,13578,23985,,,,,,,,,,,,,36370,8867,27269,36417,8835,27391,,,,49433,13812,35128,,,,,,
FL-207,,,,,,,,45950,16636,28430,,,,,,,37476,15577,21826,37323,14951,21937,,,,,,,,,,,,,36047,9573,26221,36064,9450,26438,,,,51896,15013,36361,,,,,,
FL-208,,,,,,,,39093,16389,21836,,,,,,,31502,15112,16328,31357,14585,16369,,,,,,,,,,,,,30452,9349,20839,30476,9218,21072,,,,46998,15348,31126,,,,,,
FL-209,,,,,,,,42059,21895,19180,,,,,,,34768,20824,13863,34662,20471,13776,,,,,,,,,,,,,31769,13495,17981,31791,13131,18398,,,,48518,20382,27527,,,,,,
FL-210,,,,,,,,44656,22981,20689,,,,,,,39403,22963,16354,39295,22262,16651,,,,,,,,,,,,,36531,16847,19356,36542,16625,19699,,,,49008,22721,25760,,,,,,
FL-211,,,,,,,,36666,22082,13723,,,,,,,29725,19541,10120,29627,19523,9776,,,,,,,,,,,,,26239,12002,14007,26260,11810,14226,,,,42679,18523,23614,,,,,,
FL-212,,,,,,,,48244,24636,22462,,,,,,,42122,24189,17847,42056,23389,18282,,,,,,,,,,,,,39608,18224,21047,39635,17740,21656,,,,53817,24599,28629,,,,,,
FL-213,,,,,,,,24688,15508,8506,,,,,,,21314,14474,6791,21265,14547,6476,,,,,,,,,,,,,20481,9664,10621,20491,9379,10925,,,,38844,17241,21049,,,,,,
FL-214,,,,,,,,22313,13317,8345,,,,,,,18229,11888,6291,18167,11931,5983,,,,,,,,,,,,,15779,7293,8302,15807,7059,8595,,,,28625,13257,14889,,,,,,
FL-215,,,,,,,,45740,21711,22416,,,,,,,39195,20478,18598,39164,19650,19011,,,,,,,,,,,,,36232,15134,20737,36250,14669,21335,,,,48781,21045,27128,,,,,,
GA-1,,,,,,,,29316,14683,13525,,,,,,,,,,28651,16636,11777,,,,32535,19480,13055,,,,,,,26744,15837,10501,26861,14978,11701,,,,,,,,,,,,
GA-2,,,,,,,,34498,18937,14415,,,,,,,,,,34621,21826,12571,,,,38966,25395,13571,,,,,,,32500,21024,10995,32601,20171,12224,,,,,,,,,,,,
GA-3,,,,,,,,38165,18664,18311,,,,,,,,,,39223,22292,16621,,,,41474,24395,17079,,,,,,,35341,20520,14314,35492,19269,16000,,,,,,,,,,,,
GA-4,,,,,,,,35683,18510,16200,,,,,,,,,,36843,21036,15632,,,,38427,22145,16282,,,,,,,33482,18584,14485,33582,17847,15571,,,,,,,,,,,,
GA-5,,,,,,,,33044,12938,18843,,,,,,,,,,33489,15985,17174,,,,36049,18657,17392,,,,,,,30814,15666,14540,30926,14806,15875,,,,,,,,,,,,
GA-6,,,,,,,,33994,9939,23014,,,,,,,,,,36588,12732,23586,,,,41213,15434,25779,,,,,,,37760,13616,23541,37892,12551,25123,,,,,,,,,,,,
GA-7,,,,,,,,36793,16422,19535,,,,,,,,,,37577,18412,18979,,,,39743,20124,19619,,,,,,,34888,16857,17621,35041,16103,18774,,,,,,,,,,,,
GA-8,,,,,,,,39505,23803,14976,,,,,,,,,,38629,25537,12954,,,,39974,26853,13121,,,,,,,33340,21792,11232,33478,21142,12225,,,,,,,,,,,,
GA-9,,,,,,,,31991,11223,19912,,,,,,,,,,31806,11662,20017,,,,34616,13199,21417,,,,,,,30590,10691,19537,30743,10177,20439,,,,,,,,,,,,
GA-10,,,,,,,,35263,10849,23271,,,,,,,,,,35431,11834,23422,,,,39205,13683,25522,,,,,,,34935,11647,22755,35120,11093,23815,,,,,,,,,,,,
GA-11,,,,,,,,28753,11794,15864,,,,,,,,,,29091,13647,15250,,,,32275,15683,16592,,,,,,,27998,12134,15411,28126,11666,16285,,,,,,,,,,,,
GA-12,,,,,,,,34092,7450,25816,,,,,,,,,,34380,8313,25872,,,,37233,10172,27061,,,,,,,33420,8583,24325,33560,7810,25586,,,,,,,,,,,,
GA-13,,,,,,,,41673,20340,19710,,,,,,,,,,40403,23206,16766,,,,45651,26447,19204,,,,,,,39634,22829,16076,39799,21199,18315,,,,,,,,,,,,
GA-14,,,,,,,,37736,19182,17117,,,,,,,,,,37048,22338,14332,,,,41639,25420,16219,,,,,,,36156,22099,13498,36233,20744,15231,,,,,,,,,,,,
GA-15,,,,,,,,26555,12624,12913,,,,,,,,,,26092,15515,10327,,,,33956,20442,13514,,,,,,,30211,18068,11615,30297,17035,13047,,,,,,,,,,,,
GA-16,,,,,,,,26301,11608,13701,,,,,,,,,,26540,13722,12627,,,,30900,16674,14226,,,,,,,27125,13781,12858,27232,13136,13907,,,,,,,,,,,,
GA-17,,,,,,,,35345,10686,23241,,,,,,,,,,36302,12895,23098,,,,41712,15365,26347,,,,,,,36932,12948,23317,37086,11817,24989,,,,,,,,,,,,
GA-18,,,,,,,,29809,7829,20624,,,,,,,,,,29433,8523,20676,,,,33351,10232,23119,,,,,,,29473,8347,20537,29600,7774,21559,,,,,,,,,,,,
GA-19,,,,,,,,34095,6690,25966,,,,,,,,,,35622,8793,26425,,,,43244,12339,30905,,,,,,,39143,11129,27096,39308,9626,29320,,,,,,,,,,,,
GA-20,,,,,,,,32189,10255,20730,,,,,,,,,,31831,11426,20167,,,,35259,13068,22191,,,,,,,31845,10952,20339,32000,9877,21910,,,,,,,,,,,,
GA-21,,,,,,,,32254,4728,26563,,,,,,,,,,33348,4986,28190,,,,37167,6216,30951,,,,,,,33380,4988,27986,33485,4387,28912,,,,,,,,,,,,
GA-22,,,,,,,,31899,7183,23711,,,,,,,,,,32447,7594,24709,,,,34270,8648,25622,,,,,,,30635,6847,23357,30769,6299,24286,,,,,,,,,,,,
GA-23,,,,,,,,32825,8665,23287,,,,,,,,,,33791,10079,23531,,,,35170,11284,23886,,,,,,,31906,9482,21989,32061,8710,23160,,,,,,,,,,,,
GA-24,,,,,,,,35922,9971,25078,,,,,,,,,,37718,11565,25987,,,,39499,13106,26393,,,,,,,36008,10944,24745,36094,10299,25655,,,,,,,,,,,,
GA-25,,,,,,,,32463,7876,23745,,,,,,,,,,33692,8967,24572,,,,36183,10306,25877,,,,,,,32763,8531,23843,32881,7937,24787,,,,,,,,,,,,
GA-26,,,,,,,,40459,14903,24344,,,,,,,,,,42083,16870,24977,,,,44824,18525,26299,,,,,,,41337,16110,24614,41484,15071,26153,,,,,,,,,,,,
GA-27,,,,,,,,37402,17733,18958,,,,,,,,,,38894,19660,19081,,,,41173,21260,19913,,,,,,,36984,17913,18707,37132,17290,19653,,,,,,,,,,,,
GA-28,,,,,,,,33873,23403,9603,,,,,,,,,,34623,26306,8121,,,,39047,30029,9018,,,,,,,32658,24758,7510,32738,24236,8309,,,,,,,,,,,,
GA-29,,,,,,,,36460,18826,16305,,,,,,,,,,35532,21225,13955,,,,38181,23539,14642,,,,,,,31280,18809,11981,31418,17894,13293,,,,,,,,,,,,
GA-30,,,,,,,,44516,10759,32008,,,,,,,,,,44341,13659,30200,,,,51470,18073,33397,,,,,,,45835,15778,29157,45979,13949,31655,,,,,,,,,,,,
GA-31,,,,,,,,39511,12338,25816,,,,,,,,,,40916,14600,25972,,,,45897,17654,28243,,,,,,,41747,15043,25969,41851,13987,27574,,,,,,,,,,,,
GA-32,,,,,,,,43592,13189,28626,,,,,,,,,,45141,16280,28450,,,,50884,18628,32256,,,,,,,48047,17168,29867,48353,14963,33079,,,,,,,,,,,,
GA-33,,,,,,,,33231,20192,11404,,,,,,,,,,33446,23979,9081,,,,36079,26257,9822,,,,,,,31489,22801,8076,31595,21625,9711,,,,,,,,,,,,
GA-34,,,,,,,,35938,7339,26654,,,,,,,,,,36414,9158,26796,,,,42534,12099,30435,,,,,,,38957,10885,26914,39199,9450,29401,,,,,,,,,,,,
GA-35,,,,,,,,38374,10052,27034,,,,,,,,,,39731,11611,27833,,,,43459,13257,30202,,,,,,,41074,11715,28558,41303,10667,30369,,,,,,,,,,,,
GA-36,,,,,,,,45660,9095,34568,,,,,,,,,,45765,10518,34778,,,,53156,13169,39987,,,,,,,50496,12129,37133,50768,10590,39825,,,,,,,,,,,,
GA-37,,,,,,,,39783,10860,27053,,,,,,,,,,38898,13149,25290,,,,44732,16512,28220,,,,,,,40979,15208,24690,41219,13618,27278,,,,,,,,,,,,
GA-38,,,,,,,,48890,18030,28778,,,,,,,,,,48599,22702,25315,,,,56299,28168,28131,,,,,,,50108,25736,23151,50424,23643,26396,,,,,,,,,,,,
GA-39,,,,,,,,35877,17487,17079,,,,,,,,,,37241,21602,15392,,,,40680,24908,15772,,,,,,,35088,21493,12967,35242,20776,14244,,,,,,,,,,,,
GA-40,,,,,,,,36272,15255,19579,,,,,,,,,,38700,19657,18723,,,,44185,25054,19131,,,,,,,39127,22406,15955,39291,21464,17597,,,,,,,,,,,,
GA-41,,,,,,,,44578,19219,23728,,,,,,,,,,46983,24451,22168,,,,51438,29239,22199,,,,,,,45276,26618,17863,45430,25549,19641,,,,,,,,,,,,
GA-42,,,,,,,,31142,23262,7033,,,,,,,,,,33221,27638,5436,,,,37758,32052,5706,,,,,,,31899,26935,4523,31955,26488,5309,,,,,,,,,,,,
GA-43,,,,,,,,26160,20712,4648,,,,,,,,,,27949,24217,3617,,,,31081,27100,3981,,,,,,,25057,21591,3136,25138,21226,3781,,,,,,,,,,,,
GA-44,,,,,,,,29492,25452,3257,,,,,,,,,,31093,29149,1833,,,,34083,31863,2220,,,,,,,26996,24886,1791,27043,24685,2216,,,,,,,,,,,,
GA-45,,,,,,,,40391,22209,16879,,,,,,,,,,40775,25857,14668,,,,45281,30909,14372,,,,,,,38861,26833,11378,39025,25980,12802,,,,,,,,,,,,
GA-46,,,,,,,,37711,18865,17598,,,,,,,,,,39021,22280,16484,,,,44223,26731,17492,,,,,,,38621,22993,14921,38759,22307,16230,,,,,,,,,,,,
GA-47,,,,,,,,38528,7183,29723,,,,,,,,,,38686,8679,29742,,,,45491,11583,33908,,,,,,,42259,10702,30553,42452,9573,32567,,,,,,,,,,,,
GA-48,,,,,,,,38187,9901,26291,,,,,,,,,,38541,13760,24257,,,,46920,18947,27973,,,,,,,40022,16449,22426,40243,14562,25347,,,,,,,,,,,,
GA-49,,,,,,,,36094,13005,21367,,,,,,,,,,36816,17483,18933,,,,43867,23270,20597,,,,,,,37144,19937,16345,37297,18587,18446,,,,,,,,,,,,
GA-50,,,,,,,,35085,13789,19323,,,,,,,,,,34488,17694,16273,,,,40488,22273,18215,,,,,,,32774,17750,14062,32949,16352,16316,,,,,,,,,,,,
GA-51,,,,,,,,30801,14155,15060,,,,,,,,,,31468,18342,12674,,,,38158,23445,14713,,,,,,,29651,17849,11038,29775,16451,13072,,,,,,,,,,,,
GA-52,,,,,,,,26533,15773,9531,,,,,,,,,,26634,18727,7639,,,,30708,22049,8659,,,,,,,22754,15633,6576,22850,14872,7765,,,,,,,,,,,,
GA-53,,,,,,,,35604,16881,17178,,,,,,,,,,35861,20994,14470,,,,41448,26310,15138,,,,,,,32996,20577,11734,33157,19356,13593,,,,,,,,,,,,
GA-54,,,,,,,,38024,23740,12839,,,,,,,,,,39890,29031,10580,,,,46104,35328,10776,,,,,,,37417,28467,8389,37538,27652,9673,,,,,,,,,,,,
GA-55,,,,,,,,35086,15130,18003,,,,,,,,,,35018,18984,15540,,,,40252,23740,16512,,,,,,,32420,18671,12818,32624,17309,15012,,,,,,,,,,,,
GA-56,,,,,,,,17628,11468,5181,,,,,,,,,,17940,13432,4276,,,,20594,15375,5219,,,,,,,14963,10595,4012,15031,10064,4816,,,,,,,,,,,,
GA-57,,,,,,,,39265,15366,22039,,,,,,,,,,39498,21046,17860,,,,45402,24999,20403,,,,,,,38444,22014,15391,38711,19733,18690,,,,,,,,,,,,
GA-58,,,,,,,,31114,16103,13346,,,,,,,,,,31917,20876,10509,,,,36392,24054,12338,,,,,,,30525,20799,8909,30697,19076,11335,,,,,,,,,,,,
GA-59,,,,,,,,40346,22290,16014,,,,,,,,,,41116,28952,11586,,,,46066,32329,13737,,,,,,,40953,30645,9343,41121,28547,12271,,,,,,,,,,,,
GA-60,,,,,,,,36983,28812,6526,,,,,,,,,,38976,34662,3904,,,,44312,39361,4951,,,,,,,38446,34377,3472,38314,33146,4952,,,,,,,,,,,,
GA-61,,,,,,,,38653,26752,10344,,,,,,,,,,39320,31242,7757,,,,43687,35277,8410,,,,,,,35704,28453,6613,35851,27604,7978,,,,,,,,,,,,
GA-62,,,,,,,,37974,34279,2809,,,,,,,,,,39797,38405,1305,,,,44023,42412,1611,,,,,,,36037,34270,1455,36082,33987,1977,,,,,,,,,,,,
GA-63,,,,,,,,41611,38090,2654,,,,,,,,,,43667,42597,967,,,,48096,46766,1330,,,,,,,40452,38896,1237,40495,38618,1718,,,,,,,,,,,,
GA-64,,,,,,,,43163,37120,4296,,,,,,,,,,46399,44325,1794,,,,51357,48754,2603,,,,,,,44550,42203,1850,44619,41622,2747,,,,,,,,,,,,
GA-65,,,,,,,,40739,14557,24309,,,,,,,,,,40170,20263,19337,,,,48865,26049,22816,,,,,,,40237,21947,17192,40481,19301,20872,,,,,,,,,,,,
GA-66,,,,,,,,42085,13216,26913,,,,,,,,,,42027,18310,23170,,,,51990,23494,28496,,,,,,,44425,20842,22432,44728,17976,26380,,,,,,,,,,,,
GA-67,,,,,,,,43931,15924,25593,,,,,,,,,,43331,21561,21070,,,,50237,25776,24461,,,,,,,43614,23298,19026,43880,20599,22923,,,,,,,,,,,,
GA-68,,,,,,,,48658,15251,31078,,,,,,,,,,47200,21739,24729,,,,55143,26085,29058,,,,,,,48044,24471,22159,48375,21201,26776,,,,,,,,,,,,
GA-69,,,,,,,,36368,15929,18735,,,,,,,,,,36403,21654,14269,,,,43100,25777,17323,,,,,,,35850,22780,12253,36033,20491,15301,,,,,,,,,,,,
GA-70,,,,,,,,39964,16907,21238,,,,,,,,,,40139,23864,15713,,,,46768,27161,19607,,,,,,,39861,25561,13455,40180,22381,17567,,,,,,,,,,,,
GA-71,,,,,,,,34900,29278,4369,,,,,,,,,,36747,34661,1854,,,,38780,36131,2649,,,,,,,33887,31417,2034,33986,30808,2981,,,,,,,,,,,,
GA-72,,,,,,,,32702,27289,3834,,,,,,,,,,34283,32327,1713,,,,38378,35810,2568,,,,,,,34044,31844,1796,34060,31207,2683,,,,,,,,,,,,
GA-73,,,,,,,,46337,31674,12200,,,,,,,,,,47650,40208,6865,,,,53849,44214,9635,,,,,,,46211,39673,5730,46216,37512,8418,,,,,,,,,,,,
GA-74,,,,,,,,51617,15370,33338,,,,,,,,,,49042,20676,27542,,,,56612,25564,31048,,,,,,,49168,23121,24391,49465,20409,28548,,,,,,,,,,,,
GA-75,,,,,,,,45135,13911,28818,,,,,,,,,,42940,17531,24810,,,,50261,22139,28122,,,,,,,44524,19569,23713,44779,17617,26776,,,,,,,,,,,,
GA-76,,,,,,,,45325,14617,28236,,,,,,,,,,43927,19047,24286,,,,50333,23473,26860,,,,,,,45041,21520,22273,45261,19462,25445,,,,,,,,,,,,
GA-77,,,,,,,,35221,16724,16453,,,,,,,,,,33904,20351,13074,,,,38312,23297,15015,,,,,,,32453,19709,11832,32548,18119,14136,,,,,,,,,,,,
GA-78,,,,,,,,29303,16040,11440,,,,,,,,,,29175,19962,8802,,,,33651,22840,10811,,,,,,,28438,19490,8180,28574,18253,10057,,,,,,,,,,,,
GA-79,,,,,,,,35875,22589,11820,,,,,,,,,,36439,26667,9509,,,,42057,31670,10387,,,,,,,35165,26168,8302,35323,25324,9755,,,,,,,,,,,,
GA-80,,,,,,,,38937,22342,14784,,,,,,,,,,39344,27618,11295,,,,44251,31549,12702,,,,,,,38238,27820,9610,38383,26175,11950,,,,,,,,,,,,
GA-81,,,,,,,,40125,36392,2875,,,,,,,,,,42316,41364,865,,,,46342,45214,1128,,,,,,,40489,39168,1041,40556,38785,1618,,,,,,,,,,,,
GA-82,,,,,,,,32926,28184,3788,,,,,,,,,,33546,31550,1874,,,,37092,34911,2181,,,,,,,31428,29222,1840,31498,28903,2430,,,,,,,,,,,,
GA-83,,,,,,,,34594,22983,10574,,,,,,,,,,36204,27069,8962,,,,42600,32818,9782,,,,,,,37600,28693,8403,37705,28075,9407,,,,,,,,,,,,
GA-84,,,,,,,,37899,20957,15522,,,,,,,,,,37844,24550,12985,,,,42252,29539,12713,,,,,,,35296,24864,9787,35418,23980,11212,,,,,,,,,,,,
GA-85,,,,,,,,35901,12986,21282,,,,,,,,,,35836,15966,19566,,,,41662,20126,21536,,,,,,,35280,16742,17747,35417,15873,19248,,,,,,,,,,,,
GA-86,,,,,,,,34298,7926,24624,,,,,,,,,,34044,10032,23699,,,,42594,14524,28070,,,,,,,39344,13437,24940,39524,12205,26983,,,,,,,,,,,,
GA-87,,,,,,,,40020,11707,26901,,,,,,,,,,39899,13239,26367,,,,44575,15490,29085,,,,,,,40125,13352,26009,40295,12270,27788,,,,,,,,,,,,
GA-88,,,,,,,,34965,5796,27684,,,,,,,,,,34638,5559,28790,,,,39801,7064,32737,,,,,,,37403,6185,30293,37597,5172,32147,,,,,,,,,,,,
GA-89,,,,,,,,34996,9805,23507,,,,,,,,,,34702,11080,23241,,,,39042,13216,25826,,,,,,,35703,11364,23433,35884,10247,25321,,,,,,,,,,,,
GA-90,,,,,,,,35935,7611,26980,,,,,,,,,,36858,7826,28755,,,,41617,9781,31836,,,,,,,38986,8430,29846,39182,7403,31489,,,,,,,,,,,,
GA-91,,,,,,,,35223,4887,28723,,,,,,,,,,36162,5631,30189,,,,42842,8044,34798,,,,,,,41658,7626,32995,41879,6310,35243,,,,,,,,,,,,
GA-92,,,,,,,,30406,6624,22190,,,,,,,,,,30095,8137,21636,,,,34847,10000,24847,,,,,,,31305,8257,22150,31501,7102,24137,,,,,,,,,,,,
GA-93,,,,,,,,34413,6670,25880,,,,,,,,,,34899,8738,25716,,,,41372,11460,29912,,,,,,,39035,10588,27234,39338,8914,30062,,,,,,,,,,,,
GA-94,,,,,,,,37287,8943,26528,,,,,,,,,,36361,12891,22960,,,,44361,17618,26743,,,,,,,38009,15184,21764,38251,12772,25187,,,,,,,,,,,,
GA-95,,,,,,,,37583,6818,28495,,,,,,,,,,37637,9847,27243,,,,47519,14454,33065,,,,,,,41995,12897,27818,42214,10819,30988,,,,,,,,,,,,
GA-96,,,,,,,,40366,4996,33029,,,,,,,,,,40712,6927,33178,,,,49754,10023,39731,,,,,,,47778,9965,36421,48070,8031,39620,,,,,,,,,,,,
GA-97,,,,,,,,40233,8982,28677,,,,,,,,,,39907,12387,26858,,,,47822,16467,31355,,,,,,,44403,15161,27765,44678,13181,31035,,,,,,,,,,,,
GA-98,,,,,,,,40651,8449,29793,,,,,,,,,,39504,11236,27637,,,,46832,14850,31982,,,,,,,42496,13466,27581,42751,11626,30710,,,,,,,,,,,,
GA-99,,,,,,,,33550,6552,25188,,,,,,,,,,33854,7866,25611,,,,39125,9819,29306,,,,,,,36518,8664,26899,36751,7450,28990,,,,,,,,,,,,
GA-100,,,,,,,,34276,8121,24647,,,,,,,,,,32300,8945,22989,,,,38016,11407,26609,,,,,,,34240,9787,23594,34428,8517,25612,,,,,,,,,,,,
GA-101,,,,,,,,32235,5393,25346,,,,,,,,,,31200,5025,25865,,,,35657,6308,29349,,,,,,,32744,5702,26265,32940,4452,28207,,,,,,,,,,,,
GA-102,,,,,,,,35019,6100,27077,,,,,,,,,,34043,6728,26904,,,,39257,8701,30556,,,,,,,34818,7691,26302,34988,6230,28410,,,,,,,,,,,,
GA-103,,,,,,,,38498,6141,30719,,,,,,,,,,38298,6602,31343,,,,43718,8402,35316,,,,,,,41523,7815,32631,41832,6290,35163,,,,,,,,,,,,
GA-104,,,,,,,,41443,6394,32972,,,,,,,,,,41773,6886,34405,,,,49515,9152,40363,,,,,,,47344,8673,37383,47657,6920,40307,,,,,,,,,,,,
GA-105,,,,,,,,40869,5467,33281,,,,,,,,,,41759,5987,35378,,,,49464,8279,41185,,,,,,,47610,8169,38247,47909,6512,40991,,,,,,,,,,,,
GA-106,,,,,,,,28878,4595,23014,,,,,,,,,,28895,4535,24098,,,,33351,5917,27434,,,,,,,30256,4890,24692,30440,3903,26293,,,,,,,,,,,,
GA-107,,,,,,,,27952,6763,19808,,,,,,,,,,27327,7323,19758,,,,31746,9245,22501,,,,,,,26888,6904,19387,27014,5874,20919,,,,,,,,,,,,
HI-1,,,,,,,,32050,25176,5202,,,,,,,29430,22880,6550,29592,20019,8393,,,,,,,,,,,,,31585,24046,6515,32142,21342,10800,,,,39958,28442,9949,,,,,,
HI-2,,,,,,,,30965,21827,7564,,,,,,,28949,20468,8481,29025,18282,9560,,,,,,,,,,,,,31649,22050,8641,31880,20810,11070,,,,40559,26249,12798,,,,,,
HI-3,,,,,,,,31190,23375,6227,,,,,,,30603,23593,7010,30691,20579,8503,,,,,,,,,,,,,31055,23141,6718,31544,21210,10334,,,,37940,25877,10534,,,,,,
HI-4,,,,,,,,28645,21079,6337,,,,,,,27777,20546,7231,27927,16953,9796,,,,,,,,,,,,,29370,21316,7075,29808,18787,11021,,,,33858,22254,10309,,,,,,
HI-5,,,,,,,,29354,21579,6320,,,,,,,28896,20879,8017,29173,17368,10859,,,,,,,,,,,,,27359,19098,7384,27975,16060,11915,,,,33712,21279,11203,,,,,,
HI-6,,,,,,,,42080,31057,9895,,,,,,,38856,27325,11531,39130,25763,12143,,,,,,,,,,,,,39864,29675,9523,40307,27238,13069,,,,46791,32071,13400,,,,,,
HI-7,,,,,,,,30591,23743,5833,,,,,,,27490,20455,7035,27766,18933,7888,,,,,,,,,,,,,26723,20528,5555,26931,18365,8566,,,,31390,22023,8347,,,,,,
HI-8,,,,,,,,28291,21043,6043,,,,,,,25272,18496,6776,25347,16903,7302,,,,,,,,,,,,,26033,19526,5800,26286,18443,7843,,,,33274,23225,8773,,,,,,
HI-9,,,,,,,,20907,15558,4457,,,,,,,18939,13702,5237,19032,12529,5795,,,,,,,,,,,,,20958,15429,4830,21209,14242,6967,,,,26158,17574,7557,,,,,,
HI-10,,,,,,,,31029,22570,7445,,,,,,,29207,19761,9446,29414,17877,10456,,,,,,,,,,,,,30682,21695,8357,30909,19384,11525,,,,35997,23163,11782,,,,,,
HI-11,,,,,,,,30011,22714,6388,,,,,,,27516,19445,8071,27774,18457,8590,,,,,,,,,,,,,29936,21807,7589,30171,19171,11000,,,,34808,22693,11108,,,,,,
HI-12,,,,,,,,15202,11166,3349,,,,,,,14166,9520,4646,14269,8222,5627,,,,,,,,,,,,,15101,9508,5082,15208,8586,6622,,,,20148,10984,8422,,,,,,
HI-13,,,,,,,,19801,12989,5887,,,,,,,18426,11076,7350,18559,9274,8713,,,,,,,,,,,,,21994,12862,8472,22199,11241,10958,,,,30149,15518,13571,,,,,,
HI-14,,,,,,,,30977,22181,7730,,,,,,,28377,18697,9680,28541,17418,10311,,,,,,,,,,,,,30852,20851,9384,31191,18309,12882,,,,36959,22366,13584,,,,,,
HI-15,,,,,,,,15469,10547,3976,,,,,,,14447,9473,4974,14603,6357,7783,,,,,,,,,,,,,15356,9362,5433,15502,7837,7665,,,,20062,10476,8738,,,,,,
IA-1,,,,,,,,48500,19291,27348,,,,,,,,,,42760,21108,20532,,,,53080,25433,26034,,,,,,,,,,,,,,,,,,,,,,,,
IA-2,,,,,,,,49316,21472,25475,,,,,,,,,,42824,25155,16535,,,,50513,28216,20750,,,,,,,,,,,,,,,,,,,,,,,,
IA-3,,,,,,,,37775,11876,24374,,,,,,,,,,41744,19804,21189,,,,55574,25427,28727,,,,,,,,,,,,,,,,,,,,,,,,
IA-4,,,,,,,,45781,21597,21928,,,,,,,,,,36121,20682,14641,,,,48086,27086,19234,,,,,,,,,,,,,,,,,,,,,,,,
IA-5,,,,,,,,48289,29329,16864,,,,,,,,,,43279,32281,10258,,,,50462,36440,12977,,,,,,,,,,,,,,,,,,,,,,,,
IA-6,,,,,,,,44476,20310,22317,,,,,,,,,,40594,24829,14871,,,,52269,31014,19891,,,,,,,,,,,,,,,,,,,,,,,,
IA-7,,,,,,,,52223,20983,29046,,,,,,,,,,46869,25667,19945,,,,57290,31065,24570,,,,,,,,,,,,,,,,,,,,,,,,
IA-8,,,,,,,,45463,19713,23427,,,,,,,,,,39471,22750,15496,,,,49083,27671,19586,,,,,,,,,,,,,,,,,,,,,,,,
IA-9,,,,,,,,48095,22272,23987,,,,,,,,,,40115,23636,15561,,,,49175,28200,19614,,,,,,,,,,,,,,,,,,,,,,,,
IA-10,,,,,,,,53719,22261,29500,,,,,,,,,,48620,27251,20600,,,,56674,31152,24209,,,,,,,,,,,,,,,,,,,,,,,,
IA-11,,,,,,,,47572,26827,18690,,,,,,,,,,43567,30728,11983,,,,50809,34841,14623,,,,,,,,,,,,,,,,,,,,,,,,
IA-12,,,,,,,,43672,17250,24396,,,,,,,,,,39961,21529,17523,,,,51824,26477,23693,,,,,,,,,,,,,,,,,,,,,,,,
IA-13,,,,,,,,37664,19258,16451,,,,,,,,,,32231,21044,10388,,,,41072,25261,14163,,,,,,,,,,,,,,,,,,,,,,,,
IA-14,,,,,,,,45764,14721,29127,,,,,,,,,,42502,19705,21979,,,,55878,24597,29755,,,,,,,,,,,,,,,,,,,,,,,,
IA-15,,,,,,,,52611,19000,31416,,,,,,,,,,43803,20332,22708,,,,58094,26039,30362,,,,,,,,,,,,,,,,,,,,,,,,
IA-16,,,,,,,,48511,14953,31553,,,,,,,,,,40913,16944,22923,,,,52232,19581,30916,,,,,,,,,,,,,,,,,,,,,,,,
IA-17,,,,,,,,44221,14362,27814,,,,,,,,,,36089,15814,19421,,,,47895,20004,26245,,,,,,,,,,,,,,,,,,,,,,,,
IA-18,,,,,,,,49569,17059,30500,,,,,,,,,,41407,19044,21472,,,,53044,22330,28710,,,,,,,,,,,,,,,,,,,,,,,,
IA-19,,,,,,,,46325,16503,27737,,,,,,,,,,38902,18327,19780,,,,47941,20473,25823,,,,,,,,,,,,,,,,,,,,,,,,
IA-20,,,,,,,,46952,15818,28818,,,,,,,,,,38213,16264,21107,,,,49134,18761,28639,,,,,,,,,,,,,,,,,,,,,,,,
IA-21,,,,,,,,53020,15467,35409,,,,,,,,,,46970,18930,27034,,,,59485,21915,35732,,,,,,,,,,,,,,,,,,,,,,,,
IA-22,,,,,,,,50137,12126,36014,,,,,,,,,,41734,13515,27319,,,,53441,15308,36321,,,,,,,,,,,,,,,,,,,,,,,,
IA-23,,,,,,,,46412,14009,29365,,,,,,,,,,38093,15453,21683,,,,50366,20040,28353,,,,,,,,,,,,,,,,,,,,,,,,
IA-24,,,,,,,,50719,12685,35957,,,,,,,,,,43151,14536,27754,,,,54155,17108,35300,,,,,,,,,,,,,,,,,,,,,,,,
IA-25,,,,,,,,51412,8052,41889,,,,,,,,,,42695,9077,32986,,,,54794,12133,41300,,,,,,,,,,,,,,,,,,,,,,,,
IA-26,,,,,,,,40587,13465,25270,,,,,,,,,,33492,14556,18194,,,,42118,18058,22440,,,,,,,,,,,,,,,,,,,,,,,,
IA-27,,,,,,,,52167,14704,35475,,,,,,,,,,44016,17280,25736,,,,55521,20145,33716,,,,,,,,,,,,,,,,,,,,,,,,
IA-28,,,,,,,,50420,16740,31668,,,,,,,,,,43156,18373,23427,,,,53372,21440,30423,,,,,,,,,,,,,,,,,,,,,,,,
IA-29,,,,,,,,51104,17095,31854,,,,,,,,,,42289,18434,22842,,,,53167,23455,28032,,,,,,,,,,,,,,,,,,,,,,,,
IA-30,,,,,,,,52041,16014,33818,,,,,,,,,,44084,18866,24270,,,,54531,20778,31891,,,,,,,,,,,,,,,,,,,,,,,,
IA-31,,,,,,,,54420,13100,39222,,,,,,,,,,44954,15414,28537,,,,56251,18034,36359,,,,,,,,,,,,,,,,,,,,,,,,
IA-32,,,,,,,,52099,11148,39298,,,,,,,,,,43019,13658,28581,,,,54498,16377,36609,,,,,,,,,,,,,,,,,,,,,,,,
ID-1,,,,,,,,44153,10445,31521,,,,,,,,,,38358,11929,25675,,,,55337,13859,39358,,,,,,,,,,,,,,,,,,,,,,,,
ID-2,,,,,,,,34502,6996,26006,,,,,,,,,,29273,8155,20636,,,,48307,11347,34840,,,,,,,,,,,,,,,,,,,,,,,,
ID-3,,,,,,,,44491,15596,27035,,,,,,,,,,39156,17745,20788,,,,53364,21114,30201,,,,,,,,,,,,,,,,,,,,,,,,
ID-4,,,,,,,,42223,8976,30860,,,,,,,,,,36290,10556,25065,,,,51310,12479,36902,,,,,,,,,,,,,,,,,,,,,,,,
ID-5,,,,,,,,43090,13111,27219,,,,,,,,,,39464,16170,22491,,,,53250,19520,31717,,,,,,,,,,,,,,,,,,,,,,,,
ID-6,,,,,,,,34443,8501,23542,,,,,,,,,,28467,9959,17622,,,,42627,13095,27399,,,,,,,,,,,,,,,,,,,,,,,,
ID-7,,,,,,,,34023,3578,27638,,,,,,,,,,23550,3929,18792,,,,39434,5200,31984,,,,,,,,,,,,,,,,,,,,,,,,
ID-8,,,,,,,,36482,6451,27189,,,,,,,,,,29262,7569,20872,,,,43043,9179,31966,,,,,,,,,,,,,,,,,,,,,,,,
ID-9,,,,,,,,39136,12026,24566,,,,,,,,,,32920,13801,18202,,,,46027,16057,27726,,,,,,,,,,,,,,,,,,,,,,,,
ID-10,,,,,,,,33453,5577,25174,,,,,,,,,,26338,6141,19481,,,,38736,8007,28849,,,,,,,,,,,,,,,,,,,,,,,,
ID-11,,,,,,,,33547,7140,23610,,,,,,,,,,27959,8514,18715,,,,40781,10686,27998,,,,,,,,,,,,,,,,,,,,,,,,
ID-12,,,,,,,,36545,7109,26706,,,,,,,,,,32897,8913,23484,,,,44547,10623,32192,,,,,,,,,,,,,,,,,,,,,,,,
ID-13,,,,,,,,26736,7857,17022,,,,,,,,,,22690,10064,12147,,,,32500,12197,18708,,,,,,,,,,,,,,,,,,,,,,,,
ID-14,,,,,,,,34154,8309,23718,,,,,,,,,,33252,11573,21182,,,,51100,15654,33474,,,,,,,,,,,,,,,,,,,,,,,,
ID-15,,,,,,,,32189,8487,21549,,,,,,,,,,31555,12076,18866,,,,48184,16070,30162,,,,,,,,,,,,,,,,,,,,,,,,
ID-16,,,,,,,,41225,13877,25012,,,,,,,,,,40616,18627,21277,,,,52908,22919,28022,,,,,,,,,,,,,,,,,,,,,,,,
ID-17,,,,,,,,46366,21945,22503,,,,,,,,,,48743,26755,21346,,,,63361,33287,28232,,,,,,,,,,,,,,,,,,,,,,,,
ID-18,,,,,,,,42183,22270,18146,,,,,,,,,,44343,28604,15017,,,,55011,34571,18716,,,,,,,,,,,,,,,,,,,,,,,,
IL-1,,,,,,,,42869,20025,19355,,,,,,,,,,36205,17016,16181,,,,47476,23423,21198,,,,,,,34513,17688,16063,34488,17047,16119,,,,,,,,,,,,
IL-2,,,,,,,,47400,18600,26114,,,,,,,,,,38923,14961,20316,,,,48949,20127,27072,,,,,,,35282,14573,20042,35620,13873,20764,,,,,,,,,,,,
IL-3,,,,,,,,53626,17674,33085,,,,,,,,,,47753,16189,25479,,,,58612,22412,34712,,,,,,,46343,18251,26840,46213,18319,26604,,,,,,,,,,,,
IL-4,,,,,,,,43694,22254,18764,,,,,,,,,,37907,20349,13620,,,,45709,26321,17621,,,,,,,33322,19805,12549,33270,19842,12562,,,,,,,,,,,,
IL-5,,,,,,,,43468,22528,18250,,,,,,,,,,36922,20939,13220,,,,42917,24616,16282,,,,,,,30217,17787,11854,30332,17258,12197,,,,,,,,,,,,
IL-6,,,,,,,,46348,23232,20481,,,,,,,,,,41468,22318,16470,,,,51854,30604,18994,,,,,,,37639,22969,13937,37747,22753,13864,,,,,,,,,,,,
IL-7,,,,,,,,46317,21786,21498,,,,,,,,,,38693,19545,16324,,,,48782,26658,19786,,,,,,,36411,20866,14815,36443,20972,14422,,,,,,,,,,,,
IL-8,,,,,,,,50554,15519,31567,,,,,,,,,,42368,13261,25203,,,,55532,20168,33133,,,,,,,42450,15481,26108,42560,14745,26641,,,,,,,,,,,,
IL-9,,,,,,,,47535,17114,26900,,,,,,,,,,37646,14417,18960,,,,50634,20103,28517,,,,,,,37261,14862,21565,37416,13637,22546,,,,,,,,,,,,
IL-10,,,,,,,,46414,19060,24780,,,,,,,,,,38547,16854,18788,,,,49798,24130,23687,,,,,,,35736,18108,16960,35688,17326,17372,,,,,,,,,,,,
IL-11,,,,,,,,39310,20518,16270,,,,,,,,,,31421,17096,11282,,,,40642,22152,16842,,,,,,,28530,15453,12531,28617,14313,13419,,,,,,,,,,,,
IL-12,,,,,,,,44328,20601,21088,,,,,,,,,,35186,15426,15883,,,,44654,19628,23638,,,,,,,34741,14878,19153,34965,13235,20709,,,,,,,,,,,,
IL-13,,,,,,,,44577,23406,18862,,,,,,,,,,36009,18474,15087,,,,46651,25967,19250,,,,,,,33904,19013,14186,34056,18472,14590,,,,,,,,,,,,
IL-14,,,,,,,,43617,21218,20054,,,,,,,,,,36052,16671,16568,,,,46504,23028,21957,,,,,,,34055,16228,17154,34261,15526,17630,,,,,,,,,,,,
IL-15,,,,,,,,46527,15809,27762,,,,,,,,,,37479,13183,19912,,,,50167,18773,29548,,,,,,,37383,13644,23022,37787,12985,23586,,,,,,,,,,,,
IL-16,,,,,,,,48696,17907,27716,,,,,,,,,,39682,14279,21115,,,,53680,21364,30538,,,,,,,40503,16379,23305,40635,15224,24104,,,,,,,,,,,,
IL-17,,,,,,,,44770,16545,24978,,,,,,,,,,35691,13816,17630,,,,49456,20077,27558,,,,,,,35239,14383,20144,35363,13781,20389,,,,,,,,,,,,
IL-18,,,,,,,,41716,18965,20140,,,,,,,,,,34146,16281,14316,,,,44389,22965,19810,,,,,,,31024,16480,13953,31081,16115,14075,,,,,,,,,,,,
IL-19,,,,,,,,36949,19758,14770,,,,,,,,,,28666,15396,10347,,,,37594,20970,14956,,,,,,,24955,14021,10475,25045,13727,10553,,,,,,,,,,,,
IL-20,,,,,,,,44954,21472,20671,,,,,,,,,,36895,17112,16855,,,,48926,22283,24321,,,,,,,36352,17474,18235,36436,16137,19091,,,,,,,,,,,,
IL-21,,,,,,,,45785,18173,24445,,,,,,,,,,38019,13982,20482,,,,50761,18872,29314,,,,,,,38024,14548,22728,38214,13103,23783,,,,,,,,,,,,
IL-22,,,,,,,,49783,19706,27223,,,,,,,,,,39794,14174,22121,,,,51866,19607,30821,,,,,,,40153,14561,24661,40440,13198,25973,,,,,,,,,,,,
IL-23,,,,,,,,47823,18450,27381,,,,,,,,,,37946,9310,22363,,,,50161,13271,35661,,,,,,,38243,9474,28106,38359,7523,30127,,,,,,,,,,,,
IL-24,,,,,,,,49701,13226,33315,,,,,,,,,,39785,10427,25365,,,,53962,15880,36155,,,,,,,41886,12075,28945,42179,10880,30162,,,,,,,,,,,,
IL-25,,,,,,,,43339,13266,27455,,,,,,,,,,33205,9431,19821,,,,45181,14450,29000,,,,,,,32424,9667,22153,32606,8686,23008,,,,,,,,,,,,
IL-26,,,,,,,,47668,24766,20421,,,,,,,,,,40720,18708,17996,,,,46258,19992,24923,,,,,,,35548,15355,19573,35736,13253,21557,,,,,,,,,,,,
IL-27,,,,,,,,49511,22055,24969,,,,,,,,,,42124,14667,22393,,,,51460,17283,32797,,,,,,,38808,11975,26210,38878,9773,28165,,,,,,,,,,,,
IL-28,,,,,,,,49035,18105,28691,,,,,,,,,,40457,11432,24263,,,,50310,12801,36290,,,,,,,39037,9414,29004,39657,6805,31994,,,,,,,,,,,,
IL-29,,,,,,,,42717,16931,23703,,,,,,,,,,34185,10553,19613,,,,44167,12334,30706,,,,,,,34054,8816,24625,34294,6970,26583,,,,,,,,,,,,
IL-30,,,,,,,,46916,13728,30892,,,,,,,,,,36988,10074,23501,,,,50164,11551,37356,,,,,,,40075,8691,30622,40665,6794,32995,,,,,,,,,,,,
IL-31,,,,,,,,45029,13909,28397,,,,,,,,,,35532,10840,20944,,,,47263,14961,30750,,,,,,,35339,10788,23905,35687,9686,25095,,,,,,,,,,,,
IL-32,,,,,,,,49546,12993,33518,,,,,,,,,,41190,9698,25433,,,,53406,13739,38135,,,,,,,43226,10807,31502,43641,9215,33280,,,,,,,,,,,,
IL-33,,,,,,,,46547,13651,30102,,,,,,,,,,38840,11157,22358,,,,49544,16568,31436,,,,,,,37569,12108,24502,37836,11053,25569,,,,,,,,,,,,
IL-34,,,,,,,,44583,17542,24969,,,,,,,,,,38162,11720,21200,,,,48249,14250,32632,,,,,,,37792,10749,26233,38246,9013,28168,,,,,,,,,,,,
IL-35,,,,,,,,52339,21312,28917,,,,,,,,,,43952,15560,25122,,,,56629,17603,37802,,,,,,,43055,13509,28677,43191,11806,30115,,,,,,,,,,,,
IL-36,,,,,,,,47911,32735,13352,,,,,,,,,,38066,24566,11823,,,,48531,30770,16088,,,,,,,33080,21419,11091,33121,20637,11589,,,,,,,,,,,,
IL-37,,,,,,,,46978,25759,18815,,,,,,,,,,39210,20898,16113,,,,50654,27280,21502,,,,,,,34856,19589,14529,34846,18593,15155,,,,,,,,,,,,
IL-38,,,,,,,,49103,21550,24983,,,,,,,,,,40363,15062,21614,,,,54482,19978,32748,,,,,,,40956,15421,24733,41166,13574,26339,,,,,,,,,,,,
IL-39,,,,,,,,47222,26552,18310,,,,,,,,,,38164,19987,15312,,,,48679,24713,22160,,,,,,,34593,18523,15414,34562,16986,16478,,,,,,,,,,,,
IL-40,,,,,,,,45512,23111,19778,,,,,,,,,,36375,16134,16562,,,,47823,20608,25574,,,,,,,33717,14862,18183,33792,13339,19357,,,,,,,,,,,,
IL-41,,,,,,,,49541,18880,28060,,,,,,,,,,40480,11470,18481,,,,53216,17086,34642,,,,,,,40616,12387,27334,41181,10725,29407,,,,,,,,,,,,
IL-42,,,,,,,,41819,23107,16257,,,,,,,,,,32864,17140,13718,,,,44047,22269,17945,,,,,,,29865,16096,13221,29911,15216,13840,,,,,,,,,,,,
IL-43,,,,,,,,45082,17280,24556,,,,,,,,,,36364,12379,20944,,,,50580,17318,30050,,,,,,,37457,13739,22948,37581,12255,24099,,,,,,,,,,,,
IL-44,,,,,,,,49400,18777,27171,,,,,,,,,,41401,15313,23428,,,,57868,22247,32375,,,,,,,42925,17199,25128,42930,16535,25111,,,,,,,,,,,,
IL-45,,,,,,,,35218,23852,9247,,,,,,,,,,26782,17627,7414,,,,36144,23299,10011,,,,,,,21797,14243,7186,21769,13515,7464,,,,,,,,,,,,
IL-46,,,,,,,,43649,23183,17554,,,,,,,,,,35348,18838,14172,,,,50365,27283,20001,,,,,,,33243,18391,14300,33207,17605,14574,,,,,,,,,,,,
IL-47,,,,,,,,38785,23245,12937,,,,,,,,,,31738,18720,10940,,,,43940,26407,14310,,,,,,,27828,17238,10114,27799,16731,10189,,,,,,,,,,,,
IL-48,,,,,,,,43552,21841,19485,,,,,,,,,,38038,19635,16712,,,,52525,30171,20122,,,,,,,35140,20722,13990,35098,20539,13631,,,,,,,,,,,,
IL-49,,,,,,,,52259,36210,13714,,,,,,,,,,43753,30557,11427,,,,56966,36952,14406,,,,,,,38136,27043,10644,38114,26447,10828,,,,,,,,,,,,
IL-50,,,,,,,,42938,33167,7989,,,,,,,,,,34875,27415,6268,,,,44498,32373,6681,,,,,,,27406,22645,4452,27427,22219,4724,,,,,,,,,,,,
IL-51,,,,,,,,39086,31602,5745,,,,,,,,,,30184,24782,4230,,,,39530,29132,4770,,,,,,,21881,18184,3430,21956,17819,3732,,,,,,,,,,,,
IL-52,,,,,,,,47490,41437,4598,,,,,,,,,,36402,32101,3264,,,,45644,35082,3321,,,,,,,26846,24279,2310,26902,23978,2535,,,,,,,,,,,,
IL-53,,,,,,,,43601,29495,11661,,,,,,,,,,33958,22932,9246,,,,45438,28042,12300,,,,,,,27373,18608,8358,27391,17986,8764,,,,,,,,,,,,
IL-54,,,,,,,,48214,21762,23749,,,,,,,,,,39545,17615,19911,,,,54014,25436,25343,,,,,,,36913,17908,18492,36975,16974,19069,,,,,,,,,,,,
IL-55,,,,,,,,43287,36773,4736,,,,,,,,,,33364,28481,3557,,,,41786,30416,4214,,,,,,,25032,21269,3429,25067,20845,3730,,,,,,,,,,,,
IL-56,,,,,,,,54069,40109,11672,,,,,,,,,,44957,33383,9491,,,,55127,34824,11491,,,,,,,38544,27834,10251,38530,26883,10732,,,,,,,,,,,,
IL-57,,,,,,,,47868,45115,1468,,,,,,,,,,37399,35420,993,,,,44541,33916,597,,,,,,,26510,25561,685,26568,25263,899,,,,,,,,,,,,
IL-58,,,,,,,,44895,41936,1525,,,,,,,,,,35443,33368,1074,,,,42442,33141,806,,,,,,,25374,24351,772,25451,24156,925,,,,,,,,,,,,
IL-59,,,,,,,,43854,40955,1561,,,,,,,,,,32856,30886,1041,,,,40059,30572,874,,,,,,,23286,22212,824,23343,21924,1040,,,,,,,,,,,,
IL-60,,,,,,,,34623,32321,1154,,,,,,,,,,23794,22398,705,,,,29611,21726,685,,,,,,,15400,14593,616,15446,14445,718,,,,,,,,,,,,
IL-61,,,,,,,,42064,38395,2203,,,,,,,,,,36335,33733,1671,,,,42944,34979,1302,,,,,,,27560,26259,1007,27550,26060,1112,,,,,,,,,,,,
IL-62,,,,,,,,38981,29664,7621,,,,,,,,,,34509,27427,6061,,,,43209,33387,6202,,,,,,,28316,24403,3505,28273,24227,3423,,,,,,,,,,,,
IL-63,,,,,,,,36883,31554,3882,,,,,,,,,,28005,24363,2784,,,,37235,27232,3385,,,,,,,21429,18876,2171,21484,18825,2159,,,,,,,,,,,,
IL-64,,,,,,,,37785,35367,1312,,,,,,,,,,25807,24336,803,,,,32707,24333,926,,,,,,,16514,15551,769,16579,15417,879,,,,,,,,,,,,
IL-65,,,,,,,,49895,42704,5453,,,,,,,,,,41839,35980,4639,,,,49754,39988,3708,,,,,,,33017,30290,2361,33052,30089,2365,,,,,,,,,,,,
IL-66,,,,,,,,45024,36221,7033,,,,,,,,,,37254,30117,5845,,,,47030,35255,5992,,,,,,,29486,24928,4197,29491,24596,4292,,,,,,,,,,,,
IL-67,,,,,,,,29619,22131,5416,,,,,,,,,,24861,19603,4148,,,,32910,24153,5376,,,,,,,19640,14924,4365,19762,14552,4691,,,,,,,,,,,,
IL-68,,,,,,,,19856,16652,1958,,,,,,,,,,13864,12234,1155,,,,20124,16524,1678,,,,,,,8669,7191,1275,8697,7103,1368,,,,,,,,,,,,
IL-69,,,,,,,,18783,15445,2036,,,,,,,,,,13408,11762,1154,,,,19474,16043,1695,,,,,,,8983,7480,1281,9095,7496,1374,,,,,,,,,,,,
IL-70,,,,,,,,28454,22238,4530,,,,,,,,,,22116,18093,3164,,,,29782,23055,4097,,,,,,,15235,11667,3280,15264,11250,3623,,,,,,,,,,,,
IL-71,,,,,,,,27916,21290,4687,,,,,,,,,,21090,16801,3384,,,,29977,22379,4314,,,,,,,14583,11313,3005,14623,11051,3182,,,,,,,,,,,,
IL-72,,,,,,,,34510,22665,9626,,,,,,,,,,27821,18655,7752,,,,37519,23172,9521,,,,,,,22468,13650,8426,22570,12898,9061,,,,,,,,,,,,
IL-73,,,,,,,,36315,20571,13315,,,,,,,,,,28225,16310,10265,,,,39937,22258,14684,,,,,,,24127,13561,10180,24122,12768,10722,,,,,,,,,,,,
IL-74,,,,,,,,41920,20074,19263,,,,,,,,,,34012,16098,15889,,,,46305,22013,20937,,,,,,,30635,14950,15253,30663,14172,15691,,,,,,,,,,,,
IL-75,,,,,,,,44400,25729,16054,,,,,,,,,,37912,21998,14166,,,,49280,30968,14844,,,,,,,33785,22835,10375,33766,22398,10438,,,,,,,,,,,,
IL-76,,,,,,,,28156,17813,8506,,,,,,,,,,20581,13429,6200,,,,30775,19148,9124,,,,,,,15970,9513,6189,16086,9356,6323,,,,,,,,,,,,
IL-77,,,,,,,,29420,20020,7674,,,,,,,,,,23353,16721,5489,,,,33547,22498,7858,,,,,,,18550,12660,5560,18613,12321,5836,,,,,,,,,,,,
IL-78,,,,,,,,34539,25982,6234,,,,,,,,,,29024,23047,4711,,,,39628,30646,5802,,,,,,,23660,19275,4020,23771,19022,4216,,,,,,,,,,,,
IL-79,,,,,,,,36701,19198,15206,,,,,,,,,,29606,15849,12117,,,,42408,21306,16777,,,,,,,27230,14173,12656,27315,13642,13077,,,,,,,,,,,,
IL-80,,,,,,,,33380,27489,3666,,,,,,,,,,28015,24436,2626,,,,36462,30323,3392,,,,,,,21054,18596,2150,21192,18505,2284,,,,,,,,,,,,
IL-81,,,,,,,,39983,24764,13501,,,,,,,,,,36400,24797,10596,,,,47295,33289,11996,,,,,,,29651,22911,6254,29588,22865,5994,,,,,,,,,,,,
IL-82,,,,,,,,41650,32514,6492,,,,,,,,,,37143,31040,4803,,,,47783,38832,5494,,,,,,,30225,26744,2944,30336,26759,2952,,,,,,,,,,,,
IL-83,,,,,,,,46129,29667,14698,,,,,,,,,,40651,28238,11334,,,,50399,37019,10965,,,,,,,34504,27468,6478,34392,27469,6034,,,,,,,,,,,,
IL-84,,,,,,,,50174,36626,11249,,,,,,,,,,45507,35923,8320,,,,55990,45625,7908,,,,,,,38874,34147,4172,38863,34083,4023,,,,,,,,,,,,
IL-85,,,,,,,,49430,35857,11032,,,,,,,,,,45371,35242,8764,,,,56801,45718,8240,,,,,,,40646,35201,4809,40611,35124,4565,,,,,,,,,,,,
IL-86,,,,,,,,44048,36273,5531,,,,,,,,,,39541,34065,4266,,,,47055,39763,4259,,,,,,,32831,29841,2567,32858,29760,2585,,,,,,,,,,,,
IL-87,,,,,,,,34569,26210,6612,,,,,,,,,,29155,23321,4810,,,,38470,29918,6181,,,,,,,24433,20218,3882,24516,20481,3623,,,,,,,,,,,,
IL-88,,,,,,,,35892,26249,7526,,,,,,,,,,31010,23643,6073,,,,40694,30637,7039,,,,,,,26199,21024,4760,26261,21102,4612,,,,,,,,,,,,
IL-89,,,,,,,,45418,26708,16011,,,,,,,,,,39745,23778,13802,,,,51499,30625,14865,,,,,,,36749,23647,12545,36772,22980,12806,,,,,,,,,,,,
IL-90,,,,,,,,46085,20501,22963,,,,,,,,,,38823,16804,20032,,,,53205,25069,24933,,,,,,,37082,18283,18248,37032,17693,18174,,,,,,,,,,,,
IL-91,,,,,,,,50532,22748,25197,,,,,,,,,,44567,19888,22436,,,,57776,29689,25733,,,,,,,42657,23110,18860,42405,22679,18301,,,,,,,,,,,,
IL-92,,,,,,,,48880,24442,21672,,,,,,,,,,42426,21197,19095,,,,54928,31635,20816,,,,,,,39258,23889,14675,39109,23598,14288,,,,,,,,,,,,
IL-93,,,,,,,,51838,25412,23471,,,,,,,,,,46289,22744,21122,,,,58998,33222,23193,,,,,,,44208,26338,17066,44004,25858,16677,,,,,,,,,,,,
IL-94,,,,,,,,51825,25470,23485,,,,,,,,,,45384,21680,20992,,,,58251,31943,23312,,,,,,,43242,24995,17479,43076,24376,17203,,,,,,,,,,,,
IL-95,,,,,,,,50267,21759,25937,,,,,,,,,,45731,20131,23137,,,,56418,29586,24596,,,,,,,42521,23403,18373,42237,23110,17716,,,,,,,,,,,,
IL-96,,,,,,,,44274,23836,18000,,,,,,,,,,37430,20425,15059,,,,50769,31053,17413,,,,,,,33938,21947,11445,33760,21621,11116,,,,,,,,,,,,
IL-97,,,,,,,,43244,21228,19325,,,,,,,,,,36363,17565,16534,,,,49739,26608,21038,,,,,,,33393,17909,14919,33322,17472,14835,,,,,,,,,,,,
IL-98,,,,,,,,36934,21528,13268,,,,,,,,,,29435,16623,11185,,,,41055,24751,14278,,,,,,,24317,15111,8827,24316,14700,8933,,,,,,,,,,,,
IL-99,,,,,,,,41533,21729,17323,,,,,,,,,,32549,16383,14242,,,,47040,25429,19225,,,,,,,30154,16341,13305,30114,15855,13279,,,,,,,,,,,,
IL-100,,,,,,,,35283,18466,14764,,,,,,,,,,27574,13630,12276,,,,40726,21339,17200,,,,,,,26153,13629,12127,26104,13058,12253,,,,,,,,,,,,
IL-101,,,,,,,,37344,19214,16116,,,,,,,,,,30315,15176,13497,,,,42158,23370,16745,,,,,,,26940,15352,11259,26861,15003,11198,,,,,,,,,,,,
IL-102,,,,,,,,34923,19332,13531,,,,,,,,,,27948,15303,11083,,,,39452,23294,14051,,,,,,,24302,14672,9238,24304,14340,9309,,,,,,,,,,,,
IL-103,,,,,,,,40799,20748,18084,,,,,,,,,,33305,16555,15282,,,,46823,25398,18984,,,,,,,29618,16917,12310,29603,16672,12200,,,,,,,,,,,,
IL-104,,,,,,,,40920,26141,13086,,,,,,,,,,33524,22437,9927,,,,47544,32218,13245,,,,,,,28731,20514,7890,28728,20471,7721,,,,,,,,,,,,
IL-105,,,,,,,,41674,33973,5754,,,,,,,,,,36480,31232,4160,,,,44513,37107,4456,,,,,,,29672,26349,2984,29659,26433,2787,,,,,,,,,,,,
IL-106,,,,,,,,51698,31472,18764,,,,,,,,,,46739,29644,16118,,,,55339,39827,13784,,,,,,,40550,31416,8623,40302,31376,7910,,,,,,,,,,,,
IL-107,,,,,,,,48699,23736,23413,,,,,,,,,,43129,22620,19326,,,,55725,33772,20327,,,,,,,38620,25272,12832,38456,25302,12158,,,,,,,,,,,,
IL-108,,,,,,,,45790,21510,22042,,,,,,,,,,39307,18830,18757,,,,51921,28838,20956,,,,,,,36505,21592,14451,36339,21489,13861,,,,,,,,,,,,
IL-109,,,,,,,,50756,22541,25637,,,,,,,,,,44535,19909,22577,,,,57916,30894,24637,,,,,,,41026,23341,17046,40924,23170,16605,,,,,,,,,,,,
IL-110,,,,,,,,34969,19301,13922,,,,,,,,,,28040,16204,10530,,,,38902,23906,13472,,,,,,,24128,15547,8255,24111,15480,7971,,,,,,,,,,,,
IL-111,,,,,,,,47992,21548,24478,,,,,,,,,,41841,19798,20474,,,,54259,29742,23131,,,,,,,39255,23267,15508,39147,23333,14698,,,,,,,,,,,,
IL-112,,,,,,,,45422,20787,21415,,,,,,,,,,38069,17184,17957,,,,52820,24500,25047,,,,,,,37937,17984,19293,37883,16826,19730,,,,,,,,,,,,
IL-113,,,,,,,,36103,18752,14795,,,,,,,,,,29449,15456,11939,,,,41036,23099,15645,,,,,,,27283,15906,10886,27242,15416,10888,,,,,,,,,,,,
IL-114,,,,,,,,29967,18488,9601,,,,,,,,,,24067,14365,8130,,,,33016,21114,9921,,,,,,,20492,13147,6955,20496,12843,6956,,,,,,,,,,,,
IL-115,,,,,,,,49984,21299,25634,,,,,,,,,,45731,19945,22912,,,,58226,29468,26455,,,,,,,43375,23719,18949,43266,23466,18444,,,,,,,,,,,,
IL-116,,,,,,,,47026,18501,25339,,,,,,,,,,41667,16623,22294,,,,56766,25593,28518,,,,,,,42328,20134,21465,42264,19606,21277,,,,,,,,,,,,
IL-117,,,,,,,,36605,17609,16595,,,,,,,,,,31416,14308,15037,,,,45138,22881,20199,,,,,,,30760,15900,14334,30737,15600,14253,,,,,,,,,,,,
IL-118,,,,,,,,47879,20583,23895,,,,,,,,,,40146,18100,19965,,,,54846,26582,25332,,,,,,,38316,19956,17544,38253,19840,17012,,,,,,,,,,,,
IL-119,,,,,,,,47019,20174,23463,,,,,,,,,,38595,16833,19591,,,,55208,25976,26387,,,,,,,39923,19995,19115,39856,19717,18654,,,,,,,,,,,,
IL-120,,,,,,,,46668,18058,24938,,,,,,,,,,37453,13700,21090,,,,52675,21245,28721,,,,,,,38280,16103,21315,38264,15577,21173,,,,,,,,,,,,
IL-121,,,,,,,,44969,18629,23379,,,,,,,,,,37814,15446,19796,,,,51649,23032,26424,,,,,,,37167,18051,18466,37125,17825,17924,,,,,,,,,,,,
IL-122,,,,,,,,32775,18902,11888,,,,,,,,,,25141,13989,9693,,,,37941,22748,13193,,,,,,,20688,12334,8046,20714,11993,8128,,,,,,,,,,,,
IL-123,,,,,,,,34223,19233,12675,,,,,,,,,,27893,15373,10519,,,,38640,22390,14191,,,,,,,24100,14078,9638,24095,13744,9652,,,,,,,,,,,,
IL-124,,,,,,,,46778,24191,21274,,,,,,,,,,41664,23821,16707,,,,51019,33389,16418,,,,,,,39703,28447,10783,39528,28691,9697,,,,,,,,,,,,
IL-125,,,,,,,,50132,22959,24722,,,,,,,,,,43119,20312,20532,,,,56407,30734,23937,,,,,,,40478,23950,15905,40360,23974,15043,,,,,,,,,,,,
IL-126,,,,,,,,39102,19967,16583,,,,,,,,,,31684,16179,13236,,,,44108,24426,17737,,,,,,,28657,16554,11617,28605,16219,11356,,,,,,,,,,,,
IL-127,,,,,,,,24786,18234,5386,,,,,,,,,,17228,12911,3459,,,,24654,17617,4801,,,,,,,12256,9205,2850,12265,9029,2853,,,,,,,,,,,,
IL-128,,,,,,,,40468,21311,16971,,,,,,,,,,32231,16961,13291,,,,43467,24388,16644,,,,,,,27384,15987,10967,27392,15688,10812,,,,,,,,,,,,
IN-1,,,,,,,,37189,33268,3013,,,,,,,29278,26522,2379,,,,,,,,,,34056,28153,5049,,,,18243,15650,2349,,,,,,,27271,22448,4418,27273,22242,4550,,,
IN-2,,,,,,,,31116,23049,6592,,,,,,,24245,18402,5244,,,,,,,,,,31395,20971,9311,,,,16649,11620,4664,,,,,,,26260,17504,8145,26455,17557,8250,,,
IN-3,,,,,,,,41854,25620,14525,,,,,,,34852,22500,11671,,,,,,,,,,47167,24662,20088,,,,28344,16279,11563,,,,,,,42879,24079,17971,43341,24498,17851,,,
IN-4,,,,,,,,45783,23877,20116,,,,,,,39168,22258,16000,,,,,,,,,,51826,23079,26571,,,,33924,17514,15822,,,,,,,47137,23598,22730,47781,24144,22745,,,
IN-5,,,,,,,,41359,16222,23411,,,,,,,34751,14708,19270,,,,,,,,,,52788,15487,33822,,,,36440,12803,23028,,,,,,,54190,18019,35210,54974,18976,34884,,,
IN-6,,,,,,,,39534,20598,16535,,,,,,,33224,18630,13466,,,,,,,,,,44789,19334,21969,,,,29104,14781,13724,,,,,,,43361,20876,21556,43526,21676,20654,,,
IN-7,,,,,,,,38445,20801,15365,,,,,,,32409,18813,12549,,,,,,,,,,41413,17834,20427,,,,27221,13789,12873,,,,,,,38145,18675,18537,38455,19343,17831,,,
IN-8,,,,,,,,43706,17830,23462,,,,,,,36409,15961,19361,,,,,,,,,,48940,14362,29729,,,,33572,11993,20840,,,,,,,47939,16208,30670,48381,17595,29084,,,
IN-9,,,,,,,,29579,16962,10979,,,,,,,24621,14887,8929,,,,,,,,,,32168,15349,14203,,,,17204,9031,7766,,,,,,,27711,14963,12120,27732,15419,11255,,,
IN-10,,,,,,,,32760,15516,14658,,,,,,,27382,14540,11626,,,,,,,,,,36505,14425,18250,,,,20625,10372,9679,,,,,,,33408,16885,15506,33376,17446,14452,,,
IN-11,,,,,,,,44271,15919,26145,,,,,,,38249,15501,21676,,,,,,,,,,50593,14334,32040,,,,32414,12105,19520,,,,,,,47933,18640,28300,48104,19860,26639,,,
IN-12,,,,,,,,41197,11471,27588,,,,,,,35658,10975,23696,,,,,,,,,,49046,9787,33913,,,,31410,8405,22163,,,,,,,48756,13787,33905,48880,15078,31793,,,
IN-13,,,,,,,,32487,12801,17782,,,,,,,25859,11219,13728,,,,,,,,,,36079,11567,21623,,,,20503,6299,13762,,,,,,,33507,11951,20914,33603,12678,19673,,,
IN-14,,,,,,,,33642,10615,21509,,,,,,,28028,9843,17436,,,,,,,,,,38346,8945,24600,,,,23989,6336,17090,,,,,,,36197,10155,25384,36172,10881,23898,,,
IN-15,,,,,,,,42437,21258,18846,,,,,,,36521,21380,14066,,,,,,,,,,44597,19242,23725,,,,28772,13985,14283,,,,,,,42198,21347,20058,42404,22068,19255,,,
IN-16,,,,,,,,34492,21502,10843,,,,,,,28326,19164,8229,,,,,,,,,,34504,18766,14339,,,,19639,11232,8070,,,,,,,32405,19298,12409,32298,19455,11873,,,
IN-17,,,,,,,,43075,17432,22559,,,,,,,36021,16331,18309,,,,,,,,,,45775,12628,29362,,,,30074,9520,19878,,,,,,,45040,14887,29158,45457,15945,27354,,,
IN-18,,,,,,,,41855,12898,26689,,,,,,,36750,13488,21722,,,,,,,,,,51700,12651,32259,,,,32920,10614,20413,,,,,,,48592,16886,30308,52291,20003,30128,,,
IN-19,,,,,,,,40568,12854,25550,,,,,,,35673,13809,20524,,,,,,,,,,52028,12901,32211,,,,34989,12616,20430,,,,,,,56022,20850,33694,58594,23890,32004,,,
IN-20,,,,,,,,49739,19335,28605,,,,,,,44517,21743,21717,,,,,,,,,,59373,20090,35848,,,,41000,19020,20425,,,,,,,53643,25499,27027,57464,28827,27224,,,
IN-21,,,,,,,,45842,17470,26464,,,,,,,40197,19082,19859,,,,,,,,,,57208,18846,34079,,,,37140,16084,19517,,,,,,,51134,23716,26302,55322,27267,26517,,,
IN-22,,,,,,,,44391,28796,13590,,,,,,,38293,27221,9980,,,,,,,,,,48280,27866,17821,,,,28372,18925,8566,,,,,,,43093,29535,12700,43212,30050,12025,,,
IN-23,,,,,,,,49298,29282,17585,,,,,,,44112,30408,12297,,,,,,,,,,53292,28696,21773,,,,34330,23257,10013,,,,,,,47999,32776,14174,48105,33763,13201,,,
IN-24,,,,,,,,46870,25029,19658,,,,,,,40844,24726,14806,,,,,,,,,,50322,24376,22127,,,,31302,18082,12008,,,,,,,45920,27595,17350,46043,28470,16218,,,
IN-25,,,,,,,,29825,17969,9936,,,,,,,23564,15031,7487,,,,,,,,,,30499,16507,10982,,,,15377,9003,5645,,,,,,,25732,15881,9178,25816,16217,8553,,,
IN-26,,,,,,,,40020,33043,5306,,,,,,,34035,29589,3499,,,,,,,,,,40782,30593,8618,,,,24044,20229,3226,,,,,,,36847,30688,5399,36923,30819,5219,,,
IN-27,,,,,,,,28927,17803,8968,,,,,,,24446,17278,6125,,,,,,,,,,32800,18523,11296,,,,18562,13142,4730,,,,,,,31167,21386,8912,30653,21248,8233,,,
IN-28,,,,,,,,32916,23903,7319,,,,,,,26098,19759,5501,,,,,,,,,,33526,22336,8859,,,,15827,11187,4097,,,,,,,27989,20719,6699,28047,20711,6428,,,
IN-29,,,,,,,,28795,11710,15016,,,,,,,22436,10153,11323,,,,,,,,,,31595,10834,15422,,,,15997,6238,8834,,,,,,,28682,11829,15965,28792,12460,14826,,,
IN-30,,,,,,,,40165,16506,21238,,,,,,,34257,16087,16868,,,,,,,,,,45552,16245,23015,,,,26788,12074,13247,,,,,,,43544,19861,22548,43697,20810,20963,,,
IN-31,,,,,,,,33833,13176,18391,,,,,,,27495,11824,14542,,,,,,,,,,35973,11386,19581,,,,20784,8034,11577,,,,,,,33147,12955,19279,33264,13680,18027,,,
IN-32,,,,,,,,43899,15876,25789,,,,,,,36864,15763,19825,,,,,,,,,,51702,16036,28902,,,,27704,10979,15072,,,,,,,46341,19498,25567,46695,20830,23892,,,
IN-33,,,,,,,,44322,11974,29815,,,,,,,36471,10678,24371,,,,,,,,,,51855,9788,31380,,,,29684,7388,20033,,,,,,,48035,12643,33868,48493,14248,31049,,,
IN-34,,,,,,,,42314,11167,28457,,,,,,,33580,9314,22780,,,,,,,,,,48614,8294,29936,,,,28761,6498,20076,,,,,,,44426,10281,32562,48154,12604,31543,,,
IN-35,,,,,,,,42541,13128,27171,,,,,,,32957,11794,20069,,,,,,,,,,49172,12293,30107,,,,28486,8985,17917,,,,,,,42997,14214,27529,48242,17128,28816,,,
IN-36,,,,,,,,44659,16579,25173,,,,,,,35399,12893,20798,,,,,,,,,,48623,11071,29528,,,,30106,8437,20560,,,,,,,45995,13485,30986,46294,15221,28133,,,
IN-37,,,,,,,,38843,11970,23872,,,,,,,32213,10008,20900,,,,,,,,,,44221,7741,30073,,,,26455,6447,19208,,,,,,,42463,10397,30908,43459,12125,28917,,,
IN-38,,,,,,,,34411,9882,22031,,,,,,,28647,8227,19301,,,,,,,,,,38471,6156,25916,,,,24474,4901,18802,,,,,,,37084,7881,28210,37125,9019,25621,,,
IN-39,,,,,,,,41349,15538,23079,,,,,,,33309,13236,18366,,,,,,,,,,47537,12677,28893,,,,26337,8866,16725,,,,,,,44395,16092,27012,44668,17509,24618,,,
IN-40,,,,,,,,29358,15674,11907,,,,,,,24390,14901,8417,,,,,,,,,,32236,14845,14910,,,,17573,10131,7016,,,,,,,27519,15800,10931,27499,16286,10134,,,
IN-41,,,,,,,,37237,12074,22586,,,,,,,29736,9672,18312,,,,,,,,,,40389,7961,24700,,,,23682,5430,17361,,,,,,,37790,9325,27392,38044,11156,24275,,,
IN-42,,,,,,,,40285,12869,25062,,,,,,,32843,10787,20582,,,,,,,,,,45114,8039,29561,,,,27573,5890,21021,,,,,,,43533,9604,32732,43976,11321,29717,,,
IN-43,,,,,,,,37854,11409,24111,,,,,,,31258,9969,20129,,,,,,,,,,41912,7719,27420,,,,27003,5576,20558,,,,,,,39404,9278,29184,39751,10685,26378,,,
IN-44,,,,,,,,38964,10600,25784,,,,,,,31685,8472,21809,,,,,,,,,,42422,6950,27073,,,,27058,5158,21000,,,,,,,39408,8303,30006,39766,9913,26971,,,
IN-45,,,,,,,,41045,12890,25221,,,,,,,33276,10444,21272,,,,,,,,,,44752,8653,28606,,,,27108,6435,19848,,,,,,,40087,10179,28823,41842,12019,27042,,,
IN-46,,,,,,,,38975,11784,24518,,,,,,,32207,9048,21623,,,,,,,,,,41892,6283,27372,,,,26894,5339,20815,,,,,,,37859,7705,29118,40153,9684,27753,,,
IN-47,,,,,,,,41316,17991,20415,,,,,,,33597,14968,16670,,,,,,,,,,39337,11566,21909,,,,26629,9690,15733,,,,,,,40226,14675,24324,40337,16200,21830,,,
IN-48,,,,,,,,39686,18586,18634,,,,,,,33297,16437,15042,,,,,,,,,,42356,14458,23217,,,,26386,10821,14646,,,,,,,38439,16107,21226,38934,18409,18816,,,
IN-49,,,,,,,,41157,14531,24037,,,,,,,32279,11671,18783,,,,,,,,,,44207,10577,27925,,,,27122,7651,18626,,,,,,,41522,12029,28191,41773,13755,25938,,,
IN-50,,,,,,,,42122,13934,25183,,,,,,,33977,11560,20542,,,,,,,,,,45056,9351,26801,,,,29351,8183,19304,,,,,,,47924,13638,32714,48309,15976,29341,,,
IN-51,,,,,,,,45008,13502,28586,,,,,,,36867,11444,23634,,,,,,,,,,51150,9502,31131,,,,28765,7324,19333,,,,,,,49959,13432,34335,50442,15432,31152,,,
IN-52,,,,,,,,43556,12587,28714,,,,,,,34706,9313,23664,,,,,,,,,,48025,7201,31579,,,,29844,5496,23009,,,,,,,45718,8764,35641,46214,10319,33162,,,
IN-53,,,,,,,,38388,14596,22268,,,,,,,31601,11435,18527,,,,,,,,,,41530,9162,25580,,,,26964,7232,18858,,,,,,,38265,10527,26647,39889,13285,24834,,,
IN-54,,,,,,,,44180,15145,26660,,,,,,,36906,13022,22028,,,,,,,,,,49421,11488,29354,,,,30949,8888,20920,,,,,,,48303,14449,32440,48784,15931,29919,,,
IN-55,,,,,,,,42504,13869,25994,,,,,,,34409,10137,22369,,,,,,,,,,46792,7743,29885,,,,28775,6513,21079,,,,,,,44431,9897,33264,44988,11332,30279,,,
IN-56,,,,,,,,42958,14760,25641,,,,,,,35104,10618,22720,,,,,,,,,,47369,8216,29557,,,,29632,6712,21490,,,,,,,44729,10194,32976,45530,11557,30532,,,
IN-57,,,,,,,,44256,10872,31674,,,,,,,34472,8715,24801,,,,,,,,,,47776,8315,34575,,,,28666,5366,22592,,,,,,,48217,9416,37714,48423,10097,36755,,,
IN-58,,,,,,,,43163,27552,13149,,,,,,,38684,27790,9356,,,,,,,,,,44617,26685,15176,,,,28431,19547,8182,,,,,,,40730,27905,11872,40642,28302,11203,,,
IN-59,,,,,,,,42771,15038,26273,,,,,,,35727,11573,22576,,,,,,,,,,45890,10116,30657,,,,30889,7045,22982,,,,,,,45264,11226,32733,46047,12826,31227,,,
IN-60,,,,,,,,43510,17870,23511,,,,,,,38312,13526,23091,,,,,,,,,,47036,10657,31397,,,,31172,8627,21861,,,,,,,43136,12300,29728,44555,14372,27522,,,
IN-61,,,,,,,,39055,15085,22010,,,,,,,33084,9667,21767,,,,,,,,,,41734,6599,28764,,,,26908,5658,20457,,,,,,,37697,8363,28330,38657,9745,26015,,,
IN-62,,,,,,,,45171,16611,26475,,,,,,,36878,13595,22050,,,,,,,,,,49654,12064,34310,,,,30024,8455,21059,,,,,,,46737,13919,31738,47441,14902,31059,,,
IN-63,,,,,,,,38596,20401,15990,,,,,,,30617,14753,14248,,,,,,,,,,41914,13679,24930,,,,25910,10370,14903,,,,,,,38839,15913,21956,39194,16665,20951,,,
IN-64,,,,,,,,40239,14261,23666,,,,,,,33705,12839,19325,,,,,,,,,,44994,11394,26912,,,,28821,9736,17623,,,,,,,40700,13485,25965,43733,15485,25323,,,
IN-65,,,,,,,,47795,16622,29637,,,,,,,41262,14985,24790,,,,,,,,,,54448,14769,36460,,,,36541,10916,24767,,,,,,,55585,17755,36215,56158,19449,35124,,,
IN-66,,,,,,,,40930,20297,18782,,,,,,,33847,17636,14564,,,,,,,,,,44567,19256,23181,,,,26741,12458,13570,,,,,,,42307,21116,19816,42597,21801,19488,,,
IN-67,,,,,,,,48737,18329,28137,,,,,,,40743,15670,23711,,,,,,,,,,52939,13403,36863,,,,34312,10650,23046,,,,,,,51312,16440,33866,51756,17410,33112,,,
IN-68,,,,,,,,36504,18605,15756,,,,,,,28417,15394,11988,,,,,,,,,,37681,16612,19275,,,,21389,10460,10525,,,,,,,34479,17329,16365,34602,17665,16033,,,
KS-1,,,,,,,,38631,12675,23743,,,,,,,,,,33902,15108,15864,,,,46144,17243,25969,,,,,,,34451,11604,21778,34515,15860,17358,,,,,,,,,,,,
KS-2,,,,,,,,47387,7961,37341,,,,,,,,,,39418,13108,22116,,,,51653,11707,37186,,,,,,,39412,6297,32012,39452,12305,24707,,,,,,,,,,,,
KS-3,,,,,,,,32361,8999,21845,,,,,,,,,,29683,14624,11898,,,,38311,16192,20333,,,,,,,28602,10023,17874,28698,14638,13094,,,,,,,,,,,,
KS-4,,,,,,,,32887,8622,22487,,,,,,,,,,28772,13038,12341,,,,38202,14298,21600,,,,,,,27924,7939,19067,28085,13122,13955,,,,,,,,,,,,
KS-5,,,,,,,,32208,19570,10850,,,,,,,,,,28510,19138,7227,,,,37582,23736,11458,,,,,,,24030,14466,8763,24175,16338,7146,,,,,,,,,,,,
KS-6,,,,,,,,32171,15097,14997,,,,,,,,,,29396,17138,9881,,,,39542,21783,15485,,,,,,,26702,13774,12119,26791,16208,9874,,,,,,,,,,,,
KS-7,,,,,,,,55195,26213,25926,,,,,,,,,,52119,32992,15436,,,,63451,38520,22273,,,,,,,48451,28500,18682,48542,32905,14638,,,,,,,,,,,,
KS-8,,,,,,,,53017,20224,30824,,,,,,,,,,50177,27861,19073,,,,62172,33363,26883,,,,,,,48326,24330,22950,48431,29289,18410,,,,,,,,,,,,
KS-9,,,,,,,,48870,20140,26354,,,,,,,,,,45849,26063,16565,,,,56830,30561,23456,,,,,,,41984,21730,18967,42092,25910,15319,,,,,,,,,,,,
KS-10,,,,,,,,45450,17319,25605,,,,,,,,,,43525,23509,16497,,,,57084,29160,25244,,,,,,,43755,21212,21397,43886,25750,17234,,,,,,,,,,,,
KS-11,,,,,,,,41870,14803,24215,,,,,,,,,,38141,19021,16019,,,,50570,24127,23609,,,,,,,36726,16786,18816,36826,20265,15681,,,,,,,,,,,,
KS-12,,,,,,,,42361,11215,27614,,,,,,,,,,38360,15487,19801,,,,54207,19094,32100,,,,,,,40375,13086,26037,40492,17261,22102,,,,,,,,,,,,
KS-13,,,,,,,,39667,26230,11755,,,,,,,,,,39596,31295,6364,,,,47051,34722,10507,,,,,,,37085,27095,9083,37297,30289,6383,,,,,,,,,,,,
KS-14,,,,,,,,48250,18166,27860,,,,,,,,,,45061,24759,16756,,,,54785,25877,26087,,,,,,,43357,17679,24378,43500,24612,17788,,,,,,,,,,,,
KS-15,,,,,,,,38524,16965,19637,,,,,,,,,,35535,21560,10967,,,,43199,22848,17861,,,,,,,32355,14692,16557,32513,20207,11345,,,,,,,,,,,,
KS-16,,,,,,,,39392,10621,26465,,,,,,,,,,33719,13724,17371,,,,44344,13731,27845,,,,,,,32712,8929,22701,32839,12543,19037,,,,,,,,,,,,
KS-17,,,,,,,,40969,9509,28764,,,,,,,,,,33731,11410,19966,,,,44641,11654,30816,,,,,,,32512,7334,24192,32625,9972,21583,,,,,,,,,,,,
KS-18,,,,,,,,41169,8428,29967,,,,,,,,,,35193,12575,18947,,,,47456,13288,31706,,,,,,,34726,8103,25510,34842,12747,20858,,,,,,,,,,,,
KS-19,,,,,,,,35963,17398,16591,,,,,,,,,,33407,21218,9803,,,,41971,25056,15314,,,,,,,28935,15590,12563,29180,18859,9706,,,,,,,,,,,,
KS-20,,,,,,,,25404,11486,11894,,,,,,,,,,22013,12780,6989,,,,30418,16743,11822,,,,,,,18242,9370,8177,18391,11299,6407,,,,,,,,,,,,
KS-21,,,,,,,,39899,13146,24164,,,,,,,,,,35224,16958,14824,,,,45277,19559,23418,,,,,,,30975,11942,18125,31209,15856,14330,,,,,,,,,,,,
KS-22,,,,,,,,40503,10443,27399,,,,,,,,,,36070,14291,17897,,,,48643,16893,29268,,,,,,,34190,10371,22794,34391,14822,18422,,,,,,,,,,,,
KS-23,,,,,,,,45254,10343,32407,,,,,,,,,,41189,15764,21366,,,,55868,17954,35654,,,,,,,41775,11542,29197,42035,16891,24019,,,,,,,,,,,,
KS-24,,,,,,,,42511,10259,29694,,,,,,,,,,37737,16140,17528,,,,49127,17039,29806,,,,,,,36546,10292,25113,36793,15990,19359,,,,,,,,,,,,
KS-25,,,,,,,,36383,7912,26314,,,,,,,,,,31005,10947,16314,,,,40963,11544,27157,,,,,,,29754,6590,22171,29875,10989,17554,,,,,,,,,,,,
KS-26,,,,,,,,41719,8828,30271,,,,,,,,,,35808,14846,17433,,,,46450,15028,29355,,,,,,,34764,8519,25141,34775,14366,19260,,,,,,,,,,,,
KS-27,,,,,,,,47235,5491,39461,,,,,,,,,,39572,11030,24060,,,,51109,9469,39140,,,,,,,38738,4694,32713,38948,10843,26482,,,,,,,,,,,,
KS-28,,,,,,,,44147,6576,35452,,,,,,,,,,37631,12918,20297,,,,48562,11624,34800,,,,,,,36804,6155,29475,36933,13040,22145,,,,,,,,,,,,
KS-29,,,,,,,,29098,5101,22480,,,,,,,,,,24279,7207,13430,,,,32143,8717,21810,,,,,,,20748,3570,16624,20867,6673,13395,,,,,,,,,,,,
KY-1,,,,,,,,43548,15435,28113,,,,,,,,,,,,,32559,11973,19892,45912,12918,31232,,,,,,,,,,,,,,,,,,,,,,,,
KY-2,,,,,,,,47917,17583,30334,,,,,,,,,,,,,35952,14529,20778,51168,16159,33267,,,,,,,,,,,,,,,,,,,,,,,,
KY-3,,,,,,,,45420,18768,26652,,,,,,,,,,,,,34056,16013,17238,49289,18383,28087,,,,,,,,,,,,,,,,,,,,,,,,
KY-4,,,,,,,,33094,10756,22338,,,,,,,,,,,,,21668,8682,12526,36496,12628,22090,,,,,,,,,,,,,,,,,,,,,,,,
KY-5,,,,,,,,43874,17292,26582,,,,,,,,,,,,,31006,13532,16897,46674,14842,29638,,,,,,,,,,,,,,,,,,,,,,,,
KY-6,,,,,,,,43350,15664,27686,,,,,,,,,,,,,30516,12297,17588,46828,13157,31132,,,,,,,,,,,,,,,,,,,,,,,,
KY-7,,,,,,,,41083,12445,28638,,,,,,,,,,,,,29470,11698,17245,47968,14411,31356,,,,,,,,,,,,,,,,,,,,,,,,
KY-8,,,,,,,,33421,14518,18903,,,,,,,,,,,,,24106,13314,10419,37788,17334,18794,,,,,,,,,,,,,,,,,,,,,,,,
KY-9,,,,,,,,40729,15093,25636,,,,,,,,,,,,,30440,12661,16948,46043,12573,30826,,,,,,,,,,,,,,,,,,,,,,,,
KY-10,,,,,,,,43226,15000,28226,,,,,,,,,,,,,32539,13436,18286,51106,14167,34545,,,,,,,,,,,,,,,,,,,,,,,,
KY-11,,,,,,,,41092,15062,26030,,,,,,,,,,,,,30352,11281,18439,46455,11739,32125,,,,,,,,,,,,,,,,,,,,,,,,
KY-12,,,,,,,,45283,18879,26404,,,,,,,,,,,,,34257,15582,17919,51037,16253,32295,,,,,,,,,,,,,,,,,,,,,,,,
KY-13,,,,,,,,38059,16461,21598,,,,,,,,,,,,,27442,13067,13754,43492,17571,23890,,,,,,,,,,,,,,,,,,,,,,,,
KY-14,,,,,,,,43030,12631,30399,,,,,,,,,,,,,32459,9990,21878,48073,9684,36094,,,,,,,,,,,,,,,,,,,,,,,,
KY-15,,,,,,,,38583,9758,28825,,,,,,,,,,,,,28195,8350,19272,44291,7856,34237,,,,,,,,,,,,,,,,,,,,,,,,
KY-16,,,,,,,,43531,12526,31005,,,,,,,,,,,,,33145,9803,22667,50164,9866,37914,,,,,,,,,,,,,,,,,,,,,,,,
KY-17,,,,,,,,37578,9021,28557,,,,,,,,,,,,,27820,7171,20038,43671,6868,34967,,,,,,,,,,,,,,,,,,,,,,,,
KY-18,,,,,,,,39408,11790,27618,,,,,,,,,,,,,25933,9135,16256,43186,8709,32715,,,,,,,,,,,,,,,,,,,,,,,,
KY-19,,,,,,,,39516,15691,23825,,,,,,,,,,,,,29499,12913,16047,43019,11010,30366,,,,,,,,,,,,,,,,,,,,,,,,
KY-20,,,,,,,,41377,17860,23517,,,,,,,,,,,,,34143,16459,16904,49033,17420,29745,,,,,,,,,,,,,,,,,,,,,,,,
KY-21,,,,,,,,42911,25399,17512,,,,,,,,,,,,,35146,22350,12223,48917,27676,19853,,,,,,,,,,,,,,,,,,,,,,,,
KY-22,,,,,,,,41558,17119,24439,,,,,,,,,,,,,28934,13059,15108,43896,11048,31330,,,,,,,,,,,,,,,,,,,,,,,,
KY-23,,,,,,,,38843,15971,22872,,,,,,,,,,,,,27981,12680,14568,44119,10670,31566,,,,,,,,,,,,,,,,,,,,,,,,
KY-24,,,,,,,,40701,19011,21690,,,,,,,,,,,,,32260,15741,15938,46595,16297,28405,,,,,,,,,,,,,,,,,,,,,,,,
KY-25,,,,,,,,41343,18098,23245,,,,,,,,,,,,,28243,13039,14511,45748,14579,29031,,,,,,,,,,,,,,,,,,,,,,,,
KY-26,,,,,,,,43431,20090,23341,,,,,,,,,,,,,35170,16842,17580,50853,18381,30277,,,,,,,,,,,,,,,,,,,,,,,,
KY-27,,,,,,,,41230,12796,28434,,,,,,,,,,,,,29511,11494,17324,47624,11942,33439,,,,,,,,,,,,,,,,,,,,,,,,
KY-28,,,,,,,,47640,17571,30069,,,,,,,,,,,,,36988,16681,19512,54579,19628,32733,,,,,,,,,,,,,,,,,,,,,,,,
KY-29,,,,,,,,44202,17207,26995,,,,,,,,,,,,,36226,15405,20055,50716,15798,32611,,,,,,,,,,,,,,,,,,,,,,,,
KY-30,,,,,,,,43751,17914,25837,,,,,,,,,,,,,35024,15205,19142,49485,16265,31277,,,,,,,,,,,,,,,,,,,,,,,,
KY-31,,,,,,,,36242,24849,11393,,,,,,,,,,,,,29490,21547,7564,39799,26843,12050,,,,,,,,,,,,,,,,,,,,,,,,
KY-32,,,,,,,,49334,27328,22006,,,,,,,,,,,,,40529,24815,15059,54619,29605,23451,,,,,,,,,,,,,,,,,,,,,,,,
KY-33,,,,,,,,45432,25441,19991,,,,,,,,,,,,,39556,23808,14916,51226,25716,23674,,,,,,,,,,,,,,,,,,,,,,,,
KY-34,,,,,,,,39940,30417,9523,,,,,,,,,,,,,29406,23847,5149,41509,30390,9933,,,,,,,,,,,,,,,,,,,,,,,,
KY-35,,,,,,,,32542,27527,5015,,,,,,,,,,,,,23395,20646,2483,33495,28023,4690,,,,,,,,,,,,,,,,,,,,,,,,
KY-36,,,,,,,,35577,20582,14995,,,,,,,,,,,,,26216,17025,8693,38013,20980,15690,,,,,,,,,,,,,,,,,,,,,,,,
KY-37,,,,,,,,56013,35856,20157,,,,,,,,,,,,,48144,35933,11580,60844,41493,18097,,,,,,,,,,,,,,,,,,,,,,,,
KY-38,,,,,,,,55510,28643,26867,,,,,,,,,,,,,45754,28412,16758,62081,34741,26005,,,,,,,,,,,,,,,,,,,,,,,,
KY-39,,,,,,,,44090,25112,18978,,,,,,,,,,,,,34929,22731,11602,48730,28222,18893,,,,,,,,,,,,,,,,,,,,,,,,
KY-40,,,,,,,,49992,21010,28982,,,,,,,,,,,,,41143,21392,19186,58897,26922,30479,,,,,,,,,,,,,,,,,,,,,,,,
KY-41,,,,,,,,38574,18463,20111,,,,,,,,,,,,,29485,16575,12289,43491,19979,21760,,,,,,,,,,,,,,,,,,,,,,,,
KY-42,,,,,,,,43382,10788,32594,,,,,,,,,,,,,31775,12839,18231,51491,16292,33046,,,,,,,,,,,,,,,,,,,,,,,,
KY-43,,,,,,,,42948,14030,28918,,,,,,,,,,,,,30218,14168,15374,47401,19202,26369,,,,,,,,,,,,,,,,,,,,,,,,
KY-44,,,,,,,,45620,12116,33504,,,,,,,,,,,,,33419,14438,18209,52281,17578,32850,,,,,,,,,,,,,,,,,,,,,,,,
KY-45,,,,,,,,39474,17665,21809,,,,,,,,,,,,,28579,17333,10709,46856,24439,20491,,,,,,,,,,,,,,,,,,,,,,,,
LA-1,,,,,,,,15256,13930,1326,,,,,,,,,,,,,25024,23780,1244,32498,27508,3513,,,,,,,,,,,,,13635,11472,1485,,,,,,,,,
LA-2,,,,,,,,15196,10109,5087,,,,,,,,,,,,,26024,20966,5058,35968,24374,9968,,,,,,,,,,,,,15464,9565,5050,,,,,,,,,
LA-3,,,,,,,,13734,9130,4604,,,,,,,,,,,,,24088,18707,5381,36504,22721,12162,,,,,,,,,,,,,15301,8817,5689,,,,,,,,,
LA-4,,,,,,,,18735,16810,1925,,,,,,,,,,,,,32694,30859,1835,44807,37932,4791,,,,,,,,,,,,,16801,13693,2413,,,,,,,,,
LA-5,,,,,,,,21801,16897,4904,,,,,,,,,,,,,35833,30908,4925,46353,32846,11672,,,,,,,,,,,,,20980,14037,6026,,,,,,,,,
LA-6,,,,,,,,20973,12552,8421,,,,,,,,,,,,,32279,23405,8874,45038,23903,19373,,,,,,,,,,,,,20637,9631,9932,,,,,,,,,
LA-7,,,,,,,,20070,4575,15495,,,,,,,,,,,,,31772,15100,16672,43667,11474,30879,,,,,,,,,,,,,23244,3861,18145,,,,,,,,,
LA-8,,,,,,,,21259,4737,16522,,,,,,,,,,,,,33156,15005,18151,48307,12102,34423,,,,,,,,,,,,,23402,3877,18121,,,,,,,,,
LA-9,,,,,,,,18080,6799,11281,,,,,,,,,,,,,30278,17050,13228,44375,16600,26051,,,,,,,,,,,,,21452,6161,14030,,,,,,,,,
LA-10,,,,,,,,20918,11974,8944,,,,,,,,,,,,,36407,25931,10476,47530,25628,20151,,,,,,,,,,,,,26625,12756,12330,,,,,,,,,
LA-11,,,,,,,,15066,3342,11724,,,,,,,,,,,,,29421,11424,17997,45274,8698,35242,,,,,,,,,,,,,21968,3750,16971,,,,,,,,,
LA-12,,,,,,,,17302,4122,13180,,,,,,,,,,,,,27339,11750,15589,42802,9351,31546,,,,,,,,,,,,,24294,3589,18905,,,,,,,,,
LA-13,,,,,,,,14141,2741,11400,,,,,,,,,,,,,26293,9227,17066,38788,7430,29854,,,,,,,,,,,,,18775,2657,15043,,,,,,,,,
LA-14,,,,,,,,17997,4662,13335,,,,,,,,,,,,,34594,14912,19682,48505,10552,36129,,,,,,,,,,,,,23871,4494,18021,,,,,,,,,
LA-15,,,,,,,,25527,8064,17463,,,,,,,,,,,,,41788,18750,23038,52018,15789,34322,,,,,,,,,,,,,33331,8305,23693,,,,,,,,,
LA-16,,,,,,,,17357,5223,12134,,,,,,,,,,,,,31739,14302,17437,43044,13889,27217,,,,,,,,,,,,,21882,5893,15038,,,,,,,,,
LA-17,,,,,,,,17031,8099,8932,,,,,,,,,,,,,30255,18175,12080,42943,20368,20470,,,,,,,,,,,,,21211,8802,11242,,,,,,,,,
LA-18,,,,,,,,19670,3492,16178,,,,,,,,,,,,,33751,9312,24439,46536,8911,36122,,,,,,,,,,,,,25627,3989,20476,,,,,,,,,
LA-19,,,,,,,,20825,4264,16561,,,,,,,,,,,,,33915,9602,24313,49525,8742,39024,,,,,,,,,,,,,25960,3085,21555,,,,,,,,,
LA-20,,,,,,,,18597,3810,14787,,,,,,,,,,,,,31176,8838,22338,44476,6763,36170,,,,,,,,,,,,,27411,2627,22602,,,,,,,,,
LA-21,,,,,,,,14034,7063,6971,,,,,,,,,,,,,27298,17991,9307,30144,14380,14313,,,,,,,,,,,,,18419,6702,8071,,,,,,,,,
LA-22,,,,,,,,13208,2726,10482,,,,,,,,,,,,,24271,7788,16483,40715,6103,33096,,,,,,,,,,,,,19607,1726,14476,,,,,,,,,
LA-23,,,,,,,,13633,2548,11085,,,,,,,,,,,,,26963,6949,20014,41732,5822,34627,,,,,,,,,,,,,19825,1744,16226,,,,,,,,,
LA-24,,,,,,,,16991,5481,11510,,,,,,,,,,,,,35814,13841,21973,47412,11270,34656,,,,,,,,,,,,,24694,4908,18371,,,,,,,,,
LA-25,,,,,,,,17061,9883,7178,,,,,,,,,,,,,34308,22621,11687,41835,20739,19191,,,,,,,,,,,,,21602,9542,11001,,,,,,,,,
LA-26,,,,,,,,17466,3879,13587,,,,,,,,,,,,,35568,11111,24457,46429,7040,38011,,,,,,,,,,,,,27141,3434,22333,,,,,,,,,
LA-27,,,,,,,,20796,4961,15835,,,,,,,,,,,,,38624,12586,26038,47021,9117,36697,,,,,,,,,,,,,29083,4177,23358,,,,,,,,,
LA-28,,,,,,,,17243,4642,12601,,,,,,,,,,,,,30991,11142,19849,41154,9411,30294,,,,,,,,,,,,,25638,4323,19778,,,,,,,,,
LA-29,,,,,,,,24952,8150,16802,,,,,,,,,,,,,39441,15494,23947,52669,14845,36427,,,,,,,,,,,,,28209,6133,20577,,,,,,,,,
LA-30,,,,,,,,21471,12570,8901,,,,,,,,,,,,,33599,23085,10514,43021,26121,15560,,,,,,,,,,,,,18088,9226,7885,,,,,,,,,
LA-31,,,,,,,,15729,10199,5530,,,,,,,,,,,,,25737,18346,7391,36762,22326,12997,,,,,,,,,,,,,13736,7166,5628,,,,,,,,,
LA-32,,,,,,,,21815,4766,17049,,,,,,,,,,,,,33901,9568,24333,47939,9413,37561,,,,,,,,,,,,,24113,3521,19429,,,,,,,,,
LA-33,,,,,,,,18701,7153,11548,,,,,,,,,,,,,32338,14798,17540,42594,13973,27179,,,,,,,,,,,,,20195,5345,13775,,,,,,,,,
LA-34,,,,,,,,18821,3402,15419,,,,,,,,,,,,,35278,9165,26113,48763,7074,40531,,,,,,,,,,,,,24702,2779,20785,,,,,,,,,
LA-35,,,,,,,,16272,9311,6961,,,,,,,,,,,,,31756,20691,11065,39607,20593,17455,,,,,,,,,,,,,17920,7821,9200,,,,,,,,,
LA-36,,,,,,,,21720,9628,12092,,,,,,,,,,,,,38672,22065,16607,45908,16698,27670,,,,,,,,,,,,,28530,9699,17145,,,,,,,,,
LA-37,,,,,,,,19040,5662,13378,,,,,,,,,,,,,31259,14893,16366,52400,16885,33621,,,,,,,,,,,,,22106,5423,15347,,,,,,,,,
LA-38,,,,,,,,21149,3785,17364,,,,,,,,,,,,,35833,13957,21876,47878,9378,36913,,,,,,,,,,,,,27384,4012,22159,,,,,,,,,
LA-39,,,,,,,,19213,3695,15518,,,,,,,,,,,,,33260,12726,20534,51097,9804,39606,,,,,,,,,,,,,28251,4386,22120,,,,,,,,,
LA-40,,,,,,,,14879,6164,8715,,,,,,,,,,,,,30440,18999,11441,40394,14850,23282,,,,,,,,,,,,,22449,6904,14196,,,,,,,,,
LA-41,,,,,,,,15144,2417,12727,,,,,,,,,,,,,31459,10824,20635,49241,6687,41020,,,,,,,,,,,,,26789,2590,22588,,,,,,,,,
LA-42,,,,,,,,13312,1718,11594,,,,,,,,,,,,,25383,7332,18051,40205,5334,33780,,,,,,,,,,,,,22614,2178,19108,,,,,,,,,
LA-43,,,,,,,,27148,7398,19750,,,,,,,,,,,,,37518,16646,20872,45804,12427,32405,,,,,,,,,,,,,25985,6374,18273,,,,,,,,,
LA-44,,,,,,,,25749,11062,14687,,,,,,,,,,,,,34791,21263,13528,43828,18565,24021,,,,,,,,,,,,,23232,9044,13143,,,,,,,,,
LA-45,,,,,,,,17402,13727,3675,,,,,,,,,,,,,26442,23050,3392,35419,25232,8813,,,,,,,,,,,,,14300,9577,4056,,,,,,,,,
LA-46,,,,,,,,26917,15330,11587,,,,,,,,,,,,,34633,24467,10166,46660,25704,19577,,,,,,,,,,,,,21978,11318,9588,,,,,,,,,
LA-47,,,,,,,,24606,15164,9442,,,,,,,,,,,,,35381,25097,10284,45954,25617,18909,,,,,,,,,,,,,24037,12074,10782,,,,,,,,,
MA-1,,,,,,,,,,,,,,,,,39829,28385,10249,39499,17866,21584,,,,51504,37827,13292,,,,,,,,,,,,,,,,49816,34464,15309,,,,,,
MA-2,,,,,,,,,,,,,,,,,42934,24140,17225,42367,14291,27993,,,,55915,32568,22510,,,,,,,,,,,,,,,,54798,29977,24761,,,,,,
MA-3,,,,,,,,,,,,,,,,,48008,31956,14171,47612,19250,28290,,,,60965,42268,17796,,,,,,,,,,,,,,,,60605,39318,21211,,,,,,
MA-4,,,,,,,,,,,,,,,,,42294,33312,7653,41936,23450,18440,,,,49803,40436,8995,,,,,,,,,,,,,,,,46983,36982,9921,,,,,,
MA-5,,,,,,,,,,,,,,,,,33456,18437,13807,33066,9280,23703,,,,44750,25525,18642,,,,,,,,,,,,,,,,42260,22578,19637,,,,,,
MA-6,,,,,,,,,,,,,,,,,28571,18272,9097,28420,9924,18378,,,,40568,26166,13859,,,,,,,,,,,,,,,,37922,22842,14981,,,,,,
MA-7,,,,,,,,,,,,,,,,,25667,18731,6115,25457,10578,14784,,,,36080,26248,9456,,,,,,,,,,,,,,,,34385,23723,10560,,,,,,
MA-8,,,,,,,,,,,,,,,,,45925,21837,22174,45295,9569,35561,,,,61004,31960,28325,,,,,,,,,,,,,,,,59974,28468,31419,,,,,,
MA-9,,,,,,,,,,,,,,,,,37154,17021,18207,36761,8103,28521,,,,50898,26188,23463,,,,,,,,,,,,,,,,51911,23067,28780,,,,,,
MA-10,,,,,,,,,,,,,,,,,42762,20280,20565,42482,8944,33439,,,,57435,31976,24715,,,,,,,,,,,,,,,,56728,27947,28742,,,,,,
MA-11,,,,,,,,,,,,,,,,,33460,17033,15019,33005,8128,24734,,,,46423,27027,18493,,,,,,,,,,,,,,,,44918,23408,21435,,,,,,
MA-12,,,,,,,,,,,,,,,,,44463,24907,17972,44315,10847,33372,,,,57830,36965,20425,,,,,,,,,,,,,,,,55478,32725,22640,,,,,,
MA-13,,,,,,,,,,,,,,,,,38607,16292,20489,38255,7600,30527,,,,54259,27029,26553,,,,,,,,,,,,,,,,54673,23420,31210,,,,,,
MA-14,,,,,,,,,,,,,,,,,42429,19611,21156,42083,8588,33412,,,,57897,31259,26012,,,,,,,,,,,,,,,,57398,26896,30428,,,,,,
MA-15,,,,,,,,,,,,,,,,,18506,13290,4539,18464,8633,9785,,,,28164,20420,7485,,,,,,,,,,,,,,,,24906,16528,8285,,,,,,
MA-16,,,,,,,,,,,,,,,,,30265,19283,9838,30210,10300,19824,,,,41693,28719,12553,,,,,,,,,,,,,,,,39226,24936,14165,,,,,,
MA-17,,,,,,,,,,,,,,,,,46212,22639,21738,45510,10631,34661,,,,60750,34170,25541,,,,,,,,,,,,,,,,60611,30984,29511,,,,,,
MA-18,,,,,,,,,,,,,,,,,44210,26112,16408,43734,12266,31392,,,,56899,37631,18719,,,,,,,,,,,,,,,,55017,33449,21519,,,,,,
MA-19,,,,,,,,,,,,,,,,,48552,32801,14073,48023,16382,31511,,,,60728,44628,15674,,,,,,,,,,,,,,,,58240,40596,17541,,,,,,
MA-20,,,,,,,,,,,,,,,,,41015,28113,11620,40739,14089,26570,,,,53092,39311,13450,,,,,,,,,,,,,,,,49639,34184,15326,,,,,,
MA-21,,,,,,,,,,,,,,,,,46816,29264,15980,46453,13348,33048,,,,60053,41272,18443,,,,,,,,,,,,,,,,58462,37551,20843,,,,,,
MA-22,,,,,,,,,,,,,,,,,39045,19125,18210,38354,8475,29827,,,,52360,30341,21737,,,,,,,,,,,,,,,,50617,26457,24122,,,,,,
MA-23,,,,,,,,,,,,,,,,,22291,14776,6636,22013,7926,14087,,,,31236,22153,8899,,,,,,,,,,,,,,,,28255,18666,9519,,,,,,
MA-24,,,,,,,,,,,,,,,,,42942,20986,20102,42150,10053,31880,,,,57540,33696,23350,,,,,,,,,,,,,,,,54746,28033,26613,,,,,,
MA-25,,,,,,,,,,,,,,,,,47403,23985,21585,46649,10905,35531,,,,61429,36898,24091,,,,,,,,,,,,,,,,59851,31581,28205,,,,,,
MA-26,,,,,,,,,,,,,,,,,17970,13868,3600,17828,8328,9446,,,,26324,19936,6148,,,,,,,,,,,,,,,,23578,16238,7276,,,,,,
MA-27,,,,,,,,,,,,,,,,,33550,17517,14618,33095,8846,24108,,,,47887,28774,18545,,,,,,,,,,,,,,,,45930,24463,21402,,,,,,
MA-28,,,,,,,,,,,,,,,,,51144,27217,21754,50264,12370,37737,,,,65923,39734,25709,,,,,,,,,,,,,,,,64748,35483,29197,,,,,,
MA-29,,,,,,,,,,,,,,,,,46207,23941,20216,45502,10394,34984,,,,61782,37179,24091,,,,,,,,,,,,,,,,58586,31742,26769,,,,,,
MA-30,,,,,,,,,,,,,,,,,50994,29671,19406,50492,13716,36690,,,,64594,42567,21663,,,,,,,,,,,,,,,,62992,37927,25001,,,,,,
MA-31,,,,,,,,,,,,,,,,,45639,30107,13817,45282,14967,30237,,,,57358,41836,15104,,,,,,,,,,,,,,,,54959,36971,17929,,,,,,
MA-32,,,,,,,,,,,,,,,,,39655,18563,19687,38781,8462,30205,,,,53150,30313,22370,,,,,,,,,,,,,,,,50791,24047,26671,,,,,,
MA-33,,,,,,,,,,,,,,,,,43342,26484,15231,42662,13990,28616,,,,55742,38448,16968,,,,,,,,,,,,,,,,52421,32783,19589,,,,,,
MA-34,,,,,,,,,,,,,,,,,26284,17459,7969,26025,9810,16115,,,,37467,27339,9817,,,,,,,,,,,,,,,,33194,21432,11662,,,,,,
MA-35,,,,,,,,,,,,,,,,,23653,16756,6155,23449,10345,13010,,,,34148,26608,7345,,,,,,,,,,,,,,,,29221,20349,8766,,,,,,
MA-36,,,,,,,,,,,,,,,,,43551,29931,12143,43033,17569,25314,,,,54592,41249,13063,,,,,,,,,,,,,,,,50919,35795,14968,,,,,,
MA-37,,,,,,,,,,,,,,,,,47924,34813,11405,47324,20802,26451,,,,57070,44564,12204,,,,,,,,,,,,,,,,54237,40611,13530,,,,,,
MA-38,,,,,,,,,,,,,,,,,37810,26319,10073,37421,15834,21466,,,,47396,35587,11539,,,,,,,,,,,,,,,,43883,30992,12886,,,,,,
MA-39,,,,,,,,,,,,,,,,,43822,38504,4253,43473,28395,14975,,,,52267,46899,5203,,,,,,,,,,,,,,,,48860,42462,6184,,,,,,
MA-40,,,,,,,,,,,,,,,,,37306,33771,2737,36930,24213,12669,,,,43592,40079,3374,,,,,,,,,,,,,,,,39403,35162,4166,,,,,,
MA-41,,,,,,,,,,,,,,,,,42919,30343,10954,42785,16498,26190,,,,53067,40296,12524,,,,,,,,,,,,,,,,49196,34294,14740,,,,,,
MA-42,,,,,,,,,,,,,,,,,41418,33463,6730,41316,20389,20864,,,,50495,42409,7919,,,,,,,,,,,,,,,,45798,35592,10037,,,,,,
MA-43,,,,,,,,,,,,,,,,,20225,13606,6018,20016,8234,11722,,,,29827,22085,7542,,,,,,,,,,,,,,,,25601,16383,9136,,,,,,
MA-44,,,,,,,,,,,,,,,,,32768,22197,9391,32642,11988,20535,,,,44344,32841,11226,,,,,,,,,,,,,,,,41308,27270,13907,,,,,,
MA-45,,,,,,,,,,,,,,,,,35243,25114,8896,35228,13407,21700,,,,46465,34836,11391,,,,,,,,,,,,,,,,43706,29099,14480,,,,,,
MA-46,,,,,,,,,,,,,,,,,29708,24128,4613,29631,16187,13365,,,,37047,30888,5981,,,,,,,,,,,,,,,,32274,25621,6507,,,,,,
MA-47,,,,,,,,,,,,,,,,,25272,22149,2467,25138,14456,10625,,,,31118,27488,3510,,,,,,,,,,,,,,,,26312,22019,4193,,,,,,
MA-48,,,,,,,,,,,,,,,,,47244,36901,9298,46710,23977,22568,,,,57161,46550,10379,,,,,,,,,,,,,,,,53443,41214,12024,,,,,,
MA-49,,,,,,,,,,,,,,,,,26722,24757,1442,26441,16731,9632,,,,36782,33683,2960,,,,,,,,,,,,,,,,30472,26887,3471,,,,,,
MA-50,,,,,,,,,,,,,,,,,32826,27769,4377,32451,17268,15099,,,,43915,37745,5993,,,,,,,,,,,,,,,,38335,31276,6958,,,,,,
MA-51,,,,,,,,,,,,,,,,,43241,20856,20770,42815,9285,33347,,,,58348,33034,24792,,,,,,,,,,,,,,,,57856,29012,28731,,,,,,
MA-52,,,,,,,,,,,,,,,,,50085,29107,19258,49549,13860,35559,,,,63437,41482,21656,,,,,,,,,,,,,,,,61109,36303,24674,,,,,,
MA-53,,,,,,,,,,,,,,,,,38004,24632,12223,37477,13248,24121,,,,52377,38094,13953,,,,,,,,,,,,,,,,48188,31700,16383,,,,,,
MA-54,,,,,,,,,,,,,,,,,45790,26361,17939,45058,12984,31940,,,,58898,39010,19567,,,,,,,,,,,,,,,,55907,33018,22791,,,,,,
MA-55,,,,,,,,,,,,,,,,,33519,20067,12380,32899,11162,21583,,,,44512,30395,13776,,,,,,,,,,,,,,,,41257,24969,16126,,,,,,
MA-56,,,,,,,,,,,,,,,,,41288,20612,19455,40349,10722,29400,,,,53636,31879,21417,,,,,,,,,,,,,,,,51085,26455,24496,,,,,,
MA-57,,,,,,,,,,,,,,,,,41538,21008,18976,40950,9853,31023,,,,56399,32784,23256,,,,,,,,,,,,,,,,55117,28361,26682,,,,,,
MA-58,,,,,,,,,,,,,,,,,36860,18180,17402,36534,9887,26596,,,,54045,29219,24313,,,,,,,,,,,,,,,,54598,25756,28792,,,,,,
MA-59,,,,,,,,,,,,,,,,,34427,16394,16849,33838,8555,25163,,,,49233,27128,21620,,,,,,,,,,,,,,,,49383,23606,25719,,,,,,
MA-60,,,,,,,,,,,,,,,,,23327,14784,7593,22945,9893,12973,,,,33962,22456,11197,,,,,,,,,,,,,,,,33613,19153,14382,,,,,,
MA-61,,,,,,,,,,,,,,,,,23659,13590,9241,23492,7454,16010,,,,36148,21681,14251,,,,,,,,,,,,,,,,35205,17899,17263,,,,,,
MA-62,,,,,,,,,,,,,,,,,38278,19157,17837,37642,10567,26982,,,,53213,29067,23769,,,,,,,,,,,,,,,,54330,25085,29183,,,,,,
MA-63,,,,,,,,,,,,,,,,,51773,26098,24164,50758,11753,38895,,,,66699,38846,27594,,,,,,,,,,,,,,,,65048,34078,30898,,,,,,
MA-64,,,,,,,,,,,,,,,,,45442,19052,25126,44296,9672,34417,,,,58834,31887,26494,,,,,,,,,,,,,,,,58344,26390,31821,,,,,,
MA-65,,,,,,,,,,,,,,,,,23864,17207,6086,23530,10999,12499,,,,34304,27237,6933,,,,,,,,,,,,,,,,31072,23098,7968,,,,,,
MA-66,,,,,,,,,,,,,,,,,41196,16346,23575,40128,8286,31708,,,,54773,27336,26878,,,,,,,,,,,,,,,,55766,23086,32645,,,,,,
MA-67,,,,,,,,,,,,,,,,,47621,22180,23950,46797,10165,36435,,,,63167,34971,27785,,,,,,,,,,,,,,,,66185,31861,34231,,,,,,
MA-68,,,,,,,,,,,,,,,,,49046,24714,22658,48183,12170,35835,,,,62866,36341,26002,,,,,,,,,,,,,,,,63545,32888,30583,,,,,,
MA-69,,,,,,,,,,,,,,,,,49136,24242,23333,48281,11207,36916,,,,62748,36041,26350,,,,,,,,,,,,,,,,61909,31888,29943,,,,,,
MA-70,,,,,,,,,,,,,,,,,52982,32846,18517,52321,17445,34761,,,,67508,46149,21033,,,,,,,,,,,,,,,,66226,42170,23997,,,,,,
MD-1,,,,,,,,52997,18777,32741,,,,,,,44570,17956,24624,44709,9524,34718,,,,,,,,,,,,,,,,,,,,,,59357,15661,40961,,,,,,
MD-2,,,,,,,,36298,17730,17440,,,,,,,29310,15567,12575,29061,10216,18432,,,,,,,,,,,,,,,,,,,,,,40643,16505,22310,,,,,,
MD-3,,,,,,,,46041,19028,25928,,,,,,,39006,18020,18955,39345,8319,30645,,,,,,,,,,,,,,,,,,,,,,51730,17196,32651,,,,,,
MD-4,,,,,,,,52159,21336,29301,,,,,,,47372,22086,22293,47646,10053,37130,,,,,,,,,,,,,,,,,,,,,,61966,21672,38568,,,,,,
MD-5,,,,,,,,43930,14846,27372,,,,,,,34791,13237,19851,34939,7354,27063,,,,,,,,,,,,,,,,,,,,,,51872,13392,35557,,,,,,
MD-6,,,,,,,,43343,22676,19089,,,,,,,34482,19629,12786,34429,12588,21355,,,,,,,,,,,,,,,,,,,,,,49124,22971,24316,,,,,,
MD-7,,,,,,,,55367,17411,36442,,,,,,,47291,18050,25743,47476,8250,38709,,,,,,,,,,,,,,,,,,,,,,62836,17961,42759,,,,,,
MD-8,,,,,,,,62968,16735,44654,,,,,,,52536,16854,31853,52993,6939,45507,,,,,,,,,,,,,,,,,,,,,,66896,15368,48961,,,,,,
MD-9,,,,,,,,40076,19822,19076,,,,,,,32402,16711,13655,32718,9873,22547,,,,,,,,,,,,,,,,,,,,,,43909,17803,24713,,,,,,
MD-10,,,,,,,,40113,17391,21359,,,,,,,29790,12782,14699,30167,5933,23873,,,,,,,,,,,,,,,,,,,,,,35919,10467,23740,,,,,,
MD-11,,,,,,,,48805,24689,22523,,,,,,,40881,22408,15598,41086,12896,27767,,,,,,,,,,,,,,,,,,,,,,49698,22449,25810,,,,,,
MD-12,,,,,,,,46868,27703,17397,,,,,,,41709,27299,11747,41415,16839,24141,,,,,,,,,,,,,,,,,,,,,,45641,26673,18041,,,,,,
MD-13,,,,,,,,53303,26974,24711,,,,,,,47210,26627,17019,46917,13829,32602,,,,,,,,,,,,,,,,,,,,,,59060,27962,30024,,,,,,
MD-14,,,,,,,,40478,31674,7449,,,,,,,34790,28597,4603,34398,21589,12493,,,,,,,,,,,,,,,,,,,,,,49606,37261,11501,,,,,,
MD-15,,,,,,,,41911,34222,6361,,,,,,,36442,31170,3942,35942,22980,12623,,,,,,,,,,,,,,,,,,,,,,50698,36986,12900,,,,,,
MD-16,,,,,,,,43845,25712,16373,,,,,,,37374,23324,11379,37314,15069,21764,,,,,,,,,,,,,,,,,,,,,,46915,24792,20867,,,,,,
MD-17,,,,,,,,37702,30595,5569,,,,,,,32201,27690,3254,32326,20298,11639,,,,,,,,,,,,,,,,,,,,,,43746,32724,10443,,,,,,
MD-18,,,,,,,,41660,35006,3805,,,,,,,34407,30810,2127,34324,25017,8732,,,,,,,,,,,,,,,,,,,,,,40144,34340,5191,,,,,,
MD-19,,,,,,,,38595,34964,1783,,,,,,,28621,26843,865,28355,21998,5939,,,,,,,,,,,,,,,,,,,,,,34293,30292,3419,,,,,,
MD-20,,,,,,,,40739,34081,4545,,,,,,,31140,27426,2478,31173,21231,9425,,,,,,,,,,,,,,,,,,,,,,40468,33065,6668,,,,,,
MD-21,,,,,,,,35729,28065,6084,,,,,,,28258,23466,3441,28494,17607,10472,,,,,,,,,,,,,,,,,,,,,,36034,27370,7907,,,,,,
MD-22,,,,,,,,40264,31108,7520,,,,,,,29815,24135,4019,30019,17458,12153,,,,,,,,,,,,,,,,,,,,,,35352,26138,8460,,,,,,
MD-23,,,,,,,,49675,14297,33982,,,,,,,41497,13712,24363,41939,6168,35273,,,,,,,,,,,,,,,,,,,,,,58474,14150,41961,,,,,,
MD-24,,,,,,,,58985,20603,36829,,,,,,,48444,19119,25676,48753,8911,39344,,,,,,,,,,,,,,,,,,,,,,62949,19289,41831,,,,,,
MD-25,,,,,,,,44078,24482,18209,,,,,,,40391,25174,12645,40319,13963,25896,,,,,,,,,,,,,,,,,,,,,,56046,28791,26283,,,,,,
MD-26,,,,,,,,52063,37640,12365,,,,,,,47464,36611,8346,47253,25704,20954,,,,,,,,,,,,,,,,,,,,,,56902,38594,17313,,,,,,
MD-27,,,,,,,,44686,28249,14698,,,,,,,40150,27441,10251,40179,18169,21559,,,,,,,,,,,,,,,,,,,,,,49412,28519,19908,,,,,,
MD-28,,,,,,,,32655,22382,9102,,,,,,,30374,22482,6471,30335,16360,13566,,,,,,,,,,,,,,,,,,,,,,46362,29497,15881,,,,,,
MD-29,,,,,,,,43472,21386,20477,,,,,,,33809,17878,13618,33958,10668,22868,,,,,,,,,,,,,,,,,,,,,,43631,18656,23381,,,,,,
MD-30,,,,,,,,50305,18533,30241,,,,,,,42653,18000,21849,43035,9107,33476,,,,,,,,,,,,,,,,,,,,,,56251,18308,36059,,,,,,
MD-31,,,,,,,,48298,21853,24964,,,,,,,42150,21692,17908,42195,11317,30423,,,,,,,,,,,,,,,,,,,,,,57491,24619,31423,,,,,,
MD-32,,,,,,,,46184,23885,20857,,,,,,,41556,23672,15747,41446,12420,28547,,,,,,,,,,,,,,,,,,,,,,58590,27271,30249,,,,,,
MD-33,,,,,,,,51690,20798,28769,,,,,,,44280,19674,22629,44556,10263,33794,,,,,,,,,,,,,,,,,,,,,,60247,20433,37836,,,,,,
MD-34,,,,,,,,42225,16210,24248,,,,,,,35349,15295,18322,35540,8399,26588,,,,,,,,,,,,,,,,,,,,,,51740,17095,32383,,,,,,
MD-35,,,,,,,,47717,23492,22685,,,,,,,38428,20619,16518,38684,12976,25401,,,,,,,,,,,,,,,,,,,,,,57621,28294,27791,,,,,,
MD-36,,,,,,,,42559,33629,7547,,,,,,,38482,32563,5053,38117,25028,12766,,,,,,,,,,,,,,,,,,,,,,51815,39964,11003,,,,,,
MD-37,,,,,,,,42500,38497,2745,,,,,,,36861,33998,2149,36706,26629,9731,,,,,,,,,,,,,,,,,,,,,,45861,39228,6081,,,,,,
MD-38,,,,,,,,39602,34937,3409,,,,,,,36136,32722,2666,36182,25450,10393,,,,,,,,,,,,,,,,,,,,,,48868,41459,6807,,,,,,
MD-39,,,,,,,,39302,37197,980,,,,,,,30927,29736,697,30495,24480,5663,,,,,,,,,,,,,,,,,,,,,,33856,30631,2826,,,,,,
MD-40,,,,,,,,39901,37324,1480,,,,,,,38352,36566,1146,38023,29217,8520,,,,,,,,,,,,,,,,,,,,,,55264,49482,5286,,,,,,
MD-41,,,,,,,,40700,37610,1695,,,,,,,29711,28023,1186,29469,23116,6049,,,,,,,,,,,,,,,,,,,,,,33681,28973,4291,,,,,,
MD-42,,,,,,,,32866,29267,2311,,,,,,,23909,21735,1562,23863,18138,5438,,,,,,,,,,,,,,,,,,,,,,25521,20289,4821,,,,,,
MD-43,,,,,,,,26944,21806,3751,,,,,,,19077,16148,2212,19278,12563,6465,,,,,,,,,,,,,,,,,,,,,,20710,15146,5210,,,,,,
MD-44,,,,,,,,45991,37952,6300,,,,,,,37013,31666,4316,37494,23905,13216,,,,,,,,,,,,,,,,,,,,,,45612,35379,9609,,,,,,
MD-45,,,,,,,,37582,30300,5949,,,,,,,30846,25683,4115,31354,19693,11337,,,,,,,,,,,,,,,,,,,,,,41487,30416,10400,,,,,,
MD-46,,,,,,,,43379,30042,11967,,,,,,,39028,29538,8200,39466,20487,18618,,,,,,,,,,,,,,,,,,,,,,56558,39514,16227,,,,,,
MD-47,,,,,,,,35109,30883,2909,,,,,,,32498,29538,1975,32539,24983,7155,,,,,,,,,,,,,,,,,,,,,,41487,34655,6397,,,,,,
MD-48,,,,,,,,40198,32715,6320,,,,,,,36537,30748,4625,36663,23729,12567,,,,,,,,,,,,,,,,,,,,,,45975,31959,13416,,,,,,
MD-49,,,,,,,,45368,33597,10521,,,,,,,38113,29053,7656,38287,20294,17635,,,,,,,,,,,,,,,,,,,,,,51186,33385,17083,,,,,,
MD-50,,,,,,,,41617,33653,6667,,,,,,,35423,28929,5208,35557,22134,13008,,,,,,,,,,,,,,,,,,,,,,41005,27968,12404,,,,,,
MD-51,,,,,,,,52157,41247,9903,,,,,,,47635,38125,7309,47237,25162,21621,,,,,,,,,,,,,,,,,,,,,,58770,42749,15558,,,,,,
MD-52,,,,,,,,49439,36135,12175,,,,,,,43683,32317,8788,43594,20322,22847,,,,,,,,,,,,,,,,,,,,,,56252,35448,20190,,,,,,
MD-53,,,,,,,,43597,31891,10373,,,,,,,37504,28248,7446,37621,19438,17765,,,,,,,,,,,,,,,,,,,,,,48432,31767,15977,,,,,,
MD-54,,,,,,,,50562,34871,14059,,,,,,,39893,28432,9779,40223,19799,19975,,,,,,,,,,,,,,,,,,,,,,47141,27465,18814,,,,,,
MD-55,,,,,,,,41786,31058,9415,,,,,,,34915,26722,6730,35046,18427,16216,,,,,,,,,,,,,,,,,,,,,,44659,28191,15755,,,,,,
MD-56,,,,,,,,39126,29175,8516,,,,,,,32248,24903,5916,32526,18611,13519,,,,,,,,,,,,,,,,,,,,,,42731,26835,15042,,,,,,
MD-57,,,,,,,,43450,24182,17916,,,,,,,38631,22948,13734,39225,14320,24492,,,,,,,,,,,,,,,,,,,,,,55817,27380,27393,,,,,,
MD-58,,,,,,,,44792,24209,18457,,,,,,,39432,23657,13994,39436,15255,23594,,,,,,,,,,,,,,,,,,,,,,58455,29861,26923,,,,,,
MD-59,,,,,,,,50760,19052,29974,,,,,,,43682,18101,23731,43982,9407,34147,,,,,,,,,,,,,,,,,,,,,,60525,19581,38856,,,,,,
MD-60,,,,,,,,35215,17837,15649,,,,,,,28333,15729,11345,28218,10246,17512,,,,,,,,,,,,,,,,,,,,,,42031,18597,21767,,,,,,
MD-61,,,,,,,,43993,14029,28339,,,,,,,35789,12316,22039,35935,6141,29281,,,,,,,,,,,,,,,,,,,,,,49143,12207,34365,,,,,,
MD-62,,,,,,,,42451,12457,28282,,,,,,,34288,11414,21591,34538,5380,28696,,,,,,,,,,,,,,,,,,,,,,46913,9819,33777,,,,,,
ME-1,,,,,,,,,,,,,,,,,,,,45365,24638,18133,,,,61482,29593,28661,,,,,,,,,,,,,,,,62133,9267,20150,,,,,,
ME-2,,,,,,,,,,,,,,,,,,,,47572,26239,18936,,,,63313,32003,27569,,,,,,,,,,,,,,,,63709,8066,18604,,,,,,
ME-3,,,,,,,,,,,,,,,,,,,,46701,35634,9044,,,,58571,38627,13712,,,,,,,,,,,,,,,,55007,11080,7611,,,,,,
ME-4,,,,,,,,,,,,,,,,,,,,52625,31467,18392,,,,65481,34450,26861,,,,,,,,,,,,,,,,66141,7036,16485,,,,,,
ME-5,,,,,,,,,,,,,,,,,,,,39382,17723,18785,,,,51476,20115,28188,,,,,,,,,,,,,,,,50679,4981,18533,,,,,,
ME-6,,,,,,,,,,,,,,,,,,,,47483,23206,21862,,,,61520,27949,29865,,,,,,,,,,,,,,,,61276,7096,20090,,,,,,
ME-7,,,,,,,,,,,,,,,,,,,,50497,26321,21424,,,,63790,27470,32109,,,,,,,,,,,,,,,,63143,5885,21138,,,,,,
ME-8,,,,,,,,,,,,,,,,,,,,45196,22122,20393,,,,58320,23079,31323,,,,,,,,,,,,,,,,58395,5535,21640,,,,,,
ME-9,,,,,,,,,,,,,,,,,,,,47896,25493,19769,,,,60046,25449,30004,,,,,,,,,,,,,,,,61255,6446,20465,,,,,,
ME-10,,,,,,,,,,,,,,,,,,,,42736,17326,22449,,,,57673,20175,33889,,,,,,,,,,,,,,,,59955,5170,25345,,,,,,
ME-11,,,,,,,,,,,,,,,,,,,,43165,18934,20774,,,,55518,18071,33358,,,,,,,,,,,,,,,,55879,3995,23310,,,,,,
ME-12,,,,,,,,,,,,,,,,,,,,40476,14528,23604,,,,54026,13002,37788,,,,,,,,,,,,,,,,55814,3251,28272,,,,,,
ME-13,,,,,,,,,,,,,,,,,,,,41199,21137,17704,,,,54526,22072,28983,,,,,,,,,,,,,,,,54496,7059,19206,,,,,,
ME-14,,,,,,,,,,,,,,,,,,,,40248,16194,21042,,,,53228,15186,35332,,,,,,,,,,,,,,,,53183,4008,23584,,,,,,
MI-1,,,,,,,,,,,,,,,,,42826,18520,23406,42763,18486,23060,,,,53782,21497,31512,,,,,,,,,,,,,,,,55428,20277,33723,,,,,,
MI-2,,,,,,,,,,,,,,,,,43977,23206,19766,43991,23633,19030,,,,54683,27537,26343,,,,,,,,,,,,,,,,56085,27519,27130,,,,,,
MI-3,,,,,,,,,,,,,,,,,43722,17851,25049,43723,17898,24730,,,,56073,20064,35221,,,,,,,,,,,,,,,,57860,19236,37103,,,,,,
MI-4,,,,,,,,,,,,,,,,,52747,20906,30627,52815,21315,29765,,,,65301,24652,39787,,,,,,,,,,,,,,,,68099,26085,40124,,,,,,
MI-5,,,,,,,,,,,,,,,,,54849,27437,26411,54915,27924,25533,,,,66097,32577,32775,,,,,,,,,,,,,,,,67912,35345,31024,,,,,,
MI-6,,,,,,,,,,,,,,,,,45266,18833,25284,45332,19236,24530,,,,57031,21967,34211,,,,,,,,,,,,,,,,60007,22960,35263,,,,,,
MI-7,,,,,,,,,,,,,,,,,48233,18503,28622,48285,18709,27910,,,,61234,21224,39206,,,,,,,,,,,,,,,,63657,20896,40995,,,,,,
MI-8,,,,,,,,,,,,,,,,,48140,18117,28852,48149,18243,28264,,,,61381,21222,39194,,,,,,,,,,,,,,,,64345,20557,41881,,,,,,
MI-9,,,,,,,,,,,,,,,,,41649,15941,24756,41686,15931,24338,,,,54867,18830,35132,,,,,,,,,,,,,,,,57556,17920,37884,,,,,,
MI-10,,,,,,,,,,,,,,,,,40003,19056,20132,40174,19585,19435,,,,50640,24199,25634,,,,,,,,,,,,,,,,51950,25135,25376,,,,,,
MI-11,,,,,,,,,,,,,,,,,46382,22531,22770,46580,23187,21864,,,,59542,27104,31351,,,,,,,,,,,,,,,,60151,26313,32145,,,,,,
MI-12,,,,,,,,,,,,,,,,,40192,14526,24665,40281,14628,24295,,,,53127,16530,35764,,,,,,,,,,,,,,,,55657,16622,37278,,,,,,
MI-13,,,,,,,,,,,,,,,,,38950,13626,24248,39003,13843,23642,,,,51232,15666,34519,,,,,,,,,,,,,,,,54818,16379,36646,,,,,,
MI-14,,,,,,,,,,,,,,,,,41203,17714,22350,41329,18115,21768,,,,54802,20658,32894,,,,,,,,,,,,,,,,58129,21861,34463,,,,,,
MI-15,,,,,,,,,,,,,,,,,36286,21593,13615,36434,22292,12947,,,,47608,27337,19023,,,,,,,,,,,,,,,,47341,27308,18462,,,,,,
MI-16,,,,,,,,,,,,,,,,,42684,21790,19984,42729,22176,19281,,,,54449,27533,25949,,,,,,,,,,,,,,,,55358,28590,25405,,,,,,
MI-17,,,,,,,,,,,,,,,,,43020,19882,22232,43170,20747,21082,,,,55494,25654,28882,,,,,,,,,,,,,,,,57395,27897,28058,,,,,,
MI-18,,,,,,,,,,,,,,,,,38190,10295,27322,38303,10685,26636,,,,51664,14330,36652,,,,,,,,,,,,,,,,56093,17446,37387,,,,,,
MI-19,,,,,,,,,,,,,,,,,46988,15519,30764,47114,15948,29973,,,,60542,19203,40574,,,,,,,,,,,,,,,,63604,22046,40263,,,,,,
MI-20,,,,,,,,,,,,,,,,,53764,27425,25366,53851,28405,23965,,,,64825,32962,30883,,,,,,,,,,,,,,,,66516,36240,28719,,,,,,
MI-21,,,,,,,,,,,,,,,,,40717,22073,17422,40933,22876,16467,,,,52810,28461,23035,,,,,,,,,,,,,,,,53871,30193,21867,,,,,,
MI-22,,,,,,,,,,,,,,,,,30732,17112,12622,30836,17740,11921,,,,41129,23332,16736,,,,,,,,,,,,,,,,41189,23739,15915,,,,,,
MI-23,,,,,,,,,,,,,,,,,35778,18780,16216,35842,19327,15422,,,,47532,25509,21062,,,,,,,,,,,,,,,,48015,26279,20277,,,,,,
MI-24,,,,,,,,,,,,,,,,,46107,27002,18319,46212,27812,17238,,,,57171,33879,22469,,,,,,,,,,,,,,,,56657,35239,20037,,,,,,
MI-25,,,,,,,,,,,,,,,,,44561,16064,27530,44725,16496,26759,,,,59039,19654,38372,,,,,,,,,,,,,,,,63319,22270,39365,,,,,,
MI-26,,,,,,,,,,,,,,,,,46737,26256,19746,46906,27381,18380,,,,58102,32336,24885,,,,,,,,,,,,,,,,59175,33422,24575,,,,,,
MI-27,,,,,,,,,,,,,,,,,44500,25113,18508,44543,25884,17192,,,,56018,30832,23939,,,,,,,,,,,,,,,,56278,30593,24183,,,,,,
MI-28,,,,,,,,,,,,,,,,,40094,29451,9625,40086,30123,8646,,,,48053,35030,11849,,,,,,,,,,,,,,,,48834,35368,11795,,,,,,
MI-29,,,,,,,,,,,,,,,,,44457,28303,15588,44509,29324,14234,,,,51890,32434,18802,,,,,,,,,,,,,,,,54601,34611,18768,,,,,,
MI-30,,,,,,,,,,,,,,,,,43578,16887,25651,43731,17451,24596,,,,57267,19535,36542,,,,,,,,,,,,,,,,60621,20374,38498,,,,,,
MI-31,,,,,,,,,,,,,,,,,40999,15522,24508,41099,16326,23330,,,,54197,17911,35306,,,,,,,,,,,,,,,,56803,17978,37210,,,,,,
MI-32,,,,,,,,,,,,,,,,,34903,13828,20112,35014,14674,18965,,,,46937,15827,29950,,,,,,,,,,,,,,,,50201,16868,31728,,,,,,
MI-33,,,,,,,,,,,,,,,,,37101,13710,22471,37125,13968,21872,,,,49652,17112,31549,,,,,,,,,,,,,,,,52045,17855,32675,,,,,,
MI-34,,,,,,,,,,,,,,,,,36998,15390,20476,37098,15858,19805,,,,49019,18511,29394,,,,,,,,,,,,,,,,51777,19249,30969,,,,,,
MI-35,,,,,,,,,,,,,,,,,45645,13822,31153,45741,14328,30233,,,,59713,17901,41076,,,,,,,,,,,,,,,,63709,20892,41384,,,,,,
MI-36,,,,,,,,,,,,,,,,,39986,16657,22339,40064,17208,21407,,,,52945,19979,31842,,,,,,,,,,,,,,,,56140,21346,33059,,,,,,
MI-37,,,,,,,,,,,,,,,,,39478,27114,11173,39568,27755,10328,,,,47358,31989,14050,,,,,,,,,,,,,,,,47243,32298,13292,,,,,,
MI-38,,,,,,,,,,,,,,,,,47891,26851,20117,47959,27308,19312,,,,60049,33017,25902,,,,,,,,,,,,,,,,60672,34933,23983,,,,,,
MI-39,,,,,,,,,,,,,,,,,44281,16493,26771,44320,16855,25899,,,,57822,19430,37133,,,,,,,,,,,,,,,,59877,19770,38257,,,,,,
MI-40,,,,,,,,,,,,,,,,,33865,11800,21082,33919,12281,20326,,,,45634,14246,30216,,,,,,,,,,,,,,,,47224,14416,31174,,,,,,
MI-41,,,,,,,,,,,,,,,,,35454,17652,16823,35459,18274,15855,,,,46502,22297,23018,,,,,,,,,,,,,,,,47722,22545,23486,,,,,,
MI-42,,,,,,,,,,,,,,,,,36841,18927,17044,36908,19541,16211,,,,47410,23665,22578,,,,,,,,,,,,,,,,49066,24171,23370,,,,,,
MI-43,,,,,,,,,,,,,,,,,39960,17084,21981,40052,17624,21225,,,,52517,19767,31659,,,,,,,,,,,,,,,,53784,19772,32385,,,,,,
MI-44,,,,,,,,,,,,,,,,,36717,23954,11961,36776,24612,11206,,,,46672,30657,15189,,,,,,,,,,,,,,,,45248,29086,14916,,,,,,
MI-45,,,,,,,,,,,,,,,,,44097,17518,25848,44222,18081,25100,,,,55652,20863,34020,,,,,,,,,,,,,,,,56688,20582,34743,,,,,,
MI-46,,,,,,,,,,,,,,,,,44213,16355,26959,44254,16745,26132,,,,57885,19953,36785,,,,,,,,,,,,,,,,60461,19545,39270,,,,,,
MI-47,,,,,,,,,,,,,,,,,33466,27192,5415,33469,27710,4833,,,,43539,34578,7920,,,,,,,,,,,,,,,,40928,31273,8405,,,,,,
MI-48,,,,,,,,,,,,,,,,,44640,25510,18295,44695,26507,17028,,,,57394,32225,24199,,,,,,,,,,,,,,,,57539,31152,24621,,,,,,
MI-49,,,,,,,,,,,,,,,,,42199,21439,19701,42292,22651,18224,,,,55466,26343,27960,,,,,,,,,,,,,,,,56542,25710,29133,,,,,,
MI-50,,,,,,,,,,,,,,,,,47973,21762,25237,48088,23205,23452,,,,62711,27234,34426,,,,,,,,,,,,,,,,64450,26860,35840,,,,,,
MI-51,,,,,,,,,,,,,,,,,41378,14680,25749,41439,14436,25691,,,,54519,17214,36426,,,,,,,,,,,,,,,,55890,15933,38379,,,,,,
MI-52,,,,,,,,,,,,,,,,,42979,15709,26371,42932,16127,25325,,,,56776,18066,37606,,,,,,,,,,,,,,,,59647,17956,40104,,,,,,
MI-53,,,,,,,,,,,,,,,,,41526,14966,25708,41538,14949,25173,,,,56788,17184,38372,,,,,,,,,,,,,,,,59904,16935,41269,,,,,,
MI-54,,,,,,,,,,,,,,,,,41585,18499,21964,41530,19072,20829,,,,55278,21660,32162,,,,,,,,,,,,,,,,57502,21750,33860,,,,,,
MI-55,,,,,,,,,,,,,,,,,44077,17955,25051,44239,19133,23705,,,,58018,21925,35020,,,,,,,,,,,,,,,,60633,21924,37130,,,,,,
MI-56,,,,,,,,,,,,,,,,,46055,17205,28108,46357,17994,27107,,,,60498,21541,38043,,,,,,,,,,,,,,,,63213,23592,38409,,,,,,
MI-57,,,,,,,,,,,,,,,,,38144,17107,20269,38229,17716,19398,,,,52161,21304,29661,,,,,,,,,,,,,,,,53863,20853,31445,,,,,,
MI-58,,,,,,,,,,,,,,,,,45226,28797,15830,45324,29251,15140,,,,55593,34991,19879,,,,,,,,,,,,,,,,53838,33721,18481,,,,,,
MI-59,,,,,,,,,,,,,,,,,49810,40937,8306,49851,41612,7586,,,,60192,48868,10495,,,,,,,,,,,,,,,,57657,46212,10266,,,,,,
MI-60,,,,,,,,,,,,,,,,,43346,18981,23588,43419,19443,22709,,,,59545,22758,35489,,,,,,,,,,,,,,,,62796,23545,37535,,,,,,
MI-61,,,,,,,,,,,,,,,,,48338,17093,30565,48453,17664,29561,,,,63464,20701,41853,,,,,,,,,,,,,,,,66549,22050,43176,,,,,,
MI-62,,,,,,,,,,,,,,,,,39252,19944,18694,39288,20100,18190,,,,53754,24974,27775,,,,,,,,,,,,,,,,55840,23518,30466,,,,,,
MI-63,,,,,,,,,,,,,,,,,41551,18093,22915,41570,18035,22616,,,,58209,22567,34724,,,,,,,,,,,,,,,,60722,21577,37629,,,,,,
MI-64,,,,,,,,,,,,,,,,,45631,20064,25073,45759,20474,24412,,,,62843,24674,37297,,,,,,,,,,,,,,,,65664,24629,39682,,,,,,
MI-65,,,,,,,,,,,,,,,,,41337,23045,17498,41405,23140,17029,,,,54723,28552,24763,,,,,,,,,,,,,,,,54981,27730,25561,,,,,,
MI-66,,,,,,,,,,,,,,,,,43928,19701,23553,44072,19893,23023,,,,59088,23553,34359,,,,,,,,,,,,,,,,60598,23660,35431,,,,,,
MI-67,,,,,,,,,,,,,,,,,40384,24548,14941,40444,24838,14376,,,,53112,30865,20970,,,,,,,,,,,,,,,,53066,30554,20820,,,,,,
MI-68,,,,,,,,,,,,,,,,,38668,21777,16048,38761,21860,15671,,,,51510,27301,22834,,,,,,,,,,,,,,,,51455,26079,23485,,,,,,
MI-69,,,,,,,,,,,,,,,,,33344,20322,12233,33450,20579,11811,,,,45483,26687,17575,,,,,,,,,,,,,,,,45571,24291,18729,,,,,,
MI-70,,,,,,,,,,,,,,,,,53024,32924,19264,53189,33684,18040,,,,64830,39776,24204,,,,,,,,,,,,,,,,64860,40895,22415,,,,,,
MI-71,,,,,,,,,,,,,,,,,48549,35890,11575,48759,36757,10678,,,,61720,44162,16261,,,,,,,,,,,,,,,,61613,43881,15922,,,,,,
MI-72,,,,,,,,,,,,,,,,,49850,24659,24610,49987,25060,23944,,,,62305,30571,31074,,,,,,,,,,,,,,,,61950,30622,29889,,,,,,
MI-73,,,,,,,,,,,,,,,,,51317,26483,24413,51429,26996,23615,,,,63139,32687,29949,,,,,,,,,,,,,,,,61952,32561,27804,,,,,,
MI-74,,,,,,,,,,,,,,,,,52772,31277,20974,52904,31672,20409,,,,67008,37836,28573,,,,,,,,,,,,,,,,66143,35731,28432,,,,,,
MI-75,,,,,,,,,,,,,,,,,41187,22131,18508,41321,22609,17851,,,,53856,28685,24510,,,,,,,,,,,,,,,,53740,28767,23712,,,,,,
MI-76,,,,,,,,,,,,,,,,,47846,19248,27827,47952,20128,26526,,,,61794,23877,36962,,,,,,,,,,,,,,,,64063,25564,37108,,,,,,
MI-77,,,,,,,,,,,,,,,,,47547,21492,25035,47637,22198,23893,,,,61431,26620,33580,,,,,,,,,,,,,,,,62024,27089,33360,,,,,,
MI-78,,,,,,,,,,,,,,,,,50801,20298,29809,50888,21079,28565,,,,64456,25128,38555,,,,,,,,,,,,,,,,65677,27088,37408,,,,,,
MI-79,,,,,,,,,,,,,,,,,29350,20295,8441,29392,20829,7760,,,,39546,27061,11622,,,,,,,,,,,,,,,,39468,26232,12027,,,,,,
MI-80,,,,,,,,,,,,,,,,,51971,22061,29208,52220,22906,28047,,,,66379,27106,38416,,,,,,,,,,,,,,,,69731,30322,38138,,,,,,
MI-81,,,,,,,,,,,,,,,,,51435,36135,14705,51514,36556,13990,,,,62456,43452,18104,,,,,,,,,,,,,,,,63469,45378,16505,,,,,,
MI-82,,,,,,,,,,,,,,,,,38991,29779,8360,39068,30300,7677,,,,49363,37307,10795,,,,,,,,,,,,,,,,48772,35950,10446,,,,,,
MI-83,,,,,,,,,,,,,,,,,40724,34984,5291,40765,35200,4931,,,,50539,42960,7046,,,,,,,,,,,,,,,,52974,44549,7084,,,,,,
MI-84,,,,,,,,,,,,,,,,,54473,28318,25572,54494,28679,24709,,,,67188,34432,31938,,,,,,,,,,,,,,,,67083,35081,30262,,,,,,
MI-85,,,,,,,,,,,,,,,,,46390,23352,22331,46514,24170,21203,,,,61018,28317,31560,,,,,,,,,,,,,,,,61447,27846,31932,,,,,,
MI-86,,,,,,,,,,,,,,,,,37975,21732,15326,38102,22187,14587,,,,51052,27133,22417,,,,,,,,,,,,,,,,51080,26176,23102,,,,,,
MI-87,,,,,,,,,,,,,,,,,35711,20436,14462,35800,20851,13702,,,,48492,25730,21379,,,,,,,,,,,,,,,,48491,24288,22137,,,,,,
MI-88,,,,,,,,,,,,,,,,,27146,19667,7062,27311,19717,6907,,,,36094,25755,9581,,,,,,,,,,,,,,,,31308,12884,12184,,,,,,
MI-89,,,,,,,,,,,,,,,,,32011,19561,11778,32140,19785,11378,,,,43623,25690,16705,,,,,,,,,,,,,,,,40032,17693,17400,,,,,,
MI-90,,,,,,,,,,,,,,,,,38235,22957,14291,38392,23515,13584,,,,51523,29214,20887,,,,,,,,,,,,,,,,51116,28216,21004,,,,,,
MI-91,,,,,,,,,,,,,,,,,35905,26311,8807,35912,26803,8095,,,,47448,33308,12778,,,,,,,,,,,,,,,,46890,31782,13384,,,,,,
MI-92,,,,,,,,,,,,,,,,,43364,25946,16860,43433,26514,16075,,,,56652,33758,22126,,,,,,,,,,,,,,,,56896,31849,21880,,,,,,
MI-93,,,,,,,,,,,,,,,,,50741,26017,24037,50914,26599,23043,,,,62577,30921,30741,,,,,,,,,,,,,,,,61632,30847,28999,,,,,,
MI-94,,,,,,,,,,,,,,,,,37689,30864,5991,37786,31428,5420,,,,49143,39901,7881,,,,,,,,,,,,,,,,47971,38622,7714,,,,,,
MI-95,,,,,,,,,,,,,,,,,27346,25387,1316,27372,25808,1057,,,,37270,34276,1859,,,,,,,,,,,,,,,,35799,31567,2746,,,,,,
MI-96,,,,,,,,,,,,,,,,,39734,37513,1546,39820,38147,1055,,,,50233,47167,1861,,,,,,,,,,,,,,,,46911,43074,2484,,,,,,
MI-97,,,,,,,,,,,,,,,,,31195,29104,1361,31192,29568,957,,,,40398,37348,1795,,,,,,,,,,,,,,,,39012,35090,2395,,,,,,
MI-98,,,,,,,,,,,,,,,,,25889,23959,1317,25922,24194,1156,,,,36189,33033,2116,,,,,,,,,,,,,,,,33569,26526,4847,,,,,,
MI-99,,,,,,,,,,,,,,,,,35287,27760,6909,35381,28267,6432,,,,46910,37616,8231,,,,,,,,,,,,,,,,45155,35648,8180,,,,,,
MI-100,,,,,,,,,,,,,,,,,42891,31882,10384,42937,32765,9406,,,,52646,39225,12499,,,,,,,,,,,,,,,,50519,37694,11499,,,,,,
MI-101,,,,,,,,,,,,,,,,,20308,17741,2069,20344,17995,1844,,,,28418,23879,3555,,,,,,,,,,,,,,,,27326,21552,4532,,,,,,
MN-1,,,,,,,,,,,,,,,,,42575,20849,20232,42416,17304,23443,,,,55920,20905,30892,,,,,,,,,,44722,18314,25230,,,,57741,26746,29092,,,,,,
MN-2,,,,,,,,,,,,,,,,,45230,24004,19753,45066,20198,23079,,,,57861,23466,30111,,,,,,,,,,46309,20621,24438,,,,59903,29700,28405,,,,,,
MN-3,,,,,,,,,,,,,,,,,42703,25824,15321,42593,22750,18051,,,,53957,27426,21994,,,,,,,,,,39640,22134,16390,,,,51622,30918,18805,,,,,,
MN-4,,,,,,,,,,,,,,,,,44374,26863,16067,44279,23654,18923,,,,56283,29035,23067,,,,,,,,,,43375,24542,17702,,,,56075,34160,20098,,,,,,
MN-5,,,,,,,,,,,,,,,,,45790,28412,15699,45655,25009,18737,,,,57188,29292,23244,,,,,,,,,,44564,25202,18053,,,,57323,35057,20281,,,,,,
MN-6,,,,,,,,,,,,,,,,,52926,35688,15698,52802,31737,19234,,,,63484,37028,22024,,,,,,,,,,49963,32060,16696,,,,60975,41436,17497,,,,,,
MN-7,,,,,,,,,,,,,,,,,48075,30787,16059,47950,27036,19470,,,,61601,32967,24418,,,,,,,,,,47173,27897,18084,,,,61159,38441,20653,,,,,,
MN-8,,,,,,,,,,,,,,,,,50864,30673,18449,50782,26536,22269,,,,64087,31282,28177,,,,,,,,,,52336,28255,22679,,,,66746,38581,26164,,,,,,
MN-9,,,,,,,,,,,,,,,,,53441,30654,21199,53270,26194,25241,,,,64440,29926,30317,,,,,,,,,,52877,26821,24644,,,,64378,35205,27171,,,,,,
MN-10,,,,,,,,,,,,,,,,,50419,33332,15568,50304,29954,18715,,,,59180,34091,20871,,,,,,,,,,46548,29250,16073,,,,56632,37718,17022,,,,,,
MN-11,,,,,,,,,,,,,,,,,46538,32706,12162,46374,30087,14571,,,,55374,34061,16765,,,,,,,,,,42394,28567,12419,,,,52482,36850,13666,,,,,,
MN-12,,,,,,,,,,,,,,,,,28883,22016,4794,28470,20838,5703,,,,37084,23564,7819,,,,,,,,,,22875,16093,5335,,,,32092,23225,7018,,,,,,
MN-13,,,,,,,,,,,,,,,,,39611,32440,4923,39229,31391,5771,,,,46420,33695,7232,,,,,,,,,,32922,26430,5054,,,,41736,33591,6223,,,,,,
MN-14,,,,,,,,,,,,,,,,,57827,48201,7732,57410,46268,9482,,,,63357,49677,9945,,,,,,,,,,51666,43351,6955,,,,60925,51571,7364,,,,,,
MN-15,,,,,,,,,,,,,,,,,41315,26756,12595,41215,24386,14680,,,,52069,28140,18134,,,,,,,,,,36465,21817,13249,,,,48751,30858,15701,,,,,,
MN-16,,,,,,,,,,,,,,,,,45640,26211,17894,45574,22561,21170,,,,59020,26937,27147,,,,,,,,,,45653,23149,21173,,,,60471,32897,25295,,,,,,
MN-17,,,,,,,,,,,,,,,,,44782,23195,19944,44704,19881,22916,,,,58575,23490,29580,,,,,,,,,,44855,20043,23303,,,,58881,29027,27742,,,,,,
MN-18,,,,,,,,,,,,,,,,,45311,19034,24500,45144,15495,27674,,,,60964,17600,37956,,,,,,,,,,48202,15284,31133,,,,63371,22926,38284,,,,,,
MN-19,,,,,,,,,,,,,,,,,47690,39943,5811,47452,38604,6986,,,,53855,41470,8210,,,,,,,,,,43612,36500,5538,,,,52604,44156,6578,,,,,,
MN-20,,,,,,,,,,,,,,,,,31949,25381,4303,31700,24561,5018,,,,40131,27581,6456,,,,,,,,,,25042,19497,4196,,,,34700,27487,5372,,,,,,
MN-21,,,,,,,,,,,,,,,,,37916,33211,2825,37577,32690,3257,,,,42053,34077,4014,,,,,,,,,,26809,23192,2292,,,,33490,28760,3093,,,,,,
MN-22,,,,,,,,,,,,,,,,,59172,51714,5611,58937,50267,6889,,,,65586,53875,7909,,,,,,,,,,54809,48154,5301,,,,62159,55151,5293,,,,,,
MN-23,,,,,,,,,,,,,,,,,57998,48973,7406,57704,46628,9350,,,,65410,51075,10447,,,,,,,,,,52142,44007,6853,,,,61823,53012,7119,,,,,,
MN-24,,,,,,,,,,,,,,,,,48000,32264,14205,47866,29112,16978,,,,56632,33080,19026,,,,,,,,,,43776,28103,14405,,,,53674,36412,15402,,,,,,
MN-25,,,,,,,,,,,,,,,,,36749,25502,9716,36540,23288,11570,,,,45868,27388,13827,,,,,,,,,,30997,20444,9466,,,,42244,29222,11290,,,,,,
MN-26,,,,,,,,,,,,,,,,,50674,37696,11173,50536,34846,13684,,,,59489,38951,15856,,,,,,,,,,46211,33898,11071,,,,56440,42598,11961,,,,,,
MN-27,,,,,,,,,,,,,,,,,52889,38466,13157,52693,34805,16459,,,,61590,40077,18102,,,,,,,,,,48715,34560,13105,,,,59231,43664,13813,,,,,,
MN-28,,,,,,,,,,,,,,,,,54759,36049,17510,54526,31333,21722,,,,63933,37055,23519,,,,,,,,,,51500,32631,17795,,,,61493,41187,18616,,,,,,
MN-29,,,,,,,,,,,,,,,,,51656,34278,16273,51456,29916,20193,,,,62042,35961,22657,,,,,,,,,,49034,31443,16585,,,,59625,40269,17593,,,,,,
MN-30,,,,,,,,,,,,,,,,,48585,29122,18196,48438,24680,22196,,,,60743,30084,26438,,,,,,,,,,48136,26642,20250,,,,60014,35959,22132,,,,,,
MN-31,,,,,,,,,,,,,,,,,51497,27130,23111,51237,21888,27826,,,,64459,27455,33293,,,,,,,,,,54746,25942,27536,,,,68330,35767,30641,,,,,,
MN-32,,,,,,,,,,,,,,,,,47452,25727,20470,47262,21266,24441,,,,60761,26383,30442,,,,,,,,,,50358,23884,25331,,,,63397,32841,28740,,,,,,
MN-33,,,,,,,,,,,,,,,,,41600,19373,20824,41459,15896,23893,,,,56873,19260,32867,,,,,,,,,,47002,17533,27951,,,,63331,26782,34347,,,,,,
MN-34,,,,,,,,,,,,,,,,,42996,18764,22839,42843,14634,26481,,,,57450,16351,36753,,,,,,,,,,46154,13665,31076,,,,58546,21588,35067,,,,,,
MN-35,,,,,,,,,,,,,,,,,43833,25307,17177,43801,23338,19203,,,,54968,27446,23467,,,,,,,,,,42154,22637,18532,,,,55537,31871,21890,,,,,,
MN-36,,,,,,,,,,,,,,,,,42106,24858,15819,42016,22965,17778,,,,52800,26569,22120,,,,,,,,,,40079,21407,17579,,,,52172,29843,20602,,,,,,
MN-37,,,,,,,,,,,,,,,,,44426,23597,18909,44375,22620,20257,,,,55222,22912,27755,,,,,,,,,,43380,18818,23250,,,,56333,25966,28652,,,,,,
MN-38,,,,,,,,,,,,,,,,,46415,27160,17560,46214,23779,20594,,,,56308,25466,26733,,,,,,,,,,46235,22853,21844,,,,56985,30502,24794,,,,,,
MN-39,,,,,,,,,,,,,,,,,43306,21466,20288,43199,18280,23363,,,,55637,19084,31840,,,,,,,,,,44347,16269,26558,,,,56355,23833,30665,,,,,,
MN-40,,,,,,,,,,,,,,,,,43240,21066,20544,43165,18431,23215,,,,53171,18481,30401,,,,,,,,,,41944,14614,26010,,,,53033,22174,29193,,,,,,
MN-41,,,,,,,,,,,,,,,,,40600,18963,20274,40477,16927,22261,,,,49650,15991,30134,,,,,,,,,,38831,12117,25525,,,,48664,19179,28013,,,,,,
MN-42,,,,,,,,,,,,,,,,,41867,20242,20298,41744,16407,23918,,,,52781,16797,32560,,,,,,,,,,41226,12504,27481,,,,52477,21127,29841,,,,,,
MN-43,,,,,,,,,,,,,,,,,39531,21440,16350,39436,18857,18862,,,,50175,22043,23238,,,,,,,,,,36844,17495,17882,,,,49417,25401,22106,,,,,,
MN-44,,,,,,,,,,,,,,,,,42674,17661,23761,42537,13870,27373,,,,54998,14723,36757,,,,,,,,,,45028,11911,31784,,,,57434,19621,36167,,,,,,
MN-45,,,,,,,,,,,,,,,,,45498,22711,21291,45344,18128,25615,,,,56345,19246,33603,,,,,,,,,,45108,15347,28417,,,,56396,23128,31721,,,,,,
MN-46,,,,,,,,,,,,,,,,,45550,20506,23801,45410,16516,27523,,,,59594,19345,36513,,,,,,,,,,48228,15308,31415,,,,60711,24304,34826,,,,,,
MN-47,,,,,,,,,,,,,,,,,42558,19545,21596,42365,15969,24876,,,,54398,18144,32454,,,,,,,,,,43126,13934,27610,,,,55779,21630,32627,,,,,,
MN-48,,,,,,,,,,,,,,,,,37756,21672,14657,37469,18294,17500,,,,48391,21604,22366,,,,,,,,,,34279,14868,18022,,,,48320,24634,22068,,,,,,
MN-49,,,,,,,,,,,,,,,,,41665,20028,20120,41474,17191,22682,,,,53928,19360,30107,,,,,,,,,,41433,14386,25470,,,,54573,23445,29370,,,,,,
MN-50,,,,,,,,,,,,,,,,,42876,17998,23494,42749,14468,26728,,,,56400,15403,36822,,,,,,,,,,45829,12520,31628,,,,58492,19515,37102,,,,,,
MN-51,,,,,,,,,,,,,,,,,45460,20449,23464,45291,17185,26321,,,,57683,18877,34669,,,,,,,,,,47873,16459,29814,,,,60716,23745,35212,,,,,,
MN-52,,,,,,,,,,,,,,,,,44157,20924,21554,44033,17431,24649,,,,58516,18681,34698,,,,,,,,,,45478,15888,27830,,,,60920,23571,35433,,,,,,
MN-53,,,,,,,,,,,,,,,,,48640,27663,19230,48431,24589,21809,,,,58951,24891,29733,,,,,,,,,,47116,20791,24274,,,,58648,28024,29026,,,,,,
MN-54,,,,,,,,,,,,,,,,,51334,36837,12606,51128,34097,15011,,,,59437,36400,17940,,,,,,,,,,46265,30919,13438,,,,59567,41530,15992,,,,,,
MN-55,,,,,,,,,,,,,,,,,52287,31944,18687,52067,28737,21436,,,,62515,30251,28144,,,,,,,,,,50837,25970,22834,,,,63022,34910,26254,,,,,,
MN-56,,,,,,,,,,,,,,,,,39347,16491,21437,39231,13851,23721,,,,54447,16584,33145,,,,,,,,,,41621,13697,26517,,,,56606,21183,33341,,,,,,
MN-57,,,,,,,,,,,,,,,,,43867,26408,15501,43868,25473,16938,,,,54202,25519,23437,,,,,,,,,,41818,21712,18866,,,,54802,29543,23279,,,,,,
MO-1,,,,,,,,44356,40538,2801,44335,40249,3018,,,,37056,34629,1917,,,,,,,,,,41361,37078,3422,,,,,,,,,,,,,32725,28672,2805,32667,28617,3305,,,
MO-2,,,,,,,,34807,29045,4400,34767,28433,4989,,,,29956,25774,3462,,,,,,,,,,35417,29146,5393,,,,,,,,,,,,,30452,25000,4301,30336,24509,4944,,,
MO-3,,,,,,,,51804,37487,12385,51807,36560,13378,,,,48134,36425,10558,,,,,,,,,,56613,41072,14565,,,,,,,,,,,,,52495,40247,10962,52238,37908,13144,,,
MO-4,,,,,,,,41607,36587,3837,41587,36320,4116,,,,34604,31026,2974,,,,,,,,,,39181,33728,4419,,,,,,,,,,,,,32590,27601,3636,32558,27801,3997,,,
MO-5,,,,,,,,50050,37382,10938,50001,36846,11678,,,,43188,33477,8717,,,,,,,,,,50300,37695,11454,,,,,,,,,,,,,45049,34387,9168,44891,33806,10122,,,
MO-6,,,,,,,,48041,38821,7495,47993,38290,8068,,,,41764,34759,6064,,,,,,,,,,47170,37602,8344,,,,,,,,,,,,,41001,32434,7190,40782,31748,8098,,,
MO-7,,,,,,,,45049,28039,14903,45036,26914,16387,,,,39105,25093,12835,,,,,,,,,,45819,27872,16761,,,,,,,,,,,,,42004,26797,13811,41756,25622,15170,,,
MO-8,,,,,,,,54922,28140,25453,54832,27517,26157,,,,50314,27812,21698,,,,,,,,,,58984,32105,26071,,,,,,,,,,,,,56508,32628,22558,56267,29535,25779,,,
MO-9,,,,,,,,56664,26392,28571,56605,25311,29935,,,,51635,25652,25062,,,,,,,,,,60747,29645,30159,,,,,,,,,,,,,59071,31353,26288,58722,28419,29299,,,
MO-10,,,,,,,,56354,22608,31979,56334,21642,33289,,,,50297,20727,28631,,,,,,,,,,61624,24283,36323,,,,,,,,,,,,,60770,26597,32933,60405,23361,35997,,,
MO-11,,,,,,,,56314,35592,19061,56198,34828,19909,,,,52182,35417,15821,,,,,,,,,,60002,39592,19453,,,,,,,,,,,,,57878,40418,16204,57516,37207,19356,,,
MO-12,,,,,,,,56348,30392,23859,56262,29438,25234,,,,50978,28790,20967,,,,,,,,,,59718,31812,26814,,,,,,,,,,,,,57963,33406,23146,57607,30312,26143,,,
MO-13,,,,,,,,50362,24937,23589,50313,23976,25010,,,,43468,21233,21164,,,,,,,,,,51636,22953,27684,,,,,,,,,,,,,49660,23807,24694,49317,21135,27220,,,
MO-14,,,,,,,,49146,24019,22740,49307,23467,24166,,,,43224,21561,20290,,,,,,,,,,52132,23936,26989,,,,,,,,,,,,,51601,25360,24713,51467,22974,27292,,,
MO-15,,,,,,,,55990,24650,28951,56120,23753,30705,,,,49536,21954,26144,,,,,,,,,,59156,24263,33766,,,,,,,,,,,,,59063,26837,30747,58670,23703,33721,,,
MO-16,,,,,,,,48803,20521,26448,48897,19654,28029,,,,42348,17890,23373,,,,,,,,,,52735,20265,31472,,,,,,,,,,,,,55245,23333,30647,54856,20283,33554,,,
MO-17,,,,,,,,46808,19048,25807,46957,18830,26841,,,,40997,16568,23365,,,,,,,,,,56590,19424,36003,,,,,,,,,,,,,58207,21645,35261,57759,18668,37996,,,
MO-18,,,,,,,,48353,26028,20344,48088,26537,19913,,,,44267,24973,18200,,,,,,,,,,51039,26643,23299,,,,,,,,,,,,,51659,28582,21731,51503,26040,24262,,,
MO-19,,,,,,,,42607,22181,18104,42461,22007,18608,,,,37988,19999,16601,,,,,,,,,,47960,23981,22661,,,,,,,,,,,,,45461,23453,20662,45318,21354,22755,,,
MO-20,,,,,,,,48751,18191,28646,48863,19998,27606,,,,43454,14766,27308,,,,,,,,,,52380,14769,36354,,,,,,,,,,,,,53357,17786,34308,53512,13791,38421,,,
MO-21,,,,,,,,40531,15192,22979,40550,15407,23592,,,,35513,12336,21659,,,,,,,,,,47186,12036,33906,,,,,,,,,,,,,51562,13650,36669,51413,11403,38868,,,
MO-22,,,,,,,,27458,22488,3778,27295,22045,4025,,,,24746,20861,3208,,,,,,,,,,31855,25618,5406,,,,,,,,,,,,,28276,22658,4638,28161,22376,5002,,,
MO-23,,,,,,,,41433,31270,8495,41329,30773,9121,,,,34888,26408,7581,,,,,,,,,,42575,31044,10320,,,,,,,,,,,,,37314,27421,8499,37177,27246,8939,,,
MO-24,,,,,,,,50968,35360,13903,50696,34307,14672,,,,46869,33897,12012,,,,,,,,,,55607,39439,15093,,,,,,,,,,,,,53139,38629,13241,52931,37253,14642,,,
MO-25,,,,,,,,41701,30481,9759,41593,30173,10055,,,,35454,26127,8545,,,,,,,,,,42404,29513,11874,,,,,,,,,,,,,40729,28251,11233,40607,27733,11944,,,
MO-26,,,,,,,,47250,23017,21999,47281,22128,23607,,,,42087,20755,20121,,,,,,,,,,52994,25082,26740,,,,,,,,,,,,,52766,26865,24478,52466,25343,26008,,,
MO-27,,,,,,,,44209,18404,23565,44181,17611,25133,,,,38815,15495,22053,,,,,,,,,,55344,20303,33816,,,,,,,,,,,,,55572,21912,32255,55098,20137,33728,,,
MO-28,,,,,,,,40014,20318,17269,39996,19362,18933,,,,34258,16857,16138,,,,,,,,,,41131,18823,21055,,,,,,,,,,,,,39240,19219,18700,38972,18417,19437,,,
MO-29,,,,,,,,39023,21426,15140,38970,20263,16983,,,,34050,18341,14376,,,,,,,,,,43969,22801,19875,,,,,,,,,,,,,40800,21618,17743,40591,20741,18734,,,
MO-30,,,,,,,,40929,19872,19296,40927,18861,20942,,,,36607,17734,17827,,,,,,,,,,45508,20479,24069,,,,,,,,,,,,,52163,25180,25681,52010,23161,27870,,,
MO-31,,,,,,,,40250,22338,15760,40338,21542,17281,,,,36350,20529,14523,,,,,,,,,,47065,26038,19858,,,,,,,,,,,,,45749,26482,18053,45696,25135,19571,,,
MO-32,,,,,,,,47268,19909,25127,47405,18913,27071,,,,41750,16586,23924,,,,,,,,,,55914,19650,35130,,,,,,,,,,,,,56689,21576,33931,56408,19599,35785,,,
MO-33,,,,,,,,44703,19225,23268,44707,18804,24485,,,,37707,15261,20831,,,,,,,,,,46127,15581,29342,,,,,,,,,,,,,45110,15507,28453,44832,13957,29743,,,
MO-34,,,,,,,,46788,15653,28715,46864,15648,29839,,,,38615,11116,25962,,,,,,,,,,48774,10830,36894,,,,,,,,,,,,,48623,11571,35943,48474,10050,37445,,,
MO-35,,,,,,,,44963,16789,25765,44989,16574,27034,,,,38633,11860,25173,,,,,,,,,,47250,11126,34963,,,,,,,,,,,,,47304,12498,33618,47130,10569,35564,,,
MO-36,,,,,,,,44650,14995,27760,44734,15328,28242,,,,37617,11005,25124,,,,,,,,,,45620,10293,34617,,,,,,,,,,,,,44752,10073,33548,44608,8740,34976,,,
MO-37,,,,,,,,44931,15482,27258,45074,15782,27995,,,,38607,11455,25727,,,,,,,,,,47374,10843,35691,,,,,,,,,,,,,47072,11253,34725,46995,9718,36329,,,
MO-38,,,,,,,,41170,15951,22837,41165,16031,23636,,,,34660,12017,21224,,,,,,,,,,45381,12626,31467,,,,,,,,,,,,,46072,13817,31112,45896,12220,32727,,,
MO-39,,,,,,,,46724,19142,25118,46822,19114,26142,,,,40301,15305,23531,,,,,,,,,,51821,17490,33117,,,,,,,,,,,,,53308,19653,32105,53010,17928,33869,,,
MO-40,,,,,,,,41991,15735,24073,42046,15379,25360,,,,35943,11006,23548,,,,,,,,,,44303,11107,32096,,,,,,,,,,,,,43985,12277,30602,43957,10357,32563,,,
MO-41,,,,,,,,47022,14282,30582,47093,13999,31621,,,,41711,10501,29909,,,,,,,,,,51282,10044,40297,,,,,,,,,,,,,52501,11671,39764,52354,9895,41332,,,
MO-42,,,,,,,,42508,14753,25539,42700,14094,25610,,,,36112,10632,24191,,,,,,,,,,47111,9851,36176,,,,,,,,,,,,,48002,10946,36145,47860,8675,38233,,,
MO-43,,,,,,,,46455,17851,26240,46619,17685,26392,,,,39871,14648,23711,,,,,,,,,,49428,13913,34330,,,,,,,,,,,,,50519,15395,33829,50216,12791,36223,,,
MO-44,,,,,,,,40016,17188,20730,40157,16605,22221,,,,35190,13732,20041,,,,,,,,,,44402,13336,29918,,,,,,,,,,,,,45745,13756,30848,45424,11569,32818,,,
MO-45,,,,,,,,45876,19970,23357,45932,19286,24877,,,,39272,16133,21622,,,,,,,,,,49901,16292,32365,,,,,,,,,,,,,49467,17041,31062,49157,14686,33191,,,
MO-46,,,,,,,,47349,21414,23635,47387,20502,25283,,,,40638,17406,21771,,,,,,,,,,51666,17979,32406,,,,,,,,,,,,,53032,19362,32303,52733,16730,34795,,,
MO-47,,,,,,,,45404,13856,29772,45467,14203,29934,,,,39786,10740,28209,,,,,,,,,,49522,11902,36722,,,,,,,,,,,,,49514,11842,36483,49278,10906,37370,,,
MO-48,,,,,,,,45375,14189,29125,45586,13415,30794,,,,38296,9298,28108,,,,,,,,,,47712,9019,37676,,,,,,,,,,,,,46917,8282,37637,46731,7324,38492,,,
MO-49,,,,,,,,40014,13492,25100,40187,12671,26678,,,,31523,8023,22784,,,,,,,,,,39053,8168,30302,,,,,,,,,,,,,37529,6914,29681,37532,6359,30485,,,
MO-50,,,,,,,,44346,11643,30679,44459,11194,31904,,,,36898,8061,27815,,,,,,,,,,46862,8298,37683,,,,,,,,,,,,,46669,8086,37573,46576,7411,38328,,,
MO-51,,,,,,,,31961,10641,19726,32030,10030,20693,,,,26885,8428,17448,,,,,,,,,,33775,9220,23669,,,,,,,,,,,,,34496,9684,23848,34422,8632,24887,,,
MO-52,,,,,,,,45709,11659,31954,45733,11894,32346,,,,38940,8552,29181,,,,,,,,,,47712,7622,39044,,,,,,,,,,,,,48376,8071,39282,48252,7236,40082,,,
MO-53,,,,,,,,45257,15398,27369,45305,15672,28233,,,,39092,11151,26277,,,,,,,,,,48659,10328,37294,,,,,,,,,,,,,48588,11265,36088,48403,10006,37362,,,
MO-54,,,,,,,,44383,11738,30689,44281,13085,29758,,,,38257,9586,27380,,,,,,,,,,48892,8450,39451,,,,,,,,,,,,,50931,10213,39520,50809,9388,40419,,,
MO-55,,,,,,,,48221,13413,32565,48156,13200,33436,,,,41972,10981,29718,,,,,,,,,,53631,11909,40600,,,,,,,,,,,,,57735,13630,42906,57466,12863,43566,,,
MO-56,,,,,,,,44349,11418,30822,44314,11355,31577,,,,39479,9137,29265,,,,,,,,,,49388,9491,38888,,,,,,,,,,,,,50163,10369,38710,49983,9567,39419,,,
MO-57,,,,,,,,39511,9993,27396,39434,10496,27423,,,,32901,7227,24392,,,,,,,,,,42307,7464,33857,,,,,,,,,,,,,43451,8222,34181,43264,7647,34734,,,
MO-58,,,,,,,,47169,11153,33812,47103,11138,34533,,,,39933,8014,30239,,,,,,,,,,50647,8976,40706,,,,,,,,,,,,,52385,9439,41702,52152,8665,42516,,,
MO-59,,,,,,,,37711,11537,24198,37710,11020,25299,,,,31416,9217,20651,,,,,,,,,,39934,11404,27501,,,,,,,,,,,,,40110,11545,27050,39886,11009,27813,,,
MO-60,,,,,,,,43390,13750,27715,43348,14294,27534,,,,38897,12532,25057,,,,,,,,,,51280,13656,36458,,,,,,,,,,,,,55627,16462,37892,55420,15676,38700,,,
MO-61,,,,,,,,48975,18038,29127,48948,18220,29273,,,,44738,17615,25868,,,,,,,,,,49408,17915,30378,,,,,,,,,,,,,48988,19969,27930,48826,19030,28933,,,
MO-62,,,,,,,,37455,19179,16151,37344,18687,16794,,,,32510,17845,13052,,,,,,,,,,40936,21948,17746,,,,,,,,,,,,,38830,21111,16481,38943,21232,16785,,,
MS-1,,,,,,,,,,,,,,,,,30412,7719,21915,,,,22896,7411,15192,46090,14864,30097,,,,,,,,,,,,,23307,7945,15082,49143,14472,34671,,,,,,
MS-2,,,,,,,,,,,,,,,,,22947,10769,11614,,,,16477,8210,8010,33537,18968,13888,,,,,,,,,,,,,15813,8782,6792,31468,16239,15229,,,,,,
MS-3,,,,,,,,,,,,,,,,,32874,17568,14667,,,,34029,21012,12661,46558,28468,17688,,,,,,,,,,,,,31524,19839,11238,39459,21596,17863,,,,,,
MS-4,,,,,,,,,,,,,,,,,30408,19220,10635,,,,27067,18803,7987,40420,28822,11341,,,,,,,,,,,,,24013,17662,6076,31312,20139,11173,,,,,,
MS-5,,,,,,,,,,,,,,,,,29723,16662,12477,,,,29146,18552,10086,40450,25699,14383,,,,,,,,,,,,,27625,18625,8591,34358,19054,15304,,,,,,
MS-6,,,,,,,,,,,,,,,,,31049,13542,16899,,,,29401,14041,14983,44325,21237,22400,,,,,,,,,,,,,29374,13651,15111,41809,16110,25699,,,,,,
MS-7,,,,,,,,,,,,,,,,,31587,10166,20730,,,,31636,14280,17109,45015,17506,26652,,,,,,,,,,,,,29040,13370,15428,41911,13375,28536,,,,,,
MS-8,,,,,,,,,,,,,,,,,30737,10685,19418,,,,30290,13589,16308,44177,16975,26345,,,,,,,,,,,,,28353,11734,16221,42920,12994,29926,,,,,,
MS-9,,,,,,,,,,,,,,,,,29976,5669,23708,,,,32270,8829,22972,45173,11125,32893,,,,,,,,,,,,,26127,7470,18305,42928,7190,35738,,,,,,
MS-10,,,,,,,,,,,,,,,,,29847,6551,22738,,,,32446,10363,21680,45112,11905,32210,,,,,,,,,,,,,28610,9878,18364,42949,8593,34356,,,,,,
MS-11,,,,,,,,,,,,,,,,,34606,17472,16648,,,,32819,18656,13911,47570,27117,19914,,,,,,,,,,,,,32240,19273,12614,41697,20785,20912,,,,,,
MS-12,,,,,,,,,,,,,,,,,30813,11499,18734,,,,29991,13587,16084,42555,18393,23454,,,,,,,,,,,,,27791,12895,14565,38267,13747,24520,,,,,,
MS-13,,,,,,,,,,,,,,,,,38579,20669,16949,,,,39818,24204,15076,50777,29277,20984,,,,,,,,,,,,,35940,21328,13987,44052,22531,21521,,,,,,
MS-14,,,,,,,,,,,,,,,,,36166,21912,13617,,,,33756,22961,10509,46835,30450,15858,,,,,,,,,,,,,32178,22737,9192,42575,26044,16531,,,,,,
MS-15,,,,,,,,,,,,,,,,,30883,23185,7210,,,,27938,22985,4670,38946,31393,7221,,,,,,,,,,,,,25688,21378,4059,31992,23778,8214,,,,,,
MS-16,,,,,,,,,,,,,,,,,36376,22801,13014,,,,34092,23678,10144,47169,31681,15050,,,,,,,,,,,,,33538,23063,10261,43649,25556,18093,,,,,,
MS-17,,,,,,,,,,,,,,,,,36878,8942,27197,,,,34419,12573,21450,51224,15061,34988,,,,,,,,,,,,,33057,11390,21414,50289,12980,37309,,,,,,
MS-18,,,,,,,,,,,,,,,,,30586,7746,22151,,,,27858,9737,17700,42580,12571,29084,,,,,,,,,,,,,26795,9131,17437,42191,10714,31477,,,,,,
MS-19,,,,,,,,,,,,,,,,,34383,13508,20232,,,,34070,16148,17555,46950,20380,26044,,,,,,,,,,,,,31946,15226,16210,42371,16047,26324,,,,,,
MS-20,,,,,,,,,,,,,,,,,30278,10413,19332,,,,30506,12872,17330,43131,17172,25333,,,,,,,,,,,,,28609,12081,16107,38955,12925,26030,,,,,,
MS-21,,,,,,,,,,,,,,,,,30240,10596,19182,,,,28512,11594,16403,41245,16827,23741,,,,,,,,,,,,,24471,10049,14081,36231,12701,23530,,,,,,
MS-22,,,,,,,,,,,,,,,,,34860,10714,23172,,,,35037,12785,21685,48409,16429,31070,,,,,,,,,,,,,33995,12100,21147,44142,12669,31473,,,,,,
MS-23,,,,,,,,,,,,,,,,,35274,12610,21921,,,,37007,16204,20305,48986,19122,29222,,,,,,,,,,,,,32766,14358,17880,45010,15054,29956,,,,,,
MS-24,,,,,,,,,,,,,,,,,33550,9090,23652,,,,31122,10702,20019,47707,15327,31414,,,,,,,,,,,,,29309,10223,18640,45410,12423,32987,,,,,,
MS-25,,,,,,,,,,,,,,,,,29900,10690,18375,,,,29383,12589,16322,43266,17622,24678,,,,,,,,,,,,,25673,11141,14069,39429,13201,26228,,,,,,
MS-26,,,,,,,,,,,,,,,,,28154,4907,22485,,,,23855,5337,18163,42420,8948,32234,,,,,,,,,,,,,21024,4642,15958,42839,6738,36101,,,,,,
MS-27,,,,,,,,,,,,,,,,,28779,7578,20700,,,,24486,7313,16852,42201,12063,28884,,,,,,,,,,,,,23404,7082,15966,43512,9765,33747,,,,,,
MS-28,,,,,,,,,,,,,,,,,26069,5039,20524,,,,22220,5233,16674,37831,9123,27626,,,,,,,,,,,,,20646,5482,14886,39611,8121,31490,,,,,,
MS-29,,,,,,,,,,,,,,,,,27344,10668,16133,,,,22780,9916,12526,37583,16554,20139,,,,,,,,,,,,,19950,8984,10704,35175,12833,22342,,,,,,
MS-30,,,,,,,,,,,,,,,,,22937,10977,11590,,,,19584,10204,9030,33112,17612,14676,,,,,,,,,,,,,18194,10095,7848,29746,13606,16140,,,,,,
MT-1,,,,,,,,,,,45905,27281,17100,,,,46925,29945,15853,,,,,,,59395,41010,18385,59209,33355,23533,,,,,,,,,,,,,57972,34708,22536,57304,31419,24496,,,
MT-2,,,,,,,,,,,50621,34851,14081,,,,51357,36876,13401,,,,,,,54527,20862,33665,59218,38651,18344,,,,,,,,,,,,,60333,42678,16665,59830,38609,19785,,,
MT-3,,,,,,,,,,,43075,17884,23515,,,,43356,18437,23712,,,,,,,49766,23873,25893,54337,19221,33098,,,,,,,,,,,,,57274,22111,33990,56843,18825,36714,,,
MT-4,,,,,,,,,,,43155,22845,18707,,,,41599,21930,18207,,,,,,,47921,19837,28084,49570,21420,25515,,,,,,,,,,,,,47148,22309,23744,46725,18882,26469,,,
MT-5,,,,,,,,,,,42710,21680,19771,,,,40993,19787,19958,,,,,,,54939,28224,26715,47677,17770,27975,,,,,,,,,,,,,46000,19585,25548,45654,15160,29374,,,
MT-6,,,,,,,,,,,46873,27913,17772,,,,46377,26726,18456,,,,,,,56399,20475,35924,54805,26717,26156,,,,,,,,,,,,,53995,28046,24920,53626,23980,28299,,,
MT-7,,,,,,,,,,,45608,19198,24492,,,,46019,18701,25942,,,,,,,57557,26689,30868,56281,18403,35472,,,,,,,,,,,,,59074,21563,36336,58652,17549,39581,,,
MT-8,,,,,,,,,,,49079,26389,20990,,,,48502,25441,21763,,,,,,,63759,22353,41406,57430,24633,30488,,,,,,,,,,,,,58861,27137,30705,58351,22088,34709,,,
MT-9,,,,,,,,,,,53003,22475,28790,,,,52687,21363,29671,,,,,,,52808,17447,35361,63701,20631,40752,,,,,,,,,,,,,66851,23882,41783,66386,20196,44494,,,
MT-10,,,,,,,,,,,44812,18261,25080,,,,44013,17516,25140,,,,,,,48967,15969,32998,52630,15660,34820,,,,,,,,,,,,,52740,17950,33828,52407,14119,37020,,,
MT-11,,,,,,,,,,,44519,17156,25817,,,,42556,17154,23860,,,,,,,52521,20416,29542,48729,14399,32395,,,,,,,,,,,,,47014,16336,29627,46626,11817,33628,,,
NC-1,,,,,,,,46468,16953,27737,46630,17812,27922,,,,,,,,,,,,,52521,20416,29542,52856,22436,29614,,,,36985,14101,21981,,,,,,,,,,54982,25705,26307,,,
NC-2,,,,,,,,48333,16057,30720,48466,17791,29684,,,,,,,,,,,,,57823,19633,35682,58127,22974,34311,,,,42336,14598,26874,,,,,,,,,,60106,26199,30303,,,
NC-3,,,,,,,,44114,15020,27489,44395,16110,27545,,,,,,,,,,,,,50777,16752,32022,51124,18549,32031,,,,32846,10557,21654,,,,,,,,,,50529,19733,28350,,,
NC-4,,,,,,,,51645,20534,28731,51877,24247,26221,,,,,,,,,,,,,63084,27503,32219,63618,31544,31021,,,,46989,21992,23903,,,,,,,,,,65294,37703,23622,,,
NC-5,,,,,,,,46206,24688,19249,46433,27336,17579,,,,,,,,,,,,,54078,29720,21159,54458,32570,20735,,,,37326,21045,15337,,,,,,,,,,57481,36644,17494,,,
NC-6,,,,,,,,49585,15865,31646,49798,18061,30557,,,,,,,,,,,,,65043,22763,39330,65467,26119,38439,,,,53915,19334,33471,,,,,,,,,,78441,37265,35881,,,
NC-7,,,,,,,,47237,18487,27256,47530,19460,27396,,,,,,,,,,,,,54055,20512,31525,54419,22281,31616,,,,39876,14491,24543,,,,,,,,,,54518,22531,29529,,,
NC-8,,,,,,,,49143,16718,30445,49284,19318,28755,,,,,,,,,,,,,60002,21535,35343,60378,24550,34860,,,,43353,15841,26601,,,,,,,,,,65452,30114,31255,,,
NC-9,,,,,,,,34848,8247,24755,35033,8888,25123,,,,,,,,,,,,,45624,11953,30514,45820,13252,31444,,,,29596,7289,21437,,,,,,,,,,52004,17372,30802,,,
NC-10,,,,,,,,21284,8784,11439,21324,9108,11580,,,,,,,,,,,,,25578,11391,12354,25658,12401,12394,,,,14417,6255,7669,,,,,,,,,,27193,13350,11887,,,
NC-11,,,,,,,,42847,21383,20223,43203,22149,20442,,,,,,,,,,,,,45999,21116,23049,46484,23409,22538,,,,29301,12713,15949,,,,,,,,,,44447,21425,21494,,,
NC-12,,,,,,,,27315,15041,11232,27364,15080,11552,,,,,,,,,,,,,31976,17136,12909,32185,18876,12534,,,,18419,10016,7868,,,,,,,,,,32396,18079,12534,,,
NC-13,,,,,,,,40299,23821,15086,40353,24210,15214,,,,,,,,,,,,,45868,27796,15570,46120,30300,14776,,,,26016,15578,9860,,,,,,,,,,42100,27842,12054,,,
NC-14,,,,,,,,37185,18437,17417,37290,18684,17709,,,,,,,,,,,,,45679,23319,20056,45898,25542,19488,,,,26119,13370,12155,,,,,,,,,,44088,25112,16641,,,
NC-15,,,,,,,,43959,24677,17947,44044,24786,18354,,,,,,,,,,,,,49100,26833,19900,49405,29110,19422,,,,29812,16068,13104,,,,,,,,,,47186,27863,16908,,,
NC-16,,,,,,,,34741,16369,17678,35263,15911,19033,,,,,,,,,,,,,40428,16518,22535,41003,19328,21340,,,,23791,9271,14013,,,,,,,,,,39698,16203,22016,,,
NC-17,,,,,,,,47125,13255,31921,47332,15491,30324,,,,,,,,,,,,,55134,15222,37554,55566,16742,38012,,,,41779,10757,29940,,,,,,,,,,58062,18641,36954,,,
NC-18,,,,,,,,46351,19101,25242,46504,21769,23331,,,,,,,,,,,,,53428,22633,28310,53720,25324,27509,,,,40176,17461,21543,,,,,,,,,,54314,28295,23355,,,
NC-19,,,,,,,,51621,16900,32802,51769,19093,31352,,,,,,,,,,,,,60563,21316,36976,60814,23996,36012,,,,46279,16867,28330,,,,,,,,,,62033,28411,30550,,,
NC-20,,,,,,,,49805,24180,23629,50000,26629,21817,,,,,,,,,,,,,59132,31298,25293,59308,34377,23855,,,,43864,24660,18086,,,,,,,,,,59067,38272,18105,,,
NC-21,,,,,,,,56201,31591,22510,56432,33940,20866,,,,,,,,,,,,,63809,37473,23850,63962,40145,22774,,,,50218,31447,17554,,,,,,,,,,63208,43184,17476,,,
NC-22,,,,,,,,48120,26991,18999,48284,28978,17668,,,,,,,,,,,,,56663,32795,21322,56847,34884,20820,,,,40549,24663,14735,,,,,,,,,,55224,36520,16290,,,
NC-23,,,,,,,,48996,16162,30666,49383,18619,29334,,,,,,,,,,,,,57464,18759,36336,57836,20813,36279,,,,43243,14220,27814,,,,,,,,,,58121,23755,31678,,,
NC-24,,,,,,,,42905,17137,23899,43155,18379,23837,,,,,,,,,,,,,49696,20879,26696,50030,22911,26361,,,,31234,12893,17735,,,,,,,,,,49572,25092,21750,,,
NC-25,,,,,,,,43007,11509,29397,43287,13076,29181,,,,,,,,,,,,,53352,16463,34312,53676,18566,34307,,,,35113,11443,22921,,,,,,,,,,55494,23196,28871,,,
NC-26,,,,,,,,46748,11270,33249,47074,13005,32990,,,,,,,,,,,,,58043,14438,40973,58424,16528,41148,,,,41253,10232,30165,,,,,,,,,,62873,21140,37986,,,
NC-27,,,,,,,,42070,14260,25763,42308,16067,25116,,,,,,,,,,,,,47904,16835,28663,48127,19035,28350,,,,31546,10843,19960,,,,,,,,,,48064,20698,24984,,,
NC-28,,,,,,,,49705,10855,36400,50071,12938,35999,,,,,,,,,,,,,57909,12970,42170,58205,15011,42485,,,,41412,8790,31690,,,,,,,,,,60951,18395,39425,,,
NC-29,,,,,,,,45051,13563,29230,45305,15155,29046,,,,,,,,,,,,,53027,16170,34076,53378,18231,34314,,,,36210,10245,25157,,,,,,,,,,57088,21642,32466,,,
NC-30,,,,,,,,44489,14663,27611,44637,18047,25077,,,,,,,,,,,,,58472,21258,34522,58746,24365,33446,,,,41469,16135,24424,,,,,,,,,,62463,30898,27622,,,
NC-31,,,,,,,,45311,17680,25636,45513,21484,22366,,,,,,,,,,,,,56664,25454,28822,56858,28791,27126,,,,40181,19969,19340,,,,,,,,,,58869,34956,20397,,,
NC-32,,,,,,,,38493,27630,9613,38610,28321,9405,,,,,,,,,,,,,46863,35343,9365,47050,37592,8573,,,,27608,21717,5338,,,,,,,,,,48220,39221,6929,,,
NC-33,,,,,,,,39754,31904,6564,39875,32099,6906,,,,,,,,,,,,,46052,36715,7019,46185,38606,6603,,,,24970,20486,3983,,,,,,,,,,45205,37414,5936,,,
NC-34,,,,,,,,34464,25294,7975,34584,25760,8044,,,,,,,,,,,,,43545,31734,9483,43699,33822,8907,,,,24555,18436,5524,,,,,,,,,,45842,35171,8507,,,
NC-35,,,,,,,,36338,22450,12271,36485,23688,11725,,,,,,,,,,,,,45677,29222,14131,45801,31701,13115,,,,27929,18729,8547,,,,,,,,,,47574,34092,10945,,,
NC-36,,,,,,,,35292,28003,6088,35382,28416,6121,,,,,,,,,,,,,38309,30513,5819,38445,32272,5338,,,,20376,16826,3035,,,,,,,,,,38870,32142,5120,,,
NC-37,,,,,,,,34902,25308,8202,35037,25796,8375,,,,,,,,,,,,,41748,30024,9400,41852,32106,8673,,,,22391,16559,5249,,,,,,,,,,40997,30775,8324,,,
NC-38,,,,,,,,41127,27129,12235,41406,30064,10052,,,,,,,,,,,,,53737,36276,14969,53836,39261,13405,,,,33988,25610,7533,,,,,,,,,,55044,42552,9664,,,
NC-39,,,,,,,,54984,26019,27375,55237,30116,23971,,,,,,,,,,,,,63084,33866,27166,63235,38750,23649,,,,47610,28628,18085,,,,,,,,,,62456,44206,14669,,,
NC-40,,,,,,,,50501,22149,26481,50774,25204,24349,,,,,,,,,,,,,58175,29296,26609,58412,33261,24275,,,,40723,22143,17724,,,,,,,,,,55643,35824,16598,,,
NC-41,,,,,,,,48383,19397,27116,48670,21546,25988,,,,,,,,,,,,,58705,26797,29631,58933,30343,27661,,,,42048,20773,20401,,,,,,,,,,59553,34663,21596,,,
NC-42,,,,,,,,40179,15011,23310,40426,16540,22831,,,,,,,,,,,,,48579,20156,26358,48823,22502,25497,,,,32029,13316,18020,,,,,,,,,,49511,24761,21922,,,
NC-43,,,,,,,,45889,13215,30802,46168,15124,29972,,,,,,,,,,,,,59375,20149,36934,59634,23301,35516,,,,42225,14845,26486,,,,,,,,,,63133,28047,31332,,,
NC-44,,,,,,,,48220,12589,33634,48507,13962,33744,,,,,,,,,,,,,55744,14204,39211,56142,16388,39148,,,,39436,9039,29587,,,,,,,,,,59709,18912,37877,,,
NC-45,,,,,,,,40305,15118,23250,40529,16727,22744,,,,,,,,,,,,,51646,22832,26133,51769,25567,25333,,,,33733,15515,17365,,,,,,,,,,51760,28832,20017,,,
NC-46,,,,,,,,37397,16334,19275,37612,17790,18769,,,,,,,,,,,,,46253,21982,21808,46318,24359,21089,,,,29112,13993,14390,,,,,,,,,,46800,26718,17316,,,
NC-47,,,,,,,,46052,9407,34250,46338,11155,34087,,,,,,,,,,,,,54471,12155,39612,54739,14191,39809,,,,37141,7990,28329,,,,,,,,,,56488,17313,35941,,,
NC-48,,,,,,,,43538,15422,26018,43789,17022,25667,,,,,,,,,,,,,48897,17543,28898,49244,19618,28915,,,,32574,11131,20665,,,,,,,,,,49065,21174,25093,,,
NC-49,,,,,,,,48778,9756,36941,48954,12705,35105,,,,,,,,,,,,,58473,13309,42511,58674,15559,42476,,,,40839,8757,31207,,,,,,,,,,62116,19613,38732,,,
NC-50,,,,,,,,44649,12351,30685,44858,14775,29106,,,,,,,,,,,,,52048,15816,34016,52202,17704,33850,,,,34782,9789,24302,,,,,,,,,,53504,20805,29634,,,
NC-51,,,,,,,,41442,22240,17861,41499,23991,16545,,,,,,,,,,,,,46189,24840,19231,46371,27021,18598,,,,29049,15144,13278,,,,,,,,,,46648,28659,15552,,,
NC-52,,,,,,,,42715,23278,18113,42667,24979,16743,,,,,,,,,,,,,47115,25917,19025,47303,28133,18378,,,,29969,16337,13000,,,,,,,,,,47425,29439,15732,,,
NC-53,,,,,,,,42901,21850,19622,42918,24265,17658,,,,,,,,,,,,,49389,27438,19639,49601,30264,18507,,,,32504,18321,13426,,,,,,,,,,48711,31846,14347,,,
NC-54,,,,,,,,52482,23062,27873,52509,27357,24001,,,,,,,,,,,,,59645,30187,26907,59881,34484,24541,,,,45043,24366,19721,,,,,,,,,,60137,38992,17959,,,
NC-55,,,,,,,,40270,22787,16110,40357,24426,14970,,,,,,,,,,,,,44455,26498,15982,44537,28925,14835,,,,27247,15971,10669,,,,,,,,,,42312,27997,11969,,,
NC-56,,,,,,,,57725,29094,26946,57848,33282,23315,,,,,,,,,,,,,63459,35376,25891,63555,39180,23510,,,,47653,27990,18649,,,,,,,,,,61704,43218,15503,,,
NC-57,,,,,,,,44450,24643,18326,44531,26890,16605,,,,,,,,,,,,,47869,27092,18771,47900,29530,17516,,,,30980,16756,13491,,,,,,,,,,49145,31953,14695,,,
NC-58,,,,,,,,44914,32556,11145,45035,33681,10477,,,,,,,,,,,,,48323,35141,11201,48388,37300,10256,,,,28575,20751,7223,,,,,,,,,,45410,35058,8483,,,
NC-59,,,,,,,,42089,27060,13947,42195,28299,13148,,,,,,,,,,,,,47481,30859,14707,47585,32933,13946,,,,30332,19214,10483,,,,,,,,,,49166,34699,12423,,,
NC-60,,,,,,,,42769,12577,28531,42922,14826,27107,,,,,,,,,,,,,50209,16593,31269,50385,18994,30688,,,,34949,11263,22888,,,,,,,,,,51551,21977,26800,,,
NC-61,,,,,,,,46708,8403,36391,46888,10660,35221,,,,,,,,,,,,,52911,10237,40444,53155,12227,40398,,,,35979,6095,29169,,,,,,,,,,54488,14592,37112,,,
NC-62,,,,,,,,45054,15591,28054,45163,17571,26836,,,,,,,,,,,,,53825,20028,31940,54070,22249,31267,,,,38616,13764,24091,,,,,,,,,,55985,25242,28119,,,
NC-63,,,,,,,,36589,18000,17353,36692,19547,16461,,,,,,,,,,,,,43644,22926,18949,43885,25015,18285,,,,29525,15233,13642,,,,,,,,,,44185,26976,15139,,,
NC-64,,,,,,,,54788,43288,10314,54886,45678,8260,,,,,,,,,,,,,52512,43015,8222,52643,45288,6793,,,,41750,35945,5091,,,,,,,,,,53494,47144,4797,,,
NC-65,,,,,,,,52933,25143,26172,53146,27145,25037,,,,,,,,,,,,,60842,30024,28446,61276,32840,27734,,,,45815,23812,21009,,,,,,,,,,61496,35717,23278,,,
NC-66,,,,,,,,52284,39385,11670,52318,40883,10555,,,,,,,,,,,,,57169,44548,10774,57335,47190,9380,,,,41451,33875,6818,,,,,,,,,,55480,47067,6595,,,
NC-67,,,,,,,,53517,42275,10055,53581,44109,8582,,,,,,,,,,,,,61309,49824,9504,61566,52814,7967,,,,44999,38467,5729,,,,,,,,,,60104,52811,5365,,,
NC-68,,,,,,,,42949,33476,8432,43059,34109,8213,,,,,,,,,,,,,53121,40707,10260,53399,43321,9221,,,,36009,28443,6856,,,,,,,,,,56141,46252,7903,,,
NC-69,,,,,,,,45826,23172,21325,46038,25129,20006,,,,,,,,,,,,,59105,31228,25802,59356,34585,24135,,,,48285,27687,19671,,,,,,,,,,64367,41017,20405,,,
NC-70,,,,,,,,32992,18743,13298,33115,20516,11842,,,,,,,,,,,,,45152,28177,15340,45328,31949,12770,,,,31948,21457,9792,,,,,,,,,,48214,35239,10613,,,
NC-71,,,,,,,,55959,32788,21689,56130,36561,18518,,,,,,,,,,,,,64321,40173,21945,64565,45006,18642,,,,48635,33236,14319,,,,,,,,,,63051,48763,11056,,,
NC-72,,,,,,,,57506,31685,23957,57753,35055,21397,,,,,,,,,,,,,64244,38326,23154,64506,43112,20332,,,,45992,29364,15443,,,,,,,,,,61201,44668,13076,,,
NC-73,,,,,,,,42338,27230,13444,42524,29433,11777,,,,,,,,,,,,,44945,30710,12060,45044,33241,10826,,,,29649,21421,7354,,,,,,,,,,44573,33993,7957,,,
NC-74,,,,,,,,56538,28839,25898,56748,32000,23457,,,,,,,,,,,,,64367,36475,25238,64623,41506,22098,,,,49370,30337,17851,,,,,,,,,,62843,44175,15049,,,
NC-75,,,,,,,,43829,20144,22027,44007,22565,20262,,,,,,,,,,,,,57076,28654,25535,57382,33011,23324,,,,43654,23779,18706,,,,,,,,,,63081,39861,19118,,,
NC-76,,,,,,,,46002,19395,24941,46207,21423,23740,,,,,,,,,,,,,56228,25672,27691,56418,29231,26229,,,,42924,21045,20788,,,,,,,,,,59740,35262,20679,,,
NC-77,,,,,,,,41269,29326,10708,41407,30389,10126,,,,,,,,,,,,,47184,33533,11390,47402,36166,10386,,,,29714,22042,6897,,,,,,,,,,45973,35671,8060,,,
NC-78,,,,,,,,40788,33314,6495,40867,33705,6514,,,,,,,,,,,,,47141,37579,7538,47317,39676,6877,,,,29400,23998,4723,,,,,,,,,,46467,38291,6252,,,
NC-79,,,,,,,,45121,22400,21324,45308,23938,20518,,,,,,,,,,,,,57770,30743,24415,58028,34014,23190,,,,40757,22474,17392,,,,,,,,,,64422,40809,20221,,,
NC-80,,,,,,,,55937,23666,30646,56134,26815,28172,,,,,,,,,,,,,68018,32138,33311,68232,37009,30303,,,,52337,27028,24157,,,,,,,,,,70211,43369,22325,,,
NC-81,,,,,,,,34787,14354,19107,34931,15495,18551,,,,,,,,,,,,,42331,17421,22548,42486,19679,22052,,,,26790,10858,15279,,,,,,,,,,43675,20979,20200,,,
NC-82,,,,,,,,38877,13649,23944,38944,14389,23803,,,,,,,,,,,,,48113,16945,28873,48334,18956,28643,,,,32047,10687,20602,,,,,,,,,,52651,22579,27237,,,
NC-83,,,,,,,,42452,11413,29631,42688,12932,29006,,,,,,,,,,,,,53766,15740,35351,54159,18081,35329,,,,37434,11025,25578,,,,,,,,,,59755,23967,32453,,,
NC-84,,,,,,,,39726,16094,22159,39910,17422,21723,,,,,,,,,,,,,52612,23045,26795,53049,25964,26277,,,,35950,16459,18681,,,,,,,,,,58166,32151,22772,,,
NC-85,,,,,,,,45193,11877,31417,45447,13999,30271,,,,,,,,,,,,,52286,13658,36573,52610,15722,36291,,,,36436,8537,26997,,,,,,,,,,52468,17018,33027,,,
NC-86,,,,,,,,42446,12726,27738,42763,14895,26869,,,,,,,,,,,,,48698,14520,31851,49025,16626,31805,,,,33069,9743,22565,,,,,,,,,,49621,17944,29316,,,
NC-87,,,,,,,,44016,10244,31607,44350,12035,31200,,,,,,,,,,,,,51678,12367,36836,52090,14333,37128,,,,34745,8016,25973,,,,,,,,,,51923,15636,33659,,,
NC-88,,,,,,,,51186,19544,29365,51563,22490,27600,,,,,,,,,,,,,57091,22933,31475,57505,25547,31063,,,,42167,16670,24389,,,,,,,,,,58160,27932,27277,,,
NC-89,,,,,,,,45376,9109,34390,45628,11413,33296,,,,,,,,,,,,,51271,11236,37728,51646,13305,37813,,,,35881,6608,28489,,,,,,,,,,51510,14380,34599,,,
NC-90,,,,,,,,47693,10492,35327,47827,13632,33170,,,,,,,,,,,,,54343,12945,38917,54788,15227,39007,,,,37840,8433,28477,,,,,,,,,,55905,17796,35159,,,
NC-91,,,,,,,,48484,15988,30695,48634,18507,29125,,,,,,,,,,,,,54753,18122,34128,55145,20409,34100,,,,37659,11342,25342,,,,,,,,,,56087,21376,31923,,,
NC-92,,,,,,,,41902,17484,23468,42125,17907,23780,,,,,,,,,,,,,46085,18616,25828,46423,20110,25934,,,,29714,10589,18640,,,,,,,,,,45091,19007,24408,,,
NC-93,,,,,,,,53525,14848,36662,53840,16049,36787,,,,,,,,,,,,,59974,17520,39777,60422,19453,40257,,,,45629,12842,31785,,,,,,,,,,62783,23327,35873,,,
NC-94,,,,,,,,53370,19587,32044,53699,21012,31719,,,,,,,,,,,,,61560,22958,36106,62008,25335,35943,,,,45462,16130,28240,,,,,,,,,,62411,26126,33795,,,
NC-95,,,,,,,,46609,18054,27253,46887,18619,27286,,,,,,,,,,,,,55006,20271,32598,55447,22121,32413,,,,39920,14034,24813,,,,,,,,,,57199,21635,33578,,,
NC-96,,,,,,,,53673,34203,18614,53841,34747,18658,,,,,,,,,,,,,55719,34414,19767,56120,36047,19644,,,,35658,20640,14533,,,,,,,,,,51104,32246,17510,,,
NC-97,,,,,,,,46925,24814,20942,47135,25795,20689,,,,,,,,,,,,,52174,26615,23563,52498,28916,23019,,,,35208,17047,17390,,,,,,,,,,51314,28337,20989,,,
NC-98,,,,,,,,52504,31020,20412,52796,31360,21019,,,,,,,,,,,,,54105,31360,21021,54466,32966,21145,,,,35132,18801,15727,,,,,,,,,,51329,30818,19094,,,
NC-99,,,,,,,,45832,26293,18115,45973,27452,17698,,,,,,,,,,,,,48279,28835,17518,48565,30802,17017,,,,28586,16672,11248,,,,,,,,,,46294,30846,13521,,,
NC-100,,,,,,,,49209,19505,28343,49423,20651,28110,,,,,,,,,,,,,55812,23170,30647,56116,25194,30351,,,,37884,14942,22266,,,,,,,,,,56471,27528,26803,,,
NC-101,,,,,,,,52749,30046,21715,52928,31559,20855,,,,,,,,,,,,,55719,32014,21958,56068,34462,21106,,,,36596,19993,16005,,,,,,,,,,53483,34110,17566,,,
NC-102,,,,,,,,47406,19628,26351,47626,21222,25593,,,,,,,,,,,,,56521,23157,30839,56863,25670,30503,,,,41458,16650,23964,,,,,,,,,,62040,29858,29395,,,
NC-103,,,,,,,,42683,24239,17456,42877,24466,17865,,,,,,,,,,,,,45741,26000,18058,46054,27691,17867,,,,29148,15651,12976,,,,,,,,,,43129,25847,15762,,,
NC-104,,,,,,,,41867,12860,27865,42145,13451,28213,,,,,,,,,,,,,46021,14654,29605,46345,16097,29773,,,,30911,8621,21717,,,,,,,,,,45722,17075,26801,,,
ND-1,,,,,,,,43596,11910,29061,43302,12012,28882,,,,41015,25488,15233,,,,,,,,,,42313,17942,22601,,,,,,,,,,,,,41160,21614,19447,40861,18782,20179,,,
ND-2,,,,,,,,41216,7309,31943,41132,7571,31902,,,,41114,21780,19118,,,,,,,,,,48669,14801,31721,,,,,,,,,,,,,54122,21618,32387,53706,17602,33674,,,
ND-3,,,,,,,,40957,9385,29951,40260,9369,29066,,,,38495,19158,19121,,,,,,,,,,41728,12183,27474,,,,,,,,,,,,,41701,15530,26075,41306,12382,27003,,,
ND-4,,,,,,,,48314,7067,39279,47924,8945,37383,,,,46260,20830,25160,,,,,,,,,,48251,10659,33617,,,,,,,,,,,,,48275,15402,32757,47881,10973,34285,,,
ND-5,,,,,,,,39565,5273,32418,39199,7084,30312,,,,35893,14209,21428,,,,,,,,,,40390,8354,28887,,,,,,,,,,,,,40070,11449,28480,39813,8408,28746,,,
ND-6,,,,,,,,47831,6904,38830,47392,7821,37790,,,,46209,17357,28494,,,,,,,,,,50003,12064,31067,,,,,,,,,,,,,51709,15714,35755,51431,11343,36496,,,
ND-7,,,,,,,,39131,6103,31228,38854,8063,29351,,,,37337,14383,22788,,,,,,,,,,40690,8251,27951,,,,,,,,,,,,,41188,10899,30119,41038,8195,30064,,,
ND-8,,,,,,,,41891,4165,36078,41538,4990,35177,,,,39815,11171,28378,,,,,,,,,,45815,6671,32311,,,,,,,,,,,,,46102,9376,36549,45915,6358,36609,,,
NE-1,,,,,,,,,,,,,,,,,,,,24390,17334,7056,,,,28762,16553,10193,,,,,,,,,,,,,,,,,,,,,,,,
NE-2,,,,,,,,,,,,,,,,,,,,20505,13637,6868,,,,24558,12492,10150,,,,,,,,,,,,,,,,,,,,,,,,
NE-3,,,,,,,,,,,,,,,,,,,,38368,23478,14890,,,,39580,16226,20289,,,,,,,,,,,,,,,,,,,,,,,,
NE-4,,,,,,,,,,,,,,,,,,,,37218,19483,17735,,,,44301,16128,25238,,,,,,,,,,,,,,,,,,,,,,,,
NE-5,,,,,,,,,,,,,,,,,,,,45069,20199,24870,,,,51146,14533,33344,,,,,,,,,,,,,,,,,,,,,,,,
NE-6,,,,,,,,,,,,,,,,,,,,38805,14104,24701,,,,52025,11676,37531,,,,,,,,,,,,,,,,,,,,,,,,
NE-7,,,,,,,,,,,,,,,,,,,,34247,14814,19433,,,,42765,12642,27127,,,,,,,,,,,,,,,,,,,,,,,,
NE-8,,,,,,,,,,,,,,,,,,,,33313,12818,20495,,,,44324,10858,30636,,,,,,,,,,,,,,,,,,,,,,,,
NE-9,,,,,,,,,,,,,,,,,,,,34008,11775,22233,,,,43809,9696,31579,,,,,,,,,,,,,,,,,,,,,,,,
NE-10,,,,,,,,,,,,,,,,,,,,37972,13475,24497,,,,48487,9906,35883,,,,,,,,,,,,,,,,,,,,,,,,
NE-11,,,,,,,,,,,,,,,,,,,,35752,20787,14965,,,,41740,15890,23057,,,,,,,,,,,,,,,,,,,,,,,,
NE-12,,,,,,,,,,,,,,,,,,,,24705,14681,10024,,,,31435,12418,16906,,,,,,,,,,,,,,,,,,,,,,,,
NE-13,,,,,,,,,,,,,,,,,,,,43737,24461,19276,,,,47717,16755,28226,,,,,,,,,,,,,,,,,,,,,,,,
NE-14,,,,,,,,,,,,,,,,,,,,37401,9439,27962,,,,48449,7326,38414,,,,,,,,,,,,,,,,,,,,,,,,
NE-15,,,,,,,,,,,,,,,,,,,,36978,11673,25305,,,,46452,8289,35509,,,,,,,,,,,,,,,,,,,,,,,,
NE-16,,,,,,,,,,,,,,,,,,,,35764,7883,27881,,,,47104,6564,37477,,,,,,,,,,,,,,,,,,,,,,,,
NE-17,,,,,,,,,,,,,,,,,,,,28319,9104,19215,,,,38137,7993,27669,,,,,,,,,,,,,,,,,,,,,,,,
NE-18,,,,,,,,,,,,,,,,,,,,34906,9206,25700,,,,46172,7367,35781,,,,,,,,,,,,,,,,,,,,,,,,
NE-19,,,,,,,,,,,,,,,,,,,,40353,8543,31810,,,,51898,6605,42047,,,,,,,,,,,,,,,,,,,,,,,,
NE-20,,,,,,,,,,,,,,,,,,,,36171,9275,26896,,,,46952,7274,36451,,,,,,,,,,,,,,,,,,,,,,,,
NH-1,,,,,,,,51413,26206,22766,50494,24924,22980,,,,,,,40709,19211,20789,,,,56985,34156,21235,56804,19980,35813,,,,,,,,,,,,,,,,58720,28545,28761,,,
NH-2,,,,,,,,59634,29183,28304,58486,26559,29605,,,,,,,48275,22477,25272,,,,65180,37634,26253,65189,22697,41698,,,,,,,,,,,,,,,,64365,29250,33906,,,
NH-3,,,,,,,,56290,29333,24765,54649,27312,24900,,,,,,,44381,22387,21373,,,,58964,35516,21968,58677,22074,35779,,,,,,,,,,,,,,,,61150,30017,29913,,,
NH-4,,,,,,,,47794,24373,21432,46784,23585,20987,,,,,,,35722,18046,17135,,,,50377,31242,17970,50216,19061,30323,,,,,,,,,,,,,,,,50363,23889,25509,,,
NH-5,,,,,,,,56114,23224,30635,55338,22019,30889,,,,,,,43938,15732,27632,,,,61930,29928,30707,62016,15482,45717,,,,,,,,,,,,,,,,65481,23620,40577,,,
NH-6,,,,,,,,50382,24752,23547,49491,24052,22950,,,,,,,39473,19218,19536,,,,53900,31038,21650,53829,18444,34495,,,,,,,,,,,,,,,,55640,24768,29491,,,
NH-7,,,,,,,,51350,28299,20948,50132,27193,20745,,,,,,,40457,22044,17863,,,,54431,33806,19308,54104,22685,30566,,,,,,,,,,,,,,,,55469,29083,25030,,,
NH-8,,,,,,,,51677,20895,28290,50635,19119,28968,,,,,,,38195,14139,23554,,,,56013,27223,27532,56144,14426,40971,,,,,,,,,,,,,,,,57135,20679,35340,,,
NH-9,,,,,,,,50526,20053,28336,49485,17997,29387,,,,,,,36713,13117,23102,,,,55760,27208,27428,55966,13648,41662,,,,,,,,,,,,,,,,57207,19722,36472,,,
NH-10,,,,,,,,42084,21373,18735,41236,20460,18770,,,,,,,31583,14649,16407,,,,44344,26674,16390,42710,14134,27715,,,,,,,,,,,,,,,,43699,20659,22130,,,
NH-11,,,,,,,,54374,27357,25091,53780,27279,24240,,,,,,,42440,20046,21788,,,,58439,34718,22332,58344,20706,36855,,,,,,,,,,,,,,,,59976,27774,30975,,,
NH-12,,,,,,,,56675,26977,27334,55726,26525,26535,,,,,,,45140,20664,23690,,,,60615,34157,24921,60822,20930,38920,,,,,,,,,,,,,,,,63004,28113,33423,,,
NH-13,,,,,,,,56577,29682,24255,55330,28244,24432,,,,,,,44863,23881,20262,,,,60373,35877,22879,60213,23921,35194,,,,,,,,,,,,,,,,61488,29568,30442,,,
NH-14,,,,,,,,54250,22942,29194,53297,22321,28652,,,,,,,41713,16748,24361,,,,58603,31601,25656,58226,16451,40901,,,,,,,,,,,,,,,,59800,24462,34153,,,
NJ-1,97411,50023,24683,20400,1438,3829,145,,,,,,,9903,29433,12529,29433,12529,15714,,,,,,,42139,20500,20283,,,,23609,9247,14146,,,,,,,,,,,,,,,,28772,13718,14793
NJ-2,102219,49487,32537,18831,2170,2864,198,,,,,,,9011,30602,14712,30602,14712,14643,,,,,,,46187,23986,20516,,,,24587,10655,13742,,,,,,,,,,,,,,,,31134,16021,14896
NJ-3,99316,45087,19751,22561,12319,1708,461,,,,,,,8796,31155,16081,31155,16081,13899,,,,,,,44758,25524,18335,,,,26176,12594,13399,,,,,,,,,,,,,,,,31898,17590,14049
NJ-4,94903,50025,21065,15964,8248,1659,182,,,,,,,9085,32880,16362,32880,16362,15314,,,,,,,47127,26145,20020,,,,27506,12990,14330,,,,,,,,,,,,,,,,34277,18758,15248
NJ-5,95518,80165,7507,5028,1398,1498,155,,,,,,,16118,40677,14555,40677,14555,24823,,,,,,,55214,22952,31317,,,,38661,14183,24260,,,,,,,,,,,,,,,,44058,18251,25585
NJ-6,95814,65705,14203,10975,4035,2059,161,,,,,,,12522,34848,13634,34848,13634,19915,,,,,,,50943,22161,27762,,,,32026,11318,20443,,,,,,,,,,,,,,,,38671,16540,21852
NJ-7,95471,81516,7650,3067,1968,1500,89,,,,,,,17273,40744,13356,40744,13356,26203,,,,,,,58789,21681,36155,,,,39362,12490,26595,,,,,,,,,,,,,,,,48734,18058,30404
NJ-8,94969,79163,8926,3645,1889,1423,87,,,,,,,18129,38639,12113,38639,12113,25330,,,,,,,56434,19832,35620,,,,38215,11145,26788,,,,,,,,,,,,,,,,46220,16317,29624
NJ-9,98954,76865,11710,4727,4603,1442,69,,,,,,,16827,37356,12579,37356,12579,23602,,,,,,,54568,20545,32966,,,,34735,10452,24046,,,,,,,,,,,,,,,,41785,14850,26695
NJ-10,98652,81526,10070,3392,2261,1497,105,,,,,,,18811,42324,14139,42324,14139,26590,,,,,,,59841,22490,36209,,,,39838,12277,27232,,,,,,,,,,,,,,,,47394,18362,28755
NJ-11,100453,80123,10236,5671,3150,1331,99,,,,,,,19849,42143,14255,42143,14255,26708,,,,,,,59773,22350,36359,,,,39684,13114,26322,,,,,,,,,,,,,,,,47848,17594,29955
NJ-12,102869,83871,12552,3575,745,844,42,,,,,,,4877,14755,5908,14755,5908,8617,,,,,,,25723,5552,20014,,,,15402,5891,9468,,,,,,,,,,,,,,,,29977,3607,26267
NJ-13,101484,79522,11776,4647,3955,1042,103,,,,,,,11180,29904,11112,29904,11112,17911,,,,,,,46365,16630,28845,,,,28893,10141,18549,,,,,,,,,,,,,,,,40296,10964,29139
NJ-14,99845,60027,14604,20733,3831,1596,110,,,,,,,13051,40971,22393,40971,22393,17174,,,,,,,55537,32630,21843,,,,35324,18557,16403,,,,,,,,,,,,,,,,43154,25138,17693
NJ-15,101643,64848,19819,8878,3851,1774,135,,,,,,,13909,36546,17046,36546,17046,18354,,,,,,,50345,25690,23710,,,,31926,14243,17411,,,,,,,,,,,,,,,,38848,19312,19285
NJ-16,104064,79861,6818,12045,4149,1681,155,,,,,,,11591,39856,17426,39856,17426,21062,,,,,,,61306,28499,31546,,,,36032,14703,21104,,,,,,,,,,,,,,,,46586,22256,23930
NJ-17,98807,74148,7028,12540,4047,1546,120,,,,,,,10863,36540,16668,36540,16668,18420,,,,,,,53710,26991,25667,,,,32993,14756,17940,,,,,,,,,,,,,,,,41874,21747,19785
NJ-18,99799,71529,8305,15067,4108,1877,138,,,,,,,9994,36306,18209,36306,18209,16608,,,,,,,54903,29999,23730,,,,31723,15500,15932,,,,,,,,,,,,,,,,40984,23034,17550
NJ-19,103199,51555,15849,32019,3830,2209,155,,,,,,,7378,33477,19863,33477,19863,12373,,,,,,,49953,31597,17860,,,,28424,16074,12128,,,,,,,,,,,,,,,,36302,22997,13047
NJ-20,99535,66053,9795,17328,5881,1731,142,,,,,,,8101,33744,18104,33744,18104,14385,,,,,,,50977,29871,20531,,,,29252,15366,13621,,,,,,,,,,,,,,,,37710,22905,14529
NJ-21,97892,75664,7435,10193,3685,1452,135,,,,,,,9618,43694,26032,43694,26032,15905,,,,,,,58994,38794,19560,,,,37165,23330,13478,,,,,,,,,,,,,,,,46581,32357,13932
NJ-22,97658,6848,49181,41037,4611,2456,388,,,,,,,964,20373,17591,20373,17591,2032,,,,,,,30118,26269,3512,,,,11930,10281,1567,,,,,,,,,,,,,,,,17410,15423,1843
NJ-23,97260,63673,7123,9066,16947,1105,151,,,,,,,8860,40945,24799,40945,24799,14950,,,,,,,56334,36854,18994,,,,33938,21624,12086,,,,,,,,,,,,,,,,42371,28768,13374
NJ-24,98109,65505,11512,12829,7683,1667,169,,,,,,,10261,39698,21671,39698,21671,16713,,,,,,,53924,32496,20854,,,,32181,18018,13992,,,,,,,,,,,,,,,,41174,25882,15064
NJ-25,99489,42950,11811,39194,4209,2061,176,,,,,,,7131,38132,25509,38132,25509,11244,,,,,,,51342,37022,13676,,,,28354,19081,9074,,,,,,,,,,,,,,,,37543,27545,9739
NJ-26,97537,71147,5887,9762,10063,1208,156,,,,,,,11926,43849,22324,43849,22324,20179,,,,,,,60234,34893,24677,,,,37054,19881,16994,,,,,,,,,,,,,,,,45820,27616,17947
NJ-27,98549,73774,8021,11744,3998,1982,247,,,,,,,13830,40251,17380,40251,17380,21596,,,,,,,55284,26892,27592,,,,35344,15175,19978,,,,,,,,,,,,,,,,42284,21071,20957
NJ-28,99961,61377,8838,19725,9547,1616,174,,,,,,,12909,39557,19987,39557,19987,18249,,,,,,,54463,30832,22791,,,,34503,17521,16741,,,,,,,,,,,,,,,,41895,24647,16974
NJ-29,98252,79686,10032,3729,3668,1179,128,,,,,,,16600,39594,15276,39594,15276,22855,,,,,,,58480,24787,32417,,,,38602,13791,24428,,,,,,,,,,,,,,,,45578,19546,25737
NJ-30,100573,81992,6519,3642,7308,860,106,,,,,,,20945,47932,17460,47932,17460,28864,,,,,,,65978,27307,37571,,,,44919,15974,28613,,,,,,,,,,,,,,,,53025,21675,31065
NJ-31,102414,72998,14797,5264,8490,1190,119,,,,,,,15765,40231,16319,40231,16319,22845,,,,,,,58804,25313,32446,,,,37178,13718,23208,,,,,,,,,,,,,,,,44050,18216,25563
NJ-32,99174,66713,10593,6476,14838,940,101,,,,,,,13341,37981,17943,37981,17943,18943,,,,,,,57218,28089,28088,,,,34667,14942,19460,,,,,,,,,,,,,,,,42474,20063,22112
NJ-33,99810,59341,11259,7129,21686,952,99,,,,,,,13257,37927,18617,37927,18617,18271,,,,,,,53986,27957,24955,,,,35138,16970,17907,,,,,,,,,,,,,,,,44808,23542,20938
NJ-34,100864,63701,16824,10954,9104,1471,119,,,,,,,14027,38293,18402,38293,18402,18265,,,,,,,53979,28802,24298,,,,34072,16953,16855,,,,,,,,,,,,,,,,41370,23933,17170
NJ-35,96505,8979,42920,45110,1262,2735,280,,,,,,,1000,16349,14231,16349,14231,1527,,,,,,,23517,20832,2265,,,,10101,8918,1115,,,,,,,,,,,,,,,,14481,13029,1313
NJ-36,98575,43253,15120,9900,29997,1226,146,,,,,,,8301,35519,23151,35519,23151,11136,,,,,,,48796,34036,14120,,,,28518,19468,8775,,,,,,,,,,,,,,,,36002,26533,9248
NJ-37,103459,68908,11037,14760,7829,1300,133,,,,,,,14141,46726,25809,46726,25809,19123,,,,,,,60517,36913,22508,,,,40182,23206,16645,,,,,,,,,,,,,,,,49045,31527,17196
NJ-38,97468,81168,6894,3089,4601,1160,86,,,,,,,20808,47056,16928,47056,16928,28442,,,,,,,62735,25863,35322,,,,42150,15379,26368,,,,,,,,,,,,,,,,50255,22161,27682
NJ-39,95695,73320,11090,6787,3049,1558,132,,,,,,,15017,34988,12544,34988,12544,20896,,,,,,,51460,20902,29132,,,,31990,11100,20504,,,,,,,,,,,,,,,,39379,16611,22424
NJ-40,103876,42567,9204,12353,39579,1009,187,,,,,,,7019,37110,25727,37110,25727,10236,,,,,,,49003,35929,12357,,,,27592,19836,7524,,,,,,,,,,,,,,,,36363,27337,8680
NJ-41,103393,49481,17701,16095,20106,1478,128,,,,,,,11611,38832,21688,38832,21688,15808,,,,,,,53932,32524,20543,,,,33155,18262,14653,,,,,,,,,,,,,,,,41490,26161,14876
NJ-42,95549,54445,17007,5710,17694,1257,107,,,,,,,14071,37615,17620,37615,17620,18663,,,,,,,50422,26830,22865,,,,32678,15174,17220,,,,,,,,,,,,,,,,40438,22237,17876
NJ-43,97601,55135,17971,7325,16303,1148,103,,,,,,,14260,40883,19007,40883,19007,20707,,,,,,,53709,28589,24570,,,,33487,15624,17659,,,,,,,,,,,,,,,,39801,21504,17950
NJ-44,95422,68280,9980,3851,12183,715,98,,,,,,,13844,42913,20648,42913,20648,21309,,,,,,,54263,30589,23201,,,,35155,18052,16881,,,,,,,,,,,,,,,,44832,25372,19256
NJ-45,104179,71894,15775,5291,9990,1554,113,,,,,,,15728,47306,22807,47306,22807,23154,,,,,,,61998,34419,27053,,,,39805,20170,19367,,,,,,,,,,,,,,,,48986,27642,21101
NJ-46,101319,61518,27904,4632,6878,1633,92,,,,,,,14057,39865,17735,39865,17735,20755,,,,,,,54279,27286,26219,,,,33874,14517,19107,,,,,,,,,,,,,,,,42888,21860,20752
NJ-47,96285,69692,13293,4924,7461,1034,102,,,,,,,16314,40872,15826,40872,15826,23741,,,,,,,57340,26293,30133,,,,36007,14028,21695,,,,,,,,,,,,,,,,43666,20535,22886
NJ-48,102119,83698,10034,3248,3232,1503,60,,,,,,,18501,43768,14350,43768,14350,27317,,,,,,,61294,23924,35604,,,,39052,12286,26306,,,,,,,,,,,,,,,,46391,18490,27543
NJ-49,101256,83729,9824,2676,3337,1534,72,,,,,,,17343,43587,15480,43587,15480,26465,,,,,,,61467,25018,35049,,,,39047,13634,25056,,,,,,,,,,,,,,,,46763,19568,26938
NJ-50,94879,31344,14386,13482,35866,1232,148,,,,,,,7144,30088,19181,30088,19181,9969,,,,,,,43857,29542,13370,,,,23975,15340,8390,,,,,,,,,,,,,,,,32586,22997,9255
NJ-51,96023,54730,13481,8162,18497,1039,139,,,,,,,10657,33121,16625,33121,16625,15383,,,,,,,47065,25422,20474,,,,28270,13776,14210,,,,,,,,,,,,,,,,35249,19338,15574
NJ-52,101252,35762,18813,18208,28529,1448,154,,,,,,,9169,32381,19166,32381,19166,12166,,,,,,,44487,27640,15831,,,,25481,14758,10435,,,,,,,,,,,,,,,,34537,22621,11558
NJ-53,98683,29332,38427,13082,18177,2050,188,,,,,,,3806,21631,15569,21631,15569,5289,,,,,,,27598,19676,7151,,,,14563,9829,4534,,,,,,,,,,,,,,,,20172,14713,5238
NJ-54,100961,28650,8183,7937,56039,1007,104,,,,,,,7708,27855,16857,27855,16857,10083,,,,,,,40511,26044,13568,,,,23732,14806,8663,,,,,,,,,,,,,,,,31685,21870,9495
NJ-55,97965,27370,53712,12314,7662,1939,225,,,,,,,5553,22711,14028,22711,14028,8064,,,,,,,34077,20994,12045,,,,17288,9217,7904,,,,,,,,,,,,,,,,24064,14771,9046
NJ-56,101412,57864,9805,4188,28820,841,124,,,,,,,14633,40252,17880,40252,17880,21115,,,,,,,55117,27928,26534,,,,35167,15615,19346,,,,,,,,,,,,,,,,43529,22360,20889
NJ-57,104078,78767,9941,3328,11241,720,98,,,,,,,15190,46533,20162,46533,20162,25016,,,,,,,62671,30201,31841,,,,41779,17987,23576,,,,,,,,,,,,,,,,50424,24048,26185
NJ-58,103914,72291,17112,4869,9324,964,76,,,,,,,14008,40909,17846,40909,17846,21792,,,,,,,57648,27785,28664,,,,35245,14459,20573,,,,,,,,,,,,,,,,42725,20082,22353
NJ-59,94970,73684,9506,2785,7814,1167,103,,,,,,,15975,42741,17797,42741,17797,23624,,,,,,,58341,27447,29915,,,,37202,15662,21294,,,,,,,,,,,,,,,,44237,20611,23457
NJ-60,99687,76704,8719,1831,11626,692,84,,,,,,,16357,47120,21461,47120,21461,24424,,,,,,,63329,33157,29437,,,,40238,18892,21141,,,,,,,,,,,,,,,,47942,23957,23824
NJ-61,95209,58840,14932,4504,17044,697,260,,,,,,,10764,36661,19667,36661,19667,16042,,,,,,,52004,28848,22335,,,,30397,15397,14852,,,,,,,,,,,,,,,,36869,19516,17194
NJ-62,101282,52274,33094,8288,8921,1313,121,,,,,,,7968,29292,15843,29292,15843,12477,,,,,,,43337,24595,17671,,,,23470,11459,11857,,,,,,,,,,,,,,,,29953,16501,13271
NJ-63,99234,26726,47475,18621,8648,2469,168,,,,,,,5139,26006,16951,26006,16951,8339,,,,,,,39151,26519,11414,,,,18287,10376,7748,,,,,,,,,,,,,,,,25466,16408,8825
NJ-64,99465,8534,62262,29831,2482,2089,271,,,,,,,852,19287,16790,19287,16790,2071,,,,,,,27656,23599,2959,,,,10150,8716,1323,,,,,,,,,,,,,,,,15184,12914,2058
NJ-65,97082,17216,68527,10857,3801,4126,213,,,,,,,1870,17548,13096,17548,13096,3934,,,,,,,27156,19200,6926,,,,10712,7388,3221,,,,,,,,,,,,,,,,17391,11724,5510
NJ-66,100210,52898,28724,6435,12944,1313,161,,,,,,,8237,33284,17917,33284,17917,14168,,,,,,,48889,27853,19707,,,,26254,13204,12823,,,,,,,,,,,,,,,,35010,19784,14949
NJ-67,102010,53704,20987,6457,21690,971,137,,,,,,,11128,39397,21099,39397,21099,17048,,,,,,,55269,32338,22013,,,,32048,17418,14448,,,,,,,,,,,,,,,,39794,22682,16899
NJ-68,100276,64900,7702,2145,25014,535,94,,,,,,,13157,42070,21150,42070,21150,19969,,,,,,,58840,32890,25319,,,,34569,17223,17182,,,,,,,,,,,,,,,,42765,21728,20878
NJ-69,104500,32354,21906,11725,39575,1325,157,,,,,,,5416,30362,20400,30362,20400,9187,,,,,,,43731,29286,13668,,,,21898,14145,7623,,,,,,,,,,,,,,,,28202,18027,10040
NJ-70,96153,30531,32594,24266,10960,1795,145,,,,,,,4300,32910,24872,32910,24872,7227,,,,,,,44368,32813,10735,,,,23656,17249,6270,,,,,,,,,,,,,,,,32237,22226,9828
NJ-71,103656,29294,56694,5765,12927,2984,200,,,,,,,4245,27508,18845,27508,18845,7965,,,,,,,37951,24689,12337,,,,18810,11961,6728,,,,,,,,,,,,,,,,25293,16095,8992
NJ-72,104540,20428,66741,6386,12793,3342,214,,,,,,,2321,23260,17565,23260,17565,5050,,,,,,,31967,22517,8702,,,,14673,10627,3967,,,,,,,,,,,,,,,,21854,16023,5614
NJ-73,96341,49830,22320,5604,18943,1056,118,,,,,,,8260,29747,15826,29747,15826,12853,,,,,,,43246,24120,18067,,,,24513,12153,12176,,,,,,,,,,,,,,,,31072,17295,13582
NJ-74,103060,42744,41048,5380,11068,1925,202,,,,,,,5952,25210,14487,25210,14487,9926,,,,,,,37481,21751,14575,,,,19244,9575,9539,,,,,,,,,,,,,,,,26132,14920,10962
NJ-75,103648,18634,70622,7489,9712,3713,234,,,,,,,1949,25514,20620,25514,20620,4296,,,,,,,31834,23576,7366,,,,19266,15775,3362,,,,,,,,,,,,,,,,25296,20554,4447
NJ-76,104539,56041,12688,5670,29674,791,203,,,,,,,3755,28909,21324,28909,21324,6699,,,,,,,38822,29500,8614,,,,18364,13555,4613,,,,,,,,,,,,,,,,28851,21138,7406
NJ-77,101312,23889,28336,14233,35836,1849,283,,,,,,,1797,20723,16870,20723,16870,3263,,,,,,,29870,23256,5705,,,,14267,11175,2833,,,,,,,,,,,,,,,,20413,16175,3698
NJ-78,100368,21777,23997,38901,17333,1647,321,,,,,,,1275,25065,21868,25065,21868,2475,,,,,,,34926,30210,3832,,,,17357,14865,2244,,,,,,,,,,,,,,,,24732,21128,3134
NJ-79,101382,37122,30151,20134,15398,1689,275,,,,,,,4212,24305,16463,24305,16463,7167,,,,,,,36791,24451,11244,,,,18183,11219,6792,,,,,,,,,,,,,,,,24245,15985,7880
NJ-80,104598,38838,35233,25151,5602,2208,207,,,,,,,7457,34238,21701,34238,21701,11617,,,,,,,45663,30566,14448,,,,26866,16494,10181,,,,,,,,,,,,,,,,35194,23492,11437
NJ-81,104497,59936,20494,16405,7522,1437,94,,,,,,,11994,42890,25010,42890,25010,16609,,,,,,,56412,35507,20009,,,,35302,20301,14727,,,,,,,,,,,,,,,,44595,28045,16255
NJ-82,98823,28272,33291,28712,9728,1695,185,,,,,,,4857,28744,20223,28744,20223,7652,,,,,,,40494,28977,10551,,,,19311,12467,6624,,,,,,,,,,,,,,,,28204,20263,7600
NJ-83,102042,39885,21933,12089,28582,1311,152,,,,,,,8292,28774,16081,28774,16081,11725,,,,,,,43950,25778,17051,,,,24046,12510,11292,,,,,,,,,,,,,,,,33560,20603,12679
NJ-84,99470,34089,19329,35530,9511,1100,135,,,,,,,5817,35022,24626,35022,24626,9490,,,,,,,48572,34980,12822,,,,25506,17479,7812,,,,,,,,,,,,,,,,36646,26698,9645
NJ-85,101914,50122,12203,17901,21329,955,121,,,,,,,7414,41423,28066,41423,28066,12370,,,,,,,54699,39006,15036,,,,30845,21511,9141,,,,,,,,,,,,,,,,40676,28489,12020
NJ-86,101901,48100,21067,24045,9253,1623,169,,,,,,,4444,40701,31609,40701,31609,7860,,,,,,,52853,41989,9938,,,,30257,23793,6203,,,,,,,,,,,,,,,,41941,34350,7400
NJ-87,104590,2467,19029,83542,1260,1848,200,,,,,,,421,26404,25101,26404,25101,861,,,,,,,35276,33590,1252,,,,16340,15604,666,,,,,,,,,,,,,,,,23954,22718,1131
NJ-88,97296,24587,11347,58106,3862,1199,136,,,,,,,1640,32347,29201,32347,29201,2582,,,,,,,40427,36960,2932,,,,22611,20542,1913,,,,,,,,,,,,,,,,30144,27769,2245
NJ-89,96628,1318,13808,82224,577,1218,158,,,,,,,182,21340,20503,21340,20503,485,,,,,,,27928,26759,857,,,,12166,11739,366,,,,,,,,,,,,,,,,18094,17245,741
NJ-90,95778,5200,25738,63710,3775,1761,208,,,,,,,300,18619,17448,18619,17448,796,,,,,,,25636,23510,1707,,,,10361,9714,582,,,,,,,,,,,,,,,,15912,14829,970
NJ-91,101595,13881,64474,20055,5918,2313,266,,,,,,,2562,22566,17243,22566,17243,4754,,,,,,,29207,21456,7187,,,,13909,9631,4205,,,,,,,,,,,,,,,,21100,15292,5675
NJ-92,99770,17161,55079,18368,1380,1990,230,,,,,,,819,11050,8878,11050,8878,1895,,,,,,,17220,13589,3268,,,,5883,4239,1586,,,,,,,,,,,,,,,,9731,7361,2260
NJ-93,100855,13933,64957,20089,2995,2386,180,,,,,,,1893,18046,13834,18046,13834,3743,,,,,,,25651,18785,6315,,,,10219,7017,3105,,,,,,,,,,,,,,,,16248,11748,4269
NM-1,,,,,,,,,,,,,,,,,29447,7611,16806,29387,7917,21470,,,,41241,10258,29826,,,,,,,,,,31788,7706,23035,,,,41435,12511,28924,,,,,,
NM-2,,,,,,,,,,,,,,,,,26289,17283,4111,26276,18547,7729,,,,37009,24121,11648,,,,,,,,,,27649,18053,8338,,,,35319,23631,11688,,,,,,
NM-3,,,,,,,,,,,,,,,,,31564,15438,10632,31505,15705,15800,,,,41001,17822,22243,,,,,,,,,,32225,13526,18006,,,,41423,19765,21658,,,,,,
NM-4,,,,,,,,,,,,,,,,,25204,14803,6471,25118,15702,9416,,,,34484,19343,14155,,,,,,,,,,25392,14197,10739,,,,33128,19956,13172,,,,,,
NM-5,,,,,,,,,,,,,,,,,20926,13749,3932,20906,14957,5949,,,,30424,19519,10125,,,,,,,,,,20640,12559,7630,,,,29913,18873,11040,,,,,,
NM-6,,,,,,,,,,,,,,,,,38018,20228,11168,37947,21765,16182,,,,51314,26635,23299,,,,,,,,,,39436,20695,18204,,,,50171,28432,21739,,,,,,
NM-7,,,,,,,,,,,,,,,,,36107,25014,5771,36033,26899,9134,,,,45310,30853,13166,,,,,,,,,,34945,24454,10044,,,,43053,30699,12354,,,,,,
NM-8,,,,,,,,,,,,,,,,,44537,27505,10114,44409,29104,15305,,,,55411,33665,20166,,,,,,,,,,44310,28329,15443,,,,52777,35215,17562,,,,,,
NM-9,,,,,,,,,,,,,,,,,43295,22713,12813,43152,24314,18838,,,,54491,28158,24716,,,,,,,,,,42712,23108,18982,,,,51386,30408,20978,,,,,,
NM-10,,,,,,,,,,,,,,,,,32148,15170,11329,32077,16431,15646,,,,47326,21689,24422,,,,,,,,,,37025,17399,19066,,,,49574,25455,24119,,,,,,
NM-11,,,,,,,,,,,,,,,,,41182,22979,11295,41035,24413,16622,,,,53847,29539,22959,,,,,,,,,,44400,24981,18771,,,,54669,32501,22168,,,,,,
NM-12,,,,,,,,,,,,,,,,,53419,31968,14245,53290,33245,20045,,,,64835,37800,25757,,,,,,,,,,55607,33514,21596,,,,64489,40557,23932,,,,,,
NM-13,,,,,,,,,,,,,,,,,39314,29943,4701,39293,31772,7521,,,,48484,36912,10623,,,,,,,,,,40186,31369,8529,,,,48631,37613,11018,,,,,,
NM-14,,,,,,,,,,,,,,,,,38654,27737,5094,38730,29771,8959,,,,47702,33037,13837,,,,,,,,,,37821,26297,11168,,,,44901,31398,13503,,,,,,
NM-15,,,,,,,,,,,,,,,,,27171,9359,13439,27233,9902,17331,,,,36875,11877,23818,,,,,,,,,,27339,8018,17948,,,,35530,12366,23164,,,,,,
NM-16,,,,,,,,,,,,,,,,,26801,7842,14920,26874,7727,19147,,,,36677,8985,26939,,,,,,,,,,26936,5815,20673,,,,35876,9938,25938,,,,,,
NM-17,,,,,,,,,,,,,,,,,19467,5602,11515,19566,5338,14228,,,,28884,6477,21714,,,,,,,,,,19875,3718,15745,,,,28889,7313,21576,,,,,,
NM-18,,,,,,,,,,,,,,,,,30337,10969,15015,30300,11123,19177,,,,40843,13081,26633,,,,,,,,,,31444,9766,20672,,,,40399,14945,25454,,,,,,
NM-19,,,,,,,,,,,,,,,,,34826,17691,12242,34868,18092,16776,,,,43852,19909,22751,,,,,,,,,,35415,15998,18469,,,,44065,21691,22374,,,,,,
NM-20,,,,,,,,,,,,,,,,,26980,15325,8360,27091,16026,11065,,,,36213,20700,14263,,,,,,,,,,24973,13428,10606,,,,36786,19891,16895,,,,,,
NM-21,,,,,,,,,,,,,,,,,31326,18069,8840,31369,19618,11751,,,,41014,24103,15423,,,,,,,,,,29396,17195,11001,,,,40846,24132,16714,,,,,,
NV-1,98362,52506,30292,4965,7206,4010,1421,39117,21784,14521,,,,,,,35103,21197,12590,35058,20678,12578,,,,,,,,,,,,,33778,21114,11658,33712,20274,12070,,,,44052,26506,14966,,,,,,
NV-2,98733,70932,13337,2380,9077,2590,756,50864,20328,27919,,,,,,,48293,21029,25847,48260,20770,25690,,,,,,,,,,,,,52808,24426,27210,52745,23361,27902,,,,66485,30952,32737,,,,,,
NV-3,96474,57529,21868,4557,9504,3327,1338,40430,20633,16757,,,,,,,36002,20385,14242,35990,19875,14331,,,,,,,,,,,,,35833,20639,14217,35781,19918,14502,,,,50195,27966,19291,,,,,,
NV-4,96219,49551,30397,4253,8777,3905,1610,37363,17881,16520,,,,,,,33166,17044,14572,33140,16596,14734,,,,,,,,,,,,,33244,17267,14852,33207,16661,15082,,,,46328,23546,19664,,,,,,
NV-5,97295,57643,26461,2597,4937,6055,1183,40183,15124,21716,,,,,,,35663,14173,19737,35650,13765,19893,,,,,,,,,,,,,38617,15171,22065,38597,14432,22306,,,,54254,21807,28964,,,,,,
NV-6,99859,69363,20091,1990,3722,4956,713,48170,17085,27644,,,,,,,44649,16633,26140,44621,16274,26028,,,,,,,,,,,,,48118,18652,27879,48072,17738,28316,,,,60448,23736,33536,,,,,,
NV-7,101112,72666,15604,2457,3415,7158,824,43309,11047,28604,,,,,,,38808,9810,26819,38793,9334,26736,,,,,,,,,,,,,42696,11199,29639,42668,10572,29719,,,,57626,15506,38324,,,,,,
NV-8,97481,64599,22431,1897,1890,7130,590,35835,6614,25741,,,,,,,30530,5832,22903,30521,5243,22738,,,,,,,,,,,,,32681,6548,24558,32666,5761,24558,,,,43023,8640,30836,,,,,,
NV-9,98763,70388,16581,4347,3726,3632,973,37809,10566,23361,,,,,,,35416,10349,23055,35415,9823,22379,,,,,,,,,,,,,43524,12979,28850,43477,12637,28925,,,,58425,17875,37128,,,,,,
NV-10,103507,11594,68323,20858,2957,3622,931,17186,12949,2625,,,,,,,12568,9834,2095,12532,9498,2111,,,,,,,,,,,,,10375,7458,2422,10335,7225,2539,,,,19581,12993,4745,,,,,,
NV-11,103166,22375,57233,14052,9151,3398,1406,29682,17973,8983,,,,,,,23738,15202,7366,23698,14755,7489,,,,,,,,,,,,,20819,12334,7686,20756,11971,7805,,,,33685,18989,12119,,,,,,
NV-12,99810,16966,61664,15815,5150,3664,945,20456,14554,3890,,,,,,,15887,11967,3109,15852,11526,3147,,,,,,,,,,,,,14378,10111,3641,14325,9779,3780,,,,24331,15737,6530,,,,,,
NV-13,104004,27118,53807,15169,7199,3475,1712,27671,17048,7793,,,,,,,21686,14086,6491,21684,13644,6577,,,,,,,,,,,,,20792,12847,7019,20726,12521,7105,,,,31846,18357,11044,,,,,,
NV-14,100825,19761,55542,18570,6711,3301,1472,24179,16115,5611,,,,,,,19293,13623,4706,19278,13125,4823,,,,,,,,,,,,,17849,11797,5321,17779,11426,5471,,,,28595,17532,8790,,,,,,
NV-15,99411,24897,37038,29885,7137,3018,1811,33377,21205,9078,,,,,,,27565,18564,7757,27594,18107,7841,,,,,,,,,,,,,25312,15881,8454,25243,15550,8550,,,,38740,23400,12552,,,,,,
NV-16,97985,26325,31146,29576,10938,2923,2348,27554,16783,8340,,,,,,,23286,15291,6942,23290,14998,6951,,,,,,,,,,,,,26094,16371,8845,26034,16003,8923,,,,44662,26717,14900,,,,,,
NV-17,101698,44256,25847,19015,11522,2839,2316,40489,20279,16886,,,,,,,35493,18797,15252,35506,18481,15280,,,,,,,,,,,,,38520,19982,17355,38424,19395,17553,,,,56873,28763,24768,,,,,,
NV-18,105106,34316,32097,23777,14025,3239,1975,26687,15522,8716,,,,,,,21453,13408,7182,21449,13221,7129,,,,,,,,,,,,,20501,12372,7452,20438,12013,7582,,,,30707,17552,11182,,,,,,
NV-19,105080,45175,29786,12881,15465,2927,3033,39528,20278,15796,,,,,,,33138,18403,13339,33111,18103,13308,,,,,,,,,,,,,33030,17418,14582,32971,16993,14736,,,,46652,23346,20623,,,,,,
NV-20,101372,45061,22299,13131,19678,2481,1760,38300,19266,15978,,,,,,,32116,17519,13371,32092,17269,13326,,,,,,,,,,,,,31002,16384,13821,30946,15971,13964,,,,43777,21922,19568,,,,,,
NV-21,99069,43690,27642,15520,11164,2747,1743,39329,20532,15446,,,,,,,33163,18733,13099,33155,18448,13134,,,,,,,,,,,,,32469,17996,13581,32374,17477,13804,,,,45698,24279,18816,,,,,,
NV-22,100477,58439,17733,11575,11289,2600,1637,47175,20683,23165,,,,,,,42178,19988,20695,42197,19819,20710,,,,,,,,,,,,,44516,20957,22515,44417,20366,22873,,,,60032,27802,29397,,,,,,
NV-23,95946,52576,18197,13112,11013,2829,1964,36263,15139,18215,,,,,,,32925,15377,16359,32925,15224,16284,,,,,,,,,,,,,36600,16649,18939,36545,16106,19196,,,,54354,24439,27122,,,,,,
NV-24,100131,54074,14220,9185,21908,1755,1559,37884,16942,18589,,,,,,,35670,17832,16871,35664,17725,16759,,,,,,,,,,,,,41414,20130,20464,41362,19460,20929,,,,59241,28222,28595,,,,,,
NV-25,97185,35342,21748,16205,22988,2430,2138,27917,15296,10038,,,,,,,24492,14501,8997,24493,14411,8912,,,,,,,,,,,,,26066,14504,10784,26023,14218,10878,,,,41101,21490,17211,,,,,,
NV-26,98819,33006,17780,13234,34103,2083,2914,26747,13520,10961,,,,,,,24210,13888,9475,24229,13707,9451,,,,,,,,,,,,,28253,15058,12458,28227,14736,12648,,,,47817,23792,21290,,,,,,
NV-27,100280,41784,20087,11014,26074,2419,3430,31729,15446,13555,,,,,,,28395,15534,11727,28391,15377,11691,,,,,,,,,,,,,33238,17149,15204,33192,16692,15451,,,,52791,25779,24153,,,,,,
NV-28,102339,43443,29129,15880,12515,3316,2084,32510,16286,12942,,,,,,,28313,15125,11782,28301,14760,11801,,,,,,,,,,,,,31458,15969,14353,31365,15524,14541,,,,48634,23948,21557,,,,,,
NV-29,101018,56928,15439,8474,18753,2167,2278,43031,18381,22064,,,,,,,40427,19266,20098,40419,19202,19979,,,,,,,,,,,,,45443,21613,22916,45384,21095,23269,,,,62533,29301,30608,,,,,,
NV-30,100743,53700,21373,11185,13074,2855,2161,42266,20093,18631,,,,,,,37029,19833,15767,37022,19630,15744,,,,,,,,,,,,,36832,19586,16246,36769,18985,16618,,,,51457,26422,22250,,,,,,
NV-31,102345,69315,15714,6433,8468,2910,1508,45254,16642,24994,,,,,,,41477,16848,22817,41469,16619,22766,,,,,,,,,,,,,44590,17755,25402,44511,17131,25782,,,,60444,23660,33586,,,,,,
NY-1,,,,,,,,40554,26567,13189,,,,,,,36312,23044,13259,36441,22140,13536,,,,,,,,,,,,,38142,22005,15990,38403,21282,17101,,,,48337,29002,19191,,,,,,
NY-2,,,,,,,,45621,25349,19536,,,,,,,39144,19628,19502,39474,18313,20259,,,,,,,,,,,,,43334,18636,24537,43801,17911,25856,,,,53358,24577,28626,,,,,,
NY-3,,,,,,,,43254,26871,15438,,,,,,,35883,20941,14932,36073,19539,15514,,,,,,,,,,,,,36957,17983,18812,37329,17384,19916,,,,48114,24752,23142,,,,,,
NY-4,,,,,,,,41685,24581,16379,,,,,,,33578,17898,15674,33854,16937,16244,,,,,,,,,,,,,36363,15200,21015,36773,14463,22283,,,,48739,22353,26223,,,,,,
NY-5,,,,,,,,37792,20536,16497,,,,,,,30267,14463,15790,30546,13631,16158,,,,,,,,,,,,,32837,11850,20841,33350,11108,22216,,,,43629,17579,25931,,,,,,
NY-6,,,,,,,,43461,25842,16751,,,,,,,36159,19419,16731,36438,17960,17452,,,,,,,,,,,,,38405,16340,21916,38916,15524,23361,,,,49561,22828,26609,,,,,,
NY-7,,,,,,,,43944,24148,18978,,,,,,,34646,16351,18288,34989,15298,18903,,,,,,,,,,,,,38243,13748,24331,38766,12953,25784,,,,51015,20333,30469,,,,,,
NY-8,,,,,,,,52602,27643,24190,,,,,,,42428,19256,23155,42699,17965,23872,,,,,,,,,,,,,48272,17353,30758,48791,16509,32244,,,,60307,23109,37028,,,,,,
NY-9,,,,,,,,46861,25489,20539,,,,,,,37120,16737,20376,37485,15340,21210,,,,,,,,,,,,,42188,14508,27529,42836,13635,29171,,,,53582,19945,33461,,,,,,
NY-10,,,,,,,,25531,19552,5507,,,,,,,20015,14911,5099,20568,15044,5205,,,,,,,,,,,,,16522,9720,6719,16789,9354,7428,,,,27065,16085,10843,,,,,,
NY-11,,,,,,,,31048,21457,8964,,,,,,,24614,16175,8431,24949,15756,8660,,,,,,,,,,,,,22670,11586,10973,22968,11108,11843,,,,33936,18289,15488,,,,,,
NY-12,,,,,,,,44160,24741,18655,,,,,,,35387,16504,18875,35697,15265,19575,,,,,,,,,,,,,39439,13881,25408,39841,12971,26832,,,,51327,19721,31463,,,,,,
NY-13,,,,,,,,30493,23139,6821,,,,,,,24292,17754,6535,24709,17512,6730,,,,,,,,,,,,,21775,12927,8744,22061,12554,9491,,,,33787,20701,12919,,,,,,
NY-14,,,,,,,,44165,26635,16876,,,,,,,33942,18748,15183,34179,17984,15570,,,,,,,,,,,,,35875,16158,19601,36231,15304,20906,,,,49615,23497,25782,,,,,,
NY-15,,,,,,,,51517,30544,19944,,,,,,,43025,24126,18884,43209,22773,19352,,,,,,,,,,,,,46415,22922,23300,46674,22219,24418,,,,58081,29716,28184,,,,,,
NY-16,,,,,,,,44774,30034,14041,,,,,,,36235,22827,13402,36186,22102,13446,,,,,,,,,,,,,37174,20607,16471,37381,19512,17845,,,,49168,27040,21853,,,,,,
NY-17,,,,,,,,45140,26669,17755,,,,,,,36849,20523,16312,36469,19092,16596,,,,,,,,,,,,,38922,18023,20784,39181,16850,22296,,,,50463,23792,26458,,,,,,
NY-18,,,,,,,,44113,27540,15864,,,,,,,34422,19128,15283,34213,18123,15332,,,,,,,,,,,,,35812,16512,19200,36076,15375,20670,,,,48715,22837,25561,,,,,,
NY-19,,,,,,,,50428,26542,23205,,,,,,,41010,17365,23636,40733,16190,23748,,,,,,,,,,,,,45737,14761,30853,46117,13551,32524,,,,57681,19997,37548,,,,,,
NY-20,,,,,,,,47995,26502,20763,,,,,,,38604,17775,20821,38321,16360,21118,,,,,,,,,,,,,42253,15018,27117,42635,13865,28741,,,,54260,20459,33608,,,,,,
NY-21,,,,,,,,47813,29420,17691,,,,,,,38009,20681,17310,37712,19438,17475,,,,,,,,,,,,,40353,17959,22273,40689,16790,23859,,,,52975,24140,28536,,,,,,
NY-22,,,,,,,,47631,32051,14913,,,,,,,38572,22811,15748,38283,21827,15623,,,,,,,,,,,,,41845,20842,20881,42212,19267,22887,,,,53569,26467,26929,,,,,,
NY-23,,,,,,,,37015,30199,6261,,,,,,,30562,24743,5809,30503,24222,5850,,,,,,,,,,,,,26008,18807,7115,26199,18340,7842,,,,39621,28948,10544,,,,,,
NY-24,,,,,,,,41371,31074,9730,,,,,,,33479,24183,9287,33245,23248,9423,,,,,,,,,,,,,31760,19559,12100,31987,18793,13172,,,,44967,28718,16088,,,,,,
NY-25,,,,,,,,39423,24347,14630,,,,,,,30118,15571,14533,29771,15536,13772,,,,,,,,,,,,,33603,13237,20279,33967,11783,22151,,,,45028,17815,27025,,,,,,
NY-26,,,,,,,,41118,31715,8801,,,,,,,33022,25043,7970,32945,24289,8126,,,,,,,,,,,,,29300,19261,9944,29513,18468,11023,,,,45240,30377,14404,,,,,,
NY-27,,,,,,,,45853,25124,20095,,,,,,,36363,17245,19103,36078,16395,19010,,,,,,,,,,,,,38662,14946,23608,38989,13737,25224,,,,51378,21610,29510,,,,,,
NY-28,,,,,,,,30564,22725,7387,,,,,,,24454,17437,7007,24323,16962,6998,,,,,,,,,,,,,22049,13243,8750,22195,12777,9398,,,,32450,20130,12156,,,,,,
NY-29,,,,,,,,43351,28090,14578,,,,,,,34092,20436,13639,33709,19511,13586,,,,,,,,,,,,,34921,17335,17480,35197,15904,19257,,,,47734,23966,23413,,,,,,
NY-30,,,,,,,,43705,28902,14236,,,,,,,35792,21991,13778,35272,21496,13225,,,,,,,,,,,,,39079,20048,18929,39264,18481,20745,,,,50895,24986,25778,,,,,,
NY-31,,,,,,,,34507,23919,9988,,,,,,,26227,16244,9965,26422,15610,10123,,,,,,,,,,,,,27967,13488,14311,28290,12281,15969,,,,38327,18962,19165,,,,,,
NY-32,,,,,,,,24450,17837,6070,,,,,,,17975,12000,5955,18348,11663,6132,,,,,,,,,,,,,17702,9070,8494,18019,8153,9843,,,,26072,13521,12338,,,,,,
NY-33,,,,,,,,16011,12470,3201,,,,,,,11401,8377,3016,11792,8373,3117,,,,,,,,,,,,,10628,5888,4637,10952,5260,5677,,,,16991,9173,7653,,,,,,
NY-34,,,,,,,,21219,16200,4587,,,,,,,15305,10637,4653,15495,10795,4310,,,,,,,,,,,,,14852,7943,6793,15307,6944,8331,,,,22826,11711,10933,,,,,,
NY-35,,,,,,,,29533,22986,6020,,,,,,,22086,16434,5631,22334,16268,5488,,,,,,,,,,,,,21114,12827,8174,21373,11816,9522,,,,31126,18103,12710,,,,,,
NY-36,,,,,,,,35526,28888,6067,,,,,,,25379,20025,5335,25675,19655,5502,,,,,,,,,,,,,22879,15170,7580,23095,14282,8786,,,,37126,23187,13420,,,,,,
NY-37,,,,,,,,25324,22295,2653,,,,,,,16967,15394,1559,17153,15280,1537,,,,,,,,,,,,,13133,10145,2905,13290,9704,3559,,,,25044,17063,7497,,,,,,
NY-38,,,,,,,,32434,31210,797,,,,,,,25672,25113,548,26088,25266,553,,,,,,,,,,,,,19288,17989,1214,19436,17854,1554,,,,32295,28338,3696,,,,,,
NY-39,,,,,,,,39385,38132,746,,,,,,,32464,31896,551,33037,32147,589,,,,,,,,,,,,,25535,24412,1048,25655,24184,1436,,,,38848,36152,2525,,,,,,
NY-40,,,,,,,,27848,26232,1289,,,,,,,19176,18329,840,19504,18460,847,,,,,,,,,,,,,13997,12075,1844,14145,11938,2191,,,,26633,20901,5559,,,,,,
NY-41,,,,,,,,34978,27633,6925,,,,,,,27861,19846,8000,28419,19546,8411,,,,,,,,,,,,,26512,14587,11808,26716,13743,12945,,,,38154,22758,15250,,,,,,
NY-42,,,,,,,,23192,20166,2668,,,,,,,16741,14204,2523,17142,14689,2199,,,,,,,,,,,,,14986,10247,4672,15249,9878,5347,,,,23989,16769,7084,,,,,,
NY-43,,,,,,,,25248,21242,3668,,,,,,,15811,12814,2993,16108,12784,3094,,,,,,,,,,,,,13146,8161,4926,13352,7544,5784,,,,25318,15076,10006,,,,,,
NY-44,,,,,,,,22169,18797,2906,,,,,,,14775,12410,2360,15059,12322,2400,,,,,,,,,,,,,11206,7356,3760,11385,6815,4547,,,,21389,13122,8025,,,,,,
NY-45,,,,,,,,31865,24638,6442,,,,,,,24489,18845,5611,24547,18106,5500,,,,,,,,,,,,,24760,16045,8549,25052,15043,9956,,,,36276,22365,13619,,,,,,
NY-46,,,,,,,,31138,22829,7387,,,,,,,23430,16760,6644,23723,16011,6765,,,,,,,,,,,,,23381,13410,9807,23604,12356,11203,,,,35145,20488,14331,,,,,,
NY-47,,,,,,,,25620,17893,7133,,,,,,,18643,11715,6910,19002,11307,7123,,,,,,,,,,,,,19564,8671,10744,19828,7661,12136,,,,29646,14111,15275,,,,,,
NY-48,,,,,,,,27461,22909,3366,,,,,,,22227,19396,2803,22431,18198,2809,,,,,,,,,,,,,18534,14219,4136,18754,13850,4875,,,,29841,21623,7789,,,,,,
NY-49,,,,,,,,22039,18316,3167,,,,,,,15058,12813,2229,15242,12447,2234,,,,,,,,,,,,,11947,8345,3493,12135,7862,4256,,,,22622,14410,7930,,,,,,
NY-50,,,,,,,,26049,22110,3164,,,,,,,19955,17242,2690,20370,16709,2722,,,,,,,,,,,,,16314,12052,4106,16576,11639,4903,,,,26460,17715,8389,,,,,,
NY-51,,,,,,,,15342,13673,1397,,,,,,,10602,9575,1023,10979,9764,1000,,,,,,,,,,,,,7319,5284,1987,7584,5127,2451,,,,14513,8986,5386,,,,,,
NY-52,,,,,,,,21275,18753,2021,,,,,,,15206,13595,1600,15631,13581,1646,,,,,,,,,,,,,11467,8444,2936,11758,8144,3592,,,,20879,13428,7195,,,,,,
NY-53,,,,,,,,33983,27629,4838,,,,,,,27789,23604,4145,27790,21971,4184,,,,,,,,,,,,,25116,18425,6452,25299,17858,7378,,,,36724,26090,10109,,,,,,
NY-54,,,,,,,,28252,24577,2752,,,,,,,23400,21146,2226,23640,20238,2248,,,,,,,,,,,,,21241,17652,3429,21432,17344,4038,,,,34226,27308,6523,,,,,,
NY-55,,,,,,,,34195,29422,2798,,,,,,,29889,27825,2024,29759,25420,2060,,,,,,,,,,,,,29127,25323,3600,29331,24977,4304,,,,43120,36768,5895,,,,,,
NY-56,,,,,,,,21687,19167,1719,,,,,,,17025,15448,1557,17595,15318,1444,,,,,,,,,,,,,19417,14066,5206,20664,10358,10252,,,,23340,16152,6946,,,,,,
NY-57,,,,,,,,25828,23219,1202,,,,,,,21695,20829,843,22095,19657,797,,,,,,,,,,,,,15602,13965,1489,15898,14006,1864,,,,27597,23220,3867,,,,,,
NY-58,,,,,,,,22540,20909,1088,,,,,,,16212,15513,692,16457,15366,683,,,,,,,,,,,,,10571,9037,1478,10752,8860,1880,,,,20777,15956,4509,,,,,,
NY-59,,,,,,,,28444,27520,597,,,,,,,21791,21399,379,22137,21557,393,,,,,,,,,,,,,14036,13148,831,14229,13133,1078,,,,24813,22283,2370,,,,,,
NY-60,,,,,,,,34491,32739,1321,,,,,,,28017,26987,1019,28349,27055,1037,,,,,,,,,,,,,20209,18649,1505,20381,18502,1861,,,,33659,30695,2836,,,,,,
NY-61,,,,,,,,36361,29936,5935,,,,,,,28360,21838,6509,28567,21633,6533,,,,,,,,,,,,,25297,15866,9341,25563,15163,10381,,,,37091,24135,12725,,,,,,
NY-62,,,,,,,,31535,26706,4308,,,,,,,24613,19167,5417,24857,19160,5193,,,,,,,,,,,,,23349,15370,7870,23821,13828,9953,,,,33401,21985,11128,,,,,,
NY-63,,,,,,,,24019,16496,7010,,,,,,,17148,9769,7355,17257,9619,7165,,,,,,,,,,,,,18854,7206,11548,19262,6094,13144,,,,26656,10003,16400,,,,,,
NY-64,,,,,,,,22591,14855,7353,,,,,,,16188,6692,9468,16443,7083,8941,,,,,,,,,,,,,20684,6104,14475,21370,4058,17285,,,,26143,7017,18886,,,,,,
NY-65,,,,,,,,27956,27064,578,,,,,,,21477,21043,424,21794,21203,408,,,,,,,,,,,,,13985,13265,658,14164,13251,890,,,,24885,22875,1886,,,,,,
NY-66,,,,,,,,31211,29458,619,,,,,,,26901,26452,417,27226,25677,420,,,,,,,,,,,,,19240,18376,724,19460,18498,929,,,,31085,28801,1843,,,,,,
NY-67,,,,,,,,35366,33210,785,,,,,,,31471,30803,637,31567,29135,604,,,,,,,,,,,,,24844,23667,1024,25014,23687,1289,,,,36918,34466,1925,,,,,,
NY-68,,,,,,,,35259,31873,2293,,,,,,,30142,28058,2059,30359,27383,1757,,,,,,,,,,,,,25331,21286,3895,25827,21026,4753,,,,37356,32212,4750,,,,,,
NY-69,,,,,,,,29703,28641,590,,,,,,,24198,23781,404,24425,23609,400,,,,,,,,,,,,,17409,16548,793,17561,16557,975,,,,29392,27459,1716,,,,,,
NY-70,,,,,,,,31783,28402,2222,,,,,,,25856,23807,2026,26009,22676,1956,,,,,,,,,,,,,21882,18814,2897,22146,18376,3722,,,,32784,27141,5061,,,,,,
NY-71,,,,,,,,29366,27189,765,,,,,,,25051,24451,561,25172,23138,542,,,,,,,,,,,,,20904,19237,1503,21218,18527,2641,,,,30778,27482,2846,,,,,,
NY-72,,,,,,,,37150,34208,1396,,,,,,,34460,33458,979,34340,31248,1024,,,,,,,,,,,,,31590,29973,1454,31650,29816,1787,,,,44927,41681,2813,,,,,,
NY-73,,,,,,,,41694,37474,2699,,,,,,,38711,36402,2258,38153,33400,2358,,,,,,,,,,,,,34775,31744,2809,34785,31359,3352,,,,45208,40789,3980,,,,,,
NY-74,,,,,,,,47479,42327,3051,,,,,,,42394,39613,2729,41828,35939,2826,,,,,,,,,,,,,40554,36928,3385,40605,36529,3991,,,,49997,44710,4659,,,,,,
NY-75,,,,,,,,13922,11578,1728,,,,,,,10786,9224,1548,10958,8798,1574,,,,,,,,,,,,,9128,6244,2791,9335,5866,3451,,,,14429,9501,4687,,,,,,
NY-76,,,,,,,,29641,22607,5920,,,,,,,25299,19373,5888,25622,18399,6000,,,,,,,,,,,,,22834,15341,7318,23080,14753,8273,,,,30812,20348,9928,,,,,,
NY-77,,,,,,,,22619,15329,6657,,,,,,,18552,11517,7014,18872,11143,7146,,,,,,,,,,,,,17493,8264,9071,17814,7521,10267,,,,25033,11753,12906,,,,,,
NY-78,,,,,,,,16147,11501,4250,,,,,,,12141,7836,4299,12474,7628,4424,,,,,,,,,,,,,11714,5233,6390,12066,4573,7473,,,,17404,7869,9308,,,,,,
NY-79,,,,,,,,17879,12686,4765,,,,,,,13439,8743,4685,13749,8602,4689,,,,,,,,,,,,,12873,5772,6991,13286,5122,8142,,,,20160,8806,11127,,,,,,
NY-80,,,,,,,,23058,15709,6941,,,,,,,16966,9267,7682,17443,9540,7553,,,,,,,,,,,,,17051,6495,10451,17760,5941,11791,,,,23905,9385,14297,,,,,,
NY-81,,,,,,,,14918,9478,5219,,,,,,,10590,3441,7100,11576,4694,6721,,,,,,,,,,,,,18032,7747,10174,19247,1529,17678,,,,18301,3868,14249,,,,,,
NY-82,,,,,,,,39405,19526,19439,,,,,,,29952,10021,19912,30310,9517,20316,,,,,,,,,,,,,35679,7411,28130,36027,6556,29442,,,,48251,10793,37265,,,,,,
NY-83,,,,,,,,36191,20600,15072,,,,,,,27584,12127,15438,27991,11704,15793,,,,,,,,,,,,,29423,8826,20471,29782,7985,21754,,,,40831,12744,27727,,,,,,
NY-84,,,,,,,,35823,20711,14644,,,,,,,27503,12518,14965,27938,12144,15257,,,,,,,,,,,,,29437,9124,20185,29794,8221,21543,,,,41142,12945,27862,,,,,,
NY-85,,,,,,,,31455,23218,7737,,,,,,,25586,17140,8418,26137,16867,8778,,,,,,,,,,,,,22911,11858,10928,23148,11152,11954,,,,33799,18064,15368,,,,,,
NY-86,,,,,,,,30845,24092,6087,,,,,,,26041,19369,6642,26510,18884,6919,,,,,,,,,,,,,22214,13766,8301,22382,13221,9125,,,,31748,19645,11736,,,,,,
NY-87,,,,,,,,28073,24140,3031,,,,,,,23904,21176,2694,24418,20587,2732,,,,,,,,,,,,,20172,15812,4156,20762,15227,5476,,,,29708,23030,6323,,,,,,
NY-88,,,,,,,,38581,33132,3759,,,,,,,32547,29510,2974,32380,27627,2949,,,,,,,,,,,,,25760,22222,3344,25871,21776,4019,,,,36915,31111,5387,,,,,,
NY-89,,,,,,,,36867,30208,5623,,,,,,,30984,26957,3979,30456,25243,3886,,,,,,,,,,,,,26725,22001,4580,26683,21028,5604,,,,37877,30026,7574,,,,,,
NY-90,,,,,,,,40191,34760,4209,,,,,,,34621,31510,3066,34001,29402,3065,,,,,,,,,,,,,30321,26325,3805,30236,25526,4632,,,,42146,35188,6632,,,,,,
NY-91,,,,,,,,32777,26394,5642,,,,,,,27448,23098,4299,27054,21889,4292,,,,,,,,,,,,,24370,19470,4790,24282,18616,5625,,,,34993,27241,7492,,,,,,
NY-92,,,,,,,,36941,30760,5332,,,,,,,30711,26948,3716,30054,25274,3666,,,,,,,,,,,,,27757,23257,4379,27612,22348,5202,,,,37313,30246,6812,,,,,,
NY-93,,,,,,,,34786,29594,4294,,,,,,,29550,26328,3185,29333,25111,3091,,,,,,,,,,,,,26720,22601,3931,26752,21915,4767,,,,37690,30986,6368,,,,,,
NY-94,,,,,,,,38842,30882,7244,,,,,,,32346,26726,5578,31822,25414,5394,,,,,,,,,,,,,30820,24265,6421,30735,23040,7638,,,,41112,31807,9019,,,,,,
NY-95,,,,,,,,41867,34285,6662,,,,,,,36004,30391,5560,35125,28456,5455,,,,,,,,,,,,,34096,27683,6238,34061,26527,7465,,,,45530,36544,8680,,,,,,
NY-96,,,,,,,,46318,36865,8673,,,,,,,38485,31633,6796,37714,29969,6574,,,,,,,,,,,,,37224,29494,7593,37069,27863,9124,,,,47425,37157,10019,,,,,,
NY-97,,,,,,,,51500,45296,5004,,,,,,,44698,40612,4012,43885,38234,3904,,,,,,,,,,,,,41118,36546,4360,40978,35412,5481,,,,51714,44968,6389,,,,,,
NY-98,,,,,,,,31381,29019,1537,,,,,,,24528,23334,1175,25135,23250,1127,,,,,,,,,,,,,16504,14531,1848,16843,14477,2324,,,,28617,24031,4215,,,,,,
NY-99,,,,,,,,42505,38996,2186,,,,,,,35815,34043,1717,35824,32628,1682,,,,,,,,,,,,,29705,27475,2055,29827,27173,2601,,,,41037,36969,3632,,,,,,
NY-100,,,,,,,,34720,32866,833,,,,,,,29088,28411,655,29446,27900,628,,,,,,,,,,,,,20957,19762,1046,21129,19734,1349,,,,32074,29242,2460,,,,,,
NY-101,,,,,,,,34128,31392,1440,,,,,,,28995,27816,1132,29026,26642,1071,,,,,,,,,,,,,20217,18450,1622,20410,18323,2047,,,,31068,26976,3691,,,,,,
NY-102,,,,,,,,36879,33712,2013,,,,,,,28842,27279,1535,29646,27024,1476,,,,,,,,,,,,,19899,17349,2390,20385,17208,3132,,,,31953,25847,5769,,,,,,
NY-103,,,,,,,,34613,31373,2057,,,,,,,27691,25907,1737,28573,25614,1685,,,,,,,,,,,,,19230,16276,2808,19677,15957,3673,,,,30922,23947,6602,,,,,,
NY-104,,,,,,,,25713,23579,1613,,,,,,,18919,17591,1311,19515,17819,1286,,,,,,,,,,,,,11713,9266,2368,12023,9073,2939,,,,21826,15463,6146,,,,,,
NY-105,,,,,,,,21988,20176,1369,,,,,,,15806,14737,1051,16149,14797,1025,,,,,,,,,,,,,10435,8519,1850,10747,8442,2285,,,,20125,14678,5234,,,,,,
NY-106,,,,,,,,19996,18892,814,,,,,,,14003,13354,636,14539,13726,608,,,,,,,,,,,,,8200,6923,1223,8479,6953,1517,,,,17506,13420,3939,,,,,,
NY-107,,,,,,,,20520,19521,764,,,,,,,14722,14160,561,15289,14552,562,,,,,,,,,,,,,8408,7051,1321,8718,7021,1690,,,,17213,12484,4579,,,,,,
NY-108,,,,,,,,23713,22622,826,,,,,,,16799,16162,633,17358,16526,633,,,,,,,,,,,,,10141,8605,1481,10474,8553,1903,,,,20885,15617,5107,,,,,,
NY-109,,,,,,,,26939,25578,961,,,,,,,19701,18977,710,20367,19372,685,,,,,,,,,,,,,12470,10958,1454,12818,10937,1867,,,,23027,18349,4443,,,,,,
NY-110,,,,,,,,23075,21769,974,,,,,,,16448,15714,725,17279,16340,713,,,,,,,,,,,,,9824,8295,1470,10185,8287,1885,,,,19649,15197,4273,,,,,,
NY-111,,,,,,,,22116,21152,738,,,,,,,16139,15614,518,16759,16072,521,,,,,,,,,,,,,9503,8303,1149,9779,8296,1472,,,,19669,15654,3865,,,,,,
NY-112,,,,,,,,23951,22361,1216,,,,,,,17158,16219,925,17600,16428,879,,,,,,,,,,,,,12433,10584,1770,12694,10432,2248,,,,21887,17026,4573,,,,,,
NY-113,,,,,,,,27561,25975,1237,,,,,,,20137,19169,963,20785,19589,955,,,,,,,,,,,,,13342,11388,1896,13640,11151,2479,,,,24429,19342,4881,,,,,,
NY-114,,,,,,,,28477,21902,6122,,,,,,,21961,15796,6148,22345,15496,6367,,,,,,,,,,,,,19427,10412,8923,19727,9656,10042,,,,29853,17029,12538,,,,,,
NY-115,,,,,,,,26259,22204,3534,,,,,,,20096,16688,3397,20486,16605,3438,,,,,,,,,,,,,15401,10565,4760,15634,10138,5486,,,,26010,17197,8437,,,,,,
NY-116,,,,,,,,35209,33484,1297,,,,,,,28848,27713,1125,29335,27925,1126,,,,,,,,,,,,,21968,20071,1831,22251,19905,2328,,,,33856,29874,3770,,,,,,
NY-117,,,,,,,,26015,24920,804,,,,,,,20324,19721,599,20684,19896,603,,,,,,,,,,,,,14446,13236,1151,14630,13172,1448,,,,24766,21615,2972,,,,,,
NY-118,,,,,,,,36937,28245,7837,,,,,,,29820,22120,7672,29941,21112,7802,,,,,,,,,,,,,28763,18849,9758,28956,17859,11054,,,,38370,25236,12761,,,,,,
NY-119,,,,,,,,34634,29052,4981,,,,,,,27939,23719,4198,28186,23121,4284,,,,,,,,,,,,,24029,18685,5265,24218,18349,5844,,,,35447,27697,7595,,,,,,
NY-120,,,,,,,,22216,19303,2521,,,,,,,16213,14115,2088,16725,14256,2156,,,,,,,,,,,,,12070,9193,2817,12317,9014,3287,,,,21526,15461,5898,,,,,,
NY-121,,,,,,,,43116,26808,15607,,,,,,,34683,20667,13991,34916,19487,14657,,,,,,,,,,,,,36301,18094,18077,36616,17192,19398,,,,47944,25491,22173,,,,,,
NY-122,,,,,,,,38679,29412,8645,,,,,,,31206,23525,7653,31279,22861,7721,,,,,,,,,,,,,29972,20548,9332,30148,19620,10506,,,,42261,29171,12887,,,,,,
NY-123,,,,,,,,38160,27086,10463,,,,,,,31719,22685,9017,31789,21507,9551,,,,,,,,,,,,,31692,20495,11089,31810,19670,12106,,,,42348,28229,13972,,,,,,
NY-124,,,,,,,,46946,36266,9724,,,,,,,39666,31100,8535,39658,29354,9102,,,,,,,,,,,,,38962,28422,10396,39065,27584,11457,,,,52005,38128,13629,,,,,,
NY-125,,,,,,,,42051,29089,12186,,,,,,,34309,23735,10555,34459,22612,10938,,,,,,,,,,,,,34235,20866,13255,34394,20044,14321,,,,47155,29694,17219,,,,,,
NY-126,,,,,,,,45820,31662,13349,,,,,,,38944,26804,12118,39159,25167,12891,,,,,,,,,,,,,39644,25108,14411,39851,24183,15638,,,,51346,33349,17737,,,,,,
NY-127,,,,,,,,50598,31018,18771,,,,,,,43108,25705,17374,43357,23977,18410,,,,,,,,,,,,,45787,24536,21117,46033,23700,22293,,,,57944,32533,25208,,,,,,
NY-128,,,,,,,,43342,28817,13631,,,,,,,35969,22787,13159,36423,20412,14851,,,,,,,,,,,,,35852,19985,15709,36183,19272,16869,,,,48282,28388,19647,,,,,,
NY-129,,,,,,,,50420,31242,18309,,,,,,,41834,24249,17562,42250,21493,19584,,,,,,,,,,,,,42233,21601,20475,42650,20766,21836,,,,55688,30283,25174,,,,,,
NY-130,,,,,,,,32879,24847,7577,,,,,,,25822,18782,7034,26531,18172,7878,,,,,,,,,,,,,24519,15398,9052,25034,14601,10406,,,,34491,21934,12420,,,,,,
NY-131,,,,,,,,27649,17168,10053,,,,,,,19285,9774,9486,19907,9107,10053,,,,,,,,,,,,,25212,10270,14804,29212,7749,21397,,,,30103,12067,17861,,,,,,
NY-132,,,,,,,,46143,24635,20588,,,,,,,38333,19103,19222,38535,16556,20914,,,,,,,,,,,,,41050,17019,23863,41350,16413,24898,,,,54461,24920,29310,,,,,,
NY-133,,,,,,,,41340,23054,17312,,,,,,,35791,19333,16444,36526,15879,19685,,,,,,,,,,,,,38099,17865,20045,38368,17208,21126,,,,50342,26291,23801,,,,,,
NY-134,,,,,,,,35440,23079,11461,,,,,,,31148,19983,11146,31855,16349,14654,,,,,,,,,,,,,30370,17274,12914,30595,16751,13796,,,,41576,26017,15343,,,,,,
NY-135,,,,,,,,47925,26548,20186,,,,,,,44068,24370,19683,44970,18960,24798,,,,,,,,,,,,,45807,22167,23394,46187,21560,24564,,,,57681,30678,26727,,,,,,
NY-136,,,,,,,,31313,19732,11054,,,,,,,25777,15661,10106,26223,13287,11966,,,,,,,,,,,,,27721,15192,12391,28452,12931,15437,,,,35292,20827,14269,,,,,,
NY-137,,,,,,,,33588,21357,11556,,,,,,,27835,16752,11078,28323,14146,13026,,,,,,,,,,,,,26599,13259,13210,26924,12749,14145,,,,39559,22279,17064,,,,,,
NY-138,,,,,,,,41016,22054,18031,,,,,,,34217,16929,17275,34726,13559,19556,,,,,,,,,,,,,36152,14911,21050,36547,14138,22366,,,,47820,21630,25956,,,,,,
NY-139,,,,,,,,36696,23383,12523,,,,,,,30425,18140,12274,31054,15757,14321,,,,,,,,,,,,,29369,15053,14161,29748,14528,15190,,,,41924,23829,17887,,,,,,
NY-140,,,,,,,,36226,19780,15594,,,,,,,30557,14974,15568,31011,11995,17649,,,,,,,,,,,,,31280,12330,18778,31809,11322,20451,,,,42696,18689,23768,,,,,,
NY-141,,,,,,,,41667,26405,14086,,,,,,,38990,23764,15202,39674,19112,18921,,,,,,,,,,,,,39177,21376,17549,39554,20741,18740,,,,49981,29428,20243,,,,,,
NY-142,,,,,,,,49477,31119,16575,,,,,,,47511,30305,17179,47772,24776,20444,,,,,,,,,,,,,47401,27846,19230,47769,27178,20515,,,,57785,35633,21759,,,,,,
NY-143,,,,,,,,47091,28783,16994,,,,,,,44924,26337,18558,44927,19176,23379,,,,,,,,,,,,,45659,24185,21264,46033,23077,22863,,,,55457,31415,23708,,,,,,
NY-144,,,,,,,,43513,23694,18689,,,,,,,38375,19324,19035,38329,13947,21526,,,,,,,,,,,,,40284,16663,23357,40708,15284,25349,,,,50123,23197,26576,,,,,,
NY-145,,,,,,,,40024,27251,11563,,,,,,,34396,21485,12894,34331,15413,16313,,,,,,,,,,,,,34492,19401,14828,34777,18028,16679,,,,44028,26573,17117,,,,,,
NY-146,,,,,,,,42623,23731,17749,,,,,,,37175,18680,18487,37217,11369,23408,,,,,,,,,,,,,39442,15669,23532,39827,14232,25527,,,,49311,21897,27160,,,,,,
NY-147,,,,,,,,40542,20558,19099,,,,,,,34851,14718,20121,35199,8505,24550,,,,,,,,,,,,,37594,12388,24938,38273,10800,27400,,,,46566,17187,29145,,,,,,
NY-148,,,,,,,,48991,27557,20353,,,,,,,41822,20417,21385,42003,13235,26388,,,,,,,,,,,,,43860,18468,25147,44440,16946,27403,,,,54204,25557,28387,,,,,,
NY-149,,,,,,,,37276,26424,9887,,,,,,,30537,20332,10184,30601,15864,12741,,,,,,,,,,,,,28713,17680,10829,29044,16958,11995,,,,38746,25022,13399,,,,,,
NY-150,,,,,,,,47161,28000,17718,,,,,,,40590,22803,17780,40917,15297,23205,,,,,,,,,,,,,43951,20884,22789,44386,19585,24730,,,,56116,29216,26656,,,,,,
NY-151,,,,,,,,46226,27809,17229,,,,,,,40598,23250,17339,40432,16761,21019,,,,,,,,,,,,,44220,23078,20915,44517,22044,22396,,,,55232,30793,24198,,,,,,
NY-152,,,,,,,,43740,27405,15331,,,,,,,36678,20948,15722,36525,15161,19101,,,,,,,,,,,,,38762,19925,18625,39162,18861,20231,,,,47813,26454,21047,,,,,,
NY-153,,,,,,,,51790,35071,15491,,,,,,,45656,28918,16703,45311,20954,20934,,,,,,,,,,,,,48282,28287,19755,48568,26800,21615,,,,57686,35281,22099,,,,,,
NY-154,,,,,,,,44595,30679,12988,,,,,,,37480,23345,14100,37323,17435,17625,,,,,,,,,,,,,38927,22113,16654,39138,20491,18531,,,,48853,29092,19386,,,,,,
NY-155,,,,,,,,33055,27995,3812,,,,,,,26605,22551,4006,26659,18952,5154,,,,,,,,,,,,,23821,19445,4203,24014,18942,4967,,,,32410,26606,5498,,,,,,
NY-156,,,,,,,,40761,25087,14480,,,,,,,35035,21923,13106,35177,16341,16942,,,,,,,,,,,,,37057,18843,17987,37440,17127,20259,,,,46512,25771,20539,,,,,,
NY-157,,,,,,,,38792,28988,7775,,,,,,,35266,27746,7411,35061,23564,7826,,,,,,,,,,,,,33088,25042,7795,32953,24518,8357,,,,42854,33202,9328,,,,,,
NY-158,,,,,,,,32906,20679,11296,,,,,,,28310,17446,10860,28542,11736,13982,,,,,,,,,,,,,29876,14444,15245,30085,12479,17571,,,,37664,19397,18115,,,,,,
NY-159,,,,,,,,30786,17617,12479,,,,,,,24910,12670,12228,25015,7741,15670,,,,,,,,,,,,,26181,10061,15989,26433,8048,18355,,,,34372,15105,19141,,,,,,
NY-160,,,,,,,,41183,22053,18146,,,,,,,35431,16285,19131,36218,10369,23229,,,,,,,,,,,,,37764,12729,24822,38236,10590,27590,,,,46597,17492,28912,,,,,,
NY-161,,,,,,,,38638,22586,15102,,,,,,,32034,15461,16560,32388,10542,18852,,,,,,,,,,,,,33008,13033,19757,33248,11548,21641,,,,43681,18359,25082,,,,,,
NY-162,,,,,,,,40650,22288,17504,,,,,,,35649,15841,19798,37059,10651,23586,,,,,,,,,,,,,36783,12405,24168,37136,10362,26694,,,,46118,17401,28519,,,,,,
NY-163,,,,,,,,31231,21454,8985,,,,,,,27993,17472,10509,28783,13999,12915,,,,,,,,,,,,,25473,13194,12128,25709,11711,13946,,,,33779,18588,14988,,,,,,
NY-164,,,,,,,,43063,24209,17773,,,,,,,38180,18117,20033,38731,12287,23053,,,,,,,,,,,,,38756,15335,23176,38939,13477,25323,,,,49550,21009,28276,,,,,,
NY-165,,,,,,,,50394,33524,15844,,,,,,,44010,25101,18887,43875,18645,21549,,,,,,,,,,,,,43587,23332,20018,43731,21106,22565,,,,55772,30414,25079,,,,,,
NY-166,,,,,,,,50829,34001,15814,,,,,,,44712,26361,18317,44535,20187,20521,,,,,,,,,,,,,44413,25312,18879,44541,23265,21187,,,,56154,32537,23278,,,,,,
NY-167,,,,,,,,48846,31650,16282,,,,,,,41784,23129,18633,41726,17625,20615,,,,,,,,,,,,,42228,21878,20128,42341,19863,22405,,,,56014,29992,25787,,,,,,
NY-168,,,,,,,,36867,26870,9069,,,,,,,31104,20220,10855,31106,15967,12174,,,,,,,,,,,,,29346,17961,11175,29424,16484,12886,,,,40265,25098,14919,,,,,,
NY-169,,,,,,,,29217,24904,3328,,,,,,,23741,20093,3608,23711,16980,3998,,,,,,,,,,,,,18667,15268,3260,18644,14771,3821,,,,28451,23360,4834,,,,,,
NY-170,,,,,,,,37076,19678,16704,,,,,,,30703,13292,17402,31272,7299,21808,,,,,,,,,,,,,34475,10477,23823,35039,7659,27340,,,,42523,14853,27482,,,,,,
NY-171,,,,,,,,41764,25156,15537,,,,,,,35304,18853,16428,35361,13306,18519,,,,,,,,,,,,,34918,15714,18982,35107,14152,20869,,,,45903,21849,23821,,,,,,
NY-172,,,,,,,,43231,22082,20189,,,,,,,35413,15396,20005,35275,10209,22165,,,,,,,,,,,,,37686,13279,24217,37947,11933,25944,,,,49056,19514,29353,,,,,,
NY-173,,,,,,,,44568,24240,19183,,,,,,,37948,18751,19180,38176,13097,21858,,,,,,,,,,,,,39237,16595,22412,39544,15159,24281,,,,48977,22555,26218,,,,,,
NY-174,,,,,,,,52856,32442,19294,,,,,,,46517,26770,19730,46276,20506,22843,,,,,,,,,,,,,48127,26012,21869,48238,24778,23383,,,,60506,34402,25840,,,,,,
NY-175,,,,,,,,55645,36527,17898,,,,,,,48793,31085,17690,48517,25536,20224,,,,,,,,,,,,,48875,29794,18870,48941,28791,20080,,,,60301,37776,22251,,,,,,
NY-176,,,,,,,,44508,28645,14744,,,,,,,37348,22565,14767,37257,18111,16537,,,,,,,,,,,,,37742,21049,16492,37798,19968,17743,,,,49203,29040,19883,,,,,,
NY-177,,,,,,,,53334,34965,17274,,,,,,,45327,27205,18107,45288,21537,20886,,,,,,,,,,,,,46078,25358,20469,46243,23918,22228,,,,57886,33684,23959,,,,,,
NY-178,,,,,,,,34743,28822,4342,,,,,,,27942,23921,4004,27975,20769,4619,,,,,,,,,,,,,23946,19692,4011,23956,19345,4543,,,,32968,27011,5615,,,,,,
NY-179,,,,,,,,28318,24672,2924,,,,,,,20034,17449,2575,20352,16513,2866,,,,,,,,,,,,,15345,12648,2561,15414,12301,3079,,,,24136,19908,4046,,,,,,
NY-180,,,,,,,,46697,26077,19679,,,,,,,38426,18147,20272,38630,13642,22220,,,,,,,,,,,,,40768,16370,24186,40968,14944,25951,,,,51953,22989,28767,,,,,,
NY-181,,,,,,,,45926,28382,16727,,,,,,,36849,19204,17628,37006,14989,19846,,,,,,,,,,,,,36962,16782,20006,37156,15290,21788,,,,48814,24277,24336,,,,,,
NY-182,,,,,,,,44194,26619,16518,,,,,,,38894,21025,17845,38994,15904,20976,,,,,,,,,,,,,37534,17413,19871,37799,15954,21804,,,,47679,24651,22787,,,,,,
NY-183,,,,,,,,38314,25714,11390,,,,,,,33352,20815,12518,33383,16585,14814,,,,,,,,,,,,,29804,16063,13508,29989,14895,15045,,,,39787,23428,16048,,,,,,
NY-184,,,,,,,,43068,22375,19559,,,,,,,36831,16206,20600,37314,10922,23215,,,,,,,,,,,,,38522,13057,25196,38875,11310,27493,,,,49081,18964,29862,,,,,,
NY-185,,,,,,,,41561,22171,18519,,,,,,,34948,16718,18211,35436,11941,20832,,,,,,,,,,,,,33639,12438,21001,34055,11188,22786,,,,44458,18773,25492,,,,,,
NY-186,,,,,,,,43417,20318,22193,,,,,,,36360,15028,21325,36641,10054,22775,,,,,,,,,,,,,37063,11506,25350,37424,10432,26931,,,,47970,17190,30624,,,,,,
NY-187,,,,,,,,43430,21290,21149,,,,,,,36114,15611,20494,36478,10379,23019,,,,,,,,,,,,,37022,12445,24341,37422,11238,26097,,,,46662,17697,28741,,,,,,
NY-188,,,,,,,,40520,21060,18599,,,,,,,32965,14168,18790,33009,9502,21362,,,,,,,,,,,,,35537,11626,23738,35988,10360,25581,,,,45199,16298,28720,,,,,,
NY-189,,,,,,,,41176,23909,16448,,,,,,,33799,17023,16765,33991,12943,19418,,,,,,,,,,,,,33225,13775,19297,33480,12619,20822,,,,42938,19228,23536,,,,,,
NY-190,,,,,,,,40743,19442,20395,,,,,,,33259,12694,20551,33980,8482,22860,,,,,,,,,,,,,35560,10844,24506,36000,9566,26379,,,,44841,15216,29439,,,,,,
NY-191,,,,,,,,45775,23999,20979,,,,,,,37787,15679,22105,38565,10902,25845,,,,,,,,,,,,,41389,13635,27493,41713,12186,29446,,,,51231,18204,32774,,,,,,
NY-192,,,,,,,,47762,25732,21220,,,,,,,39835,17511,22322,40798,13051,25955,,,,,,,,,,,,,43907,16398,27265,44183,15282,28815,,,,55419,21703,33458,,,,,,
NY-193,,,,,,,,43647,24681,18134,,,,,,,36535,17152,19369,37018,13318,22157,,,,,,,,,,,,,38970,15432,23326,39325,14289,24974,,,,50173,21422,28529,,,,,,
NY-194,,,,,,,,37759,24759,12235,,,,,,,29721,16326,13382,30116,13451,15398,,,,,,,,,,,,,30901,14958,15772,31298,14012,17237,,,,41593,21079,20319,,,,,,
NY-195,,,,,,,,50437,31517,18181,,,,,,,41822,22502,19320,42337,18767,22241,,,,,,,,,,,,,43965,22013,21747,44090,20862,23157,,,,56273,28720,27287,,,,,,
NY-196,,,,,,,,51305,34925,15238,,,,,,,41860,25279,16581,42233,20969,19398,,,,,,,,,,,,,43359,24163,18948,43487,23017,20390,,,,55540,31782,23500,,,,,,
NY-197,,,,,,,,45091,31597,12571,,,,,,,37455,24110,13345,37563,20950,15121,,,,,,,,,,,,,37561,23258,14087,37532,22539,14916,,,,48645,30596,17815,,,,,,
NY-198,,,,,,,,44213,31166,12181,,,,,,,34919,21027,13892,35641,17052,17046,,,,,,,,,,,,,35918,19245,16441,36180,17889,18223,,,,48123,26305,21566,,,,,,
NY-199,,,,,,,,53193,33557,18697,,,,,,,45626,24805,20821,46150,19887,24424,,,,,,,,,,,,,48286,23932,24058,48515,22898,25519,,,,60559,30810,29498,,,,,,
NY-200,,,,,,,,32738,26082,5725,,,,,,,25566,18889,6677,26343,16446,8463,,,,,,,,,,,,,24367,15998,8147,24634,15179,9386,,,,33032,21775,10984,,,,,,
NY-201,,,,,,,,32805,27068,4539,,,,,,,26597,22066,4531,26814,19550,5324,,,,,,,,,,,,,25306,20152,4897,25288,19792,5427,,,,34056,26976,6769,,,,,,
NY-202,,,,,,,,30295,28968,939,,,,,,,21433,20590,843,22623,21246,985,,,,,,,,,,,,,16698,15641,976,16969,15695,1249,,,,26044,23465,2308,,,,,,
OH-1,,,,,,,,40393,14097,23443,,,,,,,32267,16473,15794,32233,13668,17184,,,,,,,,,,,,,30838,12561,18277,30524,9621,20903,,,,42682,16785,24117,,,,,,
OH-2,,,,,,,,44798,11609,30416,,,,,,,35844,13995,21849,35627,11625,22846,,,,,,,,,,,,,35534,10705,24829,35182,7169,28013,,,,47594,13902,31757,,,,,,
OH-3,,,,,,,,45047,10900,32085,,,,,,,35921,14429,21492,35961,10825,24200,,,,,,,,,,,,,32657,9428,23229,32296,6835,25461,,,,45983,14120,30208,,,,,,
OH-4,,,,,,,,49513,13458,33807,,,,,,,42501,19104,23397,42565,15887,25468,,,,,,,,,,,,,42679,17348,25331,42274,13344,28930,,,,54630,22315,30987,,,,,,
OH-5,,,,,,,,46489,18295,25776,,,,,,,36780,21342,15438,36962,18113,17381,,,,,,,,,,,,,34256,16264,17992,34474,11373,23101,,,,47307,21340,23863,,,,,,
OH-6,,,,,,,,48244,15319,30848,,,,,,,39483,20154,19329,39946,16608,21935,,,,,,,,,,,,,38776,16776,22000,39007,11765,27242,,,,53773,22395,29220,,,,,,
OH-7,,,,,,,,47880,18223,27294,,,,,,,37598,21692,15906,37926,18608,17996,,,,,,,,,,,,,36509,18959,17550,36779,14140,22639,,,,50509,25399,23130,,,,,,
OH-8,,,,,,,,51107,20830,28175,,,,,,,42024,25647,16377,42502,22629,18497,,,,,,,,,,,,,39353,22312,17041,39672,16686,22986,,,,53774,28589,22611,,,,,,
OH-9,,,,,,,,39964,28382,9514,,,,,,,29207,24577,4630,29387,22968,5441,,,,,,,,,,,,,21232,16744,4488,21391,14021,7370,,,,32588,24481,6613,,,,,,
OH-10,,,,,,,,43546,23377,17983,,,,,,,33859,24412,9447,34157,22052,10827,,,,,,,,,,,,,28136,18691,9445,28349,14762,13587,,,,41550,26281,13225,,,,,,
OH-11,,,,,,,,38365,18892,17014,,,,,,,30572,20359,10213,30742,18232,11534,,,,,,,,,,,,,27668,15309,12359,27396,11963,15433,,,,40402,21914,17013,,,,,,
OH-12,,,,,,,,47187,15500,29532,,,,,,,41335,22149,19186,41615,19044,21571,,,,,,,,,,,,,43588,21812,21776,43240,16548,26692,,,,58462,29386,27500,,,,,,
OH-13,,,,,,,,43027,19216,21229,,,,,,,34637,21577,13060,34809,18800,14780,,,,,,,,,,,,,32719,17258,15461,32371,13768,18603,,,,46538,24090,20760,,,,,,
OH-14,,,,,,,,50221,13932,33500,,,,,,,41992,18930,23062,42273,15894,25075,,,,,,,,,,,,,43736,17189,26547,43373,12924,30449,,,,59863,23506,34408,,,,,,
OH-15,,,,,,,,47773,14236,31091,,,,,,,40290,18930,21360,40471,16405,22958,,,,,,,,,,,,,41907,17602,24305,41755,13145,28610,,,,56239,23584,30993,,,,,,
OH-16,,,,,,,,51894,24943,24483,,,,,,,46456,32123,14333,46711,29351,16232,,,,,,,,,,,,,44031,30590,13441,44130,26169,17961,,,,56510,38714,16638,,,,,,
OH-17,,,,,,,,48048,18669,26826,,,,,,,41164,24401,16763,41382,21574,18692,,,,,,,,,,,,,39305,22340,16965,39415,17765,21650,,,,51292,28953,20930,,,,,,
OH-18,,,,,,,,45925,20871,22047,,,,,,,38673,25198,13475,38849,22335,15308,,,,,,,,,,,,,34844,20949,13895,34901,16907,17994,,,,48567,28399,18602,,,,,,
OH-19,,,,,,,,42481,16764,22780,,,,,,,34793,20580,14213,34984,17900,15869,,,,,,,,,,,,,31825,16611,15214,31992,12852,19140,,,,44700,22818,20265,,,,,,
OH-20,,,,,,,,49722,15616,31873,,,,,,,42383,21262,21121,42603,18556,23090,,,,,,,,,,,,,40478,19276,21202,40524,14405,26119,,,,53890,25504,27070,,,,,,
OH-21,,,,,,,,50932,30143,18501,,,,,,,41777,30141,11636,42024,27902,13201,,,,,,,,,,,,,33591,21698,11893,33755,17814,15941,,,,47245,31414,14678,,,,,,
OH-22,,,,,,,,49446,37953,9579,,,,,,,41850,36915,4935,42042,35462,5884,,,,,,,,,,,,,32047,27449,4598,32129,24554,7575,,,,45436,38786,5775,,,,,,
OH-23,,,,,,,,46759,35436,9317,,,,,,,38438,33344,5094,38636,31635,6236,,,,,,,,,,,,,27758,23149,4609,27885,20334,7551,,,,41749,35040,5804,,,,,,
OH-24,,,,,,,,50591,24489,24632,,,,,,,45032,30802,14230,45243,28193,16316,,,,,,,,,,,,,41607,28283,13324,41747,24253,17494,,,,53881,35944,17056,,,,,,
OH-25,,,,,,,,29284,17540,9371,,,,,,,21582,16204,5378,21621,14794,6078,,,,,,,,,,,,,15675,10489,5186,15731,8773,6958,,,,26534,17253,8238,,,,,,
OH-26,,,,,,,,37032,29061,5922,,,,,,,29249,26422,2827,29358,25214,3397,,,,,,,,,,,,,21011,18310,2701,21094,16530,4564,,,,32415,27043,4456,,,,,,
OH-27,,,,,,,,40511,34001,4590,,,,,,,30635,28525,2110,30789,27410,2686,,,,,,,,,,,,,19039,17080,1959,19172,15172,4000,,,,30515,26845,2876,,,,,,
OH-28,,,,,,,,51278,27595,21569,,,,,,,44882,31632,13250,45056,29170,14941,,,,,,,,,,,,,40158,26932,13226,40216,23265,16951,,,,53314,35624,16604,,,,,,
OH-29,,,,,,,,51218,17997,30559,,,,,,,43113,23491,19622,43332,19648,22351,,,,,,,,,,,,,43027,20958,22069,43164,16054,27110,,,,57130,27725,27659,,,,,,
OH-30,,,,,,,,45165,14196,28424,,,,,,,37872,18598,19274,38066,15487,21350,,,,,,,,,,,,,38126,16091,22035,38137,12327,25810,,,,52024,22105,28109,,,,,,
OH-31,,,,,,,,49432,16760,30027,,,,,,,39581,20183,19398,39596,17650,20774,,,,,,,,,,,,,40044,15661,24383,39839,10864,28975,,,,51834,19824,29986,,,,,,
OH-32,,,,,,,,44428,21816,20225,,,,,,,35282,23198,12084,35167,20872,13365,,,,,,,,,,,,,32928,18229,14699,32783,13299,19484,,,,43815,23354,18769,,,,,,
OH-33,,,,,,,,45065,25730,16988,,,,,,,34716,24387,10329,34798,22556,11412,,,,,,,,,,,,,30638,17441,13197,30359,12854,17505,,,,41069,23270,16453,,,,,,
OH-34,,,,,,,,50673,20958,27487,,,,,,,42128,24515,17613,42427,22222,19141,,,,,,,,,,,,,41177,19508,21669,40894,13601,27293,,,,52596,24934,26037,,,,,,
OH-35,,,,,,,,48358,13747,31538,,,,,,,40025,17552,22473,40182,15228,23357,,,,,,,,,,,,,40938,13943,26995,40648,10203,30445,,,,53922,17904,34035,,,,,,
OH-36,,,,,,,,41747,18268,20920,,,,,,,33913,20443,13470,33965,18413,14342,,,,,,,,,,,,,33514,18704,14810,33518,15451,18067,,,,46140,24821,19705,,,,,,
OH-37,,,,,,,,52814,20414,30190,,,,,,,46741,26693,20048,46629,23789,21706,,,,,,,,,,,,,46549,25845,20704,46256,20476,25780,,,,59884,33109,25190,,,,,,
OH-38,,,,,,,,52435,22571,27063,,,,,,,46227,27990,18237,46141,25133,19703,,,,,,,,,,,,,44816,26019,18797,44431,21496,22935,,,,58297,33352,23188,,,,,,
OH-39,,,,,,,,39282,27975,9023,,,,,,,31135,25685,5450,30914,24293,5759,,,,,,,,,,,,,23985,18571,5414,23749,16469,7280,,,,36307,26889,7965,,,,,,
OH-40,,,,,,,,41024,18087,19992,,,,,,,33554,19967,13587,33471,18182,14138,,,,,,,,,,,,,30630,16457,14173,30359,13378,16981,,,,44377,22875,19573,,,,,,
OH-41,,,,,,,,50722,19363,28417,,,,,,,43576,23722,19854,43444,21510,20702,,,,,,,,,,,,,42305,21193,21112,41785,16554,25231,,,,56809,27531,27354,,,,,,
OH-42,,,,,,,,53107,16079,34476,,,,,,,45335,21353,23982,45423,18706,25436,,,,,,,,,,,,,45359,19797,25562,45252,14948,30304,,,,59579,25955,31732,,,,,,
OH-43,,,,,,,,38519,18495,17419,,,,,,,29572,18550,11022,29661,16817,11734,,,,,,,,,,,,,25204,13743,11461,25218,11159,14059,,,,36167,19112,15434,,,,,,
OH-44,,,,,,,,45567,14665,28017,,,,,,,36256,17426,18830,36471,15027,20045,,,,,,,,,,,,,35608,14136,21472,35603,10804,24799,,,,49098,19131,27911,,,,,,
OH-45,,,,,,,,48543,13382,32439,,,,,,,39346,16619,22727,39507,14236,23986,,,,,,,,,,,,,38881,13565,25316,38797,10003,28794,,,,52447,17997,32591,,,,,,
OH-46,,,,,,,,47114,32813,12313,,,,,,,39760,33568,6192,39994,31993,7014,,,,,,,,,,,,,33099,27613,5486,33234,25143,8091,,,,45735,36880,7483,,,,,,
OH-47,,,,,,,,34957,22033,11184,,,,,,,27197,21147,6050,27295,19646,6797,,,,,,,,,,,,,21504,16257,5247,21572,14557,7015,,,,32746,24099,7388,,,,,,
OH-48,,,,,,,,42743,26350,14445,,,,,,,35131,27777,7354,35269,26082,8140,,,,,,,,,,,,,28482,22128,6354,28509,19957,8552,,,,39008,29377,8526,,,,,,
OH-49,,,,,,,,58235,17728,38754,,,,,,,50698,26635,24063,51188,23877,25931,,,,,,,,,,,,,49232,27310,21922,49381,22412,26969,,,,62295,34368,26145,,,,,,
OH-50,,,,,,,,53558,17599,34057,,,,,,,46068,24310,21758,46310,21642,23431,,,,,,,,,,,,,43909,23746,20163,44047,19319,24728,,,,56232,30403,24090,,,,,,
OH-51,,,,,,,,49350,27967,19482,,,,,,,41497,29819,11678,41486,27822,12651,,,,,,,,,,,,,34401,24266,10135,34603,21267,13336,,,,47821,33972,12333,,,,,,
OH-52,,,,,,,,54887,10843,41946,,,,,,,46163,16880,29283,46616,13577,31662,,,,,,,,,,,,,42675,15072,27603,42972,11301,31671,,,,57164,20827,34186,,,,,,
OH-53,,,,,,,,48638,11399,35223,,,,,,,39812,14988,24824,40188,12612,26370,,,,,,,,,,,,,37875,12653,25222,38077,9758,28319,,,,52818,18969,31873,,,,,,
OH-54,,,,,,,,44021,10115,32151,,,,,,,35277,12527,22750,35251,10743,23469,,,,,,,,,,,,,33745,10725,23020,33837,8195,25642,,,,47528,15726,29994,,,,,,
OH-55,,,,,,,,40704,10920,28039,,,,,,,31362,12692,18670,31300,11223,19171,,,,,,,,,,,,,29349,10602,18747,29398,8386,21012,,,,41879,14959,25498,,,,,,
OH-56,,,,,,,,39850,10864,27328,,,,,,,31821,13376,18445,31767,11763,19101,,,,,,,,,,,,,30995,12309,18686,31053,9602,21451,,,,45438,17720,26053,,,,,,
OH-57,,,,,,,,45196,13408,30079,,,,,,,37250,17009,20241,37206,15161,21030,,,,,,,,,,,,,33928,15141,18787,33961,12003,21958,,,,46387,21329,23407,,,,,,
OH-58,,,,,,,,52119,11128,38742,,,,,,,43114,16631,26483,43380,14428,27494,,,,,,,,,,,,,42999,16679,26320,43093,13068,30025,,,,58664,22806,33471,,,,,,
OH-59,,,,,,,,45972,7934,35881,,,,,,,36607,11172,25435,36760,9419,26014,,,,,,,,,,,,,36973,10405,26568,36948,7820,29128,,,,54397,15019,37121,,,,,,
OH-60,,,,,,,,48396,13374,33322,,,,,,,42067,19724,22343,42143,17499,23640,,,,,,,,,,,,,41891,20049,21842,42030,15540,26490,,,,53868,26091,26023,,,,,,
OH-61,,,,,,,,44599,7904,34681,,,,,,,39005,11916,27089,39037,10086,27803,,,,,,,,,,,,,40462,12381,28081,40464,9325,31139,,,,56755,17263,37346,,,,,,
OH-62,,,,,,,,47528,8699,36670,,,,,,,40343,12905,27438,40290,10629,28574,,,,,,,,,,,,,40018,11689,28329,40016,8450,31566,,,,56448,16791,37775,,,,,,
OH-63,,,,,,,,46007,30223,13894,,,,,,,35498,28026,7472,35533,26007,8628,,,,,,,,,,,,,27370,19938,7432,27509,17088,10421,,,,39639,28451,9823,,,,,,
OH-64,,,,,,,,48599,15002,31604,,,,,,,39498,19440,20058,39558,16165,22275,,,,,,,,,,,,,36907,16150,20757,37022,12413,24609,,,,49542,22636,25095,,,,,,
OH-65,,,,,,,,37599,19162,16171,,,,,,,28599,19758,8841,28681,17621,9991,,,,,,,,,,,,,23691,14801,8890,23779,12465,11314,,,,34069,20673,11957,,,,,,
OH-66,,,,,,,,54950,17358,35338,,,,,,,47069,24846,22223,47260,21111,24680,,,,,,,,,,,,,44709,23098,21611,44976,18678,26298,,,,57103,30088,25097,,,,,,
OH-67,,,,,,,,52357,12543,37937,,,,,,,43976,18058,25918,44265,14433,28638,,,,,,,,,,,,,43362,16316,27046,43512,12135,31377,,,,57658,22598,33275,,,,,,
OH-68,,,,,,,,48403,14900,31417,,,,,,,41448,19953,21495,41778,16615,23800,,,,,,,,,,,,,39478,17976,21502,39641,14153,25488,,,,54056,25111,27070,,,,,,
OH-69,,,,,,,,47294,11296,33951,,,,,,,37699,15362,22337,37857,12417,24182,,,,,,,,,,,,,36056,12723,23333,36282,9589,26693,,,,49697,18234,29484,,,,,,
OH-70,,,,,,,,44037,9529,32406,,,,,,,34824,12788,22036,35041,10285,23744,,,,,,,,,,,,,34899,9974,24925,34668,7120,27548,,,,50016,14323,33820,,,,,,
OH-71,,,,,,,,45083,15192,27693,,,,,,,35360,18767,16593,35446,15004,19262,,,,,,,,,,,,,31875,13619,18256,31428,10159,21269,,,,45463,18836,24850,,,,,,
OH-72,,,,,,,,49174,8819,38292,,,,,,,39217,13946,25271,39577,10819,27350,,,,,,,,,,,,,39811,11511,28300,39873,8115,31758,,,,55534,16859,36746,,,,,,
OH-73,,,,,,,,49279,7246,39825,,,,,,,38510,11402,27108,38477,8687,28378,,,,,,,,,,,,,37839,8047,29792,37681,5508,32173,,,,53217,11447,39764,,,,,,
OH-74,,,,,,,,51620,7404,42061,,,,,,,40427,11410,29017,40696,8034,31121,,,,,,,,,,,,,40754,7852,32902,40695,5291,35404,,,,55126,11015,42317,,,,,,
OH-75,,,,,,,,50549,8066,40141,,,,,,,40716,11901,28815,40821,8423,31173,,,,,,,,,,,,,40189,8502,31687,39775,5980,33795,,,,55261,11833,41478,,,,,,
OH-76,,,,,,,,49476,10947,36214,,,,,,,38888,13787,25101,39180,10200,27841,,,,,,,,,,,,,38029,9686,28343,37970,6524,31446,,,,52071,12719,37381,,,,,,
OH-77,,,,,,,,47241,11087,33559,,,,,,,36529,15073,21456,36990,11056,24618,,,,,,,,,,,,,36099,11473,24626,36347,7266,29081,,,,50252,14953,33078,,,,,,
OH-78,,,,,,,,34567,21057,11907,,,,,,,28719,21831,6888,28834,20553,7584,,,,,,,,,,,,,22250,15940,6310,22289,13886,8403,,,,32241,22926,8295,,,,,,
OH-79,,,,,,,,33640,25339,6740,,,,,,,26974,23336,3638,27008,22291,4105,,,,,,,,,,,,,20009,16257,3752,20033,14564,5469,,,,30148,23763,5492,,,,,,
OH-80,,,,,,,,41899,29668,10323,,,,,,,34152,28487,5665,34246,27061,6390,,,,,,,,,,,,,28274,22918,5356,28346,20566,7780,,,,40622,32220,7320,,,,,,
OH-81,,,,,,,,38842,22538,14641,,,,,,,31795,23336,8459,31922,21846,9361,,,,,,,,,,,,,25193,17402,7791,25196,15024,10172,,,,37887,26190,10498,,,,,,
OH-82,,,,,,,,41568,20283,19506,,,,,,,34172,21421,12751,34330,20072,13539,,,,,,,,,,,,,30128,16939,13189,30142,14381,15761,,,,44808,25586,17823,,,,,,
OH-83,,,,,,,,30203,15035,13337,,,,,,,22840,15308,7532,22942,14058,8158,,,,,,,,,,,,,19045,11749,7296,19109,10079,9030,,,,29711,17652,10893,,,,,,
OH-84,,,,,,,,43349,28107,13158,,,,,,,36177,30974,5203,36364,29523,5845,,,,,,,,,,,,,28453,24650,3803,28449,22976,5473,,,,39203,32382,5983,,,,,,
OH-85,,,,,,,,54359,27213,25444,,,,,,,50303,35286,15017,50715,32763,16933,,,,,,,,,,,,,47202,33821,13381,47263,29361,17902,,,,57852,40737,16046,,,,,,
OH-86,,,,,,,,47322,22373,23072,,,,,,,42824,28915,13909,43199,26751,15534,,,,,,,,,,,,,38629,26277,12352,38714,22417,16297,,,,49149,33118,14753,,,,,,
OH-87,,,,,,,,51736,21004,28978,,,,,,,46272,27755,18517,46600,25398,20266,,,,,,,,,,,,,45064,27127,17937,45144,22494,22650,,,,61143,36998,22538,,,,,,
OH-88,,,,,,,,41327,14894,24361,,,,,,,33616,17883,15733,33846,16607,16395,,,,,,,,,,,,,30488,14556,15932,30482,11841,18641,,,,44404,21236,21546,,,,,,
OH-89,,,,,,,,45095,17717,25687,,,,,,,39007,23292,15715,39307,21253,17123,,,,,,,,,,,,,37143,21966,15177,37175,18224,18951,,,,50732,29491,19667,,,,,,
OH-90,,,,,,,,50234,19038,29578,,,,,,,46451,27070,19381,46846,24555,21419,,,,,,,,,,,,,43982,25875,18107,43985,21240,22745,,,,55812,33240,21241,,,,,,
OH-91,,,,,,,,39926,17594,20756,,,,,,,33265,19954,13311,33511,18357,14397,,,,,,,,,,,,,31289,17541,13748,31302,14336,16966,,,,46662,27196,17969,,,,,,
OH-92,,,,,,,,45918,11378,32339,,,,,,,37071,14495,22576,37411,11819,24453,,,,,,,,,,,,,36850,11792,25058,36476,8785,27691,,,,52406,16812,33719,,,,,,
OH-93,,,,,,,,44400,14007,28343,,,,,,,37682,17680,20002,37737,15417,21342,,,,,,,,,,,,,36046,15342,20704,35913,12031,23882,,,,51123,22003,27206,,,,,,
OH-94,,,,,,,,45459,11046,32060,,,,,,,38021,14252,23769,38122,11831,25188,,,,,,,,,,,,,37965,11879,26086,37730,8929,28801,,,,53010,16619,34399,,,,,,
OH-95,,,,,,,,48871,14963,32633,,,,,,,45754,23203,22551,46220,20840,24563,,,,,,,,,,,,,45819,23617,22202,45763,18365,27398,,,,59166,31416,26453,,,,,,
OH-96,,,,,,,,46079,13130,31345,,,,,,,41484,19077,22407,41868,16735,24228,,,,,,,,,,,,,45368,20255,25113,45293,15760,29533,,,,63972,29032,32977,,,,,,
OH-97,,,,,,,,37873,9599,25910,,,,,,,29923,12174,17749,29998,9890,18940,,,,,,,,,,,,,28094,8813,19281,28008,6535,21473,,,,39570,12191,25602,,,,,,
OH-98,,,,,,,,45000,9772,32968,,,,,,,38526,14407,24119,38746,11795,25549,,,,,,,,,,,,,39743,13170,26573,39591,9880,29711,,,,57216,19266,35843,,,,,,
OH-99,,,,,,,,45720,9885,33663,,,,,,,36165,13991,22174,36585,10713,24677,,,,,,,,,,,,,35140,10972,24168,35197,7685,27512,,,,48796,15166,31616,,,,,,
OH-100,,,,,,,,42478,10267,29838,,,,,,,33180,14086,19094,33254,10659,21307,,,,,,,,,,,,,32743,10270,22473,32716,7268,25448,,,,45218,13909,29358,,,,,,
OH-101,,,,,,,,44870,10667,31732,,,,,,,35825,12774,23051,35779,10727,23853,,,,,,,,,,,,,36361,10272,26089,36047,8000,28047,,,,50494,14147,34560,,,,,,
OH-102,,,,,,,,45758,16505,26454,,,,,,,37147,20412,16735,37080,17544,18016,,,,,,,,,,,,,35146,16341,18805,35232,12222,23010,,,,48387,22048,24287,,,,,,
OH-103,,,,,,,,43207,10914,29382,,,,,,,34069,15508,18561,34243,12188,20470,,,,,,,,,,,,,33331,11375,21956,33366,8109,25257,,,,47005,15303,29408,,,,,,
OH-104,,,,,,,,41928,12494,27098,,,,,,,34299,14538,19761,34442,12189,21147,,,,,,,,,,,,,31783,10548,21235,31503,8611,22892,,,,44268,15236,27558,,,,,,
OH-105,,,,,,,,44950,9324,32929,,,,,,,35313,12081,23232,35597,9578,24704,,,,,,,,,,,,,35011,9064,25947,34676,6785,27891,,,,49189,12872,34521,,,,,,
OH-106,,,,,,,,40575,11040,27344,,,,,,,33210,13332,19878,33410,11687,20646,,,,,,,,,,,,,31753,11158,20595,31496,8586,22910,,,,43222,14973,26715,,,,,,
OH-107,,,,,,,,42908,11715,28655,,,,,,,34228,14844,19384,34166,12226,20659,,,,,,,,,,,,,32279,10843,21436,31904,8091,23813,,,,45188,14232,29134,,,,,,
OH-108,,,,,,,,48705,14543,31125,,,,,,,38758,16888,21870,38785,13207,24221,,,,,,,,,,,,,36231,11532,24699,36055,8490,27565,,,,48982,14490,32490,,,,,,
OH-109,,,,,,,,35533,7024,26755,,,,,,,27998,9463,18535,28197,7455,19863,,,,,,,,,,,,,27411,6840,20571,27136,4944,22192,,,,38693,9233,27959,,,,,,
OH-110,,,,,,,,42136,11053,28974,,,,,,,33052,14270,18782,33331,11285,20976,,,,,,,,,,,,,31686,9959,21727,31583,7285,24298,,,,45396,13685,29785,,,,,,
OH-111,,,,,,,,46844,13141,31351,,,,,,,37305,16617,20688,37528,12651,23856,,,,,,,,,,,,,34708,10861,23847,34446,8076,26370,,,,48133,14315,31982,,,,,,
OH-112,,,,,,,,47724,14865,30654,,,,,,,38148,15601,22547,38263,11982,25159,,,,,,,,,,,,,37020,10716,26304,36703,8383,28320,,,,49566,14118,33722,,,,,,
OH-113,,,,,,,,45923,20376,22971,,,,,,,36588,21521,15067,36657,19245,16115,,,,,,,,,,,,,32566,15745,16821,32469,13392,19077,,,,44519,20181,22630,,,,,,
OH-114,,,,,,,,45812,13915,29902,,,,,,,36092,13673,22419,36417,10997,24586,,,,,,,,,,,,,32477,8385,24092,32051,6685,25366,,,,46947,11960,33166,,,,,,
OH-115,,,,,,,,41784,12452,27825,,,,,,,32276,13262,19014,32594,10990,20801,,,,,,,,,,,,,29792,8387,21405,29725,6443,23282,,,,42691,11382,29834,,,,,,
OH-116,,,,,,,,41522,12013,27642,,,,,,,31540,12702,18838,31797,10375,20504,,,,,,,,,,,,,29126,8067,21059,28858,6258,22600,,,,44520,11664,31306,,,,,,
OH-117,,,,,,,,40042,11360,26916,,,,,,,32168,13740,18428,32438,11445,20113,,,,,,,,,,,,,31300,10498,20802,31232,7985,23247,,,,45693,15223,28884,,,,,,
OH-118,,,,,,,,42876,7898,33070,,,,,,,32652,9785,22867,32819,7786,23943,,,,,,,,,,,,,31414,7104,24310,31196,5133,26063,,,,46912,10051,35170,,,,,,
OK-1,,,,,,,,43368,7300,33214,,,,,,,,,,35243,11193,22902,,,,47363,10773,34326,,,,,,,,,,,,,,,,,,,,,,,,
OK-2,,,,,,,,38004,8215,27055,,,,,,,,,,30191,10942,18192,,,,41311,11500,27806,,,,,,,,,,,,,,,,,,,,,,,,
OK-3,,,,,,,,31878,14568,14754,,,,,,,,,,26021,15854,9390,,,,37243,20158,15393,,,,,,,,,,,,,,,,,,,,,,,,
OK-4,,,,,,,,40601,16020,20612,,,,,,,,,,34683,21212,12572,,,,40196,22111,16394,,,,,,,,,,,,,,,,,,,,,,,,
OK-5,,,,,,,,27601,10397,14432,,,,,,,,,,21510,11910,8787,,,,29365,15411,12429,,,,,,,,,,,,,,,,,,,,,,,,
OK-6,,,,,,,,42149,11208,27998,,,,,,,,,,34983,15761,18385,,,,42544,17017,23719,,,,,,,,,,,,,,,,,,,,,,,,
OK-7,,,,,,,,40811,7375,30866,,,,,,,,,,34925,12178,21972,,,,47992,13432,32624,,,,,,,,,,,,,,,,,,,,,,,,
OK-8,,,,,,,,34471,7918,24071,,,,,,,,,,27726,10941,15913,,,,37712,12640,23266,,,,,,,,,,,,,,,,,,,,,,,,
OK-9,,,,,,,,40640,7827,30123,,,,,,,,,,33847,11454,21282,,,,45692,11787,31877,,,,,,,,,,,,,,,,,,,,,,,,
OK-10,,,,,,,,40095,8648,28705,,,,,,,,,,32483,11660,19708,,,,42251,10894,29135,,,,,,,,,,,,,,,,,,,,,,,,
OK-11,,,,,,,,37684,8262,27264,,,,,,,,,,31201,10463,19567,,,,40813,9288,29789,,,,,,,,,,,,,,,,,,,,,,,,
OK-12,,,,,,,,37971,11537,24083,,,,,,,,,,30737,14365,15361,,,,39295,12891,24643,,,,,,,,,,,,,,,,,,,,,,,,
OK-13,,,,,,,,37025,7024,27680,,,,,,,,,,29622,9625,18945,,,,39270,8949,28622,,,,,,,,,,,,,,,,,,,,,,,,
OK-14,,,,,,,,33548,6319,25081,,,,,,,,,,27596,10700,15677,,,,36439,9940,24983,,,,,,,,,,,,,,,,,,,,,,,,
OK-15,,,,,,,,39181,5850,30772,,,,,,,,,,32247,9853,21016,,,,42777,9204,31821,,,,,,,,,,,,,,,,,,,,,,,,
OK-16,,,,,,,,34149,8174,22936,,,,,,,,,,27685,12295,14269,,,,36350,12469,22051,,,,,,,,,,,,,,,,,,,,,,,,
OK-17,,,,,,,,35233,10001,22724,,,,,,,,,,29084,12696,15379,,,,37908,10772,25511,,,,,,,,,,,,,,,,,,,,,,,,
OK-18,,,,,,,,35578,8307,24805,,,,,,,,,,26720,8909,17063,,,,38907,7000,30513,,,,,,,,,,,,,,,,,,,,,,,,
OK-19,,,,,,,,37588,9378,25847,,,,,,,,,,29925,10727,18148,,,,39787,8565,29734,,,,,,,,,,,,,,,,,,,,,,,,
OK-20,,,,,,,,32258,7513,22375,,,,,,,,,,26257,10001,15510,,,,35381,8252,25664,,,,,,,,,,,,,,,,,,,,,,,,
OK-21,,,,,,,,39110,5606,31101,,,,,,,,,,30952,9567,20194,,,,42236,8364,32303,,,,,,,,,,,,,,,,,,,,,,,,
OK-22,,,,,,,,39800,7910,29091,,,,,,,,,,30707,9749,19924,,,,42233,8685,32017,,,,,,,,,,,,,,,,,,,,,,,,
OK-23,,,,,,,,37791,6448,29165,,,,,,,,,,29468,8893,19686,,,,39781,6674,31717,,,,,,,,,,,,,,,,,,,,,,,,
OK-24,,,,,,,,35356,5035,27918,,,,,,,,,,27284,7626,18552,,,,35533,6648,27299,,,,,,,,,,,,,,,,,,,,,,,,
OK-25,,,,,,,,37495,5140,30028,,,,,,,,,,30003,8723,20054,,,,38509,7557,29220,,,,,,,,,,,,,,,,,,,,,,,,
OK-26,,,,,,,,37674,4993,30862,,,,,,,,,,29683,8238,20232,,,,38665,6853,30346,,,,,,,,,,,,,,,,,,,,,,,,
OK-27,,,,,,,,25909,8526,15095,,,,,,,,,,21219,10582,9806,,,,28326,11177,15700,,,,,,,,,,,,,,,,,,,,,,,,
OK-28,,,,,,,,35888,6048,27472,,,,,,,,,,29132,10216,17734,,,,38837,9313,27813,,,,,,,,,,,,,,,,,,,,,,,,
OK-29,,,,,,,,35265,6037,26476,,,,,,,,,,29505,11325,17097,,,,39844,12248,25793,,,,,,,,,,,,,,,,,,,,,,,,
OK-30,,,,,,,,36917,7733,25971,,,,,,,,,,30379,12845,16431,,,,40017,13901,24357,,,,,,,,,,,,,,,,,,,,,,,,
OK-31,,,,,,,,36554,13540,17020,,,,,,,,,,31014,20420,9647,,,,38267,21637,14919,,,,,,,,,,,,,,,,,,,,,,,,
OK-32,,,,,,,,36141,7832,24805,,,,,,,,,,30754,13383,16190,,,,41270,14094,25264,,,,,,,,,,,,,,,,,,,,,,,,
OK-33,,,,,,,,17168,7002,8311,,,,,,,,,,12414,7309,4530,,,,18579,10611,7036,,,,,,,,,,,,,,,,,,,,,,,,
OK-34,,,,,,,,32107,10593,18340,,,,,,,,,,25452,13837,10411,,,,33099,16243,15071,,,,,,,,,,,,,,,,,,,,,,,,
OK-35,,,,,,,,27477,10216,14045,,,,,,,,,,22893,13758,8195,,,,29918,16574,11903,,,,,,,,,,,,,,,,,,,,,,,,
OK-36,,,,,,,,41168,14372,22524,,,,,,,,,,36539,21847,13533,,,,42454,22814,17883,,,,,,,,,,,,,,,,,,,,,,,,
OK-37,,,,,,,,37974,9275,25968,,,,,,,,,,34618,16234,17437,,,,40670,15868,23353,,,,,,,,,,,,,,,,,,,,,,,,
OK-38,,,,,,,,39129,9587,26348,,,,,,,,,,33746,16686,16088,,,,41073,16509,22890,,,,,,,,,,,,,,,,,,,,,,,,
OK-39,,,,,,,,45008,7610,34311,,,,,,,,,,38966,14598,23098,,,,50135,13413,34847,,,,,,,,,,,,,,,,,,,,,,,,
OK-40,,,,,,,,34283,20567,10644,,,,,,,,,,28971,22398,5702,,,,38319,27527,9109,,,,,,,,,,,,,,,,,,,,,,,,
OR-1,,,,,,,,47220,25388,16806,47005,21729,22027,,,,,,,44944,19446,21913,,,,57195,28773,26179,,,,,,,,,,,,,,,,,,,,,,,,
OR-2,,,,,,,,59987,46664,8120,59226,43382,13559,,,,,,,59056,43447,14059,,,,66440,55132,8955,,,,,,,,,,,,,,,,,,,,,,,,
OR-3,,,,,,,,53733,42962,3669,53175,44579,6196,,,,,,,53367,45613,6013,,,,61744,54301,4921,,,,,,,,,,,,,,,,,,,,,,,,
OR-4,,,,,,,,51756,41939,3225,51140,43222,5565,,,,,,,51629,44255,5974,,,,62976,56251,3984,,,,,,,,,,,,,,,,,,,,,,,,
OR-5,,,,,,,,55391,43313,4706,54829,44463,7662,,,,,,,55336,45613,7753,,,,64705,55435,6442,,,,,,,,,,,,,,,,,,,,,,,,
OR-6,,,,,,,,55023,42977,5932,54384,42605,9458,,,,,,,54271,42927,9549,,,,62764,52430,8006,,,,,,,,,,,,,,,,,,,,,,,,
OR-7,,,,,,,,35559,23325,8008,35308,21613,11285,,,,,,,33547,20519,10977,,,,43009,28787,12232,,,,,,,,,,,,,,,,,,,,,,,,
OR-8,,,,,,,,33326,21071,8049,33134,19693,11000,,,,,,,31862,19017,10663,,,,41967,26793,13129,,,,,,,,,,,,,,,,,,,,,,,,
OR-9,,,,,,,,40071,21626,14204,39932,18611,18737,,,,,,,37261,16975,17853,,,,47826,25673,20203,,,,,,,,,,,,,,,,,,,,,,,,
OR-10,,,,,,,,46043,30636,11791,45649,27318,16299,,,,,,,44367,26764,15949,,,,55199,39459,13855,,,,,,,,,,,,,,,,,,,,,,,,
OR-11,,,,,,,,38975,24262,10236,38746,22817,13314,,,,,,,36337,21726,12357,,,,46833,31517,13073,,,,,,,,,,,,,,,,,,,,,,,,
OR-12,,,,,,,,37951,21970,11549,37705,20513,14490,,,,,,,35947,19925,13671,,,,45833,29322,14455,,,,,,,,,,,,,,,,,,,,,,,,
OR-13,,,,,,,,47816,31135,12131,47446,28481,16440,,,,,,,44896,27300,15473,,,,55532,38761,14468,,,,,,,,,,,,,,,,,,,,,,,,
OR-14,,,,,,,,47174,28111,14854,46923,24870,19616,,,,,,,44457,23609,18640,,,,54456,34411,17846,,,,,,,,,,,,,,,,,,,,,,,,
OR-15,,,,,,,,44565,22717,17725,44359,19410,22253,,,,,,,42475,18562,21196,,,,54765,28603,24102,,,,,,,,,,,,,,,,,,,,,,,,
OR-16,,,,,,,,56457,34230,18447,56245,29198,24873,,,,,,,54716,28244,24717,,,,66762,42606,22079,,,,,,,,,,,,,,,,,,,,,,,,
OR-17,,,,,,,,49929,30245,14515,49703,27127,19496,,,,,,,47804,26176,18765,,,,59249,36907,19729,,,,,,,,,,,,,,,,,,,,,,,,
OR-18,,,,,,,,46839,23948,18837,46708,20345,23774,,,,,,,44798,18782,23267,,,,57452,28999,26453,,,,,,,,,,,,,,,,,,,,,,,,
OR-19,,,,,,,,48832,21121,23570,48917,16929,29324,,,,,,,44764,14698,27220,,,,59580,23091,34586,,,,,,,,,,,,,,,,,,,,,,,,
OR-20,,,,,,,,40037,18913,17811,40346,15587,23073,,,,,,,39679,15778,21316,,,,47738,22126,23995,,,,,,,,,,,,,,,,,,,,,,,,
OR-21,,,,,,,,28812,15900,9608,29113,14174,13245,,,,,,,26635,13578,10956,,,,34704,19494,13651,,,,,,,,,,,,,,,,,,,,,,,,
OR-22,,,,,,,,42084,22533,15853,42369,19116,21377,,,,,,,40507,19878,18275,,,,50813,28124,20685,,,,,,,,,,,,,,,,,,,,,,,,
OR-23,,,,,,,,41553,21848,15737,41641,18525,20945,,,,,,,39518,18206,18686,,,,50079,26630,21517,,,,,,,,,,,,,,,,,,,,,,,,
OR-24,,,,,,,,45608,20209,21106,45709,16317,26675,,,,,,,43617,15254,25067,,,,54812,23156,29591,,,,,,,,,,,,,,,,,,,,,,,,
OR-25,,,,,,,,45697,17361,23987,46128,13142,30296,,,,,,,44039,11416,28858,,,,57755,18777,36993,,,,,,,,,,,,,,,,,,,,,,,,
OR-26,,,,,,,,52376,31509,14695,52101,30225,18800,,,,,,,48731,28625,17081,,,,57738,38119,17114,,,,,,,,,,,,,,,,,,,,,,,,
OR-27,,,,,,,,48701,27009,16819,48616,24155,21514,,,,,,,47252,22595,21234,,,,59084,32064,25071,,,,,,,,,,,,,,,,,,,,,,,,
OR-28,,,,,,,,49723,27220,17231,49728,24370,22358,,,,,,,47349,22765,20976,,,,59346,33769,23147,,,,,,,,,,,,,,,,,,,,,,,,
OR-29,,,,,,,,51908,28896,17776,51811,26407,22309,,,,,,,48901,24532,20680,,,,60728,35080,23349,,,,,,,,,,,,,,,,,,,,,,,,
OR-30,,,,,,,,48779,35089,7821,48321,35097,10464,,,,,,,46496,34168,9748,,,,53544,41628,9395,,,,,,,,,,,,,,,,,,,,,,,,
OR-31,,,,,,,,48461,24071,19420,48528,20636,24560,,,,,,,45086,18018,23112,,,,57654,27971,27575,,,,,,,,,,,,,,,,,,,,,,,,
OR-32,,,,,,,,46102,24546,17082,45978,20218,22849,,,,,,,44666,18864,22784,,,,56538,27609,26878,,,,,,,,,,,,,,,,,,,,,,,,
OR-33,,,,,,,,32190,13602,15416,32129,9903,19893,,,,,,,29063,8039,18729,,,,38476,13053,24186,,,,,,,,,,,,,,,,,,,,,,,,
OR-34,,,,,,,,48199,18916,25394,48350,12071,33106,,,,,,,45176,9794,32017,,,,56199,16149,38569,,,,,,,,,,,,,,,,,,,,,,,,
OR-35,,,,,,,,42517,16654,21935,42525,11231,28002,,,,,,,39413,8355,27320,,,,50038,14798,33717,,,,,,,,,,,,,,,,,,,,,,,,
OR-36,,,,,,,,48814,23358,21616,48617,17341,28217,,,,,,,47901,15700,29137,,,,62416,26914,33603,,,,,,,,,,,,,,,,,,,,,,,,
OR-37,,,,,,,,47675,28740,14425,47363,24957,19607,,,,,,,48198,24976,20846,,,,60274,38350,19682,,,,,,,,,,,,,,,,,,,,,,,,
OR-38,,,,,,,,47497,17874,25164,47679,14236,29717,,,,,,,44532,10482,29528,,,,56767,18536,36477,,,,,,,,,,,,,,,,,,,,,,,,
OR-39,,,,,,,,47963,20821,22189,47934,18089,26229,,,,,,,44966,15105,25879,,,,56632,23226,31603,,,,,,,,,,,,,,,,,,,,,,,,
OR-40,,,,,,,,50765,21417,24410,50644,17481,28431,,,,,,,47376,14109,28897,,,,58820,21536,35148,,,,,,,,,,,,,,,,,,,,,,,,
OR-41,,,,,,,,44935,19053,22024,44749,14626,27039,,,,,,,42352,11884,26708,,,,54676,19794,33147,,,,,,,,,,,,,,,,,,,,,,,,
OR-42,,,,,,,,54179,31422,16619,53876,29804,20802,,,,,,,52558,28410,20457,,,,60902,36415,22315,,,,,,,,,,,,,,,,,,,,,,,,
PA-1,,,,,,,,39837,19071,20178,,,,,,,30969,17716,12916,30966,18063,12575,,,,,,,,,,,,,,,,,,,,,,,,,,,,,,
PA-2,,,,,,,,37558,21183,15719,,,,,,,27797,18342,9113,27804,18685,8785,,,,,,,,,,,,,,,,,,,,,,,,,,,,,,
PA-3,,,,,,,,35379,21543,13333,,,,,,,27106,18540,8277,27121,18936,7906,,,,,,,,,,,,,,,,,,,,,,,,,,,,,,
PA-4,,,,,,,,35016,26264,8154,,,,,,,24928,20329,4320,25060,20485,4318,,,,,,,,,,,,,,,,,,,,,,,,,,,,,,
PA-5,,,,,,,,35137,31253,3558,,,,,,,26888,24781,1916,26931,24867,1884,,,,,,,,,,,,,,,,,,,,,,,,,,,,,,
PA-6,,,,,,,,35763,33201,2317,,,,,,,22170,20839,1199,22168,20834,1197,,,,,,,,,,,,,,,,,,,,,,,,,,,,,,
PA-7,,,,,,,,45541,35090,9670,,,,,,,41027,34840,5394,40966,35032,5288,,,,,,,,,,,,,,,,,,,,,,,,,,,,,,
PA-8,,,,,,,,43957,41954,1657,,,,,,,32817,31925,567,32814,31993,574,,,,,,,,,,,,,,,,,,,,,,,,,,,,,,
PA-9,,,,,,,,47217,45311,1518,,,,,,,38602,37616,681,38590,37618,703,,,,,,,,,,,,,,,,,,,,,,,,,,,,,,
PA-10,,,,,,,,56671,50355,5768,,,,,,,50950,47169,3373,50768,47234,3176,,,,,,,,,,,,,,,,,,,,,,,,,,,,,,
PA-11,,,,,,,,47592,40614,6276,,,,,,,40493,36700,3229,40428,36912,3029,,,,,,,,,,,,,,,,,,,,,,,,,,,,,,
PA-12,,,,,,,,50631,48718,1532,,,,,,,42456,41361,750,42499,41442,775,,,,,,,,,,,,,,,,,,,,,,,,,,,,,,
PA-13,,,,,,,,41141,37915,2855,,,,,,,32878,31164,1250,32862,31161,1273,,,,,,,,,,,,,,,,,,,,,,,,,,,,,,
PA-14,,,,,,,,39771,28165,11104,,,,,,,31855,24514,6952,31911,24976,6626,,,,,,,,,,,,,,,,,,,,,,,,,,,,,,
PA-15,,,,,,,,51183,43388,7149,,,,,,,45182,40775,3745,45066,40981,3553,,,,,,,,,,,,,,,,,,,,,,,,,,,,,,
PA-16,,,,,,,,42771,36396,5926,,,,,,,38389,34856,2971,38221,34905,2852,,,,,,,,,,,,,,,,,,,,,,,,,,,,,,
PA-17,,,,,,,,54511,35882,18201,,,,,,,49994,37857,11554,49890,38386,11019,,,,,,,,,,,,,,,,,,,,,,,,,,,,,,
PA-18,,,,,,,,42993,26108,16269,,,,,,,35955,25102,10246,36060,25859,9724,,,,,,,,,,,,,,,,,,,,,,,,,,,,,,
PA-19,,,,,,,,55928,37044,18367,,,,,,,50916,38485,11827,50947,39341,11102,,,,,,,,,,,,,,,,,,,,,,,,,,,,,,
PA-20,,,,,,,,55699,34344,20778,,,,,,,50266,35991,13526,50395,36998,12753,,,,,,,,,,,,,,,,,,,,,,,,,,,,,,
PA-21,,,,,,,,52872,26204,25972,,,,,,,45834,27834,17267,45978,29019,16325,,,,,,,,,,,,,,,,,,,,,,,,,,,,,,
PA-22,,,,,,,,51905,26183,25027,,,,,,,45861,27956,17226,45903,28977,16297,,,,,,,,,,,,,,,,,,,,,,,,,,,,,,
PA-23,,,,,,,,49733,22560,26475,,,,,,,43688,24823,18146,43754,25976,17123,,,,,,,,,,,,,,,,,,,,,,,,,,,,,,
PA-24,,,,,,,,45940,20578,24519,,,,,,,38747,21193,16849,38869,22043,16183,,,,,,,,,,,,,,,,,,,,,,,,,,,,,,
PA-25,,,,,,,,48402,18373,29135,,,,,,,41540,19818,20896,41573,20731,20134,,,,,,,,,,,,,,,,,,,,,,,,,,,,,,
PA-26,,,,,,,,56073,24678,30498,,,,,,,50276,27439,22055,50210,28674,20820,,,,,,,,,,,,,,,,,,,,,,,,,,,,,,
PA-27,,,,,,,,56889,25159,30809,,,,,,,50774,27335,22596,50751,28573,21438,,,,,,,,,,,,,,,,,,,,,,,,,,,,,,
PA-28,,,,,,,,54793,23443,30577,,,,,,,48055,25648,21756,48037,26952,20511,,,,,,,,,,,,,,,,,,,,,,,,,,,,,,
PA-29,,,,,,,,56542,28954,26679,,,,,,,49565,30382,18413,49542,31430,17439,,,,,,,,,,,,,,,,,,,,,,,,,,,,,,
PA-30,,,,,,,,43101,23585,18501,,,,,,,34525,22133,11710,34598,22738,11306,,,,,,,,,,,,,,,,,,,,,,,,,,,,,,
PA-31,,,,,,,,46429,21967,23665,,,,,,,39186,21866,16732,39268,22857,15944,,,,,,,,,,,,,,,,,,,,,,,,,,,,,,
PA-32,,,,,,,,45539,29984,14987,,,,,,,38230,28262,9474,38211,28625,9156,,,,,,,,,,,,,,,,,,,,,,,,,,,,,,
PA-33,,,,,,,,45168,28981,15529,,,,,,,37027,26484,10070,37065,27021,9673,,,,,,,,,,,,,,,,,,,,,,,,,,,,,,
PA-34,,,,,,,,45217,27452,17136,,,,,,,35530,23552,11487,35566,24177,10990,,,,,,,,,,,,,,,,,,,,,,,,,,,,,,
PA-35,,,,,,,,59107,29735,28594,,,,,,,52832,32324,19757,52709,33339,18768,,,,,,,,,,,,,,,,,,,,,,,,,,,,,,
PA-36,,,,,,,,54687,29078,24906,,,,,,,49011,32534,15800,48824,33159,15075,,,,,,,,,,,,,,,,,,,,,,,,,,,,,,
PA-37,,,,,,,,54884,22822,31139,,,,,,,47961,25339,22010,47869,26434,20849,,,,,,,,,,,,,,,,,,,,,,,,,,,,,,
PA-38,,,,,,,,50216,22380,25960,,,,,,,43501,24235,18522,43511,25093,17771,,,,,,,,,,,,,,,,,,,,,,,,,,,,,,
PA-39,,,,,,,,46387,23988,20534,,,,,,,39413,24701,14007,39428,25450,13373,,,,,,,,,,,,,,,,,,,,,,,,,,,,,,
PA-40,,,,,,,,51707,20752,28886,,,,,,,45563,23819,20869,45638,24886,20001,,,,,,,,,,,,,,,,,,,,,,,,,,,,,,
PA-41,,,,,,,,56083,27730,26521,,,,,,,48492,30238,17372,48463,31305,16341,,,,,,,,,,,,,,,,,,,,,,,,,,,,,,
PA-42,,,,,,,,55432,28027,25770,,,,,,,50160,31866,17435,50134,32934,16452,,,,,,,,,,,,,,,,,,,,,,,,,,,,,,
PA-43,,,,,,,,44279,21854,21294,,,,,,,36284,21034,14627,36430,21928,13935,,,,,,,,,,,,,,,,,,,,,,,,,,,,,,
PA-44,,,,,,,,42387,23375,18089,,,,,,,34687,21880,12211,34883,22948,11373,,,,,,,,,,,,,,,,,,,,,,,,,,,,,,
PA-45,,,,,,,,47489,16506,29631,,,,,,,39142,17034,21475,39278,18403,20249,,,,,,,,,,,,,,,,,,,,,,,,,,,,,,
PA-46,,,,,,,,49032,24732,22164,,,,,,,40186,24534,14859,40195,25579,13847,,,,,,,,,,,,,,,,,,,,,,,,,,,,,,
PA-47,,,,,,,,28203,20293,6824,,,,,,,19005,14531,4158,19071,14817,3894,,,,,,,,,,,,,,,,,,,,,,,,,,,,,,
PA-48,,,,,,,,47877,18609,27166,,,,,,,38718,18553,19454,38761,19776,18267,,,,,,,,,,,,,,,,,,,,,,,,,,,,,,
PA-49,,,,,,,,47870,18940,27162,,,,,,,40868,21189,19011,40941,22505,17777,,,,,,,,,,,,,,,,,,,,,,,,,,,,,,
PA-50,,,,,,,,26414,19435,6178,,,,,,,18296,14240,3739,18332,14380,3631,,,,,,,,,,,,,,,,,,,,,,,,,,,,,,
PA-51,,,,,,,,50623,20393,28303,,,,,,,42449,21346,20331,42394,22166,19484,,,,,,,,,,,,,,,,,,,,,,,,,,,,,,
PA-52,,,,,,,,46844,19307,25735,,,,,,,38415,19687,18072,38370,20406,17311,,,,,,,,,,,,,,,,,,,,,,,,,,,,,,
PA-53,,,,,,,,48359,14967,31308,,,,,,,39536,15592,23183,39498,16224,22586,,,,,,,,,,,,,,,,,,,,,,,,,,,,,,
PA-54,,,,,,,,46060,14758,27815,,,,,,,36167,13563,22082,36089,16114,19319,,,,,,,,,,,,,,,,,,,,,,,,,,,,,,
PA-55,,,,,,,,44284,14867,26302,,,,,,,35249,12867,21889,35171,14724,19797,,,,,,,,,,,,,,,,,,,,,,,,,,,,,,
PA-56,,,,,,,,37827,19956,16867,,,,,,,31216,17792,12938,31251,18538,12237,,,,,,,,,,,,,,,,,,,,,,,,,,,,,,
PA-57,,,,,,,,40695,19645,19545,,,,,,,33915,17788,15685,33870,18770,14626,,,,,,,,,,,,,,,,,,,,,,,,,,,,,,
PA-58,,,,,,,,52373,26764,21782,,,,,,,44320,26560,17285,44141,28150,15433,,,,,,,,,,,,,,,,,,,,,,,,,,,,,,
PA-59,,,,,,,,41670,24040,14583,,,,,,,33163,21714,11104,33036,22652,9951,,,,,,,,,,,,,,,,,,,,,,,,,,,,,,
PA-60,,,,,,,,45615,14639,28219,,,,,,,38010,14537,22919,37938,15288,22058,,,,,,,,,,,,,,,,,,,,,,,,,,,,,,
PA-61,,,,,,,,45440,12203,30956,,,,,,,36926,12524,23705,36902,13902,22361,,,,,,,,,,,,,,,,,,,,,,,,,,,,,,
PA-62,,,,,,,,43095,14841,26418,,,,,,,35357,14701,19962,35324,15728,18935,,,,,,,,,,,,,,,,,,,,,,,,,,,,,,
PA-63,,,,,,,,39059,10172,27221,,,,,,,32392,10672,21032,32413,11380,20390,,,,,,,,,,,,,,,,,,,,,,,,,,,,,,
PA-64,,,,,,,,38618,10860,26144,,,,,,,31892,11095,20155,31924,11864,19503,,,,,,,,,,,,,,,,,,,,,,,,,,,,,,
PA-65,,,,,,,,47777,15519,29984,,,,,,,39415,15935,22535,39360,17242,21228,,,,,,,,,,,,,,,,,,,,,,,,,,,,,,
PA-66,,,,,,,,49878,24129,23989,,,,,,,43313,24905,17482,43204,26299,16103,,,,,,,,,,,,,,,,,,,,,,,,,,,,,,
PA-67,,,,,,,,40263,21277,17448,,,,,,,32218,19057,12419,32205,19784,11805,,,,,,,,,,,,,,,,,,,,,,,,,,,,,,
PA-68,,,,,,,,50461,16978,32423,,,,,,,43290,17659,24814,43185,19732,22594,,,,,,,,,,,,,,,,,,,,,,,,,,,,,,
PA-69,,,,,,,,45987,22052,23045,,,,,,,39303,21610,16963,39249,23434,15046,,,,,,,,,,,,,,,,,,,,,,,,,,,,,,
PA-70,,,,,,,,39837,26796,12180,,,,,,,32544,23695,8180,32553,24611,7338,,,,,,,,,,,,,,,,,,,,,,,,,,,,,,
PA-71,,,,,,,,48612,18267,28280,,,,,,,42584,20094,21636,42583,22351,19344,,,,,,,,,,,,,,,,,,,,,,,,,,,,,,
PA-72,,,,,,,,45885,15916,27856,,,,,,,37853,15838,21286,37917,17455,19708,,,,,,,,,,,,,,,,,,,,,,,,,,,,,,
PA-73,,,,,,,,45145,15075,27747,,,,,,,39302,17045,21408,39308,19073,19457,,,,,,,,,,,,,,,,,,,,,,,,,,,,,,
PA-74,,,,,,,,41714,20475,19223,,,,,,,32548,18100,13728,32603,19343,12726,,,,,,,,,,,,,,,,,,,,,,,,,,,,,,
PA-75,,,,,,,,45961,16312,27467,,,,,,,38348,16938,20543,38361,18426,19226,,,,,,,,,,,,,,,,,,,,,,,,,,,,,,
PA-76,,,,,,,,47904,12200,33262,,,,,,,39094,12508,25713,39138,13420,25001,,,,,,,,,,,,,,,,,,,,,,,,,,,,,,
PA-77,,,,,,,,45126,12670,30245,,,,,,,37054,13056,23220,37108,14320,22082,,,,,,,,,,,,,,,,,,,,,,,,,,,,,,
PA-78,,,,,,,,47503,14593,30492,,,,,,,39102,14880,23419,39053,15862,22501,,,,,,,,,,,,,,,,,,,,,,,,,,,,,,
PA-79,,,,,,,,43055,12609,28351,,,,,,,33721,12207,20937,33657,12922,20187,,,,,,,,,,,,,,,,,,,,,,,,,,,,,,
PA-80,,,,,,,,46328,10323,33385,,,,,,,37217,10304,26289,37166,10562,26033,,,,,,,,,,,,,,,,,,,,,,,,,,,,,,
PA-81,,,,,,,,42638,9605,30540,,,,,,,34543,10173,23614,34579,11136,22757,,,,,,,,,,,,,,,,,,,,,,,,,,,,,,
PA-82,,,,,,,,40871,11932,26539,,,,,,,33393,11857,20965,33283,13004,19693,,,,,,,,,,,,,,,,,,,,,,,,,,,,,,
PA-83,,,,,,,,38969,20225,16128,,,,,,,31197,17641,13203,31093,19105,11549,,,,,,,,,,,,,,,,,,,,,,,,,,,,,,
PA-84,,,,,,,,45154,19170,22925,,,,,,,38025,17551,20094,37885,19619,17753,,,,,,,,,,,,,,,,,,,,,,,,,,,,,,
PA-85,,,,,,,,37211,13808,21229,,,,,,,30594,11161,19201,30407,13757,16337,,,,,,,,,,,,,,,,,,,,,,,,,,,,,,
PA-86,,,,,,,,43131,14972,25047,,,,,,,34851,13563,20762,34796,15095,19109,,,,,,,,,,,,,,,,,,,,,,,,,,,,,,
PA-87,,,,,,,,39900,12136,24906,,,,,,,32176,11611,20086,32116,13343,18141,,,,,,,,,,,,,,,,,,,,,,,,,,,,,,
PA-88,,,,,,,,44806,12520,28570,,,,,,,36244,12447,23144,36139,12125,23205,,,,,,,,,,,,,,,,,,,,,,,,,,,,,,
PA-89,,,,,,,,48221,11586,33847,,,,,,,39416,11722,26986,39528,11800,26972,,,,,,,,,,,,,,,,,,,,,,,,,,,,,,
PA-90,,,,,,,,44379,13001,28440,,,,,,,35928,12683,22610,35871,13448,21762,,,,,,,,,,,,,,,,,,,,,,,,,,,,,,
PA-91,,,,,,,,41485,14092,24431,,,,,,,34672,14935,19011,34817,14975,19123,,,,,,,,,,,,,,,,,,,,,,,,,,,,,,
PA-92,,,,,,,,50072,26906,20798,,,,,,,38370,25132,12190,38337,25503,11957,,,,,,,,,,,,,,,,,,,,,,,,,,,,,,
PA-93,,,,,,,,46380,8659,35312,,,,,,,36974,8984,27539,37123,8734,27931,,,,,,,,,,,,,,,,,,,,,,,,,,,,,,
PA-94,,,,,,,,46159,11952,31443,,,,,,,36802,12832,23444,36948,12641,23630,,,,,,,,,,,,,,,,,,,,,,,,,,,,,,
PA-95,,,,,,,,43500,12830,28092,,,,,,,34217,12386,21209,34481,12444,21438,,,,,,,,,,,,,,,,,,,,,,,,,,,,,,
PA-96,,,,,,,,47382,17281,27299,,,,,,,37548,16940,20116,37756,17028,20190,,,,,,,,,,,,,,,,,,,,,,,,,,,,,,
PA-97,,,,,,,,46079,11901,30696,,,,,,,36188,12374,23173,36335,12513,23208,,,,,,,,,,,,,,,,,,,,,,,,,,,,,,
PA-98,,,,,,,,44461,12881,28473,,,,,,,35683,12833,22158,35860,13633,21523,,,,,,,,,,,,,,,,,,,,,,,,,,,,,,
PA-99,,,,,,,,42335,10690,28467,,,,,,,33520,11075,21909,33604,10618,22445,,,,,,,,,,,,,,,,,,,,,,,,,,,,,,
PA-100,,,,,,,,42158,11760,27910,,,,,,,33152,11754,20881,33326,11353,21475,,,,,,,,,,,,,,,,,,,,,,,,,,,,,,
PA-101,,,,,,,,48912,16775,28992,,,,,,,38470,16907,20885,38551,17641,20283,,,,,,,,,,,,,,,,,,,,,,,,,,,,,,
PA-102,,,,,,,,49666,17137,29903,,,,,,,39932,17390,21922,40153,18509,21073,,,,,,,,,,,,,,,,,,,,,,,,,,,,,,
PA-103,,,,,,,,51574,17766,31185,,,,,,,42000,18373,22881,42278,19776,21828,,,,,,,,,,,,,,,,,,,,,,,,,,,,,,
PA-104,,,,,,,,47517,15620,29111,,,,,,,38001,15983,21357,38311,16838,20849,,,,,,,,,,,,,,,,,,,,,,,,,,,,,,
PA-105,,,,,,,,41743,17110,22346,,,,,,,31929,16069,15399,32112,16260,15361,,,,,,,,,,,,,,,,,,,,,,,,,,,,,,
PA-106,,,,,,,,46491,17213,26276,,,,,,,36914,17035,19321,36932,17023,19137,,,,,,,,,,,,,,,,,,,,,,,,,,,,,,
PA-107,,,,,,,,46391,17593,26548,,,,,,,38717,18594,19512,38680,19208,18641,,,,,,,,,,,,,,,,,,,,,,,,,,,,,,
PA-108,,,,,,,,51111,17981,30125,,,,,,,42108,18985,22366,42195,19941,21460,,,,,,,,,,,,,,,,,,,,,,,,,,,,,,
PA-109,,,,,,,,48088,21961,23154,,,,,,,38677,21543,16381,38821,22416,15755,,,,,,,,,,,,,,,,,,,,,,,,,,,,,,
PA-110,,,,,,,,48350,16006,30066,,,,,,,38969,17186,21140,39308,17581,21057,,,,,,,,,,,,,,,,,,,,,,,,,,,,,,
PA-111,,,,,,,,42100,12726,27357,,,,,,,33916,13479,19837,34425,13981,19822,,,,,,,,,,,,,,,,,,,,,,,,,,,,,,
PA-112,,,,,,,,50087,21455,26817,,,,,,,42541,23887,18028,42870,24969,17305,,,,,,,,,,,,,,,,,,,,,,,,,,,,,,
PA-113,,,,,,,,37658,22830,13310,,,,,,,29891,21464,7890,30135,21843,7828,,,,,,,,,,,,,,,,,,,,,,,,,,,,,,
PA-114,,,,,,,,45292,20821,22513,,,,,,,35701,18871,16330,35742,19232,15993,,,,,,,,,,,,,,,,,,,,,,,,,,,,,,
PA-115,,,,,,,,46794,13661,30728,,,,,,,37543,13589,23335,37599,14003,22932,,,,,,,,,,,,,,,,,,,,,,,,,,,,,,
PA-116,,,,,,,,48279,14724,31298,,,,,,,40410,16489,23126,40493,17515,22195,,,,,,,,,,,,,,,,,,,,,,,,,,,,,,
PA-117,,,,,,,,48326,13991,31127,,,,,,,39085,14521,23749,39218,15376,23047,,,,,,,,,,,,,,,,,,,,,,,,,,,,,,
PA-118,,,,,,,,50110,20613,27584,,,,,,,43699,23409,19635,43665,24314,18801,,,,,,,,,,,,,,,,,,,,,,,,,,,,,,
PA-119,,,,,,,,53466,28121,23115,,,,,,,47170,30935,15477,47140,31713,14828,,,,,,,,,,,,,,,,,,,,,,,,,,,,,,
PA-120,,,,,,,,48070,20899,24473,,,,,,,38219,20066,17581,38311,20849,16903,,,,,,,,,,,,,,,,,,,,,,,,,,,,,,
PA-121,,,,,,,,49272,26280,20335,,,,,,,39467,25177,13597,39524,26107,12914,,,,,,,,,,,,,,,,,,,,,,,,,,,,,,
PA-122,,,,,,,,51980,35185,14423,,,,,,,41564,31246,9662,41590,31939,9169,,,,,,,,,,,,,,,,,,,,,,,,,,,,,,
PA-123,,,,,,,,53252,29080,21828,,,,,,,43292,28060,14579,43265,28834,13894,,,,,,,,,,,,,,,,,,,,,,,,,,,,,,
PA-124,,,,,,,,49143,23154,23750,,,,,,,41648,24452,16483,41630,25116,15882,,,,,,,,,,,,,,,,,,,,,,,,,,,,,,
PA-125,,,,,,,,55306,21141,32330,,,,,,,48885,25238,22879,48768,26217,21837,,,,,,,,,,,,,,,,,,,,,,,,,,,,,,
PA-126,,,,,,,,50350,23384,24329,,,,,,,42549,24498,17228,42572,25275,16650,,,,,,,,,,,,,,,,,,,,,,,,,,,,,,
PA-127,,,,,,,,56230,26778,26565,,,,,,,49018,29752,18213,48998,30643,17497,,,,,,,,,,,,,,,,,,,,,,,,,,,,,,
PA-128,,,,,,,,53078,43274,7992,,,,,,,43813,38395,4720,43764,38641,4570,,,,,,,,,,,,,,,,,,,,,,,,,,,,,,
PA-129,,,,,,,,46890,29972,14460,,,,,,,36564,27155,8639,36559,27630,8330,,,,,,,,,,,,,,,,,,,,,,,,,,,,,,
PA-130,,,,,,,,54605,41107,11843,,,,,,,45339,38265,6112,45136,38510,5808,,,,,,,,,,,,,,,,,,,,,,,,,,,,,,
RI-1,,,,,,,,,,,,,,,,,39326,24761,14492,39093,22865,12395,,,,51304,35400,15845,,,,,,,,,,,,,,,,50227,31667,18482,,,,,,
RI-2,,,,,,,,,,,,,,,,,38309,24903,13304,38231,22290,11856,,,,49588,34917,14584,,,,,,,,,,,,,,,,49657,31911,17633,,,,,,
RI-3,,,,,,,,,,,,,,,,,18760,16668,2034,18973,15002,2372,,,,24372,20733,3552,,,,,,,,,,,,,,,,22881,17555,5185,,,,,,
RI-4,,,,,,,,,,,,,,,,,28600,22728,5795,28615,20746,5695,,,,35698,29361,6232,,,,,,,,,,,,,,,,34985,27356,7463,,,,,,
RI-5,,,,,,,,,,,,,,,,,19561,14851,4650,19612,13023,4303,,,,27373,21257,6033,,,,,,,,,,,,,,,,26002,18435,7479,,,,,,
RI-6,,,,,,,,,,,,,,,,,32636,18602,13965,32653,16016,13052,,,,43713,27135,16508,,,,,,,,,,,,,,,,43597,24323,19166,,,,,,
RI-7,,,,,,,,,,,,,,,,,38397,22250,16064,38500,16236,19394,,,,48723,31829,16838,,,,,,,,,,,,,,,,48311,28340,19834,,,,,,
RI-8,,,,,,,,,,,,,,,,,38175,19419,18691,38128,15288,18644,,,,50552,29035,21442,,,,,,,,,,,,,,,,51654,25897,25657,,,,,,
RI-9,,,,,,,,,,,,,,,,,38151,18534,19534,38137,14465,19199,,,,51790,28164,23561,,,,,,,,,,,,,,,,53060,24738,28228,,,,,,
RI-10,,,,,,,,,,,,,,,,,41655,23280,18297,41501,19365,17468,,,,54675,34608,20004,,,,,,,,,,,,,,,,54546,31436,22985,,,,,,
RI-11,,,,,,,,,,,,,,,,,43168,25481,17595,42958,22826,15554,,,,56474,36135,20256,,,,,,,,,,,,,,,,56999,32986,23919,,,,,,
SC-1,,,,,,,,30262,18155,11429,,,,,,,,,,22579,16360,6189,,,,34584,24980,9131,,,,,,,18590,12185,6369,18735,13067,5394,,,,,,,,,,,,
SC-2,,,,,,,,44192,20291,22725,,,,,,,,,,36480,23243,13198,,,,54150,33088,20478,,,,,,,35440,18945,16430,35888,22244,13237,,,,,,,,,,,,
SC-3,,,,,,,,51557,19897,30402,,,,,,,,,,45021,25022,19947,,,,65646,34694,30247,,,,,,,48950,22777,26098,49534,27091,21949,,,,,,,,,,,,
SC-4,,,,,,,,47731,13420,33339,,,,,,,,,,44160,20208,23897,,,,65863,28989,36254,,,,,,,48930,17868,31006,49439,22817,26222,,,,,,,,,,,,
SC-5,,,,,,,,37362,12464,23965,,,,,,,,,,31209,14985,16196,,,,45320,21700,22810,,,,,,,28001,11323,16641,28167,13112,14642,,,,,,,,,,,,
SC-6,,,,,,,,32010,10662,20528,,,,,,,,,,26282,12858,13376,,,,40346,19307,20171,,,,,,,24710,10147,14530,24797,11503,12913,,,,,,,,,,,,
SC-7,,,,,,,,33227,10088,22423,,,,,,,,,,28208,11718,16444,,,,48742,19513,28291,,,,,,,35429,11934,23464,35608,13987,21154,,,,,,,,,,,,
SC-8,,,,,,,,36480,12233,23429,,,,,,,,,,30872,14170,16656,,,,47328,20336,26269,,,,,,,32444,11845,20570,32590,13714,18463,,,,,,,,,,,,
SC-9,,,,,,,,42201,13074,28327,,,,,,,,,,39023,16631,22368,,,,55228,22632,32137,,,,,,,40115,13615,26476,40285,15345,24633,,,,,,,,,,,,
SC-10,,,,,,,,37083,14605,21668,,,,,,,,,,34335,16532,17762,,,,47576,22824,24253,,,,,,,34852,13946,20882,34992,15221,19455,,,,,,,,,,,,
SC-11,,,,,,,,41048,21916,18249,,,,,,,,,,32770,19096,13633,,,,47331,26225,20439,,,,,,,30197,13898,16288,30286,14634,15283,,,,,,,,,,,,
SC-12,,,,,,,,45541,28749,16090,,,,,,,,,,36591,24392,12174,,,,49563,31695,17422,,,,,,,31707,18245,13436,31784,18772,12720,,,,,,,,,,,,
SC-13,,,,,,,,46897,23418,22817,,,,,,,,,,35883,19453,16412,,,,49638,25995,23147,,,,,,,31873,14272,17578,31991,14737,16935,,,,,,,,,,,,
SC-14,,,,,,,,39311,17332,21277,,,,,,,,,,33326,17239,16055,,,,47825,24669,22654,,,,,,,30585,13372,17193,30679,14263,16032,,,,,,,,,,,,
SC-15,,,,,,,,49691,16628,32256,,,,,,,,,,42332,17531,24777,,,,62615,24325,37580,,,,,,,46954,15071,31859,47161,16706,30044,,,,,,,,,,,,
SC-16,,,,,,,,38578,10491,27151,,,,,,,,,,34058,12088,21950,,,,55353,19092,35540,,,,,,,41439,11706,29715,41601,12950,28307,,,,,,,,,,,,
SC-17,,,,,,,,32503,9545,22190,,,,,,,,,,27350,10532,16797,,,,46221,17303,28159,,,,,,,33003,9984,23001,33140,10961,21859,,,,,,,,,,,,
SC-18,,,,,,,,38822,10256,27781,,,,,,,,,,32756,10183,22544,,,,52179,15677,35728,,,,,,,38983,9269,29693,39078,10024,28753,,,,,,,,,,,,
SC-19,,,,,,,,42713,23214,18830,,,,,,,,,,33181,19274,13890,,,,49467,28019,20889,,,,,,,28700,13881,14797,28828,14209,14333,,,,,,,,,,,,
SC-20,,,,,,,,44518,20207,23398,,,,,,,,,,34812,16753,18042,,,,49510,22845,25984,,,,,,,31736,12226,19492,31775,12814,18651,,,,,,,,,,,,
SC-21,,,,,,,,44500,18304,25066,,,,,,,,,,37574,18432,19108,,,,52578,24563,27199,,,,,,,35324,14483,20811,35516,15515,19473,,,,,,,,,,,,
SC-22,,,,,,,,40302,26702,12800,,,,,,,,,,36496,28559,7891,,,,52236,40683,11178,,,,,,,32992,24251,8707,33182,25006,7715,,,,,,,,,,,,
SC-23,,,,,,,,43297,23018,19262,,,,,,,,,,34940,22154,12750,,,,47556,29062,17951,,,,,,,30372,16289,14045,30549,17548,12510,,,,,,,,,,,,
SC-24,,,,,,,,40797,20622,19202,,,,,,,,,,33970,22767,11151,,,,43048,27259,15474,,,,,,,29502,16323,13065,29964,18802,10758,,,,,,,,,,,,
SC-25,,,,,,,,35549,22215,12611,,,,,,,,,,31221,23009,8178,,,,44521,32428,11745,,,,,,,28419,19332,9047,28584,20089,8129,,,,,,,,,,,,
SC-26,,,,,,,,42145,14241,26428,,,,,,,,,,36068,17369,18649,,,,50151,23105,26351,,,,,,,33458,13299,20109,33698,15015,18121,,,,,,,,,,,,
SC-27,,,,,,,,35827,8516,25783,,,,,,,,,,27876,9306,18517,,,,41488,13352,27144,,,,,,,26416,7280,19105,26539,8298,17797,,,,,,,,,,,,
SC-28,,,,,,,,41725,7250,33183,,,,,,,,,,35620,10187,25383,,,,53063,13813,38456,,,,,,,38765,8159,30576,38945,10241,28134,,,,,,,,,,,,
SC-29,,,,,,,,43134,17734,24180,,,,,,,,,,34430,15756,18642,,,,49336,22293,26268,,,,,,,30151,11320,18806,30212,11738,17980,,,,,,,,,,,,
SC-30,,,,,,,,44954,11984,31691,,,,,,,,,,37324,12270,25019,,,,53344,17725,34796,,,,,,,35374,9477,25858,35381,10032,24821,,,,,,,,,,,,
SC-31,,,,,,,,42435,15972,25554,,,,,,,,,,35450,14451,20958,,,,48330,19508,28095,,,,,,,33390,10610,22766,33440,11349,21683,,,,,,,,,,,,
SC-32,,,,,,,,40497,12627,26763,,,,,,,,,,32448,11696,20707,,,,47872,16216,30855,,,,,,,31661,8336,23282,31758,9184,22155,,,,,,,,,,,,
SC-33,,,,,,,,41527,16866,23428,,,,,,,,,,32840,14299,18519,,,,47619,19426,27358,,,,,,,30912,10028,20868,31025,10787,19856,,,,,,,,,,,,
SC-34,,,,,,,,38201,17064,19961,,,,,,,,,,33886,17200,16672,,,,48521,24580,23272,,,,,,,29456,13017,16421,29502,13465,15557,,,,,,,,,,,,
SC-35,,,,,,,,40525,13059,26057,,,,,,,,,,34834,14321,20493,,,,52211,22563,28931,,,,,,,35579,13158,22393,35672,14003,21003,,,,,,,,,,,,
SC-36,,,,,,,,38283,10790,26104,,,,,,,,,,31228,9359,21842,,,,49853,15482,33250,,,,,,,34093,8813,25252,34173,9326,24274,,,,,,,,,,,,
SC-37,,,,,,,,37396,9455,26865,,,,,,,,,,29665,8951,20676,,,,47101,13645,32542,,,,,,,30255,6757,23471,30294,7601,22344,,,,,,,,,,,,
SC-38,,,,,,,,36366,8593,26657,,,,,,,,,,28911,8986,19847,,,,45949,13380,31641,,,,,,,30613,7152,23430,30697,8083,22191,,,,,,,,,,,,
SC-39,,,,,,,,31126,15148,15207,,,,,,,,,,25009,14484,10504,,,,38078,21789,15776,,,,,,,22126,10714,11377,22228,11555,10371,,,,,,,,,,,,
SC-40,,,,,,,,42699,9880,31658,,,,,,,,,,35466,12069,23331,,,,52933,17401,34778,,,,,,,37107,9764,27297,37175,11242,25398,,,,,,,,,,,,
SC-41,,,,,,,,40218,8018,30982,,,,,,,,,,33149,9414,23661,,,,49091,13217,35064,,,,,,,35211,7662,27480,35294,8741,25976,,,,,,,,,,,,
SC-42,,,,,,,,42214,10725,30272,,,,,,,,,,35591,13431,22065,,,,49485,18464,30378,,,,,,,34120,10599,23450,34296,12093,21560,,,,,,,,,,,,
SC-43,,,,,,,,42577,10026,31494,,,,,,,,,,35838,12762,23019,,,,53492,18284,34499,,,,,,,37449,10380,27023,37607,12024,25012,,,,,,,,,,,,
SC-44,,,,,,,,37915,16077,20779,,,,,,,,,,31224,16739,14435,,,,46596,24335,21626,,,,,,,30431,13591,16799,30498,14575,15406,,,,,,,,,,,,
SC-45,,,,,,,,33973,14997,18038,,,,,,,,,,28896,17092,11736,,,,42986,24316,18217,,,,,,,27374,13084,14221,27574,15077,12051,,,,,,,,,,,,
SC-46,,,,,,,,38403,8803,28617,,,,,,,,,,32442,10634,21763,,,,47269,13910,32625,,,,,,,33502,7919,25555,33562,9276,23842,,,,,,,,,,,,
SC-47,,,,,,,,42393,6780,34375,,,,,,,,,,33771,7708,25988,,,,50970,10732,39334,,,,,,,35175,6007,29132,35282,7177,27562,,,,,,,,,,,,
SC-48,,,,,,,,41475,7331,33065,,,,,,,,,,33195,8419,24710,,,,50448,11820,37880,,,,,,,33667,6180,27450,33743,7328,26045,,,,,,,,,,,,
SC-49,,,,,,,,36919,11314,24592,,,,,,,,,,29681,10963,18689,,,,45685,16255,28775,,,,,,,29227,8131,21061,29304,9109,19838,,,,,,,,,,,,
SC-50,,,,,,,,43173,22916,19462,,,,,,,,,,34426,19830,14578,,,,48960,27791,20524,,,,,,,30540,15429,15087,30651,16037,14280,,,,,,,,,,,,
SC-51,,,,,,,,37621,13350,23199,,,,,,,,,,32872,13297,19554,,,,49849,19523,29572,,,,,,,34349,11271,23055,34412,11615,22299,,,,,,,,,,,,
SD-1,,,,,,,,38061,14542,23519,,,,,,,,,,34220,20123,13660,,,,43233,21053,22180,,,,,,,,,,,,,,,,,,,,,,,,
SD-2,,,,,,,,39810,10824,28986,,,,,,,,,,35962,17044,18489,,,,48339,17746,30593,,,,,,,,,,,,,,,,,,,,,,,,
SD-3,,,,,,,,38244,9997,28247,,,,,,,,,,35535,16692,18514,,,,46669,16227,30442,,,,,,,,,,,,,,,,,,,,,,,,
SD-4,,,,,,,,41539,11719,29820,,,,,,,,,,37723,18527,18668,,,,43918,14666,29252,,,,,,,,,,,,,,,,,,,,,,,,
SD-5,,,,,,,,42272,12187,30085,,,,,,,,,,38766,19002,19222,,,,46094,15252,30842,,,,,,,,,,,,,,,,,,,,,,,,
SD-6,,,,,,,,42519,10706,31813,,,,,,,,,,39678,18276,20883,,,,46226,13449,32777,,,,,,,,,,,,,,,,,,,,,,,,
SD-7,,,,,,,,39166,11855,27311,,,,,,,,,,38164,19997,17622,,,,42126,14633,27493,,,,,,,,,,,,,,,,,,,,,,,,
SD-8,,,,,,,,46502,10285,36217,,,,,,,,,,42110,15154,26078,,,,53140,13345,39795,,,,,,,,,,,,,,,,,,,,,,,,
SD-9,,,,,,,,41561,12032,29529,,,,,,,,,,36557,16356,19570,,,,50474,17616,32858,,,,,,,,,,,,,,,,,,,,,,,,
TN-1,,,,,,,,,,,,,,,,,32028,7653,24022,31959,5961,25689,,,,39897,6928,32187,,,,,,,,,,,,,,,,41878,6810,34340,,,,,,
TN-2,,,,,,,,,,,,,,,,,36028,8604,27081,35916,6776,28876,,,,47509,8410,38370,,,,,,,,,,,,,,,,50590,8628,41174,,,,,,
TN-3,,,,,,,,,,,,,,,,,32032,13158,18553,31913,11240,20389,,,,40601,14095,25535,,,,,,,,,,,,,,,,41601,13749,26959,,,,,,
TN-4,,,,,,,,,,,,,,,,,31445,9736,21375,31387,7988,23116,,,,41785,10310,30730,,,,,,,,,,,,,,,,42764,10246,31732,,,,,,
TN-5,,,,,,,,,,,,,,,,,31082,7411,23247,31085,5732,25048,,,,42092,6311,35018,,,,,,,,,,,,,,,,46626,6778,39104,,,,,,
TN-6,,,,,,,,,,,,,,,,,27457,7827,19102,27488,6439,20809,,,,37802,7501,29496,,,,,,,,,,,,,,,,41429,8391,32342,,,,,,
TN-7,,,,,,,,,,,,,,,,,29167,7660,21050,29215,5967,22914,,,,38824,6666,31253,,,,,,,,,,,,,,,,43029,6925,35289,,,,,,
TN-8,,,,,,,,,,,,,,,,,30084,7769,21541,30054,6442,23059,,,,42539,7934,33531,,,,,,,,,,,,,,,,43270,8399,34101,,,,,,
TN-9,,,,,,,,,,,,,,,,,32598,10187,21835,32715,8295,24057,,,,45230,10423,34281,,,,,,,,,,,,,,,,49237,12189,36394,,,,,,
TN-10,,,,,,,,,,,,,,,,,43131,18831,23728,43238,15787,27070,,,,54680,19303,34694,,,,,,,,,,,,,,,,56236,21153,34258,,,,,,
TN-11,,,,,,,,,,,,,,,,,29861,19437,9886,29830,17655,11613,,,,38408,21908,15786,,,,,,,,,,,,,,,,37119,21542,14887,,,,,,
TN-12,,,,,,,,,,,,,,,,,29548,17976,11154,29569,16032,13119,,,,38041,19914,17410,,,,,,,,,,,,,,,,35775,19035,16132,,,,,,
TN-13,,,,,,,,,,,,,,,,,41427,18606,22242,41525,15914,25198,,,,53332,19425,33070,,,,,,,,,,,,,,,,56621,21475,34210,,,,,,
TN-14,,,,,,,,,,,,,,,,,34945,11306,23009,34890,9423,25082,,,,46647,10152,35447,,,,,,,,,,,,,,,,49582,11361,37319,,,,,,
TN-15,,,,,,,,,,,,,,,,,34877,12824,21428,34863,10720,23787,,,,47975,12939,34054,,,,,,,,,,,,,,,,50404,14121,35305,,,,,,
TN-16,,,,,,,,,,,,,,,,,37130,10677,25779,37188,8736,28081,,,,50537,10149,39395,,,,,,,,,,,,,,,,56335,12042,43373,,,,,,
TN-17,,,,,,,,,,,,,,,,,32478,8455,23390,32523,7097,25108,,,,45033,7676,36560,,,,,,,,,,,,,,,,48652,8225,39455,,,,,,
TN-18,,,,,,,,,,,,,,,,,29064,7940,20704,28874,6469,22090,,,,37655,7739,28985,,,,,,,,,,,,,,,,41489,8386,32198,,,,,,
TN-19,,,,,,,,,,,,,,,,,39707,12060,27183,39673,10000,29388,,,,51355,12095,38517,,,,,,,,,,,,,,,,55638,14089,40559,,,,,,
TN-20,,,,,,,,,,,,,,,,,36250,14616,21237,36215,12683,23230,,,,46300,16121,29387,,,,,,,,,,,,,,,,48555,17260,30335,,,,,,
TN-21,,,,,,,,,,,,,,,,,31581,23519,7720,31368,22134,8840,,,,38687,26479,11403,,,,,,,,,,,,,,,,36333,23805,11575,,,,,,
TN-22,,,,,,,,,,,,,,,,,40231,19179,20579,40297,16600,23338,,,,51398,19845,30590,,,,,,,,,,,,,,,,52893,21111,30744,,,,,,
TN-23,,,,,,,,,,,,,,,,,28265,7686,20070,28245,6511,21424,,,,38566,6389,31405,,,,,,,,,,,,,,,,42956,6933,35141,,,,,,
TN-24,,,,,,,,,,,,,,,,,34949,8933,25281,34947,7600,27020,,,,47084,7837,38434,,,,,,,,,,,,,,,,51301,9028,41441,,,,,,
TN-25,,,,,,,,,,,,,,,,,25651,6761,18357,25665,5524,19809,,,,36394,5523,30250,,,,,,,,,,,,,,,,39263,6271,32334,,,,,,
TN-26,,,,,,,,,,,,,,,,,31260,9255,21495,31419,8201,22920,,,,40852,6753,33306,,,,,,,,,,,,,,,,45771,7520,37383,,,,,,
TN-27,,,,,,,,,,,,,,,,,30849,10861,19547,30925,9466,21152,,,,40342,9761,29641,,,,,,,,,,,,,,,,43176,10536,31775,,,,,,
TN-28,,,,,,,,,,,,,,,,,30442,9858,20101,30530,8542,21760,,,,40501,8031,31539,,,,,,,,,,,,,,,,44709,8700,35048,,,,,,
TN-29,,,,,,,,,,,,,,,,,30955,10349,20097,30943,9281,21261,,,,41731,9600,31099,,,,,,,,,,,,,,,,43755,9921,32900,,,,,,
TN-30,,,,,,,,,,,,,,,,,29526,9886,19256,29558,8620,20640,,,,40534,9221,30451,,,,,,,,,,,,,,,,45368,10783,33583,,,,,,
TN-31,,,,,,,,,,,,,,,,,36039,13876,21843,36018,12294,23509,,,,48251,14657,32580,,,,,,,,,,,,,,,,50204,16336,32830,,,,,,
TN-32,,,,,,,,,,,,,,,,,35353,13937,20909,35364,12307,22679,,,,48101,14854,31933,,,,,,,,,,,,,,,,53223,17160,34950,,,,,,
TN-33,,,,,,,,,,,,,,,,,36622,12803,23373,36607,11002,25269,,,,49412,12858,35471,,,,,,,,,,,,,,,,51271,14316,35881,,,,,,
TN-34,,,,,,,,,,,,,,,,,24471,12693,11436,24448,11786,12418,,,,33293,15140,16979,,,,,,,,,,,,,,,,34068,14908,18220,,,,,,
TN-35,,,,,,,,,,,,,,,,,25582,14104,11154,25510,12864,12328,,,,35136,16845,17271,,,,,,,,,,,,,,,,35585,16113,18575,,,,,,
TN-36,,,,,,,,,,,,,,,,,30151,11602,18192,30111,10136,19751,,,,44754,14144,29553,,,,,,,,,,,,,,,,51098,16664,33295,,,,,,
TN-37,,,,,,,,,,,,,,,,,44322,19546,24517,44441,15993,27255,,,,54739,19449,34178,,,,,,,,,,,,,,,,53665,19707,32999,,,,,,
TN-38,,,,,,,,,,,,,,,,,37416,14132,22980,37518,11612,24857,,,,52805,15520,36020,,,,,,,,,,,,,,,,58809,17619,40134,,,,,,
TN-39,,,,,,,,,,,,,,,,,41363,15728,25286,41459,12904,27809,,,,53263,15012,37144,,,,,,,,,,,,,,,,55900,16848,38017,,,,,,
TN-40,,,,,,,,,,,,,,,,,37050,23320,13392,37257,20424,15116,,,,39691,21759,16578,,,,,,,,,,,,,,,,37127,20685,15594,,,,,,
TN-41,,,,,,,,,,,,,,,,,24527,18966,5273,24485,16544,5906,,,,28710,19905,7419,,,,,,,,,,,,,,,,24054,16399,7029,,,,,,
TN-42,,,,,,,,,,,,,,,,,40385,25239,14760,40523,22405,16064,,,,44421,24317,18562,,,,,,,,,,,,,,,,41101,23706,16504,,,,,,
TN-43,,,,,,,,,,,,,,,,,23993,18081,5747,24167,16263,7024,,,,43803,27137,15705,,,,,,,,,,,,,,,,43367,27406,15204,,,,,,
TN-44,,,,,,,,,,,,,,,,,34094,21116,12754,34338,18743,14585,,,,53136,26839,25094,,,,,,,,,,,,,,,,53452,29351,23156,,,,,,
TN-45,,,,,,,,,,,,,,,,,42164,32945,8839,42296,29655,10100,,,,46423,33270,11666,,,,,,,,,,,,,,,,42928,31492,10522,,,,,,
TN-46,,,,,,,,,,,,,,,,,38146,30825,6964,38157,26962,7725,,,,41364,30155,9547,,,,,,,,,,,,,,,,39627,28447,10274,,,,,,
TN-47,,,,,,,,,,,,,,,,,34383,12046,21865,34447,10454,23705,,,,45554,11204,33266,,,,,,,,,,,,,,,,49585,12795,35695,,,,,,
TN-48,,,,,,,,,,,,,,,,,17025,10351,6220,16942,9717,6671,,,,25378,13049,11172,,,,,,,,,,,,,,,,27063,13163,12951,,,,,,
TN-49,,,,,,,,,,,,,,,,,24588,10721,13348,24493,9670,14360,,,,33896,11951,20781,,,,,,,,,,,,,,,,36649,13033,22604,,,,,,
TN-50,,,,,,,,,,,,,,,,,29068,8997,19696,29045,7782,20940,,,,40302,8600,30817,,,,,,,,,,,,,,,,43388,9056,33441,,,,,,
TN-51,,,,,,,,,,,,,,,,,29630,7881,21362,29584,6983,22241,,,,40211,7125,32182,,,,,,,,,,,,,,,,43040,7286,34782,,,,,,
TN-52,,,,,,,,,,,,,,,,,32559,12560,19569,32730,11149,21297,,,,45925,13557,31516,,,,,,,,,,,,,,,,51623,14008,36665,,,,,,
TN-53,,,,,,,,,,,,,,,,,30168,10179,19508,30187,8929,21047,,,,41463,8986,31349,,,,,,,,,,,,,,,,44187,9485,33723,,,,,,
TN-54,,,,,,,,,,,,,,,,,33147,11133,21497,33182,9923,22891,,,,43265,8798,33167,,,,,,,,,,,,,,,,45075,8870,35279,,,,,,
TN-55,,,,,,,,,,,,,,,,,29821,6883,22489,29745,5888,23409,,,,39683,5829,32996,,,,,,,,,,,,,,,,41169,5711,34784,,,,,,
TN-56,,,,,,,,,,,,,,,,,29690,8469,20796,29720,7194,22030,,,,39478,7712,30627,,,,,,,,,,,,,,,,39190,6936,31613,,,,,,
TN-57,,,,,,,,,,,,,,,,,31779,9669,21404,31682,8078,23191,,,,41162,8791,31275,,,,,,,,,,,,,,,,40483,8066,31658,,,,,,
TN-58,,,,,,,,,,,,,,,,,27684,16298,10982,27600,15206,11945,,,,34054,17312,15847,,,,,,,,,,,,,,,,31281,14475,16074,,,,,,
TN-59,,,,,,,,,,,,,,,,,39078,12926,25558,38992,11251,27332,,,,50689,13569,36233,,,,,,,,,,,,,,,,50923,13391,36692,,,,,,
TN-60,,,,,,,,,,,,,,,,,35947,10891,24453,35773,9495,25725,,,,47616,11600,34947,,,,,,,,,,,,,,,,48027,11774,35305,,,,,,
TN-61,,,,,,,,,,,,,,,,,24595,18118,6080,24479,16904,6556,,,,32816,22731,8940,,,,,,,,,,,,,,,,27249,18003,8376,,,,,,
TN-62,,,,,,,,,,,,,,,,,31433,27371,3674,31307,25707,4513,,,,38674,31389,6039,,,,,,,,,,,,,,,,30482,24633,5041,,,,,,
TN-63,,,,,,,,,,,,,,,,,36134,15776,19832,36084,14058,21328,,,,47044,19052,27013,,,,,,,,,,,,,,,,41689,17230,23461,,,,,,
TN-64,,,,,,,,,,,,,,,,,32674,19862,12365,32652,18523,13506,,,,43465,26034,16590,,,,,,,,,,,,,,,,37016,22477,13617,,,,,,
TN-65,,,,,,,,,,,,,,,,,28543,17668,10469,28550,15748,12154,,,,35718,19598,15186,,,,,,,,,,,,,,,,30617,17700,12232,,,,,,
TN-66,,,,,,,,,,,,,,,,,47693,17678,29612,47692,14782,32510,,,,58896,18231,39905,,,,,,,,,,,,,,,,54205,18823,34515,,,,,,
TN-67,,,,,,,,,,,,,,,,,31301,24060,6880,31212,22784,7566,,,,41367,30688,9726,,,,,,,,,,,,,,,,36596,25063,10250,,,,,,
TN-68,,,,,,,,,,,,,,,,,21713,19915,1488,21682,18870,1749,,,,28177,24797,2382,,,,,,,,,,,,,,,,21895,18132,2855,,,,,,
TN-69,,,,,,,,,,,,,,,,,29361,28065,868,28798,26039,1158,,,,35633,32789,1446,,,,,,,,,,,,,,,,28342,24782,2556,,,,,,
TX-1,,,,,,,,,,,,,,,,,32065,11762,20011,32020,9599,21910,,,,42405,14109,27122,,,,,,,,,,32080,10726,20871,,,,41305,14399,25916,,,,,,
TX-2,,,,,,,,,,,,,,,,,22306,14590,7561,22305,12596,9420,,,,29380,17563,10913,,,,,,,,,,19124,11633,7226,,,,26004,15533,9753,,,,,,
TX-3,,,,,,,,,,,,,,,,,28544,13947,14375,28492,11359,16726,,,,38628,17105,20484,,,,,,,,,,27962,12673,14899,,,,38751,17993,19855,,,,,,
TX-4,,,,,,,,,,,,,,,,,24251,14399,9717,24089,12109,11735,,,,31184,16557,13767,,,,,,,,,,21760,11084,10410,,,,29853,15069,14044,,,,,,
TX-5,,,,,,,,,,,,,,,,,15500,11469,3897,15432,10089,5081,,,,23271,14352,8035,,,,,,,,,,14106,8804,5011,,,,22506,12280,9556,,,,,,
TX-6,,,,,,,,,,,,,,,,,17879,12681,5058,17800,10904,6582,,,,26292,15934,9495,,,,,,,,,,17643,10673,6627,,,,26842,14546,11546,,,,,,
TX-7,,,,,,,,,,,,,,,,,21562,11266,10153,21457,9571,11606,,,,29200,14228,14284,,,,,,,,,,21869,10320,11270,,,,30927,14766,15511,,,,,,
TX-8,,,,,,,,,,,,,,,,,17907,10308,7485,17796,8857,8727,,,,25342,13263,11467,,,,,,,,,,17885,9051,8638,,,,26653,13137,12972,,,,,,
TX-9,,,,,,,,,,,,,,,,,19559,13991,5458,19428,12615,6645,,,,25048,14936,9175,,,,,,,,,,18481,11088,7164,,,,25522,13841,11042,,,,,,
TX-10,,,,,,,,,,,,,,,,,19066,12820,6145,18956,11557,7187,,,,25932,14321,10495,,,,,,,,,,17740,10046,7451,,,,26143,13487,11996,,,,,,
TX-11,,,,,,,,,,,,,,,,,14938,10136,4713,14862,8947,5758,,,,21427,11997,8700,,,,,,,,,,14841,8619,6070,,,,23041,12037,10477,,,,,,
TX-12,,,,,,,,,,,,,,,,,14293,9838,4371,14222,8741,5305,,,,19613,11140,7700,,,,,,,,,,13455,8043,5254,,,,21250,11259,9480,,,,,,
TX-13,,,,,,,,,,,,,,,,,16301,11974,4241,16226,10849,5209,,,,23878,14107,8707,,,,,,,,,,15698,9848,5646,,,,23718,12924,10134,,,,,,
TX-14,,,,,,,,,,,,,,,,,24790,15173,9492,24692,13303,11083,,,,33531,17712,14917,,,,,,,,,,23659,13107,10329,,,,34227,17847,15673,,,,,,
TX-15,,,,,,,,,,,,,,,,,17776,12851,4818,17706,11728,5756,,,,24818,13719,9961,,,,,,,,,,15425,9180,5952,,,,23952,11947,11270,,,,,,
TX-16,,,,,,,,,,,,,,,,,19495,12605,6784,19418,11248,7963,,,,27380,14356,12063,,,,,,,,,,17828,9706,7923,,,,26520,13001,12938,,,,,,
TX-17,,,,,,,,,,,,,,,,,10601,8074,2464,10542,7517,2926,,,,14925,8405,5767,,,,,,,,,,9735,5853,3738,,,,14820,7397,7004,,,,,,
TX-18,,,,,,,,,,,,,,,,,17357,12863,4387,16703,11117,5443,,,,23439,13279,9115,,,,,,,,,,19317,10890,8075,,,,24010,11891,11524,,,,,,
TX-19,,,,,,,,,,,,,,,,,22654,13856,8658,22306,12300,9810,,,,30439,15700,13881,,,,,,,,,,22271,11468,10444,,,,31917,15215,15928,,,,,,
TX-20,,,,,,,,,,,,,,,,,17151,13040,3956,16934,12033,4699,,,,21360,14033,6394,,,,,,,,,,13980,9026,4484,,,,19159,10639,7862,,,,,,
TX-21,,,,,,,,,,,,,,,,,22640,15597,6880,22478,14074,8147,,,,31146,18876,11329,,,,,,,,,,20503,12285,7781,,,,28042,15122,12200,,,,,,
TX-22,,,,,,,,,,,,,,,,,21754,14910,6688,21355,13273,7856,,,,28802,15993,11785,,,,,,,,,,20067,11407,8353,,,,28052,13680,13407,,,,,,
TX-23,,,,,,,,,,,,,,,,,30923,20208,10533,30459,17321,12560,,,,39031,21936,15318,,,,,,,,,,28054,15683,11947,,,,38742,20523,16926,,,,,,
TX-24,,,,,,,,,,,,,,,,,28371,20275,7933,27966,17633,9747,,,,33471,20827,10983,,,,,,,,,,23088,14819,7890,,,,30569,18517,10984,,,,,,
TX-25,,,,,,,,,,,,,,,,,22295,15633,6508,22025,13737,7793,,,,28227,16927,9418,,,,,,,,,,17384,10228,6823,,,,26252,14693,10350,,,,,,
TX-26,,,,,,,,,,,,,,,,,24762,21196,3435,24462,19514,4588,,,,29837,21643,6231,,,,,,,,,,16708,12357,4007,,,,24630,16015,7224,,,,,,
TX-27,,,,,,,,,,,,,,,,,25447,19315,5953,25060,17117,7445,,,,29839,19621,8486,,,,,,,,,,19393,13000,6058,,,,26260,16175,8964,,,,,,
TX-28,,,,,,,,,,,,,,,,,28927,21758,7030,28551,19244,8832,,,,35628,23356,10341,,,,,,,,,,22937,15033,7556,,,,31890,19437,11144,,,,,,
TX-29,,,,,,,,,,,,,,,,,16950,12852,3997,16655,11414,4928,,,,25149,15895,7762,,,,,,,,,,14753,9229,5279,,,,24759,13590,10124,,,,,,
TX-30,,,,,,,,,,,,,,,,,15137,11427,3630,14912,10232,4432,,,,24336,15412,7793,,,,,,,,,,15596,9747,5614,,,,28921,15788,12117,,,,,,
TX-31,,,,,,,,,,,,,,,,,21873,14828,6846,21398,13335,7704,,,,27166,15433,10590,,,,,,,,,,17933,9634,7935,,,,25550,12542,12030,,,,,,
TX-32,,,,,,,,,,,,,,,,,22784,13461,9151,22640,11907,10150,,,,28843,14464,13184,,,,,,,,,,16775,8704,7807,,,,27131,12765,13474,,,,,,
TX-33,,,,,,,,,,,,,,,,,34407,11092,23015,34271,9219,24177,,,,43117,12744,28996,,,,,,,,,,30272,9014,20823,,,,42744,13452,28124,,,,,,
TX-34,,,,,,,,,,,,,,,,,34388,7515,26614,34263,6140,27448,,,,47538,9111,37279,,,,,,,,,,36721,6779,29533,,,,54594,11343,42045,,,,,,
TX-35,,,,,,,,,,,,,,,,,28488,7151,21115,28413,5946,22078,,,,38058,8319,28888,,,,,,,,,,30561,6422,23744,,,,46409,11067,34351,,,,,,
TX-36,,,,,,,,,,,,,,,,,27461,12082,15067,27398,10407,16351,,,,36504,15071,20468,,,,,,,,,,29256,12007,16707,,,,39436,16445,21835,,,,,,
TX-37,,,,,,,,,,,,,,,,,30280,8763,21331,30209,7862,21996,,,,37571,10674,26144,,,,,,,,,,28668,7115,21183,,,,38764,11029,27018,,,,,,
TX-38,,,,,,,,,,,,,,,,,29691,9871,19648,29692,8390,20974,,,,40652,12246,27436,,,,,,,,,,29859,8206,21267,,,,41308,12605,27725,,,,,,
TX-39,,,,,,,,,,,,,,,,,27196,7207,19809,27116,5965,20871,,,,35035,8280,26141,,,,,,,,,,26228,5332,20641,,,,34604,8131,25817,,,,,,
TX-40,,,,,,,,,,,,,,,,,29923,8899,20778,29877,7455,22065,,,,42591,11531,30233,,,,,,,,,,32176,8025,23753,,,,45286,12541,31756,,,,,,
TX-41,,,,,,,,,,,,,,,,,36459,7196,29092,36398,6009,30089,,,,47114,9011,37399,,,,,,,,,,37151,5547,31234,,,,48252,8947,38579,,,,,,
TX-42,,,,,,,,,,,,,,,,,29518,8716,20622,29513,7632,21586,,,,37846,10156,27010,,,,,,,,,,27474,6262,20932,,,,37290,9654,27000,,,,,,
TX-43,,,,,,,,,,,,,,,,,31128,7471,23478,31135,6466,24330,,,,39872,9024,30085,,,,,,,,,,29074,5718,23005,,,,39113,9270,29219,,,,,,
TX-44,,,,,,,,,,,,,,,,,30752,19505,11112,30769,18312,12146,,,,37373,23109,13561,,,,,,,,,,24349,14154,9843,,,,32964,20598,11822,,,,,,
TX-45,,,,,,,,,,,,,,,,,23315,12971,10236,23297,12239,10875,,,,30740,15615,14417,,,,,,,,,,19307,8810,10225,,,,27543,13148,13910,,,,,,
TX-46,,,,,,,,,,,,,,,,,35852,6002,29689,35787,5165,30352,,,,47455,7315,39359,,,,,,,,,,34746,4332,30148,,,,48240,7198,40343,,,,,,
TX-47,,,,,,,,,,,,,,,,,16487,11252,5094,16471,10300,5898,,,,26272,16636,8677,,,,,,,,,,15397,9253,5872,,,,23884,14666,8491,,,,,,
TX-48,,,,,,,,,,,,,,,,,22791,12446,10130,22739,11100,11217,,,,34502,18109,15359,,,,,,,,,,22560,11531,10662,,,,33720,17906,14939,,,,,,
TX-49,,,,,,,,,,,,,,,,,23991,8983,14813,23937,7656,15865,,,,33774,12176,20800,,,,,,,,,,25283,8406,16509,,,,36199,13428,21798,,,,,,
TX-50,,,,,,,,,,,,,,,,,18131,12245,5746,18127,11217,6634,,,,23211,14023,8240,,,,,,,,,,14458,8848,5386,,,,22237,12903,8747,,,,,,
TX-51,,,,,,,,,,,,,,,,,35743,10454,25027,35843,8691,26663,,,,45354,12204,32103,,,,,,,,,,36451,9470,26518,,,,47502,14139,32467,,,,,,
TX-52,,,,,,,,,,,,,,,,,32597,8870,23508,32624,7647,24572,,,,42567,11111,30506,,,,,,,,,,33238,7981,24841,,,,45313,12417,32012,,,,,,
TX-53,,,,,,,,,,,,,,,,,23018,6441,16344,23089,5496,17229,,,,32286,8608,22739,,,,,,,,,,23839,5544,17924,,,,33239,8965,23351,,,,,,
TX-54,,,,,,,,,,,,,,,,,31295,7733,23322,31241,6542,24257,,,,42582,9874,31857,,,,,,,,,,33112,7154,25562,,,,46573,11903,33587,,,,,,
TX-55,,,,,,,,,,,,,,,,,40187,8613,31224,40315,7223,32482,,,,52453,10154,41250,,,,,,,,,,44691,8157,35948,,,,58311,12069,45017,,,,,,
TX-56,,,,,,,,,,,,,,,,,34917,4800,29901,35056,4223,30453,,,,45183,5671,38692,,,,,,,,,,35339,3726,31272,,,,46953,6404,39703,,,,,,
TX-57,,,,,,,,,,,,,,,,,27141,8683,18206,27167,7501,19261,,,,35132,10220,23974,,,,,,,,,,24152,6720,17021,,,,34663,10981,22734,,,,,,
TX-58,,,,,,,,,,,,,,,,,37138,11514,25322,37073,9821,26765,,,,47482,12817,33716,,,,,,,,,,37286,8857,27899,,,,48472,12769,34578,,,,,,
TX-59,,,,,,,,,,,,,,,,,42001,9538,32114,41876,7650,33642,,,,53934,11281,41606,,,,,,,,,,44996,9139,35208,,,,57399,13338,42908,,,,,,
TX-60,,,,,,,,,,,,,,,,,33698,10014,23435,33678,8634,24678,,,,44827,12319,31519,,,,,,,,,,35801,9455,25907,,,,47606,13644,32828,,,,,,
TX-61,,,,,,,,,,,,,,,,,21275,5555,15572,21191,4984,15933,,,,29854,6443,22693,,,,,,,,,,20428,3896,16196,,,,28977,6045,22247,,,,,,
TX-62,,,,,,,,,,,,,,,,,30416,6540,23602,30327,5261,24566,,,,39704,7357,31439,,,,,,,,,,28516,5061,23079,,,,39314,8000,30475,,,,,,
TX-63,,,,,,,,,,,,,,,,,20694,6737,13781,20755,5996,14479,,,,28176,7564,19827,,,,,,,,,,16581,4282,12116,,,,26522,7310,18627,,,,,,
TX-64,,,,,,,,,,,,,,,,,18339,4396,13818,18361,3885,14252,,,,27295,4965,21688,,,,,,,,,,16611,2748,13662,,,,27488,5231,21681,,,,,,
TX-65,,,,,,,,,,,,,,,,,22998,4697,18165,22930,4282,18409,,,,30291,5260,24414,,,,,,,,,,21001,2888,17833,,,,29467,5069,23739,,,,,,
TX-66,,,,,,,,,,,,,,,,,22791,4672,17986,22702,4137,18290,,,,29828,5204,24021,,,,,,,,,,20541,2809,17483,,,,29302,4755,23959,,,,,,
TX-67,,,,,,,,,,,,,,,,,28028,6396,21429,27947,5544,21993,,,,35874,7044,27972,,,,,,,,,,25818,4131,21379,,,,36049,7032,28222,,,,,,
TX-68,,,,,,,,,,,,,,,,,36673,7176,29225,36620,6028,30075,,,,48535,8824,38533,,,,,,,,,,36253,6359,29461,,,,50433,10560,38886,,,,,,
TX-69,,,,,,,,,,,,,,,,,20034,6951,12912,19974,6188,13463,,,,26935,8470,17630,,,,,,,,,,17209,4892,12027,,,,25412,8059,16638,,,,,,
TX-70,,,,,,,,,,,,,,,,,26496,3231,23044,26453,2920,23208,,,,34376,3900,29761,,,,,,,,,,24798,2187,22285,,,,33566,4050,28890,,,,,,
TX-71,,,,,,,,,,,,,,,,,17377,11282,5932,17204,9593,7195,,,,21922,12268,8688,,,,,,,,,,12461,7771,4470,,,,21563,11443,9406,,,,,,
TX-72,,,,,,,,,,,,,,,,,34936,12825,21757,34832,10722,23385,,,,45618,15255,29115,,,,,,,,,,34589,11642,22307,,,,51090,17634,31939,,,,,,
TX-73,,,,,,,,,,,,,,,,,35129,9324,25529,35159,7965,26672,,,,47504,11584,34833,,,,,,,,,,37202,8343,28346,,,,53006,13118,38751,,,,,,
TX-74,,,,,,,,,,,,,,,,,33356,9751,23362,33325,8636,24298,,,,44098,11876,31315,,,,,,,,,,33787,8018,25313,,,,50264,15028,34164,,,,,,
TX-75,,,,,,,,,,,,,,,,,36489,16512,19707,36393,14290,21553,,,,48185,20189,26852,,,,,,,,,,33911,14977,18424,,,,46997,21169,24653,,,,,,
TX-76,,,,,,,,,,,,,,,,,27213,15683,11355,27159,13973,12757,,,,41495,22621,17894,,,,,,,,,,30652,17557,12682,,,,49334,28710,19453,,,,,,
TX-77,,,,,,,,,,,,,,,,,26811,7750,18837,26775,6730,19675,,,,35962,9493,25441,,,,,,,,,,25061,6307,18339,,,,36706,10243,25389,,,,,,
TX-78,,,,,,,,,,,,,,,,,32096,8093,23760,32071,6988,24684,,,,41245,9317,30992,,,,,,,,,,31910,6768,24639,,,,44080,10639,32435,,,,,,
TX-79,,,,,,,,,,,,,,,,,30841,27441,3287,30777,25485,4858,,,,40153,33641,5495,,,,,,,,,,27568,23411,3664,,,,41061,33622,6621,,,,,,
TX-80,,,,,,,,,,,,,,,,,34968,19986,14748,34780,16915,17381,,,,45608,23593,21164,,,,,,,,,,32146,17139,14576,,,,43268,22615,19323,,,,,,
TX-81,,,,,,,,,,,,,,,,,25835,13528,12123,25771,11937,13473,,,,36457,18029,17493,,,,,,,,,,26620,13559,12646,,,,41491,21997,18479,,,,,,
TX-82,,,,,,,,,,,,,,,,,28871,17075,11641,28830,15164,13282,,,,40745,22246,17610,,,,,,,,,,28043,15076,12519,,,,40712,21582,17514,,,,,,
TX-83,,,,,,,,,,,,,,,,,38553,21408,16898,38441,18687,19175,,,,47194,24368,21728,,,,,,,,,,33426,17534,15359,,,,43469,23232,19140,,,,,,
TX-84,,,,,,,,,,,,,,,,,27877,16847,10830,27823,15044,12345,,,,37927,20970,16132,,,,,,,,,,25065,14018,10634,,,,35524,19800,14657,,,,,,
TX-85,,,,,,,,,,,,,,,,,29346,12140,16991,29321,10309,18590,,,,42708,17337,24506,,,,,,,,,,32411,13435,18485,,,,44877,19838,23789,,,,,,
TX-86,,,,,,,,,,,,,,,,,28284,11159,16937,28253,9383,18466,,,,43110,15934,26375,,,,,,,,,,33385,12699,20220,,,,49966,20338,28446,,,,,,
TX-87,,,,,,,,,,,,,,,,,29238,5932,23110,29198,5018,23831,,,,40874,7500,32471,,,,,,,,,,29224,4866,24011,,,,45101,8564,35632,,,,,,
TX-88,,,,,,,,,,,,,,,,,27880,4317,23455,27791,3814,23748,,,,38636,5626,32267,,,,,,,,,,27259,3421,23588,,,,40717,6422,33522,,,,,,
TX-89,,,,,,,,,,,,,,,,,33228,6820,26212,33182,5880,26931,,,,45417,8905,35459,,,,,,,,,,33570,5585,27602,,,,46404,8787,36753,,,,,,
TX-90,,,,,,,,,,,,,,,,,26859,7964,18714,26797,6888,19573,,,,35511,9702,25043,,,,,,,,,,26642,6281,20046,,,,37739,10033,27008,,,,,,
TX-91,,,,,,,,,,,,,,,,,33835,7994,25640,33783,7058,26383,,,,44099,9646,33550,,,,,,,,,,33675,6139,27154,,,,45898,9843,35249,,,,,,
TX-92,,,,,,,,,,,,,,,,,30681,17706,12733,30632,16123,13931,,,,39387,20888,17393,,,,,,,,,,26809,14019,12344,,,,36623,19219,16445,,,,,,
TX-93,,,,,,,,,,,,,,,,,25655,10493,14962,25625,9297,15894,,,,36277,13427,21876,,,,,,,,,,26181,10049,15759,,,,40384,15846,23501,,,,,,
TX-94,,,,,,,,,,,,,,,,,38237,10497,27436,38181,8632,28896,,,,52491,13217,38077,,,,,,,,,,39261,10285,28416,,,,55796,15675,38828,,,,,,
TX-95,,,,,,,,,,,,,,,,,36431,12265,23863,36386,10342,25383,,,,48530,14785,32405,,,,,,,,,,35493,11543,23352,,,,49419,16712,31378,,,,,,
TX-96,,,,,,,,,,,,,,,,,24227,7942,16037,24251,6806,16971,,,,32265,9844,21368,,,,,,,,,,21678,6366,14938,,,,30511,10140,19563,,,,,,
TX-97,,,,,,,,,,,,,,,,,34696,5209,29271,34690,4366,29939,,,,46036,6271,38840,,,,,,,,,,35700,4454,30878,,,,48780,7795,40074,,,,,,
TX-98,,,,,,,,,,,,,,,,,32808,5907,26694,32788,4910,27515,,,,43005,6475,35508,,,,,,,,,,33913,4689,28805,,,,46578,7549,38106,,,,,,
TX-99,,,,,,,,,,,,,,,,,34773,4916,29612,34785,4214,30195,,,,46241,5938,39398,,,,,,,,,,35597,3861,31354,,,,48417,6651,40938,,,,,,
TX-100,,,,,,,,,,,,,,,,,25537,8672,16632,25524,7477,17644,,,,33415,10629,21821,,,,,,,,,,22881,6688,15815,,,,32225,10659,20811,,,,,,
TX-101,,,,,,,,,,,,,,,,,32391,4390,27789,32413,3894,28174,,,,41273,5058,35496,,,,,,,,,,31229,3015,27870,,,,41411,5374,35322,,,,,,
TX-102,,,,,,,,,,,,,,,,,34525,6993,27244,34440,5947,28038,,,,46988,8648,37370,,,,,,,,,,37226,6357,30412,,,,53205,10450,41729,,,,,,
TX-103,,,,,,,,,,,,,,,,,32463,8458,23786,32408,7399,24573,,,,43686,10399,32291,,,,,,,,,,33315,7045,25889,,,,46683,11079,34639,,,,,,
TX-104,,,,,,,,,,,,,,,,,31866,6993,24652,31795,6082,25343,,,,41257,7947,32510,,,,,,,,,,31206,5266,25609,,,,42491,8410,33385,,,,,,
TX-105,,,,,,,,,,,,,,,,,32739,8955,23584,32695,8261,24127,,,,43663,11597,31360,,,,,,,,,,30867,6824,23688,,,,41928,10553,30717,,,,,,
TX-106,,,,,,,,,,,,,,,,,33814,8322,25281,33847,7568,25928,,,,44232,10442,33040,,,,,,,,,,32493,5991,26165,,,,44830,9413,34732,,,,,,
TX-107,,,,,,,,,,,,,,,,,35130,5680,29218,35297,5067,29854,,,,47073,6911,39287,,,,,,,,,,37433,4783,32287,,,,50691,7702,42030,,,,,,
TX-108,,,,,,,,,,,,,,,,,29155,10464,18534,29140,9578,19237,,,,37951,12833,24391,,,,,,,,,,27067,7699,19111,,,,38175,11843,25612,,,,,,
TX-109,,,,,,,,,,,,,,,,,29374,6914,22261,29407,5999,23068,,,,38916,8804,29307,,,,,,,,,,27512,5651,21584,,,,38409,9225,28387,,,,,,
TX-110,,,,,,,,,,,,,,,,,24299,12371,11770,24194,11376,12517,,,,30882,14845,15304,,,,,,,,,,20746,9143,11296,,,,28878,13373,14854,,,,,,
TX-111,,,,,,,,,,,,,,,,,38571,7827,30521,38512,6576,31463,,,,50152,9916,39347,,,,,,,,,,40026,7086,32505,,,,53361,11553,40813,,,,,,
TX-112,,,,,,,,,,,,,,,,,32462,5618,26651,32472,4821,27337,,,,44625,6998,36933,,,,,,,,,,36049,4948,30505,,,,48916,7883,40164,,,,,,
TX-113,,,,,,,,,,,,,,,,,32592,6728,25725,32523,6093,26178,,,,42468,8492,33380,,,,,,,,,,30864,4952,25636,,,,42727,8179,33949,,,,,,
TX-114,,,,,,,,,,,,,,,,,32607,11821,20598,32444,10687,21406,,,,40875,13651,26336,,,,,,,,,,28561,8336,19865,,,,38854,12331,25742,,,,,,
TX-115,,,,,,,,,,,,,,,,,33432,6982,26240,33460,6184,26945,,,,43184,8593,33839,,,,,,,,,,32338,5183,26833,,,,44786,8701,35223,,,,,,
TX-116,,,,,,,,,,,,,,,,,29924,6465,23272,30000,5721,23997,,,,38943,7695,30625,,,,,,,,,,30116,5141,24679,,,,39756,7783,31315,,,,,,
TX-117,,,,,,,,,,,,,,,,,29923,6309,23405,30040,5310,24380,,,,41247,7859,32527,,,,,,,,,,31231,5684,25206,,,,44090,9139,34104,,,,,,
TX-118,,,,,,,,,,,,,,,,,27132,9722,17219,27108,8394,18280,,,,40780,14647,25141,,,,,,,,,,31115,11919,18797,,,,51684,22742,27859,,,,,,
TX-119,,,,,,,,,,,,,,,,,27970,9457,18285,27937,7998,19487,,,,38694,12335,25270,,,,,,,,,,29500,9471,19593,,,,43053,15903,26204,,,,,,
TX-120,,,,,,,,,,,,,,,,,32623,9650,22740,32568,7882,24163,,,,46344,13447,31812,,,,,,,,,,38307,11867,25971,,,,55722,19782,34816,,,,,,
TX-121,,,,,,,,,,,,,,,,,30830,7108,23479,30707,5801,24496,,,,41576,8873,31823,,,,,,,,,,32308,6907,25035,,,,47480,12313,34122,,,,,,
TX-122,,,,,,,,,,,,,,,,,29448,7148,22054,29493,5881,23181,,,,39256,8513,29853,,,,,,,,,,29980,6532,23077,,,,41696,10559,30047,,,,,,
TX-123,,,,,,,,,,,,,,,,,38038,6935,30810,38002,5511,32016,,,,50488,7896,41495,,,,,,,,,,42497,6455,35511,,,,58470,10249,46993,,,,,,
TX-124,,,,,,,,,,,,,,,,,39586,7432,31822,39817,6029,33223,,,,54131,8819,43977,,,,,,,,,,45477,7480,37408,,,,63874,11815,50745,,,,,,
TX-125,,,,,,,,,,,,,,,,,32270,5454,26546,32339,4481,27449,,,,45676,6616,37959,,,,,,,,,,37557,5237,31869,,,,56029,9366,45521,,,,,,
TX-126,,,,,,,,,,,,,,,,,37886,11473,26087,37825,9191,28024,,,,52714,14685,36874,,,,,,,,,,42199,11920,29759,,,,61166,19056,41000,,,,,,
TX-127,,,,,,,,,,,,,,,,,30981,8679,22024,30875,7007,23363,,,,44104,11873,31114,,,,,,,,,,36762,10531,25717,,,,58622,19892,37477,,,,,,
TX-128,,,,,,,,,,,,,,,,,27526,8284,19011,27422,6748,20309,,,,47731,13679,32967,,,,,,,,,,41409,12259,28599,,,,67956,22934,43740,,,,,,
TX-129,,,,,,,,,,,,,,,,,36234,15248,20696,36002,12683,22663,,,,46883,18104,27623,,,,,,,,,,35904,14432,20980,,,,47229,20382,25965,,,,,,
TX-130,,,,,,,,,,,,,,,,,28518,14763,13554,28338,12541,15322,,,,41689,20239,20480,,,,,,,,,,30618,15493,14766,,,,44689,22945,20705,,,,,,
TX-131,,,,,,,,,,,,,,,,,27523,13432,13865,27377,11339,15535,,,,38957,17656,20392,,,,,,,,,,27826,13053,14440,,,,40104,19479,19752,,,,,,
TX-132,,,,,,,,,,,,,,,,,35105,16896,17901,34877,14246,19956,,,,45472,20415,23999,,,,,,,,,,33269,15619,17160,,,,45228,22159,21943,,,,,,
TX-133,,,,,,,,,,,,,,,,,33398,15259,17843,33187,12988,19569,,,,44000,18656,24264,,,,,,,,,,32420,14129,17802,,,,44774,20576,22952,,,,,,
TX-134,,,,,,,,,,,,,,,,,27367,15990,11129,27140,13853,12701,,,,35682,19549,15234,,,,,,,,,,25519,14502,10642,,,,34620,20269,13350,,,,,,
TX-135,,,,,,,,,,,,,,,,,37108,18937,17889,36806,15801,20301,,,,45881,22102,22792,,,,,,,,,,34295,17249,16566,,,,42291,22191,19382,,,,,,
TX-136,,,,,,,,,,,,,,,,,38891,20691,17868,38601,17519,20319,,,,48776,24322,23336,,,,,,,,,,36533,19234,16760,,,,46105,25114,20022,,,,,,
TX-137,,,,,,,,,,,,,,,,,34090,17700,16151,33845,14678,18573,,,,43155,20727,21552,,,,,,,,,,31093,15448,15256,,,,40668,21048,18819,,,,,,
TX-138,,,,,,,,,,,,,,,,,33147,18147,14685,32994,15591,16580,,,,44665,22811,20630,,,,,,,,,,31142,16480,14208,,,,41430,22294,18194,,,,,,
TX-139,,,,,,,,,,,,,,,,,24129,14099,9882,24016,12170,11327,,,,35126,18741,15324,,,,,,,,,,22830,12585,9931,,,,33862,18701,14356,,,,,,
TX-140,,,,,,,,,,,,,,,,,38792,17202,21260,38605,14157,23615,,,,50501,20497,28679,,,,,,,,,,38186,16502,21106,,,,49971,22694,26179,,,,,,
TX-141,,,,,,,,,,,,,,,,,32851,13738,18816,32714,11420,20646,,,,47433,18218,28079,,,,,,,,,,37462,14987,21966,,,,50755,21856,27824,,,,,,
TX-142,,,,,,,,,,,,,,,,,30182,14430,15541,30052,12000,17493,,,,44222,19785,23390,,,,,,,,,,31996,14917,16695,,,,45176,21648,22626,,,,,,
TX-143,,,,,,,,,,,,,,,,,27581,14351,12987,27463,12524,14276,,,,43671,20570,21758,,,,,,,,,,36218,18127,17598,,,,59309,30089,27831,,,,,,
TX-144,,,,,,,,,,,,,,,,,31060,19853,10950,30850,17828,12236,,,,38453,21352,15508,,,,,,,,,,28354,17294,10595,,,,39831,24195,14554,,,,,,
TX-145,,,,,,,,,,,,,,,,,44986,14299,30351,44799,11125,32827,,,,59591,17005,41358,,,,,,,,,,48347,14598,33139,,,,62679,20545,40930,,,,,,
TX-146,,,,,,,,,,,,,,,,,32822,8445,24106,32727,6923,25292,,,,49148,11881,36050,,,,,,,,,,43243,10898,31777,,,,65446,18654,45484,,,,,,
TX-147,,,,,,,,,,,,,,,,,32849,10143,22355,32771,8573,23670,,,,46655,13757,31738,,,,,,,,,,35733,10153,24972,,,,53348,17330,34669,,,,,,
TX-148,,,,,,,,,,,,,,,,,33497,13404,19749,33500,11569,21354,,,,48248,18047,28803,,,,,,,,,,35412,13482,21322,,,,50554,20062,29117,,,,,,
TX-149,,,,,,,,,,,,,,,,,45241,10865,33968,45488,9002,35778,,,,64129,14406,48335,,,,,,,,,,56587,12976,42834,,,,76825,19709,55485,,,,,,
TX-150,,,,,,,,,,,,,,,,,43445,22912,20048,43272,19658,22401,,,,56318,26169,28593,,,,,,,,,,48683,24162,23659,,,,64425,31756,30884,,,,,,
TX-151,,,,,,,,,,,,,,,,,28052,16281,11467,28052,14061,13257,,,,41277,22071,17877,,,,,,,,,,32903,18851,13418,,,,48968,27624,19864,,,,,,
TX-152,,,,,,,,,,,,,,,,,24158,14090,9859,24050,12522,11050,,,,31946,16799,14050,,,,,,,,,,23779,12687,10616,,,,34407,17975,15373,,,,,,
TX-153,,,,,,,,,,,,,,,,,33325,22107,10829,33104,19138,12950,,,,41300,25410,14745,,,,,,,,,,30644,20059,10003,,,,38051,24735,12200,,,,,,
TX-154,,,,,,,,,,,,,,,,,39242,21505,17226,39099,18234,19711,,,,49972,25633,22971,,,,,,,,,,37243,20430,16120,,,,46553,25650,19604,,,,,,
TX-155,,,,,,,,,,,,,,,,,31087,17254,13462,31017,15022,15234,,,,44093,22735,20019,,,,,,,,,,33445,17903,14899,,,,47560,25566,20570,,,,,,
TX-156,,,,,,,,,,,,,,,,,28323,16090,11894,28191,13904,13570,,,,40845,21086,18497,,,,,,,,,,30778,16550,13682,,,,44439,23634,19442,,,,,,
TX-157,,,,,,,,,,,,,,,,,32679,15110,17107,32571,12483,19216,,,,49022,21338,26317,,,,,,,,,,41325,19217,21376,,,,58691,27630,29457,,,,,,
TX-158,,,,,,,,,,,,,,,,,43509,13745,29322,43478,11187,31518,,,,58491,17535,39823,,,,,,,,,,52237,16083,35408,,,,70642,23861,45178,,,,,,
TX-159,,,,,,,,,,,,,,,,,41179,18908,21829,40982,15765,24163,,,,55110,22959,30912,,,,,,,,,,44770,19841,24213,,,,57143,25790,30130,,,,,,
TX-160,,,,,,,,,,,,,,,,,44560,27390,16714,44234,23377,19763,,,,55734,31577,23093,,,,,,,,,,44789,27244,16826,,,,54790,33383,20262,,,,,,
TX-161,,,,,,,,,,,,,,,,,52773,36176,16037,52103,30523,19985,,,,62319,38387,22787,,,,,,,,,,49818,33114,15935,,,,57602,37690,18778,,,,,,
TX-162,,,,,,,,,,,,,,,,,48640,33411,14646,48082,28773,17903,,,,57388,36727,19428,,,,,,,,,,44838,30877,13264,,,,51762,35989,14748,,,,,,
TX-163,,,,,,,,,,,,,,,,,54686,48213,5973,53842,43519,8908,,,,56199,46493,8435,,,,,,,,,,47438,42239,4611,,,,57685,49628,7130,,,,,,
TX-164,,,,,,,,,,,,,,,,,47640,39448,7673,47123,35422,10119,,,,56253,42517,12127,,,,,,,,,,42607,34529,7390,,,,50496,39337,9843,,,,,,
TX-165,,,,,,,,,,,,,,,,,20157,17310,2639,20012,16138,3355,,,,25007,20161,4091,,,,,,,,,,18193,15472,2436,,,,22497,18436,3504,,,,,,
TX-166,,,,,,,,,,,,,,,,,34804,26905,7489,34551,24310,9259,,,,43984,31651,10988,,,,,,,,,,31061,23934,6607,,,,38351,28582,8761,,,,,,
TX-167,,,,,,,,,,,,,,,,,29736,20051,9306,29623,18043,10801,,,,41175,25966,13951,,,,,,,,,,28957,19505,8991,,,,39433,25707,12579,,,,,,
TX-168,,,,,,,,,,,,,,,,,20992,15486,5253,20910,14127,6207,,,,33268,22664,9436,,,,,,,,,,24937,18181,6335,,,,37876,26150,10572,,,,,,
TX-169,,,,,,,,,,,,,,,,,19105,15949,2967,19008,14795,3778,,,,28353,21401,5795,,,,,,,,,,21744,17444,3938,,,,31873,23779,7070,,,,,,
TX-170,,,,,,,,,,,,,,,,,32860,26331,6159,32649,23996,7696,,,,41807,30814,9549,,,,,,,,,,31482,24956,6036,,,,40656,30725,8719,,,,,,
TX-171,,,,,,,,,,,,,,,,,37179,34258,2636,36801,31816,4015,,,,44140,37303,5327,,,,,,,,,,31963,28474,2995,,,,38120,32002,5101,,,,,,
TX-172,,,,,,,,,,,,,,,,,20724,10368,10144,20616,9018,11332,,,,30949,14276,15810,,,,,,,,,,23477,11086,12023,,,,38390,18622,18723,,,,,,
TX-173,,,,,,,,,,,,,,,,,18568,11917,6440,18442,10321,7783,,,,30528,17568,11909,,,,,,,,,,21553,13244,7994,,,,37427,21584,14838,,,,,,
TX-174,,,,,,,,,,,,,,,,,25663,14477,10938,25520,12400,12647,,,,41470,22009,18318,,,,,,,,,,32761,18266,14066,,,,51637,28504,21962,,,,,,
TX-175,,,,,,,,,,,,,,,,,26646,17585,8790,26511,15494,10510,,,,37385,22637,13473,,,,,,,,,,25003,16032,8623,,,,34209,21196,12162,,,,,,
TX-176,,,,,,,,,,,,,,,,,33031,19332,13353,32865,16724,15451,,,,43756,23405,18973,,,,,,,,,,31659,18301,12911,,,,41160,23450,16724,,,,,,
TX-177,,,,,,,,,,,,,,,,,26533,17162,9103,26352,15083,10705,,,,35202,20818,13225,,,,,,,,,,24325,15468,8492,,,,31625,19606,11217,,,,,,
TX-178,,,,,,,,,,,,,,,,,35348,20925,14130,35112,18000,16385,,,,45922,24767,19875,,,,,,,,,,34107,19915,13721,,,,46459,26886,18493,,,,,,
TX-179,,,,,,,,,,,,,,,,,43829,21313,22158,43607,17873,24924,,,,52741,24206,27416,,,,,,,,,,41245,20627,20030,,,,48877,25355,22681,,,,,,
TX-180,,,,,,,,,,,,,,,,,38300,15770,22231,38159,12960,24558,,,,52354,20213,31105,,,,,,,,,,41020,17039,23458,,,,54369,23557,29827,,,,,,
TX-181,,,,,,,,,,,,,,,,,34647,14180,20210,34533,11739,22265,,,,49653,19273,29374,,,,,,,,,,38789,16146,22151,,,,53092,23003,29048,,,,,,
TX-182,,,,,,,,,,,,,,,,,35803,18066,17353,35668,15607,19307,,,,47699,22394,23858,,,,,,,,,,34851,17522,16800,,,,45945,23603,21258,,,,,,
TX-183,,,,,,,,,,,,,,,,,27858,15578,12011,27714,13568,13590,,,,37802,19822,16776,,,,,,,,,,25881,14318,11114,,,,34298,19204,14271,,,,,,
TX-184,,,,,,,,,,,,,,,,,24849,14537,10063,24708,12872,11395,,,,36849,20444,15173,,,,,,,,,,25583,14632,10500,,,,38777,22432,15309,,,,,,
TX-185,,,,,,,,,,,,,,,,,27915,16600,11061,27742,14260,12895,,,,36272,19859,15504,,,,,,,,,,25776,14979,10358,,,,32622,19215,12704,,,,,,
TX-186,,,,,,,,,,,,,,,,,21605,16298,5116,21481,14700,6466,,,,30291,20843,8526,,,,,,,,,,19892,14277,5272,,,,27491,18949,7750,,,,,,
TX-187,,,,,,,,,,,,,,,,,19930,15630,4162,19768,14095,5459,,,,27498,19022,7673,,,,,,,,,,17353,12570,4526,,,,24189,16242,7199,,,,,,
TX-188,,,,,,,,,,,,,,,,,15459,12271,3059,15329,11205,3939,,,,21503,15094,5655,,,,,,,,,,12749,9489,3039,,,,18560,12631,5365,,,,,,
TX-189,,,,,,,,,,,,,,,,,18794,14657,3977,18635,13375,5032,,,,25761,17929,6970,,,,,,,,,,15910,11746,3927,,,,22192,15226,6321,,,,,,
TX-190,,,,,,,,,,,,,,,,,25936,21010,4713,25731,19132,6109,,,,33279,24330,7939,,,,,,,,,,23465,18329,4751,,,,30422,22794,6838,,,,,,
TX-191,,,,,,,,,,,,,,,,,28132,19270,8588,27904,17076,10291,,,,36021,22419,12543,,,,,,,,,,25672,17037,8237,,,,32198,20844,10572,,,,,,
TX-192,,,,,,,,,,,,,,,,,43310,15953,27026,43112,12538,29711,,,,54500,18168,35198,,,,,,,,,,42686,15093,26983,,,,54330,20466,32809,,,,,,
TX-193,,,,,,,,,,,,,,,,,41495,14543,26585,41402,11883,28768,,,,52658,16755,34464,,,,,,,,,,40426,13644,26163,,,,52344,19065,32038,,,,,,
TX-194,,,,,,,,,,,,,,,,,25630,10872,14500,25583,9473,15571,,,,33535,12950,19492,,,,,,,,,,23711,9496,13760,,,,32825,14111,17793,,,,,,
TX-195,,,,,,,,,,,,,,,,,45215,16966,27871,45066,13850,30390,,,,55718,19583,34890,,,,,,,,,,42790,15900,26280,,,,53715,21610,30909,,,,,,
TX-196,,,,,,,,,,,,,,,,,29453,16714,12466,29335,14657,14024,,,,40490,22056,17262,,,,,,,,,,27773,15381,11995,,,,38629,21947,15715,,,,,,
TX-197,,,,,,,,,,,,,,,,,25700,17620,7929,25622,15951,9260,,,,35629,22814,11969,,,,,,,,,,23581,15635,7707,,,,34270,22452,11117,,,,,,
TX-198,,,,,,,,,,,,,,,,,15281,10056,5077,15208,9179,5708,,,,20046,12153,7148,,,,,,,,,,11965,7323,4469,,,,17671,10750,6388,,,,,,
TX-199,,,,,,,,,,,,,,,,,28593,16886,11458,28492,14971,12885,,,,35931,19854,15056,,,,,,,,,,23885,13356,10207,,,,32773,18735,13228,,,,,,
TX-200,,,,,,,,,,,,,,,,,33253,18300,14687,33155,16181,16403,,,,44507,23095,20264,,,,,,,,,,30173,16062,13791,,,,43295,23659,18720,,,,,,
TX-201,,,,,,,,,,,,,,,,,42501,18187,23926,42386,15195,26368,,,,51869,21025,29611,,,,,,,,,,39230,17051,21654,,,,49931,22976,25748,,,,,,
TX-202,,,,,,,,,,,,,,,,,23971,15238,8586,23962,14267,9379,,,,31429,18628,11951,,,,,,,,,,21244,12226,8754,,,,30372,17865,11819,,,,,,
TX-203,,,,,,,,,,,,,,,,,28733,15984,12530,28687,14446,13794,,,,40909,21509,18389,,,,,,,,,,29954,15971,13635,,,,45870,25220,19593,,,,,,
TX-204,,,,,,,,,,,,,,,,,33272,17934,15064,33180,15872,16675,,,,41154,21022,19069,,,,,,,,,,28624,14934,13245,,,,37899,20677,16337,,,,,,
TX-205,,,,,,,,,,,,,,,,,21736,16922,4676,21679,15929,5413,,,,28129,20710,6604,,,,,,,,,,17881,13256,4378,,,,25345,18339,6355,,,,,,
TX-206,,,,,,,,,,,,,,,,,17992,12392,5477,17876,11442,6157,,,,23941,14699,8528,,,,,,,,,,15354,9627,5517,,,,22865,13773,8448,,,,,,
TX-207,,,,,,,,,,,,,,,,,23814,16023,7585,23643,14387,8756,,,,30697,18122,11606,,,,,,,,,,21336,13419,7559,,,,29444,17931,10684,,,,,,
TX-208,,,,,,,,,,,,,,,,,34484,17348,16841,34303,14501,19111,,,,42124,19029,22060,,,,,,,,,,31947,15345,16124,,,,40176,19898,19406,,,,,,
TX-209,,,,,,,,,,,,,,,,,28105,10731,17120,28065,9222,18313,,,,38700,13304,24198,,,,,,,,,,27914,10187,17302,,,,40874,15969,23780,,,,,,
TX-210,,,,,,,,,,,,,,,,,29887,9893,19734,29853,8455,20900,,,,44999,13515,30178,,,,,,,,,,33443,10697,22266,,,,54018,18984,33668,,,,,,
TX-211,,,,,,,,,,,,,,,,,31384,13419,17689,31277,11347,19323,,,,43403,16843,25186,,,,,,,,,,31332,12803,18052,,,,43852,18555,24248,,,,,,
TX-212,,,,,,,,,,,,,,,,,24331,11598,12525,24256,10136,13671,,,,38102,16695,20239,,,,,,,,,,26119,12017,13759,,,,40975,18760,21124,,,,,,
TX-213,,,,,,,,,,,,,,,,,19761,11478,8119,19608,10179,9044,,,,25208,13473,10962,,,,,,,,,,16057,8541,7265,,,,22653,12058,9944,,,,,,
TX-214,,,,,,,,,,,,,,,,,20035,13054,6862,19914,11751,7801,,,,26341,16083,9483,,,,,,,,,,15931,9485,6224,,,,22546,13188,8495,,,,,,
TX-215,,,,,,,,,,,,,,,,,31855,18159,13415,31658,15066,15977,,,,41435,21754,18791,,,,,,,,,,28886,15908,12599,,,,38760,21873,15803,,,,,,
TX-216,,,,,,,,,,,,,,,,,31407,18421,12704,31216,15982,14518,,,,40266,22017,17071,,,,,,,,,,28396,16246,11732,,,,38271,22372,14919,,,,,,
TX-217,,,,,,,,,,,,,,,,,37709,21445,15898,37546,18255,18388,,,,45675,24124,20352,,,,,,,,,,34006,19037,14397,,,,42915,24577,17240,,,,,,
TX-218,,,,,,,,,,,,,,,,,26733,15082,11423,26609,13344,12753,,,,34132,17584,15571,,,,,,,,,,22711,12043,10373,,,,31564,16932,13825,,,,,,
TX-219,,,,,,,,,,,,,,,,,23804,14169,9465,23664,12746,10508,,,,29065,16047,12042,,,,,,,,,,18911,10487,8148,,,,25864,14963,10278,,,,,,
TX-220,,,,,,,,,,,,,,,,,33086,15893,16937,33012,13748,18658,,,,43758,19703,22876,,,,,,,,,,30960,14530,16019,,,,43894,21467,21471,,,,,,
TX-221,,,,,,,,,,,,,,,,,29000,16856,11960,28940,15015,13440,,,,36698,20224,15549,,,,,,,,,,24176,13327,10524,,,,33882,19257,13842,,,,,,
TX-222,,,,,,,,,,,,,,,,,18324,11779,6412,18237,10741,7198,,,,23374,14217,8414,,,,,,,,,,14305,8715,5381,,,,21144,13269,7279,,,,,,
TX-223,,,,,,,,,,,,,,,,,23219,18672,4401,23152,17369,5293,,,,30648,23501,6259,,,,,,,,,,19402,15243,3921,,,,29148,22455,5948,,,,,,
TX-224,,,,,,,,,,,,,,,,,33264,25879,7231,33136,23715,8788,,,,41196,31079,9027,,,,,,,,,,27779,21204,6279,,,,36838,28530,7575,,,,,,
TX-225,,,,,,,,,,,,,,,,,37139,27870,9057,36979,25228,11037,,,,46251,32984,12057,,,,,,,,,,31552,22909,8262,,,,43824,31735,11149,,,,,,
TX-226,,,,,,,,,,,,,,,,,20369,12996,7214,20253,11850,8075,,,,26383,15565,10000,,,,,,,,,,16292,9520,6525,,,,24637,14609,9263,,,,,,
TX-227,,,,,,,,,,,,,,,,,38231,21232,16681,38005,17563,19603,,,,45884,23697,21198,,,,,,,,,,34305,18780,15078,,,,42232,23972,17604,,,,,,
TX-228,,,,,,,,,,,,,,,,,25052,16046,8784,24899,13868,10417,,,,30545,18293,11527,,,,,,,,,,20910,12520,8046,,,,26878,16706,9663,,,,,,
TX-229,,,,,,,,,,,,,,,,,29484,17794,11481,29268,14930,13732,,,,35089,18859,15540,,,,,,,,,,26864,15319,11165,,,,33211,19156,13455,,,,,,
TX-230,,,,,,,,,,,,,,,,,22099,18774,3194,21925,17337,4152,,,,28433,21804,5725,,,,,,,,,,19118,15291,3537,,,,26828,20375,5723,,,,,,
TX-231,,,,,,,,,,,,,,,,,20198,17566,2520,20079,16521,3221,,,,25679,20407,4506,,,,,,,,,,15660,12784,2704,,,,22657,17361,4668,,,,,,
TX-232,,,,,,,,,,,,,,,,,27299,25669,1480,27223,24345,2401,,,,34415,30931,2577,,,,,,,,,,21092,19358,1504,,,,28460,25287,2510,,,,,,
TX-233,,,,,,,,,,,,,,,,,23715,20149,3406,23579,18438,4558,,,,31820,24628,6238,,,,,,,,,,18988,15320,3403,,,,27349,21129,5541,,,,,,
TX-234,,,,,,,,,,,,,,,,,14624,12814,1731,14548,12128,2179,,,,19177,15328,3271,,,,,,,,,,10433,8493,1814,,,,15835,12077,3238,,,,,,
TX-235,,,,,,,,,,,,,,,,,21388,16794,4454,21277,15374,5434,,,,27000,19656,6531,,,,,,,,,,17512,13039,4206,,,,23792,17372,5812,,,,,,
TX-236,,,,,,,,,,,,,,,,,33486,25299,7934,33185,22200,10171,,,,42776,28361,13275,,,,,,,,,,29324,21171,7780,,,,38954,26657,11462,,,,,,
TX-237,,,,,,,,,,,,,,,,,48931,29666,18821,48506,23955,23173,,,,58519,31175,26083,,,,,,,,,,46749,27595,18458,,,,56049,32882,22289,,,,,,
TX-238,,,,,,,,,,,,,,,,,37721,17858,19567,37520,13575,23166,,,,45933,19133,25961,,,,,,,,,,35586,15769,19340,,,,43937,20852,22501,,,,,,
TX-239,,,,,,,,,,,,,,,,,17595,8429,9046,17616,7733,9659,,,,25144,11080,13341,,,,,,,,,,15983,7061,8677,,,,24916,11329,12877,,,,,,
TX-240,,,,,,,,,,,,,,,,,32646,9124,23315,32682,7779,24528,,,,43395,11320,31114,,,,,,,,,,32023,8317,23274,,,,43795,12618,30175,,,,,,
TX-241,,,,,,,,,,,,,,,,,27474,8969,18310,27494,7874,19252,,,,36565,10738,24933,,,,,,,,,,25048,7399,17254,,,,35555,11446,23216,,,,,,
TX-242,,,,,,,,,,,,,,,,,13742,9235,4419,13777,8657,4991,,,,17996,10118,7316,,,,,,,,,,10222,5946,4111,,,,16228,8698,6984,,,,,,
TX-243,,,,,,,,,,,,,,,,,16835,10682,6016,16831,9828,6787,,,,23361,13028,9593,,,,,,,,,,13639,7724,5677,,,,21246,11554,9017,,,,,,
TX-244,,,,,,,,,,,,,,,,,35564,16055,19196,35479,13656,21215,,,,46259,19441,25594,,,,,,,,,,34389,15302,18444,,,,44451,20385,22815,,,,,,
TX-245,,,,,,,,,,,,,,,,,25426,16247,9047,25495,14916,10317,,,,34282,19167,14190,,,,,,,,,,22280,12847,9132,,,,33311,18447,13965,,,,,,
TX-246,,,,,,,,,,,,,,,,,19262,15384,3765,19234,14449,4568,,,,23440,16208,6383,,,,,,,,,,14699,10675,3757,,,,20792,14099,5956,,,,,,
TX-247,,,,,,,,,,,,,,,,,17980,14147,3727,18002,13266,4575,,,,22977,15756,6462,,,,,,,,,,13251,9447,3585,,,,20303,13407,6235,,,,,,
TX-248,,,,,,,,,,,,,,,,,15123,9972,5071,15149,9294,5699,,,,21136,12169,8299,,,,,,,,,,12587,7485,4925,,,,19492,11043,7928,,,,,,
TX-249,,,,,,,,,,,,,,,,,26505,24906,1495,26605,23779,2566,,,,35558,31610,2950,,,,,,,,,,22438,20350,1785,,,,32942,28745,3464,,,,,,
TX-250,,,,,,,,,,,,,,,,,26032,22936,2923,26013,21359,4157,,,,33703,27525,5132,,,,,,,,,,23235,20004,2938,,,,33366,28086,4412,,,,,,
TX-251,,,,,,,,,,,,,,,,,21684,20392,1185,21802,19684,1898,,,,27834,24561,2497,,,,,,,,,,16432,14761,1460,,,,23761,20247,2883,,,,,,
TX-252,,,,,,,,,,,,,,,,,24651,21449,3070,24704,20260,4157,,,,32044,25970,5202,,,,,,,,,,20061,16610,3213,,,,27984,22164,5141,,,,,,
TX-253,,,,,,,,,,,,,,,,,12326,8797,3440,12321,8140,3989,,,,15703,10105,5133,,,,,,,,,,9521,6245,3145,,,,13217,8335,4516,,,,,,
TX-254,,,,,,,,,,,,,,,,,13539,9625,3825,13551,8906,4447,,,,17955,11476,5991,,,,,,,,,,10318,6649,3498,,,,14416,8897,5090,,,,,,
TX-255,,,,,,,,,,,,,,,,,13635,9949,3607,13696,9405,4165,,,,19042,11707,6798,,,,,,,,,,10187,6418,3624,,,,15233,8812,5972,,,,,,
TX-256,,,,,,,,,,,,,,,,,20232,16541,3568,20237,15342,4602,,,,26077,18931,6324,,,,,,,,,,17337,13093,3935,,,,24662,17482,6403,,,,,,
TX-257,,,,,,,,,,,,,,,,,12990,9699,3231,13018,9135,3774,,,,16958,10619,5761,,,,,,,,,,9828,6324,3314,,,,15171,9009,5584,,,,,,
TX-258,,,,,,,,,,,,,,,,,19813,14482,5209,19875,13663,5976,,,,28501,17829,9974,,,,,,,,,,16167,10420,5541,,,,24065,14342,9036,,,,,,
TX-259,,,,,,,,,,,,,,,,,31426,13347,17835,31425,11319,19560,,,,41171,16803,23373,,,,,,,,,,29270,12257,16592,,,,38673,17384,20292,,,,,,
TX-260,,,,,,,,,,,,,,,,,28263,16103,11879,28189,13994,13658,,,,37078,20158,15958,,,,,,,,,,24867,13443,11061,,,,33393,18735,13760,,,,,,
TX-261,,,,,,,,,,,,,,,,,38614,24718,13611,38357,21145,16461,,,,47053,27993,18216,,,,,,,,,,35247,22503,12227,,,,43966,28172,14868,,,,,,
TX-262,,,,,,,,,,,,,,,,,42537,29321,12895,42045,25079,16039,,,,51106,32200,17976,,,,,,,,,,38218,26109,11610,,,,47267,32434,14028,,,,,,
TX-263,,,,,,,,,,,,,,,,,35005,13107,21643,34973,11210,23268,,,,46678,16978,28616,,,,,,,,,,35135,13792,20827,,,,48219,20876,26220,,,,,,
TX-264,,,,,,,,,,,,,,,,,21413,14483,6796,21401,13192,7929,,,,32019,20464,10696,,,,,,,,,,21577,14434,6864,,,,32557,21448,10316,,,,,,
TX-265,,,,,,,,,,,,,,,,,14073,10866,3122,14107,10294,3666,,,,21064,14897,5508,,,,,,,,,,11620,8352,3078,,,,18392,12548,5258,,,,,,
TX-266,,,,,,,,,,,,,,,,,24785,14692,9935,24811,13572,10942,,,,35237,20216,13938,,,,,,,,,,22637,13219,9083,,,,35107,20978,13144,,,,,,
TX-267,,,,,,,,,,,,,,,,,25721,14582,10938,25643,12504,12666,,,,32728,17270,14654,,,,,,,,,,21714,11631,9760,,,,28245,15740,11845,,,,,,
TX-268,,,,,,,,,,,,,,,,,46887,19958,26596,46654,15581,30198,,,,58486,22083,35487,,,,,,,,,,46197,19175,26300,,,,58131,25659,31270,,,,,,
TX-269,,,,,,,,,,,,,,,,,47693,32537,14644,47252,27563,18382,,,,59035,36226,21394,,,,,,,,,,45817,31343,13684,,,,57800,39109,17332,,,,,,
TX-270,,,,,,,,,,,,,,,,,29866,21850,7759,29881,19910,9419,,,,37812,25697,11059,,,,,,,,,,27562,19286,7821,,,,36675,25332,10393,,,,,,
TX-271,,,,,,,,,,,,,,,,,15293,12595,2614,15321,11914,3266,,,,21723,15624,5408,,,,,,,,,,12864,9631,3060,,,,19358,13387,5418,,,,,,
TX-272,,,,,,,,,,,,,,,,,19600,13122,6337,19582,12097,7235,,,,25760,15336,9596,,,,,,,,,,16124,9990,5870,,,,22894,13817,8420,,,,,,
TX-273,,,,,,,,,,,,,,,,,20561,11334,9023,20561,10033,10161,,,,26988,13471,12764,,,,,,,,,,19213,9973,8889,,,,26356,13950,11601,,,,,,
TX-274,,,,,,,,,,,,,,,,,25280,14251,10820,25241,12787,12018,,,,35102,18299,15786,,,,,,,,,,22344,11852,10150,,,,33236,17718,14417,,,,,,
TX-275,,,,,,,,,,,,,,,,,23351,14027,9167,23378,12808,10246,,,,32555,17693,14014,,,,,,,,,,20707,11497,8939,,,,30322,16608,12797,,,,,,
TX-276,,,,,,,,,,,,,,,,,20854,14139,6569,20876,13172,7432,,,,30376,18316,11054,,,,,,,,,,18045,10975,6817,,,,29067,16707,11417,,,,,,
TX-277,,,,,,,,,,,,,,,,,30234,14720,15300,30236,12983,16826,,,,43502,19528,22872,,,,,,,,,,31045,14569,16051,,,,46108,22301,22495,,,,,,
TX-278,,,,,,,,,,,,,,,,,24919,8830,15887,24934,7700,16895,,,,39178,13800,24397,,,,,,,,,,31040,11362,19252,,,,52402,21426,29541,,,,,,
TX-279,,,,,,,,,,,,,,,,,33456,12504,20713,33438,10737,22259,,,,47048,16479,29510,,,,,,,,,,34309,12315,21520,,,,48616,18954,28467,,,,,,
TX-280,,,,,,,,,,,,,,,,,29940,15350,14358,29943,13687,15796,,,,40083,19058,19985,,,,,,,,,,26688,12819,13442,,,,36579,18116,17468,,,,,,
TX-281,,,,,,,,,,,,,,,,,34238,15202,18792,34261,13347,20430,,,,44600,19147,24422,,,,,,,,,,30576,13299,16848,,,,41021,18954,20987,,,,,,
TX-282,,,,,,,,,,,,,,,,,22987,14557,8303,22985,13420,9288,,,,31024,18901,11203,,,,,,,,,,19640,11899,7480,,,,27697,17069,9883,,,,,,
TX-283,,,,,,,,,,,,,,,,,32239,12342,19638,32211,10729,21028,,,,44371,16328,26922,,,,,,,,,,32098,12166,19435,,,,44495,18220,25086,,,,,,
TX-284,,,,,,,,,,,,,,,,,34191,11752,22188,34159,9912,23787,,,,46033,14929,30034,,,,,,,,,,33456,11200,21724,,,,44515,16393,26938,,,,,,
TX-285,,,,,,,,,,,,,,,,,30964,9930,20802,30927,8273,22234,,,,45200,13574,30657,,,,,,,,,,35084,10721,23862,,,,49570,16734,31685,,,,,,
TX-286,,,,,,,,,,,,,,,,,29229,9966,19006,29218,8527,20258,,,,44096,14321,28588,,,,,,,,,,32573,11101,20984,,,,48215,17337,29804,,,,,,
TX-287,,,,,,,,,,,,,,,,,40449,14370,25765,40373,11795,27913,,,,51107,17213,32887,,,,,,,,,,39208,13702,24976,,,,50015,18879,30191,,,,,,
TX-288,,,,,,,,,,,,,,,,,24552,7013,17346,24627,6145,18134,,,,35868,9560,25322,,,,,,,,,,27162,7007,19834,,,,43682,13011,29768,,,,,,
TX-289,,,,,,,,,,,,,,,,,33172,5871,27063,33285,4785,28085,,,,49012,8048,39953,,,,,,,,,,40654,6500,33664,,,,60578,11953,47601,,,,,,
TX-290,,,,,,,,,,,,,,,,,34033,5828,27979,34127,4891,28869,,,,46562,7595,38051,,,,,,,,,,37815,5860,31538,,,,54943,10165,43931,,,,,,
TX-291,,,,,,,,,,,,,,,,,20322,5021,15163,20367,4312,15787,,,,30666,7337,22583,,,,,,,,,,21891,5360,16235,,,,36776,10927,25032,,,,,,
UT-1,,,,,,,,45223,10229,32825,45435,11053,32509,,,,40955,10813,27886,,,,,,,,,,52079,14681,34558,,,,,,,,,,,,,48959,15464,30356,48988,13915,27317,,,
UT-2,,,,,,,,22180,11058,9584,22447,11706,9463,,,,22116,11978,8508,,,,,,,,,,30019,15847,12569,,,,,,,,,,,,,28038,15084,11670,28586,13869,11388,,,
UT-3,,,,,,,,22801,9903,11447,23091,10526,11327,,,,22175,10312,10338,,,,,,,,,,29255,13603,14150,,,,,,,,,,,,,25412,12076,12154,25904,10835,11905,,,
UT-4,,,,,,,,42332,28464,10900,42995,30512,11144,,,,44901,32609,10736,,,,,,,,,,52179,38379,12156,,,,,,,,,,,,,47935,36221,10785,48718,35020,11238,,,
UT-5,,,,,,,,53698,27303,23322,54570,29377,23715,,,,55230,30453,23180,,,,,,,,,,63386,36497,25168,,,,,,,,,,,,,59258,36144,21680,60316,34874,21253,,,
UT-6,,,,,,,,34383,16919,15537,34924,17964,15461,,,,35222,18880,14584,,,,,,,,,,43634,23992,17770,,,,,,,,,,,,,39856,23958,14564,40579,22425,14456,,,
UT-7,,,,,,,,27567,11255,14601,27911,12050,14402,,,,26588,11689,13055,,,,,,,,,,34004,14890,17350,,,,,,,,,,,,,29836,13926,14524,30442,12573,14117,,,
UT-8,,,,,,,,33718,13090,18967,34160,14016,18680,,,,33769,14504,17327,,,,,,,,,,42810,18886,21910,,,,,,,,,,,,,39638,18927,19022,40421,17482,18126,,,
UT-9,,,,,,,,51314,19231,29579,51967,20938,29191,,,,50429,20928,27204,,,,,,,,,,59929,25867,31906,,,,,,,,,,,,,55021,25005,28062,56120,23128,26078,,,
UT-10,,,,,,,,36069,11634,22616,36482,12714,22062,,,,35288,12403,20707,,,,,,,,,,44707,16101,26417,,,,,,,,,,,,,41050,16089,22915,41830,14352,21249,,,
UT-11,,,,,,,,23081,5244,16749,23313,5916,16355,,,,25825,7068,17182,,,,,,,,,,41925,11956,27825,,,,,,,,,,,,,46434,15210,28956,47436,13647,25373,,,
UT-12,,,,,,,,42105,8999,31451,42592,9949,31054,,,,41828,10101,29801,,,,,,,,,,54271,13659,38383,,,,,,,,,,,,,51989,15095,34392,53094,13587,30280,,,
UT-13,,,,,,,,29032,6477,21408,29318,7081,21076,,,,27940,7220,19289,,,,,,,,,,42298,11595,28715,,,,,,,,,,,,,45290,13493,29441,46029,12022,25050,,,
UT-14,,,,,,,,34607,3767,29664,34828,4056,29286,,,,31493,4453,25180,,,,,,,,,,48631,7869,38165,,,,,,,,,,,,,51877,9551,38736,52280,8458,30746,,,
UT-15,,,,,,,,35668,4141,30232,35823,4453,30101,,,,31846,4663,25459,,,,,,,,,,48434,8455,37463,,,,,,,,,,,,,48965,9188,36302,49411,8519,28857,,,
UT-16,,,,,,,,32856,5135,26249,33058,5456,26008,,,,28363,5347,21086,,,,,,,,,,40277,9343,28415,,,,,,,,,,,,,37683,9205,25549,37984,8416,20740,,,
UT-17,,,,,,,,23889,4353,18196,23937,4622,18020,,,,18106,4545,12402,,,,,,,,,,29479,8391,19368,,,,,,,,,,,,,26792,7701,17334,26918,7306,14740,,,
UT-18,,,,,,,,22333,2519,18835,22406,2891,18276,,,,20971,3010,16282,,,,,,,,,,39138,6444,30034,,,,,,,,,,,,,51574,9835,37744,51956,8550,29167,,,
UT-19,,,,,,,,30848,3375,26335,30959,3845,25803,,,,28571,3681,22862,,,,,,,,,,44159,5985,35597,,,,,,,,,,,,,49208,7449,38006,49612,6573,29600,,,
UT-20,,,,,,,,38813,6500,30616,38956,7124,30288,,,,34947,6672,26348,,,,,,,,,,47669,9845,35179,,,,,,,,,,,,,47521,11388,32865,47687,9929,28887,,,
UT-21,,,,,,,,31117,7572,21783,31146,7965,21299,,,,27365,7411,17651,,,,,,,,,,37315,10400,24031,,,,,,,,,,,,,36736,11223,22496,36668,9737,20046,,,
UT-22,,,,,,,,34655,5995,26968,34797,6611,26524,,,,32104,6223,23372,,,,,,,,,,45851,8767,34298,,,,,,,,,,,,,49773,10671,35457,50086,9235,30298,,,
UT-23,,,,,,,,24742,10085,13199,24958,10248,13274,,,,23498,10102,11462,,,,,,,,,,31376,13572,15903,,,,,,,,,,,,,29949,13624,14769,30403,12095,13758,,,
UT-24,,,,,,,,30602,8589,20519,30930,8884,20386,,,,29091,8595,18181,,,,,,,,,,39119,11603,25372,,,,,,,,,,,,,39695,12666,24684,40299,11006,21667,,,
UT-25,,,,,,,,42012,13908,26020,42403,14627,26064,,,,41808,14775,24712,,,,,,,,,,52651,19045,31444,,,,,,,,,,,,,54162,20073,31910,54560,17231,28500,,,
UT-26,,,,,,,,32787,6905,24385,33041,7357,24108,,,,28738,7355,19548,,,,,,,,,,39956,10638,27409,,,,,,,,,,,,,42032,12268,27547,42083,10610,24760,,,
UT-27,,,,,,,,33341,3911,28034,33553,4354,27477,,,,31184,4226,24510,,,,,,,,,,42745,5970,34266,,,,,,,,,,,,,48063,6992,37823,47977,6104,30857,,,
UT-28,,,,,,,,29324,5727,22132,29531,6233,21746,,,,29374,6278,20407,,,,,,,,,,40101,7871,29496,,,,,,,,,,,,,44201,9110,31794,44280,7956,26416,,,
UT-29,,,,,,,,34322,5887,27024,34708,6162,27014,,,,32299,6561,23485,,,,,,,,,,44766,9054,33316,,,,,,,,,,,,,47819,10269,34229,47959,9004,27866,,,
UT-30,,,,,,,,37733,7871,28303,37901,8300,27881,,,,33189,8024,22197,,,,,,,,,,41174,9573,29273,,,,,,,,,,,,,45064,9324,33400,44754,8787,26200,,,
UT-31,,,,,,,,33673,4167,28327,33711,4358,27439,,,,29820,4427,22388,,,,,,,,,,41685,5546,33010,,,,,,,,,,,,,47679,6532,37786,47562,5494,29983,,,
UT-32,,,,,,,,37732,6275,29972,37850,6462,29353,,,,36897,7091,25902,,,,,,,,,,50282,9553,36644,,,,,,,,,,,,,58349,10919,43036,58600,9384,33213,,,
UT-33,,,,,,,,31051,5372,24462,31237,5539,24064,,,,30915,6144,21984,,,,,,,,,,43406,8877,31193,,,,,,,,,,,,,46770,9545,33987,46970,8178,26735,,,
VA-1,,,,,,,,,,,,,,27544,14127,13125,34022,17750,15630,,,,,,,44741,23387,21311,,,,33699,14650,18791,,,,,,,,,,45704,23117,22517,,,,34776,18386,16347
VA-2,,,,,,,,,,,,,,29121,13771,15022,38520,19005,18505,,,,,,,46025,22585,23392,,,,35406,14629,20537,,,,,,,,,,52443,25293,27110,,,,39782,20039,19688
VA-3,,,,,,,,,,,,,,27795,14702,12717,36855,20781,15240,,,,,,,50789,28972,21779,,,,35141,16692,18154,,,,,,,,,,47937,26670,21205,,,,36008,21145,14814
VA-4,,,,,,,,,,,,,,25047,14336,10349,33790,20134,12862,,,,,,,48296,28783,19460,,,,32460,16541,15604,,,,,,,,,,44512,25480,18976,,,,32721,19881,12777
VA-5,,,,,,,,,,,,,,29047,16151,12538,37941,21854,15193,,,,,,,50048,28332,21678,,,,37309,18317,18698,,,,,,,,,,49961,27900,22010,,,,37683,22245,15361
VA-6,,,,,,,,,,,,,,32405,11397,20663,41165,15255,25089,,,,,,,56628,20203,36378,,,,43522,12989,30356,,,,,,,,,,59616,22531,37024,,,,45418,18300,27058
VA-7,,,,,,,,,,,,,,27763,16533,10877,34493,20919,12986,,,,,,,47683,28364,19264,,,,34252,18105,15810,,,,,,,,,,47641,27751,19822,,,,36341,22510,13758
VA-8,,,,,,,,,,,,,,26366,17755,8310,33478,23070,9852,,,,,,,46908,32154,14714,,,,31197,19044,11839,,,,,,,,,,43933,28785,15108,,,,33196,22768,10373
VA-9,,,,,,,,,,,,,,24981,19138,5547,31056,24121,6427,,,,,,,43977,33792,10119,,,,27964,19519,8042,,,,,,,,,,39327,29298,9976,,,,28958,22395,6520
VA-10,,,,,,,,,,,,,,19179,13775,5100,24178,17869,5739,,,,,,,28068,20207,7806,,,,21130,14216,6625,,,,,,,,,,30433,21965,8408,,,,23739,18150,5544
VA-11,,,,,,,,,,,,,,28710,20156,8167,33170,23985,8601,,,,,,,43796,31520,12241,,,,29833,19513,9946,,,,,,,,,,40418,28802,11586,,,,31465,23049,8354
VA-12,,,,,,,,,,,,,,27043,18370,8353,34469,24242,9682,,,,,,,44732,31112,13549,,,,30397,19008,11073,,,,,,,,,,42603,29193,13356,,,,32504,23291,9152
VA-13,,,,,,,,,,,,,,29027,21684,7046,35402,27074,7875,,,,,,,46829,35802,10979,,,,32557,22861,9300,,,,,,,,,,43377,32207,11109,,,,32747,25062,7631
VA-14,,,,,,,,,,,,,,26778,15839,10581,33102,20689,11757,,,,,,,43510,26742,16716,,,,31219,16926,13951,,,,,,,,,,43043,26701,16297,,,,32332,20992,11278
VA-15,,,,,,,,,,,,,,33689,19179,14177,41106,24573,15739,,,,,,,48148,29135,18968,,,,37793,20475,17066,,,,,,,,,,52476,31521,20878,,,,43314,26977,16278
VA-16,,,,,,,,,,,,,,35775,14853,20489,44801,19945,23969,,,,,,,62608,27834,34731,,,,48575,18675,29635,,,,,,,,,,61656,27703,33892,,,,49553,23601,25868
VA-17,,,,,,,,,,,,,,32049,18111,13609,39548,23280,15684,,,,,,,54507,31416,23035,,,,41520,20865,20337,,,,,,,,,,59225,34322,24818,,,,46761,28032,18639
VA-18,,,,,,,,,,,,,,34894,17339,17274,41398,21706,19233,,,,,,,56119,28859,27230,,,,43821,19153,24433,,,,,,,,,,54845,26866,27916,,,,42976,21018,21898
VA-19,,,,,,,,,,,,,,23932,14042,9623,29759,18523,10887,,,,,,,40533,25307,15194,,,,28442,15253,12850,,,,,,,,,,38559,23476,15032,,,,30343,18571,11721
VA-20,,,,,,,,,,,,,,33244,12397,20509,42664,16929,25037,,,,,,,57112,22176,34890,,,,45665,14244,31191,,,,,,,,,,58868,21379,37430,,,,47362,17599,29687
VA-21,,,,,,,,,,,,,,30889,12135,18541,39990,17298,22271,,,,,,,53044,23451,29559,,,,40346,13734,26433,,,,,,,,,,51995,21388,30527,,,,39740,15538,24141
VA-22,,,,,,,,,,,,,,31810,12409,19081,41359,17945,22727,,,,,,,53530,21597,31881,,,,43890,15740,27853,,,,,,,,,,62898,28529,34311,,,,51484,25166,26235
VA-23,,,,,,,,,,,,,,26860,13845,12725,35565,19980,15045,,,,,,,50883,29435,21407,,,,35646,17953,17379,,,,,,,,,,47915,27950,19895,,,,37953,23358,14527
VA-24,,,,,,,,,,,,,,31177,17832,12929,41080,24988,15338,,,,,,,53994,33122,20811,,,,39462,21195,17869,,,,,,,,,,52535,32165,20288,,,,42275,27500,14699
VA-25,,,,,,,,,,,,,,40147,20277,19387,49532,27245,21049,,,,,,,58157,31072,27029,,,,51048,25438,25181,,,,,,,,,,63155,36285,26789,,,,53335,32685,20550
VA-26,,,,,,,,,,,,,,23313,20384,2614,30802,27406,2885,,,,,,,41853,36947,4860,,,,26473,22055,3656,,,,,,,,,,36974,32428,4479,,,,30729,27805,2863
VA-27,,,,,,,,,,,,,,33394,29032,3876,41603,37061,3677,,,,,,,49553,43552,5935,,,,36916,30135,5191,,,,,,,,,,50038,43810,6069,,,,43155,39218,3829
VA-28,,,,,,,,,,,,,,33607,25251,8074,41890,32228,9235,,,,,,,53362,40528,12790,,,,39408,27894,10973,,,,,,,,,,51850,39185,12600,,,,43230,33548,9622
VA-29,,,,,,,,,,,,,,39597,20244,18866,47887,27599,18918,,,,,,,58465,32877,25528,,,,47690,24441,22878,,,,,,,,,,55943,32688,23181,,,,47607,29657,17839
VA-30,,,,,,,,,,,,,,32090,16989,14757,41588,24235,16449,,,,,,,46779,26869,19868,,,,39083,20034,18782,,,,,,,,,,52236,30779,21382,,,,43487,27895,15516
VA-31,,,,,,,,,,,,,,32202,18738,12951,41217,25583,14719,,,,,,,52946,33286,19608,,,,40273,22019,17766,,,,,,,,,,52812,32342,20411,,,,44764,29116,15574
VA-32,,,,,,,,,,,,,,40359,12578,27246,50319,17332,31999,,,,,,,67905,23175,44666,,,,55315,15616,39417,,,,,,,,,,68988,23773,45158,,,,57808,20781,36935
VA-33,,,,,,,,,,,,,,33418,12924,20118,41898,16926,24252,,,,,,,58741,22740,35948,,,,46166,14497,31393,,,,,,,,,,61805,22930,38815,,,,47924,18512,29339
VA-34,,,,,,,,,,,,,,33076,13432,19341,41121,18226,22293,,,,,,,55685,24961,30691,,,,44215,15782,28127,,,,,,,,,,58038,24224,33761,,,,46293,19455,26762
VA-35,,,,,,,,,,,,,,23005,12236,10489,32182,18544,12991,,,,,,,45997,26656,19286,,,,30643,15381,14989,,,,,,,,,,46341,26356,19889,,,,34444,21363,13005
VA-36,,,,,,,,,,,,,,28062,13700,13995,38104,19978,17290,,,,,,,51228,26763,24407,,,,39638,17918,21369,,,,,,,,,,55614,29390,26129,,,,43668,24822,18764
VA-37,,,,,,,,,,,,,,24975,11928,12735,35469,18605,16183,,,,,,,48329,26049,22208,,,,35054,15974,18790,,,,,,,,,,51546,27308,24160,,,,39149,22579,16494
VA-38,,,,,,,,,,,,,,34167,12333,21419,45158,17776,26545,,,,,,,64850,24866,39923,,,,51416,16258,34922,,,,,,,,,,70580,27106,43410,,,,56744,23131,33516
VA-39,,,,,,,,,,,,,,33319,12224,20721,43926,17447,25703,,,,,,,59606,23257,36308,,,,47534,15113,32156,,,,,,,,,,63184,23800,39296,,,,49855,20098,29675
VA-40,,,,,,,,,,,,,,29749,11852,17541,40686,17830,21976,,,,,,,54389,23399,30940,,,,42569,14934,27391,,,,,,,,,,57035,23205,33765,,,,44109,19326,24707
VA-41,,,,,,,,,,,,,,19756,15126,4439,27478,21796,5280,,,,,,,39117,27509,11608,,,,23893,17066,6626,,,,,,,,,,39147,28250,10762,,,,27706,22055,5587
VA-42,,,,,,,,,,,,,,26240,17568,8402,34117,24132,9318,,,,,,,46790,30405,16331,,,,30397,19248,10861,,,,,,,,,,45604,30363,15059,,,,33569,24582,8890
VA-43,,,,,,,,,,,,,,32020,17916,13751,41087,24446,15626,,,,,,,51310,29843,21446,,,,39505,20669,18521,,,,,,,,,,55341,31624,23520,,,,41919,26329,15497
VA-44,,,,,,,,,,,,,,28572,14984,13281,38463,21732,15894,,,,,,,46343,28686,17549,,,,37969,18623,19115,,,,,,,,,,56034,29778,26128,,,,41767,24552,17137
VA-45,,,,,,,,,,,,,,18593,11157,7152,26221,17202,8401,,,,,,,42447,29599,12829,,,,22680,12856,9601,,,,,,,,,,32548,19620,12841,,,,23028,15507,7477
VA-46,,,,,,,,,,,,,,38796,21966,16455,49334,30273,18007,,,,,,,63444,38841,24552,,,,46950,25789,20878,,,,,,,,,,58163,34583,23423,,,,46344,30063,16167
VA-47,,,,,,,,,,,,,,30427,19587,10470,41765,28469,12409,,,,,,,56445,39241,17151,,,,35683,21496,13965,,,,,,,,,,50376,31688,18543,,,,36886,25846,10968
VA-48,,,,,,,,,,,,,,35068,22990,11735,45125,31179,12994,,,,,,,51330,34289,16975,,,,42314,26650,15429,,,,,,,,,,55368,36613,18589,,,,41833,30155,11577
VA-49,,,,,,,,,,,,,,28905,20496,8083,38528,28262,9421,,,,,,,46751,33660,13016,,,,34883,23588,11004,,,,,,,,,,47786,33545,14061,,,,36506,27946,8441
VA-50,,,,,,,,,,,,,,38539,27801,10332,47376,35011,11322,,,,,,,50118,35380,14683,,,,46046,32126,13625,,,,,,,,,,59080,42674,16217,,,,45971,35731,10109
VA-51,,,,,,,,,,,,,,33923,23228,10344,42207,30176,11036,,,,,,,49400,33955,15382,,,,40373,26992,13099,,,,,,,,,,51705,35831,15698,,,,40249,30378,9743
VA-52,,,,,,,,,,,,,,37574,24797,12401,47556,33069,13373,,,,,,,65913,46231,19589,,,,43222,27321,15583,,,,,,,,,,56707,37588,18918,,,,44436,32278,12038
VA-53,,,,,,,,,,,,,,26866,19083,7550,35691,26555,8428,,,,,,,44553,32496,12024,,,,31577,21310,10057,,,,,,,,,,43362,30231,12980,,,,33195,25219,7902
VA-54,,,,,,,,,,,,,,32058,22178,9562,39885,29140,9673,,,,,,,51495,36817,14614,,,,36638,24786,11606,,,,,,,,,,48221,34429,13657,,,,38420,29204,9080
VA-55,,,,,,,,,,,,,,27425,19304,7895,35574,25691,9203,,,,,,,55677,41251,14349,,,,30256,19557,10473,,,,,,,,,,41180,27203,13786,,,,31038,22970,7984
VA-56,,,,,,,,,,,,,,28362,21224,6864,36958,28161,7982,,,,,,,46625,35549,11015,,,,31949,22448,9286,,,,,,,,,,41885,29601,12113,,,,31748,24724,6933
VA-57,,,,,,,,,,,,,,29514,23332,5928,38794,31534,6311,,,,,,,52378,42507,9796,,,,32409,24141,7985,,,,,,,,,,46651,36194,10312,,,,35410,29458,5845
VA-58,,,,,,,,,,,,,,39769,31001,8363,48875,39477,7876,,,,,,,57963,45352,12537,,,,46268,35459,10496,,,,,,,,,,58284,45857,12276,,,,46535,38638,7771
VA-59,,,,,,,,,,,,,,30669,25316,5023,40099,33542,5399,,,,,,,51984,42902,9006,,,,33533,26096,7138,,,,,,,,,,48332,38134,10023,,,,36604,31155,5355
VA-60,,,,,,,,,,,,,,43505,34121,8971,52146,41914,8755,,,,,,,58055,44206,13803,,,,48377,36571,11532,,,,,,,,,,64060,50300,13624,,,,51716,43043,8563
VA-61,,,,,,,,,,,,,,37390,23740,13370,46178,30697,14404,,,,,,,47731,29681,17980,,,,46867,28445,18233,,,,,,,,,,60617,39283,21152,,,,45609,31800,13681
VA-62,,,,,,,,,,,,,,28150,17882,9912,40001,26793,12330,,,,,,,55017,37473,17511,,,,36314,21712,14336,,,,,,,,,,50180,30763,19180,,,,36523,24672,11737
VA-63,,,,,,,,,,,,,,21959,13974,7736,34651,23311,10724,,,,,,,43830,29119,14684,,,,33974,20020,13789,,,,,,,,,,52831,31962,20631,,,,37391,25763,11518
VA-64,,,,,,,,,,,,,,28691,17900,10517,40995,27085,13049,,,,,,,52350,33639,18665,,,,39706,23470,16039,,,,,,,,,,55537,34437,20884,,,,39514,26981,12430
VA-65,,,,,,,,,,,,,,34394,17366,16627,46623,25200,20293,,,,,,,65185,33555,31569,,,,46484,21230,24969,,,,,,,,,,62082,32021,29924,,,,48275,26786,21399
VA-66,,,,,,,,,,,,,,26338,11245,14736,36571,16793,18974,,,,,,,49718,22951,26722,,,,37168,14426,22536,,,,,,,,,,51820,23815,27937,,,,39451,19038,20345
VA-67,,,,,,,,,,,,,,27296,8427,18552,36513,11960,23868,,,,,,,52858,16456,36350,,,,40467,10094,30194,,,,,,,,,,56414,18087,38239,,,,41545,13600,27865
VA-68,,,,,,,,,,,,,,31190,8747,22024,38858,12030,26060,,,,,,,55495,16980,38484,,,,44121,10516,33354,,,,,,,,,,56747,17873,38784,,,,43869,13512,30267
VA-69,,,,,,,,,,,,,,23722,12270,11075,30645,16980,12810,,,,,,,37240,20985,16218,,,,28125,13631,14162,,,,,,,,,,41159,22529,18555,,,,32555,19152,13349
VA-70,,,,,,,,,,,,,,31043,9261,21364,39475,13090,25619,,,,,,,56553,18991,37519,,,,44216,11279,32633,,,,,,,,,,57541,18840,38621,,,,44719,14729,29909
VA-71,,,,,,,,,,,,,,33939,11276,22282,41099,14561,25877,,,,,,,56131,20000,36080,,,,44812,12049,32521,,,,,,,,,,57755,19549,38145,,,,44118,14476,29565
VA-72,,,,,,,,,,,,,,34085,9079,24694,43268,12358,30161,,,,,,,59690,18404,41231,,,,47421,10246,36964,,,,,,,,,,61861,16931,44868,,,,47442,12977,34386
VA-73,,,,,,,,,,,,,,35648,13690,21473,44154,18402,24905,,,,,,,58304,25208,33053,,,,44073,15544,28249,,,,,,,,,,58474,24768,33629,,,,44180,19283,24790
VA-74,,,,,,,,,,,,,,24344,15099,8890,31282,20149,10509,,,,,,,42894,28345,14499,,,,29147,16817,12024,,,,,,,,,,41840,26676,15082,,,,30936,20700,10153
VA-75,,,,,,,,,,,,,,26677,15525,10638,34080,20905,12149,,,,,,,39798,23782,15963,,,,29407,15207,13822,,,,,,,,,,43356,25123,18125,,,,35873,22981,12884
VA-76,,,,,,,,,,,,,,36941,26935,9570,46317,34995,10221,,,,,,,55311,42141,13122,,,,42569,30429,11759,,,,,,,,,,55025,41064,13866,,,,45571,35806,9690
VA-77,,,,,,,,,,,,,,37214,21259,15486,46878,28136,17706,,,,,,,57205,33764,23393,,,,46355,24526,21483,,,,,,,,,,60060,34855,25126,,,,50388,30907,19392
VA-78,,,,,,,,,,,,,,28237,12654,15237,36329,17152,18151,,,,,,,47678,23114,24515,,,,36028,14128,21608,,,,,,,,,,49550,21716,27747,,,,36586,16695,19822
VA-79,,,,,,,,,,,,,,30003,8217,21476,37860,11906,25105,,,,,,,51829,17421,34352,,,,39407,9359,29869,,,,,,,,,,52588,15424,37098,,,,39817,11181,28570
VA-80,,,,,,,,,,,,,,26953,13433,13304,35805,19308,16049,,,,,,,44508,25419,19054,,,,31493,14393,16901,,,,,,,,,,43522,23378,20067,,,,31197,16315,14821
VA-81,,,,,,,,,,,,,,31987,9109,22579,40667,12362,27761,,,,,,,54957,17998,36913,,,,43526,10145,33200,,,,,,,,,,55416,16290,39060,,,,41571,11740,29766
VA-82,,,,,,,,,,,,,,31838,8714,22799,39964,11553,27929,,,,,,,59076,18757,40255,,,,44268,9713,34298,,,,,,,,,,57736,16720,40945,,,,41771,11636,29998
VA-83,,,,,,,,,,,,,,32019,8689,22971,36995,11010,25451,,,,,,,51549,15562,35947,,,,40122,8409,31445,,,,,,,,,,52105,14761,37279,,,,38152,10164,27914
VA-84,,,,,,,,,,,,,,24662,4854,19605,31425,7781,23303,,,,,,,46680,11731,34899,,,,32830,4839,27879,,,,,,,,,,45774,11877,33828,,,,30535,5958,24527
VA-85,,,,,,,,,,,,,,27409,6751,20397,34680,10066,24156,,,,,,,49378,13819,35510,,,,36844,7299,29397,,,,,,,,,,49728,14214,35435,,,,34754,8715,25972
VA-86,,,,,,,,,,,,,,25750,5549,19935,30872,8090,22509,,,,,,,45631,11202,34369,,,,32974,4966,27861,,,,,,,,,,45315,11766,33470,,,,30382,5895,24434
VT-1,,,,,,,,52098,32754,15223,52254,28114,22092,,,,,,,44272,20969,20519,,,,,,,59383,19989,36518,,,,,,,,,,,,,59017,39192,16741,58818,15177,40187,,,
VT-2,,,,,,,,50775,27960,19606,50991,19795,29474,,,,,,,42791,14347,25285,,,,,,,58166,14027,40029,,,,,,,,,,,,,58593,31352,23490,58597,10150,44571,,,
VT-3,,,,,,,,53854,32508,18515,54125,22585,30297,,,,,,,47128,18540,26908,,,,,,,61348,15976,43336,,,,,,,,,,,,,61499,39610,19090,61469,13068,45583,,,
VT-4,,,,,,,,57848,38222,17321,58103,27298,29594,,,,,,,52009,21688,28815,,,,,,,66893,18277,47240,,,,,,,,,,,,,66908,46742,17701,66785,15652,49230,,,
VT-5,,,,,,,,48818,34146,11981,49124,26507,21280,,,,,,,45668,22434,21604,,,,,,,58267,19983,36794,,,,,,,,,,,,,56605,41771,12615,56345,17021,37218,,,
VT-6,,,,,,,,50416,26653,20991,50698,14954,34080,,,,,,,42219,12357,28130,,,,,,,58654,10963,44495,,,,,,,,,,,,,60631,30762,26875,60827,8149,49650,,,
WA-1,95950,70459,10094,966,1365,12410,414,43854,17765,26089,43842,15945,27897,,,,42703,15834,26869,,,,,,,,,,53934,17036,36745,,,,42938,13777,29077,,,,,,,51634,18591,32888,52457,16704,35640,,,
WA-2,100254,85935,4361,1833,2873,3930,682,49891,19746,30145,49891,18128,31763,,,,49478,18909,30569,,,,,,,,,,62554,20967,41392,,,,50391,17004,33305,,,,,,,60951,22344,38462,62086,20837,41160,,,
WA-3,98078,76757,6448,4249,4461,4869,1609,42674,23276,19398,42611,21961,20650,,,,41788,22979,18809,,,,,,,,,,53263,27073,25995,,,,39202,20497,18611,,,,,,,48586,26460,21948,49395,25607,23729,,,
WA-4,100100,74845,7629,5684,5023,5600,2054,35888,21510,14378,35837,20253,15584,,,,35515,21701,13814,,,,,,,,,,45812,25491,20137,,,,32219,18757,13382,,,,,,,41227,24416,16646,41925,23899,17951,,,
WA-5,105021,85186,7352,3626,3569,4427,1158,42698,19980,22718,42626,18572,24054,,,,41184,18742,22442,,,,,,,,,,55134,22024,32926,,,,39708,16380,23239,,,,,,,51512,22679,28643,52497,21810,30598,,,
WA-6,95493,74716,7614,3888,4327,4615,1101,39998,21131,18867,39943,19709,20234,,,,39668,21199,18469,,,,,,,,,,51068,25512,25360,,,,38516,19366,19074,,,,,,,48650,25365,23159,49337,24511,24757,,,
WA-7,101077,81264,6421,2801,7096,2884,669,44200,20376,23824,44180,18633,25547,,,,43981,20322,23659,,,,,,,,,,55531,23986,31343,,,,43989,18571,25345,,,,,,,54157,24799,29263,54907,23481,31349,,,
WA-8,100533,71230,21658,1870,2636,3789,746,41795,19026,22769,41790,16590,25200,,,,40954,17410,23544,,,,,,,,,,50326,19232,30944,,,,39392,14478,24856,,,,,,,46937,19827,27023,47451,17947,29442,,,
WA-9,96887,36425,52948,2694,3078,3038,608,23647,11475,12172,23761,10438,13323,,,,21835,9484,12351,,,,,,,,,,32363,13669,18595,,,,21450,7419,14006,,,,,,,30533,13310,17152,30824,12116,18662,,,
WA-10,98521,65496,20749,3115,5668,3372,661,39200,18690,20510,39063,16312,22751,,,,35519,15125,20394,,,,,,,,,,48291,19929,28144,,,,34547,13640,20842,,,,,,,45012,20763,24111,45470,18963,26413,,,
WA-11,95570,65498,21894,1607,3148,3278,425,40207,15488,24719,40129,13431,26698,,,,37353,11998,25355,,,,,,,,,,50737,15430,35129,,,,39318,11117,28146,,,,,,,49783,17398,32234,50514,15355,35066,,,
WA-12,99051,42086,51537,1405,1906,3580,328,25282,9364,15918,25250,8231,17019,,,,23176,7208,15968,,,,,,,,,,33173,9706,23365,,,,23289,6094,17161,,,,,,,30694,10123,20481,31182,9110,22020,,,
WA-13,97730,66175,24733,955,1842,3989,394,40086,15664,24422,40015,13652,26363,,,,38778,13700,25078,,,,,,,,,,52403,16643,35560,,,,41848,13236,28526,,,,,,,51229,18765,32333,52038,16455,35480,,,
WA-14,100715,71559,20993,1365,2747,3579,566,42329,19840,22489,42396,17798,24598,,,,42134,18725,23409,,,,,,,,,,55241,23229,31799,,,,43244,18247,24917,,,,,,,52781,24094,28538,53645,21744,31787,,,
WA-15,99364,60529,31214,1429,2393,4493,364,40171,14987,25184,40171,13820,26351,,,,37168,11708,25460,,,,,,,,,,49337,15735,33436,,,,35974,10099,25809,,,,,,,44912,15829,28891,46851,14405,32332,,,
WA-16,96963,34892,52955,2299,2173,7076,366,25981,14925,11056,25860,14012,11848,,,,23121,11909,11212,,,,,,,,,,31282,16475,14705,,,,19095,8855,10193,,,,,,,26371,14169,12080,27324,13638,13609,,,
WA-17,96030,36264,49619,799,1278,10167,389,28633,15624,13009,28494,14323,14171,,,,26392,13411,12981,,,,,,,,,,35641,17764,17807,,,,25478,11005,14424,,,,,,,32989,16358,16526,33798,15799,17941,,,
WA-18,99586,70511,10607,3574,10857,3183,1556,41829,22290,19539,41562,20865,20697,,,,39693,22179,17514,,,,,,,,,,55306,30644,24517,,,,42340,23547,18744,,,,,,,54523,31784,22565,54763,30875,23819,,,
WA-19,102778,70403,14085,4656,8665,3586,2443,33678,16825,16853,33535,15615,17920,,,,32722,16729,15993,,,,,,,,,,49322,24099,25101,,,,34294,16859,17385,,,,,,,47224,24545,22483,47751,23820,23861,,,
WA-20,103892,68748,17668,5979,6185,4459,2577,36572,22649,13923,36406,21445,14961,,,,35353,22626,12727,,,,,,,,,,48948,30152,18630,,,,34706,21773,12861,,,,,,,45696,29513,15998,45846,28845,16922,,,
WA-21,103218,77394,10809,3893,6690,3679,1365,45364,24499,20865,45219,23037,22182,,,,44057,24814,19243,,,,,,,,,,60138,33208,26776,,,,47684,26611,21001,,,,,,,60463,35109,25183,60868,34077,26719,,,
WA-22,102224,85836,7069,1515,3441,3341,785,45852,17667,28185,45828,15930,29898,,,,44576,17246,27330,,,,,,,,,,61999,21277,40583,,,,49338,17100,32180,,,,,,,61967,22927,38838,62779,21482,41226,,,
WA-23,103283,82581,9378,1835,2810,5517,1070,43183,21880,21303,42978,18733,24245,,,,41629,19510,22119,,,,,,,,,,56041,21029,34830,,,,42196,16607,25535,,,,,,,53780,23120,30499,54622,21021,33533,,,
WA-24,98985,80011,9309,1319,2218,5151,598,43621,18544,25077,43718,15847,27871,,,,43293,16172,27121,,,,,,,,,,56925,19409,37364,,,,46661,16598,29957,,,,,,,56069,22370,33531,57077,19720,37251,,,
WA-25,100048,77584,9604,2781,4243,5024,1246,43646,21205,22441,43721,18876,24845,,,,41323,18523,22800,,,,,,,,,,56095,22722,33189,,,,42891,18371,24410,,,,,,,54031,24376,29495,55012,21947,32907,,,
WA-26,102164,63170,12551,8565,12560,4731,3519,40889,23436,17453,40873,21406,19467,,,,38521,21744,16777,,,,,,,,,,53965,30270,23524,,,,39400,22598,16693,,,,,,,51782,31095,20564,52542,29429,22994,,,
WA-27,103857,75516,8761,5128,9820,4382,1397,50335,35324,15011,50342,33127,17215,,,,48165,33925,14240,,,,,,,,,,62052,42759,19060,,,,47654,33663,13852,,,,,,,59353,42735,16429,60217,41185,18893,,,
WA-28,99251,80401,5656,1509,2942,8179,585,53633,31115,22518,53545,29474,24071,,,,53912,30808,23104,,,,,,,,,,66014,36997,28900,,,,54764,31864,22778,,,,,,,64074,38560,25392,64881,37564,27165,,,
WA-29,101806,78095,9760,1837,2901,9324,749,43273,23273,20000,43217,21117,22100,,,,42653,20969,21684,,,,,,,,,,56289,25487,30626,,,,44307,21333,22858,,,,,,,54348,27507,26673,55066,25383,29519,,,
WA-30,95721,74670,9016,2189,3892,5236,1228,44647,22061,22586,44597,19605,24992,,,,43049,19951,23098,,,,,,,,,,57633,25106,32342,,,,46144,21218,24806,,,,,,,55590,27029,28396,56355,25109,31083,,,
WA-31,103766,78163,8189,3488,8605,4994,1347,53855,33821,20034,53728,32111,21617,,,,51414,33119,18295,,,,,,,,,,65366,42333,22850,,,,52896,34839,17952,,,,,,,63600,42506,20994,64008,41268,22593,,,
WA-32,96892,62392,10930,7666,11207,4288,3100,35185,19839,15346,35001,18082,16919,,,,32697,18081,14616,,,,,,,,,,45855,25180,20517,,,,33605,19115,14393,,,,,,,45228,26953,18143,45696,25967,19612,,,
WA-33,97885,77885,6431,2694,6250,3314,1600,51872,26027,25845,51817,23378,28439,,,,50707,24941,25766,,,,,,,,,,64253,30898,33137,,,,52872,26387,26393,,,,,,,62303,32780,29442,62789,30560,32092,,,
WA-34,103214,59340,12013,14569,14354,3605,3113,43460,25367,18093,43337,23015,20322,,,,39247,22616,16631,,,,,,,,,,52745,30627,21906,,,,38749,22509,16113,,,,,,,48524,29389,19049,48800,27638,21061,,,
WA-35,100708,68981,8811,8825,10602,3664,1598,48817,33441,15376,48702,30627,18075,,,,45716,31490,14226,,,,,,,,,,59257,40541,18462,,,,45325,31684,13523,,,,,,,55661,39541,16010,56029,37809,18087,,,
WA-36,103246,46584,16593,20494,14335,6082,4125,30398,21580,8818,30303,20091,10212,,,,27282,19034,8248,,,,,,,,,,41864,28337,13353,,,,26722,18659,7951,,,,,,,37069,26107,10810,37344,25324,11895,,,
WA-37,102322,42588,20637,18783,14300,4629,6108,26366,16482,9884,26211,14984,11227,,,,22473,13079,9394,,,,,,,,,,34875,20079,14636,,,,21256,12061,9104,,,,,,,29637,17686,11871,29910,16803,13022,,,
WA-38,102835,54876,15548,14376,12003,4657,5711,30241,16118,14123,30165,14344,15821,,,,26689,13487,13202,,,,,,,,,,40896,19798,20954,,,,26254,12748,13427,,,,,,,36225,18437,17694,36632,17220,19301,,,
WA-39,97982,74285,8411,4548,5231,4498,2132,40603,16964,23639,40595,14754,25841,,,,38686,14344,24342,,,,,,,,,,54998,17670,37159,,,,40164,13562,26477,,,,,,,51985,19223,32645,52767,16767,35871,,,
WA-40,96956,64808,11110,6916,9327,4046,2539,35132,16452,18680,35084,14600,20484,,,,32860,14619,18241,,,,,,,,,,49202,20910,28104,,,,35798,16041,19649,,,,,,,49636,23889,25661,50327,21930,28278,,,
WA-41,97577,67212,10097,6310,9139,3958,2482,40375,20600,19775,40340,18307,22033,,,,36803,17909,18894,,,,,,,,,,52078,24732,27142,,,,37708,18389,19227,,,,,,,47967,24403,23467,48581,22469,26023,,,
WA-42,100400,78135,7579,2084,8459,3054,551,50285,27803,22482,50285,24827,25458,,,,50010,28062,21948,,,,,,,,,,62324,34563,27537,,,,50218,29269,20827,,,,,,,60245,35772,24377,60948,32972,27836,,,
WA-43,97438,63454,8766,6207,15999,2980,1349,45919,25241,20678,45973,22364,23609,,,,44872,24979,19893,,,,,,,,,,56818,31588,25035,,,,42209,24277,17826,,,,,,,51925,30559,21271,52632,27773,24750,,,
WA-44,101403,67565,14035,4838,8418,5499,2378,43229,20966,22263,43295,18600,24695,,,,41060,19090,21970,,,,,,,,,,55251,24619,30463,,,,41829,19223,22525,,,,,,,52440,25408,26946,53240,22674,30433,,,
WA-45,95704,49588,14459,9649,16983,3804,3409,32336,18405,13931,32416,16922,15494,,,,31380,17812,13568,,,,,,,,,,42678,23281,19277,,,,28629,15689,12868,,,,,,,37134,21033,16002,37772,19388,18287,,,
WA-46,97301,50868,5395,2548,36796,1199,524,42366,26391,15975,42271,24170,18101,,,,41084,27244,13840,,,,,,,,,,50078,34881,15002,,,,38689,26897,11718,,,,,,,46783,32518,14127,47218,31019,16090,,,
WA-47,104613,37782,15179,17973,31861,3188,1678,36441,26278,10163,36366,24249,12117,,,,33268,24015,9253,,,,,,,,,,47272,33779,13370,,,,30879,21981,8808,,,,,,,40788,29428,11241,41380,28048,13247,,,
WA-48,103865,52019,7204,4017,38880,1649,720,50648,33757,16891,50332,30432,19900,,,,46677,32020,14657,,,,,,,,,,58393,41130,17081,,,,43309,30108,13096,,,,,,,52304,36579,15604,52881,34476,18289,,,
WA-49,103635,44682,8734,4125,44590,1513,605,37373,25206,12167,37297,23237,14060,,,,34277,23910,10367,,,,,,,,,,43693,31124,12427,,,,31142,21906,9170,,,,,,,39091,27243,11725,39524,26189,13246,,,
WA-50,96502,45648,6631,2993,39360,1416,398,35631,24043,11588,35478,22163,13315,,,,33477,23560,9917,,,,,,,,,,42273,31038,11095,,,,32259,23361,8845,,,,,,,40412,29123,11106,40773,28305,12361,,,
WA-51,103843,65603,7742,3440,24154,1918,670,50185,32992,17193,50105,30230,19875,,,,46379,32009,14370,,,,,,,,,,57405,40262,16927,,,,42880,30213,12558,,,,,,,52445,37135,15147,52939,35458,17344,,,
WA-52,102667,69981,8095,3296,18115,2319,673,53495,35328,18167,53417,32336,21081,,,,50827,34696,16131,,,,,,,,,,62843,43783,18818,,,,49362,34939,14331,,,,,,,58761,42137,16494,59254,40392,18771,,,
WA-53,101220,38944,20269,17833,18936,3458,5200,32904,20735,12169,32910,19217,13693,,,,29726,18559,11167,,,,,,,,,,41387,25916,15347,,,,26889,16534,10300,,,,,,,35232,22642,12492,35796,21339,14366,,,
WA-54,103525,40437,14853,14827,29827,2812,3272,33623,21453,12170,33602,19629,13973,,,,31710,19978,11732,,,,,,,,,,43425,27497,15819,,,,28198,17591,10548,,,,,,,37660,23881,13655,38394,22179,16132,,,
WA-55,98405,30468,21269,21080,21494,3539,3793,27777,20052,7725,27744,18624,9120,,,,24965,17692,7273,,,,,,,,,,36343,25730,10503,,,,22573,15639,6860,,,,,,,30587,21528,8946,31096,20476,10530,,,
WA-56,100498,46828,20494,11869,17420,3730,2697,39297,27347,11950,39248,25124,14124,,,,37608,25988,11620,,,,,,,,,,48660,33852,14638,,,,35509,25161,10258,,,,,,,43571,31269,12137,44131,29866,14157,,,
WA-57,100604,58967,9575,9965,19318,2987,930,50223,39956,10267,50259,37657,12602,,,,47787,38527,9260,,,,,,,,,,58409,47410,10845,,,,44789,36751,7921,,,,,,,54090,44339,9582,54463,43111,11237,,,
WA-58,99048,72805,6640,3541,13030,2362,599,60184,53016,7168,59889,50428,9461,,,,58587,52607,5980,,,,,,,,,,67473,60690,6612,,,,54002,49390,4506,,,,,,,65234,59004,6052,65456,58151,7148,,,
WA-59,100588,65652,7519,5401,19527,2282,714,55178,47900,7278,54961,45659,9302,,,,53261,47310,5951,,,,,,,,,,62677,55830,6653,,,,49681,44803,4772,,,,,,,59382,52741,6446,59620,51878,7605,,,
WA-60,101850,66148,6717,4501,22390,1723,607,52208,45609,6599,51916,43393,8523,,,,50207,45097,5110,,,,,,,,,,57117,51385,5568,,,,44756,40509,4175,,,,,,,53829,48245,5390,54005,47478,6418,,,
WA-61,100231,64121,7489,5530,20636,2381,747,49701,40765,8936,49412,38271,11141,,,,47461,40427,7034,,,,,,,,,,57008,49017,7830,,,,42229,36817,5321,,,,,,,52861,45605,7115,53043,44645,8289,,,
WA-62,101143,50960,9082,12190,26843,2539,933,42280,38619,3661,42006,37460,4546,,,,41580,38710,2870,,,,,,,,,,52327,48003,4215,,,,37694,35136,2493,,,,,,,50239,45764,4224,50482,45701,4668,,,
WA-63,101266,34162,10600,21917,33300,2826,1075,42136,37706,4430,41999,36186,5813,,,,41322,36903,4419,,,,,,,,,,52955,46437,6374,,,,38536,34444,4015,,,,,,,48130,42337,5546,48677,41806,6750,,,
WA-64,103101,70413,8917,8147,12616,2969,898,58036,48284,9752,57905,45407,12498,,,,56910,48150,8760,,,,,,,,,,67499,57091,10231,,,,54278,46881,7298,,,,,,,65092,55845,9070,65449,54640,10666,,,
WA-65,102820,81149,10276,2124,4662,4136,901,45407,20914,24493,45278,18511,26767,,,,42892,18854,24038,,,,,,,,,,59816,24023,35564,,,,45772,19575,26073,,,,,,,58039,25986,31926,58860,23751,34990,,,
WA-66,95917,72748,8796,2629,7700,3096,949,45913,23395,22518,45833,20774,25059,,,,42613,21651,20962,,,,,,,,,,57067,28097,28739,,,,43667,22490,21078,,,,,,,54275,28725,25443,54785,26574,28105,,,
WA-67,103775,57227,11380,6606,25213,2894,1240,43814,28959,14855,43662,26393,17269,,,,40460,27008,13452,,,,,,,,,,53144,35827,17130,,,,39218,26755,12358,,,,,,,49501,34184,15173,49705,32718,16866,,,
WA-68,103534,67875,9455,5742,17444,2787,1074,53940,35097,18843,53869,32144,21725,,,,50229,33028,17201,,,,,,,,,,62748,41914,20631,,,,48804,33012,15684,,,,,,,57876,39811,17937,58190,37806,20263,,,
WA-69,98752,46035,15028,9218,25400,2771,1661,32078,20862,11216,31912,18997,12915,,,,28363,18558,9805,,,,,,,,,,42180,27865,14153,,,,27442,18152,9214,,,,,,,37206,24669,12430,37419,23757,13582,,,
WA-70,96710,55055,8759,4949,25288,2264,1069,40647,23921,16726,40527,21708,18819,,,,36656,21996,14660,,,,,,,,,,48709,29648,18891,,,,34838,21540,13204,,,,,,,43653,27539,15999,43931,26172,17660,,,
WA-71,96561,57182,16830,7422,10888,4000,1839,34576,21959,12617,34443,20045,14398,,,,31109,19811,11298,,,,,,,,,,43148,26623,16351,,,,29923,19243,10578,,,,,,,38829,25311,13404,39148,24199,14837,,,
WA-72,95432,64093,11870,3709,8510,7394,1402,39297,20087,19210,39259,18052,21207,,,,35117,17427,17690,,,,,,,,,,50350,23454,26713,,,,35894,17378,18396,,,,,,,47489,24259,23101,48074,22480,25467,,,
WA-73,101886,78050,8350,4234,6830,3651,1159,50431,26875,23556,50309,24607,25702,,,,48453,25115,23338,,,,,,,,,,62508,31773,30552,,,,50225,26687,23421,,,,,,,59972,33197,26644,60791,31539,29096,,,
WA-74,96021,66064,19763,1492,3971,4439,731,43921,24363,19558,43789,22581,21208,,,,41937,22729,19208,,,,,,,,,,55251,29661,25417,,,,43135,23820,19218,,,,,,,48216,27615,20508,52063,28091,23873,,,
WA-75,101149,78387,12061,1495,3269,5067,620,44287,18423,25864,44208,16821,27387,,,,42317,16425,25892,,,,,,,,,,56804,20688,35936,,,,45444,16549,28797,,,,,,,54794,21648,33029,56499,20557,35797,,,
WA-76,98666,76731,7483,2607,7695,3348,769,51144,37745,13399,50988,36218,14770,,,,50582,38302,12280,,,,,,,,,,61726,46872,14691,,,,49218,37934,11193,,,,,,,60024,46967,12884,60400,46445,13838,,,
WA-77,97675,71644,10657,2008,5864,7016,848,47047,27201,19846,47020,25906,21114,,,,46738,26836,19902,,,,,,,,,,60489,34727,25587,,,,49455,28495,20887,,,,,,,59589,35657,23804,59987,34722,25161,,,
WI-1,,,,,,,,42019,23276,17233,,,,,,,37157,24227,12867,37467,22370,13878,,,,,,,,,,,,,34170,19404,14677,34204,19739,14008,,,,47117,26022,19679,,,,,,
WI-2,,,,,,,,39870,23522,15182,,,,,,,36992,24723,12201,37129,22704,13414,,,,,,,,,,,,,31597,19514,11994,31466,19687,11368,,,,43127,26341,15577,,,,,,
WI-3,,,,,,,,56183,20195,34722,,,,,,,51787,22826,28897,52075,19590,31613,,,,,,,,,,,,,51500,20200,31187,51509,21115,29918,,,,65273,26026,37870,,,,,,
WI-4,,,,,,,,47771,26821,19510,,,,,,,43352,27007,16297,43587,25268,17203,,,,,,,,,,,,,42372,23827,18448,42569,24923,17163,,,,56326,30415,24495,,,,,,
WI-5,,,,,,,,46434,25823,19083,,,,,,,41696,25903,15757,41869,23790,17034,,,,,,,,,,,,,40050,21294,18660,40239,22435,17240,,,,53042,27853,23882,,,,,,
WI-6,,,,,,,,47084,23530,22144,,,,,,,39762,23044,16702,40097,20879,18411,,,,,,,,,,,,,41175,19328,21775,41227,20565,20178,,,,54139,24812,28144,,,,,,
WI-7,,,,,,,,49152,25784,21940,,,,,,,45126,26242,18848,45299,24450,19855,,,,,,,,,,,,,45494,23100,22330,45621,24257,20869,,,,57821,28846,27690,,,,,,
WI-8,,,,,,,,47354,22581,23179,,,,,,,42684,24056,18617,42935,21169,20870,,,,,,,,,,,,,43587,19746,23784,43587,20905,22090,,,,55663,25118,29203,,,,,,
WI-9,,,,,,,,53446,28797,22870,,,,,,,48612,31342,17270,48776,28360,19172,,,,,,,,,,,,,46718,27079,19544,46726,28301,17810,,,,60794,34585,24865,,,,,,
WI-10,,,,,,,,51297,17676,31996,,,,,,,46670,20375,26224,46980,17522,28305,,,,,,,,,,,,,48284,17481,30680,48405,18263,29586,,,,63459,23081,38886,,,,,,
WI-11,,,,,,,,49589,23293,24867,,,,,,,45114,25328,19679,45437,22639,21834,,,,,,,,,,,,,42681,22467,20117,42728,23190,19083,,,,55821,29084,25209,,,,,,
WI-12,,,,,,,,51825,23426,27134,,,,,,,46924,25601,21225,47232,22782,23528,,,,,,,,,,,,,43447,22732,20631,43500,23579,19473,,,,56171,29438,25456,,,,,,
WI-13,,,,,,,,27545,18979,7621,,,,,,,23688,18219,5415,23790,17186,6062,,,,,,,,,,,,,18655,13349,5238,18496,13508,4771,,,,28125,19399,7824,,,,,,
WI-14,,,,,,,,53584,26984,25146,,,,,,,49317,29865,19327,49619,27158,21405,,,,,,,,,,,,,46073,29058,16884,46128,29784,15869,,,,58256,36513,20449,,,,,,
WI-15,,,,,,,,42131,27787,13101,,,,,,,38841,29619,9146,38926,27835,9998,,,,,,,,,,,,,35817,27677,8050,35707,27872,7482,,,,47557,35001,11498,,,,,,
WI-16,,,,,,,,45365,36618,7931,,,,,,,40355,34674,5620,40246,33404,6136,,,,,,,,,,,,,33055,28264,4736,32783,27984,4462,,,,44496,37132,6314,,,,,,
WI-17,,,,,,,,49019,40924,7017,,,,,,,44112,39529,4488,43963,38210,4824,,,,,,,,,,,,,35973,32646,3273,35626,32248,3058,,,,46998,41083,4906,,,,,,
WI-18,,,,,,,,50190,38223,11159,,,,,,,45689,37417,8222,45688,35684,9386,,,,,,,,,,,,,40033,32867,7084,39802,32902,6592,,,,51135,41693,8594,,,,,,
WI-19,,,,,,,,45767,32928,12033,,,,,,,40549,31715,8766,40586,30018,9952,,,,,,,,,,,,,34388,26602,7729,34136,26619,7228,,,,46196,35868,9392,,,,,,
WI-20,,,,,,,,57147,18673,37512,,,,,,,53767,22245,31451,53956,19154,34125,,,,,,,,,,,,,54460,23286,31052,54551,24718,29412,,,,65226,29251,35012,,,,,,
WI-21,,,,,,,,62989,17904,43942,,,,,,,58372,20776,37517,58694,17643,40288,,,,,,,,,,,,,59327,19625,39567,59502,20874,38125,,,,71379,24465,45772,,,,,,
WI-22,,,,,,,,55041,19021,34735,,,,,,,50245,21659,28508,50599,18884,30863,,,,,,,,,,,,,48991,20301,28591,49150,21447,27280,,,,62174,26448,34582,,,,,,
WI-23,,,,,,,,62474,16181,45162,,,,,,,58246,19467,38714,58558,16450,41423,,,,,,,,,,,,,61295,20196,40946,61400,21525,39395,,,,74902,25617,48224,,,,,,
WI-24,,,,,,,,58676,19482,38092,,,,,,,54901,23190,31656,55083,19778,34549,,,,,,,,,,,,,56280,24107,32057,56349,25381,30514,,,,67615,29946,36703,,,,,,
WI-25,,,,,,,,54774,13890,39674,,,,,,,49463,16036,33415,49712,13025,36063,,,,,,,,,,,,,51675,14626,37035,51710,15405,35877,,,,63483,19057,43332,,,,,,
WI-26,,,,,,,,47096,16403,29125,,,,,,,42581,18550,23963,42795,15728,26171,,,,,,,,,,,,,43780,16482,27193,43787,17193,25962,,,,57079,21167,34524,,,,,,
WI-27,,,,,,,,46871,18606,26755,,,,,,,40353,19254,21054,40674,17018,22891,,,,,,,,,,,,,40364,16418,23902,40561,17069,23006,,,,52820,21390,30242,,,,,,
WI-28,,,,,,,,48122,13306,33538,,,,,,,42272,14915,27357,42599,12175,29706,,,,,,,,,,,,,44955,12291,32664,45208,12713,32073,,,,56626,16145,39291,,,,,,
WI-29,,,,,,,,52585,31607,19833,,,,,,,50144,32864,17225,50328,31073,18397,,,,,,,,,,,,,52097,32601,19366,52230,33739,17983,,,,63829,39103,23732,,,,,,
WI-30,,,,,,,,48706,29394,18267,,,,,,,46067,30796,15216,46216,29290,16155,,,,,,,,,,,,,50716,33124,17472,50921,34315,16168,,,,64244,41515,21708,,,,,,
WI-31,,,,,,,,54939,37117,16820,,,,,,,53641,39382,14189,53811,37746,15113,,,,,,,,,,,,,55991,40457,15379,56151,41687,13982,,,,68652,48946,18767,,,,,,
WI-32,,,,,,,,54029,40842,12302,,,,,,,52854,42823,9970,52955,41479,10514,,,,,,,,,,,,,54743,45029,9601,54761,45832,8616,,,,63721,51365,11619,,,,,,
WI-33,,,,,,,,57759,46183,10345,,,,,,,53479,46802,6576,53459,45529,6822,,,,,,,,,,,,,49816,44723,5008,49576,44746,4576,,,,60030,51729,7624,,,,,,
WI-34,,,,,,,,51899,41772,9104,,,,,,,50028,42336,7612,50141,41273,7933,,,,,,,,,,,,,49853,42275,7472,49915,42873,6735,,,,58769,48926,8922,,,,,,
WI-35,,,,,,,,51853,26678,23292,,,,,,,46619,28661,17893,46789,25983,19660,,,,,,,,,,,,,45750,25844,19799,46340,27292,18549,,,,59622,33453,24831,,,,,,
WI-36,,,,,,,,49519,18517,29112,,,,,,,41540,19334,22192,41796,16545,24104,,,,,,,,,,,,,44916,15741,29142,44953,16700,27568,,,,61708,21624,38515,,,,,,
WI-37,,,,,,,,50454,21570,27085,,,,,,,43181,22864,20293,43343,20723,21207,,,,,,,,,,,,,44981,21049,23887,44999,21753,22706,,,,61172,27874,32018,,,,,,
WI-38,,,,,,,,42131,17732,22493,,,,,,,36880,19047,17803,37070,16075,20216,,,,,,,,,,,,,37554,14669,22823,37589,15717,21341,,,,49486,19385,28742,,,,,,
WI-39,,,,,,,,46030,16936,27298,,,,,,,41287,18496,22768,41424,15893,24798,,,,,,,,,,,,,43808,14925,28816,43827,15744,27495,,,,56257,19741,34989,,,,,,
WI-40,,,,,,,,46841,18513,26398,,,,,,,40988,19512,21444,41172,16612,23809,,,,,,,,,,,,,41352,15464,25806,41378,16406,24309,,,,52679,20576,30746,,,,,,
WI-41,,,,,,,,42529,16604,24050,,,,,,,37228,18008,19213,37451,15098,21600,,,,,,,,,,,,,38424,13950,24392,38841,15154,23095,,,,50696,18877,30450,,,,,,
WI-42,,,,,,,,49288,18366,29334,,,,,,,41469,18679,22784,41684,16452,24370,,,,,,,,,,,,,45238,16016,29204,45194,16710,27782,,,,60439,21130,37708,,,,,,
WI-43,,,,,,,,49614,18337,29152,,,,,,,43236,19504,23697,43521,16185,26547,,,,,,,,,,,,,45503,15199,30252,45663,16147,28796,,,,58602,19982,37100,,,,,,
WI-44,,,,,,,,53652,19738,31764,,,,,,,49026,22012,26969,49387,18038,29771,,,,,,,,,,,,,50959,18581,32305,51103,19526,30928,,,,62830,23703,37797,,,,,,
WI-45,,,,,,,,50084,15695,32577,,,,,,,44155,18367,25760,44501,15283,28530,,,,,,,,,,,,,48112,14655,33350,48140,15545,31959,,,,61490,19163,40809,,,,,,
WI-46,,,,,,,,46624,15472,29305,,,,,,,41284,17819,23450,41605,15130,25620,,,,,,,,,,,,,42358,14110,28204,42409,14822,27068,,,,54940,18765,34457,,,,,,
WI-47,,,,,,,,51478,26018,23459,,,,,,,46634,27113,19444,46828,23936,21617,,,,,,,,,,,,,44102,23410,20623,44223,24339,19392,,,,57427,30503,25678,,,,,,
WI-48,,,,,,,,55408,20778,32656,,,,,,,49902,22140,27726,50184,18127,31225,,,,,,,,,,,,,51013,17687,33242,51226,18770,31828,,,,63817,23369,39183,,,,,,
WI-49,,,,,,,,50095,22650,25404,,,,,,,43252,24659,18524,43384,22113,20185,,,,,,,,,,,,,41472,21484,19874,41605,22356,18692,,,,52737,27216,24014,,,,,,
WI-50,,,,,,,,54963,19242,33778,,,,,,,49032,22432,26555,49177,19132,29125,,,,,,,,,,,,,51118,19379,31647,51331,20479,30278,,,,65684,25870,38275,,,,,,
WI-51,,,,,,,,51329,17131,32464,,,,,,,44602,19065,25496,45186,16439,27941,,,,,,,,,,,,,46604,15982,30584,46718,16598,29642,,,,58039,20777,35909,,,,,,
WI-52,,,,,,,,44493,19515,23179,,,,,,,38947,20842,18049,39167,18000,20350,,,,,,,,,,,,,38438,18072,20264,38516,18797,19176,,,,50000,23956,24780,,,,,,
WI-53,,,,,,,,54909,17225,35736,,,,,,,49351,19882,29413,49636,16314,32530,,,,,,,,,,,,,51017,16566,34355,51183,17465,33076,,,,62870,21223,40168,,,,,,
WI-54,,,,,,,,52542,19219,31657,,,,,,,48597,23203,25350,48819,19691,28339,,,,,,,,,,,,,51420,20458,30880,51451,21626,29282,,,,64137,26195,36711,,,,,,
WI-55,,,,,,,,51744,18026,31797,,,,,,,45435,20344,25091,45666,17246,27565,,,,,,,,,,,,,48465,17857,30608,48653,18726,29394,,,,64171,23940,38578,,,,,,
WI-56,,,,,,,,49871,22423,25601,,,,,,,44403,25109,19288,44643,22401,21165,,,,,,,,,,,,,44040,23506,20514,44250,24458,19307,,,,55689,29741,24550,,,,,,
WI-57,,,,,,,,45853,19958,23827,,,,,,,41201,22832,18281,41398,20127,20167,,,,,,,,,,,,,38873,19232,19553,38996,20023,18401,,,,51411,25646,24400,,,,,,
WI-58,,,,,,,,46962,20067,25273,,,,,,,42215,23021,19134,42425,20397,21122,,,,,,,,,,,,,40786,20303,20388,40894,21226,19245,,,,52853,26400,25302,,,,,,
WI-59,,,,,,,,51743,26377,23706,,,,,,,45459,27162,18277,45771,25104,19624,,,,,,,,,,,,,46762,24152,22547,46777,25002,21274,,,,59966,30288,28299,,,,,,
WV-1,,,,,,,,,,,43161,19897,19517,,,,36485,18866,16246,,,,,,,46918,12927,32893,47057,14866,29887,,,,,,,,,,,,,44576,14707,29162,43639,13619,27611,,,
WV-2,,,,,,,,,,,32843,14574,12813,,,,28210,16777,9601,,,,,,,37754,17031,19387,37559,18414,17320,,,,,,,,,,,,,37074,17369,18111,36737,17923,16683,,,
WV-3,,,,,,,,,,,37116,15205,17789,,,,31515,16150,14053,,,,,,,43082,17110,24835,41951,16591,21748,,,,,,,,,,,,,44567,17502,25498,44637,16385,25288,,,
WV-4,,,,,,,,,,,36001,11191,21677,,,,29506,11167,17201,,,,,,,43558,10917,31456,41111,11075,27051,,,,,,,,,,,,,47811,12343,33543,47927,11187,31420,,,
WV-5,,,,,,,,,,,42649,21697,17333,,,,35121,18684,14418,,,,,,,45905,11973,32369,45948,14194,29393,,,,,,,,,,,,,43986,13111,29320,43440,13548,26826,,,
WV-6,,,,,,,,,,,40628,12780,23673,,,,33199,11523,20103,,,,,,,45709,8124,34797,44998,9040,33599,,,,,,,,,,,,,46143,7857,35456,45645,8778,34216,,,
WV-7,,,,,,,,,,,41632,18565,19223,,,,33563,14825,17065,,,,,,,45636,9672,34768,45093,10552,31966,,,,,,,,,,,,,43820,9301,32943,43350,10384,29627,,,
WV-8,,,,,,,,,,,41857,20544,18312,,,,33387,16193,15033,,,,,,,44711,10820,32332,44054,11940,29539,,,,,,,,,,,,,43252,10265,31207,42861,12074,27655,,,
WV-9,,,,,,,,,,,41419,19662,18619,,,,33395,15148,16857,,,,,,,44401,8745,34535,43452,10255,31332,,,,,,,,,,,,,42037,8242,32385,41463,10399,28116,,,
WV-10,,,,,,,,,,,41329,20124,18353,,,,33419,16136,15967,,,,,,,44106,10419,32477,43552,11086,30775,,,,,,,,,,,,,42467,10441,30654,41888,11730,27568,,,
WV-11,,,,,,,,,,,39330,24000,12279,,,,32278,16291,14671,,,,,,,42481,11451,30176,41928,12054,28567,,,,,,,,,,,,,39792,11033,27361,39480,12502,24838,,,
WV-12,,,,,,,,,,,40637,22365,15495,,,,33146,14775,17132,,,,,,,44225,10973,32448,43787,11748,30796,,,,,,,,,,,,,41364,9472,30308,41057,11069,27821,,,
WV-13,,,,,,,,,,,37163,17624,17796,,,,28494,12259,15327,,,,,,,38728,8121,29852,38844,7613,30142,,,,,,,,,,,,,35612,6160,28448,35064,8454,24738,,,
WV-14,,,,,,,,,,,42608,23117,16552,,,,35322,17682,16448,,,,,,,46899,10780,35003,45333,13893,30035,,,,,,,,,,,,,44400,10280,32629,43970,14401,27028,,,
WV-15,,,,,,,,,,,36970,20507,14020,,,,29238,13898,14487,,,,,,,38147,7686,29619,38609,9622,27969,,,,,,,,,,,,,34474,6351,27272,33896,9676,22768,,,
WV-16,,,,,,,,,,,41434,24316,13864,,,,33168,18002,14119,,,,,,,43583,10720,32007,43112,14852,27152,,,,,,,,,,,,,39898,10480,28284,39522,13407,23583,,,
WV-17,,,,,,,,,,,43754,26089,12607,,,,37527,25225,11118,,,,,,,46352,19861,25620,46231,25078,19923,,,,,,,,,,,,,41719,20541,20012,41651,23008,16198,,,
WV-18,,,,,,,,,,,33324,18148,12065,,,,29061,16909,11267,,,,,,,36723,12979,22880,36185,14151,20750,,,,,,,,,,,,,34710,12093,21486,34701,15432,17316,,,
WY-1,,,,,,,,,,,,,,,,,32608,12167,19473,32702,11196,20052,,,,44722,15153,29357,,,,,,,,,,,,,,,,43111,13092,29648,,,,,,
WY-2,,,,,,,,,,,,,,,,,32586,12878,18616,32510,12209,18429,,,,41154,14356,26662,,,,,,,,,,,,,,,,40231,12511,27489,,,,,,
WY-3,,,,,,,,,,,,,,,,,39699,14124,24653,39625,12093,25669,,,,52597,16681,35733,,,,,,,,,,,,,,,,51164,14816,35928,,,,,,
WY-4,,,,,,,,,,,,,,,,,33537,8380,24216,33446,7795,23655,,,,44621,9804,34715,,,,,,,,,,,,,,,,43750,8996,34464,,,,,,
WY-5,,,,,,,,,,,,,,,,,31463,8595,21867,31473,7398,22507,,,,43229,10774,32259,,,,,,,,,,,,,,,,41905,8989,32510,,,,,,
WY-6,,,,,,,,,,,,,,,,,33527,5083,27385,33482,5274,26100,,,,45614,5998,39374,,,,,,,,,,,,,,,,44001,5323,38379,,,,,,
