CD,TotalPop,DemPct,RepPct,WhitePct,MinorityPct,BlackPct,HispanicPct,PacificPct,AsianPct,NativePct,TotalVAP,Margin,Margin_20,Swing,Lean,Majority,State,Density
AK-AL,733391,0.41406128,0.54544809,0.61476201,0.38523799,0.04271638,0.06036249,0.02018762,0.07835156,0.19085998,554003,-0.13138681,-0.10116369,-0.03022312,-0.12631244,White,AK,2558
AL-1,557444,0.20066321,0.78892449,0.78300133,0.21699867,0.1254368,0.03834632,0.00131185,0.01786015,0.03199492,432975,-0.58826128,-0.55234788,-0.0359134,-0.58129015,White,AL,356542
AL-2,558834,0.51987993,0.46811718,0.47008927,0.52991073,0.4665928,0.02957924,0.00112841,0.01584764,0.02019553,440444,0.05176275,0.11150017,-0.05973742,0.06667522,Minority,AL,204836
AL-3,558678,0.31458906,0.67356909,0.65659406,0.34340594,0.26512942,0.03371537,0.00147421,0.02483139,0.02028117,438880,-0.35898003,-0.29189192,-0.06708811,-0.34161733,White,AL,393629
AL-4,557320,0.15769744,0.83255464,0.83343614,0.16656386,0.07434575,0.05015766,0.00086082,0.00686353,0.03325891,434470,-0.6748572,-0.63543813,-0.03941907,-0.66671751,White,AL,295642
AL-5,559028,0.39055716,0.58935728,0.67998154,0.32001846,0.21022442,0.05040708,0.00206736,0.0302543,0.03010581,437756,-0.19880012,-0.1786911,-0.02010902,-0.19709711,White,AL,1221115
AL-6,558172,0.24657189,0.73997846,0.76135024,0.23864976,0.14908696,0.04733557,0.00108981,0.0179457,0.02290235,428515,-0.49340657,-0.47624242,-0.01716415,-0.49268519,White,AL,429059
AL-7,558772,0.62673031,0.35308156,0.43986114,0.56013886,0.47564857,0.04668224,0.00107781,0.02574617,0.01494518,436997,0.27364875,0.3033713,-0.02972255,0.27855627,Black,AL,4349349
AL-8,558773,0.49987316,0.48852314,0.45682444,0.54317556,0.47381192,0.03308824,0.00137018,0.0235199,0.01599307,436439,0.01135002,0.06625612,-0.0549061,0.02465205,Black,AL,260288
AL-9,557258,0.17562682,0.81469543,0.81891151,0.18108849,0.0820358,0.05443591,0.00084283,0.00897629,0.0360143,430690,-0.63906861,-0.62447556,-0.01459305,-0.63920426,White,AL,444768
AR-1,601619,0.25693202,0.72163562,0.79745734,0.20254266,0.1181364,0.03685655,0.00215569,0.01265646,0.02866013,457395,-0.4647036,-0.43690584,-0.02779776,-0.46043768,White,AR,217209
AR-2,603223,0.57558734,0.40122905,0.4925492,0.5074508,0.41078476,0.05513462,0.00120229,0.02321087,0.02235239,468272,0.17435829,0.18730651,-0.01294822,0.17367436,Minority,AR,340128
AR-3,602221,0.37679491,0.59496449,0.71058335,0.28941665,0.03204232,0.14703771,0.01577,0.04189996,0.05518721,449905,-0.21816958,-0.20257045,-0.01559913,-0.21796987,White,AR,946464
AR-4,603008,0.2747509,0.7064522,0.7355682,0.2644318,0.16762979,0.05290948,0.00144682,0.00959695,0.03153894,467232,-0.4317013,-0.39884425,-0.03285705,-0.42574895,White,AR,139540
AR-5,601453,0.21604593,0.76361235,0.84136759,0.15863241,0.02714982,0.06060464,0.00207255,0.01862956,0.04637367,469469,-0.54756642,-0.52090278,-0.02666364,-0.54367854,White,AR,147075
AZ-1,596446,0.4867074,0.50263462,0.48195924,0.51804076,0.03851013,0.19257034,0.00529222,0.02164761,0.27297449,457464,-0.01592722,0.06504881,-0.08097603,0.00606479,Minority,AZ,45664
AZ-2,595436,0.47543501,0.51357216,0.68444513,0.31555487,0.03698547,0.20934953,0.00395854,0.04364244,0.02908937,476944,-0.03813715,-0.02952968,-0.00860747,-0.04026799,White,AZ,215421
AZ-3,596877,0.530018,0.46015927,0.31161757,0.68838243,0.07253061,0.55160261,0.00497211,0.02832653,0.05373902,427585,0.06985873,0.18457204,-0.11471331,0.1030965,Hispanic,AZ,173518
AZ-4,596556,0.28253663,0.70943583,0.75685461,0.24314539,0.01410218,0.16522379,0.00375385,0.01964809,0.04192671,494959,-0.4268992,-0.37979283,-0.04710637,-0.41619708,White,AZ,75179
AZ-5,595853,0.3650703,0.6248084,0.73595235,0.26404765,0.03864219,0.16390782,0.00520353,0.03264371,0.02928994,454115,-0.2597381,-0.23723145,-0.02250665,-0.25723588,White,AZ,4084158
AZ-6,595114,0.55062265,0.43711609,0.58301505,0.41698495,0.07505669,0.25893565,0.00404811,0.05074881,0.04242604,467873,0.11350656,0.14907937,-0.03557281,0.12036416,White,AZ,20066573
AZ-7,596412,0.67707566,0.30869337,0.23417543,0.76582457,0.12412789,0.58053414,0.00433007,0.04065624,0.04725801,426552,0.36838229,0.48005721,-0.11167492,0.40060726,Hispanic,AZ,15614690
AZ-8,596271,0.3884633,0.60363787,0.70485195,0.29514805,0.05246939,0.17840019,0.00413168,0.04226208,0.02493338,467606,-0.21517457,-0.18375243,-0.03142214,-0.20970052,White,AZ,1123530
AZ-9,596270,0.56751143,0.41876863,0.57265911,0.42734089,0.0716348,0.23995719,0.00582875,0.06978855,0.05712551,479348,0.1487428,0.21105226,-0.06230946,0.16451262,White,AZ,8407300
AZ-10,595299,0.64544692,0.34154677,0.40523337,0.59476663,0.05378397,0.47709408,0.00384233,0.03681853,0.04916503,466124,0.30390015,0.37993934,-0.07603919,0.32424655,Hispanic,AZ,1363239
AZ-11,595658,0.4693353,0.51812169,0.64437286,0.35562714,0.05688123,0.16904085,0.00505871,0.10529068,0.02784322,443591,-0.04878639,-0.01165643,-0.03712996,-0.04140974,White,AZ,15039017
AZ-12,595310,0.40772066,0.5836767,0.78701791,0.21298209,0.02946761,0.09381741,0.00275731,0.06686327,0.01903025,479815,-0.17595604,-0.1440787,-0.03187734,-0.17033026,White,AZ,1399691
CA-1,572430,0.32780881,0.64526357,0.69505797,0.30494203,0.02565799,0.17358016,0.00636438,0.04239427,0.064018,448905,-0.31745476,-0.27676785,-0.04068691,-0.30889246,White,CA,68944
CA-2,573015,0.66061264,0.30157922,0.64974124,0.35025876,0.02357572,0.21338828,0.00708011,0.05077846,0.06597373,459880,0.35903342,0.41662038,-0.05758696,0.37322907,White,CA,165625
CA-3,573482,0.47382885,0.49528676,0.72767334,0.27232666,0.02026751,0.12978397,0.00641265,0.0829073,0.03698699,450672,-0.02145791,0.00336555,-0.02482346,-0.01818342,White,CA,125679
CA-4,573110,0.58361128,0.38493397,0.47212548,0.52787452,0.08848431,0.26598129,0.01311172,0.14681783,0.04060539,454250,0.19867731,0.25600234,-0.05732503,0.21278565,Minority,CA,582453
CA-5,572716,0.37822045,0.59588966,0.64741086,0.35258914,0.03014467,0.21358725,0.00850875,0.06996037,0.03910298,456001,-0.21766921,-0.17260685,-0.04506236,-0.20764842,White,CA,555903
CA-6,572493,0.5679782,0.39670997,0.60988353,0.39011647,0.07659798,0.15889106,0.01099,0.12376615,0.0347533,454777,0.17126823,0.18575727,-0.01448904,0.17109791,White,CA,12889137
CA-7,573103,0.639837,0.32470117,0.28087588,0.71912412,0.14419418,0.23972428,0.02746998,0.31209282,0.03340943,431016,0.31513583,0.40372273,-0.0885869,0.3396648,Asian,CA,6331000
CA-8,573352,0.72758904,0.23911987,0.27148879,0.72851121,0.16725318,0.31272022,0.01363893,0.23387685,0.03460834,448129,0.48846917,0.58955819,-0.10108902,0.51716551,Hispanic,CA,6668899
CA-9,572548,0.5167155,0.45316662,0.26748359,0.73251641,0.10439327,0.40897506,0.01331583,0.21001551,0.03950841,419050,0.06354888,0.22549588,-0.161947,0.11253121,Hispanic,CA,2875262
CA-10,572952,0.67626944,0.28924722,0.5545425,0.4454575,0.03690637,0.13855056,0.00766019,0.25273714,0.01932957,446725,0.38702222,0.42672737,-0.03970515,0.39525727,White,CA,7392336
CA-11,573216,0.84006803,0.11950565,0.48941892,0.51058108,0.05939232,0.13184302,0.00603314,0.30471964,0.0198793,509022,0.72056238,0.78150128,-0.0609389,0.73587535,Minority,CA,74069611
CA-12,572695,0.86735512,0.08059601,0.37370366,0.62629634,0.19331955,0.19861371,0.00821167,0.22405995,0.0307066,473351,0.78675911,0.85232031,-0.0655612,0.80361284,Minority,CA,32861895
CA-13,573159,0.48139842,0.4909774,0.31115133,0.68884867,0.04459126,0.5409107,0.01047394,0.08291805,0.04907003,412166,-0.00957898,0.13085518,-0.14043416,0.03223241,Hispanic,CA,808309
CA-14,572295,0.58757138,0.37748861,0.40051197,0.59948803,0.09161507,0.23465823,0.01275046,0.25491361,0.0298124,429318,0.21008277,0.30257163,-0.09248886,0.23591239,Minority,CA,2694166
CA-15,572333,0.70950013,0.25076872,0.22601829,0.77398171,0.05498176,0.20269782,0.01460119,0.50405201,0.0198002,472975,0.45873141,0.57868607,-0.11995466,0.4937163,Asian,CA,31422743
CA-16,573207,0.76202362,0.2049928,0.48125656,0.51874344,0.0312971,0.208355,0.01489383,0.25467154,0.02025288,453812,0.55703082,0.61129567,-0.05426485,0.5701191,Minority,CA,4833047
CA-17,572327,0.63265227,0.3249921,0.16680137,0.83319863,0.03045025,0.15940751,0.00948101,0.63597366,0.01726121,450374,0.30766017,0.42373366,-0.11607349,0.34135133,Asian,CA,11204772
CA-18,572760,0.62894956,0.34107039,0.30339686,0.69660314,0.03037068,0.57290198,0.00889006,0.08273464,0.04783854,429131,0.28787917,0.41190812,-0.12402895,0.32422215,Hispanic,CA,690823
CA-19,573207,0.52798946,0.44212375,0.53705122,0.46294878,0.02558989,0.35363451,0.00508433,0.06150781,0.04158219,451780,0.08586571,0.12728059,-0.04141488,0.09467067,White,CA,277419
CA-20,572649,0.32799705,0.6489021,0.49161219,0.50838781,0.04809198,0.36583879,0.00472958,0.06351629,0.04668398,423293,-0.32090505,-0.26331146,-0.05759359,-0.30670719,Minority,CA,210627
CA-21,573695,0.54603381,0.42601228,0.25135121,0.74864879,0.07995877,0.51382154,0.00464211,0.14397598,0.0446154,410374,0.12002153,0.25045655,-0.13043502,0.15849987,Hispanic,CA,10152588
CA-22,573174,0.48106526,0.49101046,0.1554322,0.8445678,0.06386056,0.72013517,0.00340303,0.05216949,0.03916351,419038,-0.0099452,0.19993886,-0.20988406,0.05501615,Hispanic,CA,440222
CA-23,573209,0.36667397,0.60761299,0.53026628,0.46973372,0.06602716,0.32103938,0.00703594,0.05469339,0.0440786,435336,-0.24093902,-0.19547048,-0.04546854,-0.23078284,White,CA,115662
CA-24,572601,0.66638163,0.30233421,0.41933099,0.58066901,0.02734637,0.45579947,0.00517394,0.08330928,0.04064095,450334,0.36404742,0.42933091,-0.06528349,0.38080858,Hispanic,CA,1327137
CA-25,572974,0.52299755,0.45481239,0.25439638,0.74560362,0.04316112,0.65377628,0.00325666,0.03950943,0.03863211,435415,0.06818516,0.21111303,-0.14292787,0.11082778,Hispanic,CA,247179
CA-26,572761,0.54638546,0.42571606,0.61572199,0.38427801,0.02382193,0.23074392,0.00432845,0.11131404,0.02456837,452818,0.1206694,0.17065992,-0.04999052,0.13233291,White,CA,2912002
CA-27,572362,0.51642857,0.45436571,0.24250385,0.75749615,0.17875435,0.51334458,0.00614697,0.05712004,0.04362469,414513,0.06206286,0.19020613,-0.12814327,0.09977728,Hispanic,CA,1949818
CA-28,572921,0.61254427,0.3539766,0.13740079,0.86259921,0.02124846,0.30919931,0.00302098,0.53327297,0.02215389,462763,0.25856767,0.36801597,-0.1094483,0.29005044,Asian,CA,31434527
CA-29,572884,0.68060009,0.28879339,0.34586725,0.65413275,0.06127034,0.4801207,0.00349478,0.1074251,0.03194571,456681,0.3918067,0.51521957,-0.12341287,0.42794432,Hispanic,CA,44574090
CA-30,573005,0.63174911,0.33538754,0.55690535,0.44309465,0.05631258,0.21410105,0.00339335,0.16578192,0.02135263,471511,0.29636157,0.34456212,-0.04820055,0.30742842,White,CA,3891796
CA-31,572253,0.56317231,0.40627247,0.24127587,0.75872413,0.04084322,0.53152034,0.00449644,0.18328128,0.03707963,453025,0.15689984,0.27396675,-0.11706691,0.19092214,Hispanic,CA,16679971
CA-32,573040,0.59131556,0.37806342,0.46327816,0.53672184,0.05803881,0.2914628,0.00404478,0.17993311,0.02256836,461088,0.21325214,0.32137508,-0.10812294,0.24429312,Minority,CA,20745953
CA-33,572781,0.55146657,0.41927032,0.18469589,0.81530411,0.11856608,0.6196558,0.00607028,0.0723561,0.04027651,416620,0.13219625,0.30900257,-0.17680632,0.18613169,Hispanic,CA,14499312
CA-34,572174,0.7708278,0.18404134,0.26386464,0.73613536,0.05762537,0.50506533,0.00389139,0.16995757,0.03799366,474895,0.58678646,0.67811916,-0.0913327,0.61223069,Hispanic,CA,37966073
CA-35,572618,0.51726389,0.45356201,0.1724944,0.8275056,0.06924325,0.56159808,0.00527071,0.19418636,0.03622376,435046,0.06370188,0.22726739,-0.16356551,0.11322372,Hispanic,CA,13752938
CA-36,572306,0.6558484,0.31068362,0.56540568,0.43459432,0.04718645,0.14891042,0.00664915,0.22133855,0.01893286,470135,0.34516478,0.38635273,-0.04118795,0.3538941,White,CA,24677934
CA-37,572653,0.81593403,0.15513453,0.07250161,0.92749839,0.37238214,0.51727445,0.00316581,0.04057317,0.03673723,432749,0.6607995,0.78843435,-0.12763485,0.69834445,Hispanic,CA,56722851
CA-38,572682,0.57259036,0.39744784,0.16233831,0.83766169,0.02811034,0.68129158,0.00500275,0.1246343,0.04280802,444356,0.17514252,0.32288714,-0.14774462,0.21939073,Hispanic,CA,25359163
CA-39,573228,0.55696803,0.41232563,0.18923661,0.81076339,0.11602891,0.61881131,0.00675999,0.06922772,0.04035913,418344,0.1446424,0.32610145,-0.18145905,0.20012875,Hispanic,CA,8166235
CA-40,572837,0.45792032,0.51182415,0.63733638,0.36266362,0.01987117,0.18038948,0.00494969,0.14408077,0.02084092,455786,-0.05390383,-0.020266,-0.03363783,-0.04769122,White,CA,6430114
CA-41,572930,0.47355517,0.50415843,0.51584413,0.48415587,0.06772934,0.31847342,0.00736301,0.07790622,0.03629381,443161,-0.03060326,-0.00190669,-0.02869657,-0.02603774,White,CA,1392972
CA-42,573344,0.62536621,0.34094029,0.27768924,0.72231076,0.08634421,0.51212126,0.00829157,0.11577035,0.03759834,452387,0.28442592,0.38850513,-0.10407921,0.31411899,Hispanic,CA,11229007
CA-43,572974,0.64974241,0.31799134,0.17041529,0.82958471,0.12915363,0.52014606,0.01485782,0.17307017,0.03677192,441451,0.33175107,0.46744425,-0.13569318,0.37198213,Hispanic,CA,30180852
CA-44,573257,0.74229081,0.22715459,0.07092953,0.92907047,0.29858856,0.51602501,0.01016792,0.11302679,0.03488748,439126,0.51513622,0.64925867,-0.13412245,0.5548437,Hispanic,CA,37359687
CA-45,573335,0.49289399,0.47808981,0.21159685,0.78840315,0.03147321,0.29136905,0.0091763,0.45679042,0.02300986,455848,0.01480418,0.07322389,-0.05841971,0.02927742,Asian,CA,34863554
CA-46,572437,0.59614744,0.37383239,0.13670165,0.86329835,0.02303241,0.67614584,0.00568935,0.15974562,0.04719946,432738,0.22231505,0.35925844,-0.13694339,0.26296285,Hispanic,CA,39755180
CA-47,572362,0.46866248,0.50218057,0.62071634,0.37928366,0.02000607,0.1840208,0.00734646,0.15461356,0.02248198,467708,-0.03351809,0.01846209,-0.05198018,-0.02119136,White,CA,16843081
CA-48,572576,0.39749756,0.5781789,0.62655946,0.37344054,0.03924412,0.21869083,0.0088395,0.08416884,0.03968767,444143,-0.18068134,-0.15672863,-0.02395271,-0.1776971,White,CA,678588
CA-49,572298,0.55625238,0.41493942,0.54031336,0.45968664,0.04093667,0.30405196,0.01162765,0.09420725,0.03179778,446006,0.14131296,0.17507933,-0.03376637,0.14756842,White,CA,5616333
CA-50,572615,0.65048037,0.31713969,0.59444652,0.40555348,0.05394259,0.17103195,0.00895429,0.16000223,0.02114047,484237,0.33334068,0.36078272,-0.02744204,0.33748803,White,CA,11957390
CA-51,572669,0.67240321,0.29506918,0.35156736,0.64843264,0.11696351,0.37421028,0.01022491,0.14919847,0.03133399,455065,0.37733403,0.45834047,-0.08100644,0.39933618,Hispanic,CA,36496221
CA-52,573000,0.56562904,0.40933645,0.18588328,0.81411672,0.0723247,0.57964275,0.01108545,0.16461144,0.03245998,438232,0.15629259,0.30683671,-0.15054412,0.20147396,Hispanic,CA,16774334
CA-53,572501,0.74774105,0.22308914,0.64378386,0.35621614,0.02798863,0.21876352,0.00600452,0.08296621,0.03206521,462152,0.52465191,0.56295482,-0.03830291,0.53241955,White,CA,1804116
CA-54,573023,0.51761858,0.44915498,0.47106809,0.52893191,0.09606199,0.24513235,0.01427148,0.15653583,0.04415893,430649,0.0684636,0.15578648,-0.08732288,0.09257123,Minority,CA,1924380
CA-55,573348,0.37225276,0.60356026,0.52753287,0.47246713,0.0304816,0.32367832,0.00558274,0.0855063,0.04924811,438494,-0.2313075,-0.16260138,-0.06870612,-0.21340546,White,CA,233632
CA-56,571967,0.39392747,0.58332225,0.29357378,0.70642622,0.0271974,0.60899849,0.00352619,0.05561828,0.03958382,402134,-0.18939478,-0.05105072,-0.13834406,-0.14828009,Hispanic,CA,1301449
CA-57,572292,0.71215137,0.2514832,0.21521378,0.78478622,0.10837503,0.29213174,0.02303083,0.3684179,0.03027327,451091,0.46066817,0.57377036,-0.11310219,0.4933689,Asian,CA,18938964
CA-58,573315,0.71949049,0.23798083,0.33648101,0.66351899,0.02115722,0.12305998,0.00569898,0.50777998,0.01428173,452186,0.48150966,0.54695233,-0.06544267,0.49832388,Asian,CA,14669743
CA-59,572491,0.67379307,0.29135538,0.23841268,0.76158732,0.0420784,0.38588763,0.00848444,0.3265186,0.03407658,453772,0.38243769,0.47463713,-0.09219944,0.40817084,Hispanic,CA,32544657
CA-60,572144,0.7006179,0.26130113,0.56376666,0.43623334,0.02679796,0.20772659,0.00661517,0.18018358,0.02997879,453654,0.43931677,0.48456076,-0.04524399,0.4493981,White,CA,3153094
CA-61,572390,0.53582088,0.43489096,0.31023201,0.68976799,0.04870681,0.52053333,0.00393293,0.11311798,0.03550355,438604,0.10092992,0.22247832,-0.1215484,0.13644605,Hispanic,CA,1791509
CA-62,572468,0.73370215,0.23627611,0.60223735,0.39776265,0.05913421,0.14713611,0.00402245,0.17662527,0.01645215,493978,0.49742604,0.57107302,-0.07364698,0.51697503,White,CA,31754933
CA-63,572646,0.72606616,0.23475585,0.15132408,0.84867592,0.09970335,0.53067362,0.00285819,0.21756057,0.04101076,461830,0.49131031,0.61986836,-0.12855805,0.52916299,Hispanic,CA,87943598
CA-64,573202,0.67819694,0.28568918,0.02520738,0.97479262,0.03316437,0.92146376,0.00223997,0.0219243,0.04884181,422773,0.39250776,0.63550981,-0.24300205,0.46850844,Hispanic,CA,45390882
CA-65,573067,0.50083235,0.46608565,0.26557782,0.73442218,0.02947876,0.30171202,0.00484624,0.39868887,0.02153908,460976,0.0347467,0.12465135,-0.08990465,0.05971492,Asian,CA,14439880
CA-66,572711,0.54872957,0.41003007,0.40004612,0.59995388,0.02911579,0.21260295,0.00513352,0.34813442,0.01830769,450958,0.1386995,0.20852686,-0.06982736,0.15697529,Minority,CA,17521857
CA-67,573073,0.49898876,0.4719187,0.25661203,0.74338797,0.09127165,0.52773561,0.00525703,0.11876513,0.03492503,429520,0.02707006,0.17092123,-0.14385117,0.07002045,Hispanic,CA,15395191
CA-68,573067,0.43013903,0.53857238,0.40391003,0.59608997,0.07170294,0.40109177,0.00771663,0.10926315,0.03440019,438922,-0.10843335,-0.02618194,-0.08225141,-0.08601621,Minority,CA,4864754
CA-69,572728,0.57517989,0.39309524,0.4845745,0.5154255,0.03160807,0.20911617,0.00696819,0.26094222,0.02029755,439856,0.18208465,0.21436449,-0.03227984,0.1878446,Minority,CA,12112513
CO-1,576848,0.77927402,0.19268162,0.61665176,0.38334824,0.07831694,0.23774973,0.00276306,0.04805194,0.03387596,474112,0.5865924,0.63215347,-0.04556107,0.59677942,White,CO,23168668
CO-2,576581,0.63390231,0.3387157,0.73258357,0.26741643,0.01829848,0.17354983,0.00233447,0.0484613,0.0267957,453207,0.29518661,0.31928313,-0.02409652,0.29821878,White,CO,1946362
CO-3,576834,0.42499227,0.54992936,0.69583738,0.30416262,0.01596764,0.22920385,0.00266529,0.01447841,0.05225673,456611,-0.12493709,-0.11245859,-0.0124785,-0.12577759,White,CO,65499
CO-4,576897,0.30176977,0.67389303,0.75776383,0.24223617,0.02550319,0.15977819,0.00295948,0.02343133,0.03321098,441631,-0.37212326,-0.37599492,0.00387166,-0.37841381,White,CO,54811
CO-5,577635,0.47489845,0.49652226,0.66724208,0.33275792,0.08606769,0.17001128,0.00833907,0.04842277,0.03699982,444894,-0.02162381,-0.02855762,0.00693381,-0.02893508,White,CO,3772177
CO-6,577168,0.60825636,0.36176813,0.55818103,0.44181897,0.14298685,0.19233068,0.00531862,0.08867761,0.02950713,441656,0.24648823,0.30373463,-0.0572464,0.26057036,White,CO,11589214
CO-7,578254,0.59194803,0.37927583,0.75536819,0.24463181,0.02031062,0.14710431,0.00246391,0.04809246,0.03139285,465520,0.2126722,0.20612856,0.00654364,0.20549099,White,CO,10417585
CO-8,578037,0.55178332,0.42095623,0.46648536,0.53351464,0.06648162,0.38733278,0.00433678,0.05852189,0.04159372,427276,0.13082709,0.21968725,-0.08886016,0.15544714,Minority,CO,4389533
CO-9,577344,0.58244927,0.38893643,0.7911578,0.2088422,0.01442938,0.13830384,0.00261333,0.02662277,0.02672842,463776,0.19351284,0.18773425,0.00577859,0.18658664,White,CO,76049
CO-10,578116,0.49967545,0.4744663,0.8112127,0.1887873,0.02070344,0.08823229,0.00269226,0.05372279,0.02317115,440893,0.02520915,0.02438864,0.00082051,0.01993565,White,CO,1427933
CT-1,601188,0.62280582,0.36182403,0.4771358,0.5228642,0.23062396,0.2504886,0.00208185,0.04515695,0.01587514,470736,0.26098179,0.32531524,-0.06433345,0.27742627,Minority,CT,7673922
CT-2,601948,0.54639077,0.43686082,0.79953781,0.20046219,0.05856612,0.07994789,0.00196542,0.04401758,0.01853425,492008,0.10952995,0.14375906,-0.03422911,0.11593965,White,CT,1763974
CT-3,601185,0.64075666,0.33745604,0.46012541,0.53987459,0.24533499,0.23904133,0.00186432,0.05479968,0.0179341,475240,0.30330062,0.3798064,-0.07650578,0.32380255,Minority,CT,10438421
CT-4,600385,0.60960956,0.37441344,0.64512719,0.35487281,0.0816658,0.18175411,0.00110655,0.07124271,0.01186054,465409,0.23519612,0.31065812,-0.075462,0.25535012,White,CT,5631334
CT-5,600485,0.47177156,0.51268634,0.82617045,0.17382955,0.04224934,0.07935336,0.00092081,0.03256841,0.0129328,482185,-0.04091478,-0.00328983,-0.03762495,-0.03337313,White,CT,1409022
CT-6,600753,0.53935708,0.44268476,0.78264196,0.21735804,0.0555134,0.07648315,0.00103794,0.06803694,0.01618116,483649,0.09667232,0.14146264,-0.04479032,0.10660243,White,CT,1545276
DE-1,495264,0.67196473,0.31213678,0.55924015,0.44075985,0.26509226,0.09963168,0.00119124,0.06921935,0.01681485,392867,0.35982795,0.40544806,-0.04562011,0.37003465,White,DE,8064786
DE-2,494684,0.47874704,0.50730939,0.68987857,0.31012143,0.18995536,0.07362623,0.00150764,0.02734747,0.02309075,390676,-0.02856235,-0.0165685,-0.01199385,-0.0295644,White,DE,1030584
FL-1,581684,0.33193919,0.65319645,0.70283893,0.29716107,0.1548065,0.06481994,0.00380029,0.04372941,0.03206143,460491,-0.32125726,-0.27231867,-0.04893859,-0.3099444,White,FL,1268125
FL-2,582099,0.23999159,0.74713642,0.76387838,0.23612162,0.11801854,0.06046068,0.00264268,0.02585009,0.02990407,461275,-0.50714483,-0.46488284,-0.04226199,-0.4980575,White,FL,275416
FL-3,581681,0.53505114,0.44971817,0.52953992,0.47046008,0.33379184,0.08405465,0.00190004,0.04025351,0.01856733,459463,0.08533297,0.15005018,-0.06471721,0.10190537,White,FL,597009
FL-4,582589,0.33916954,0.64591079,0.77708276,0.22291724,0.07534791,0.0758195,0.00225753,0.04891031,0.01854278,458022,-0.30674125,-0.26901989,-0.03772136,-0.29916746,White,FL,1794656
FL-5,582455,0.54457522,0.43865234,0.4679605,0.5320395,0.35776551,0.10432751,0.00281027,0.05889989,0.01838696,457607,0.10592288,0.16467191,-0.05874903,0.12050589,Minority,FL,5621172
FL-6,582403,0.24765394,0.74196317,0.76131201,0.23868799,0.11131906,0.07946652,0.00237029,0.02219355,0.02464841,461125,-0.49430923,-0.46313116,-0.03117807,-0.48891654,White,FL,336748
FL-7,581784,0.46293331,0.52235023,0.64350495,0.35649505,0.15884219,0.13185142,0.00165757,0.04941954,0.01877454,474792,-0.05941692,0.0155291,-0.07494602,-0.03943491,White,FL,1374125
FL-8,582846,0.35560042,0.63354023,0.73625618,0.26374382,0.10247311,0.11926914,0.00171994,0.02216482,0.01937489,478506,-0.27793981,-0.22470227,-0.05323754,-0.26519396,White,FL,1100242
FL-9,582399,0.37430917,0.61294389,0.74253831,0.25746169,0.10952611,0.10139885,0.00192759,0.02546116,0.02144499,484542,-0.23863472,-0.16882061,-0.06981411,-0.22036335,White,FL,2143185
FL-10,582560,0.39176088,0.59459738,0.74471175,0.25528825,0.09410262,0.10716099,0.00192016,0.0338494,0.01871484,480688,-0.2028365,-0.15539205,-0.04744445,-0.19202168,White,FL,2177432
FL-11,581417,0.49224556,0.49023705,0.60995083,0.39004917,0.12037177,0.19808448,0.0021495,0.06184018,0.01776253,462434,0.00200851,0.06036494,-0.05835643,0.01646065,White,FL,6406040
FL-12,581761,0.54794385,0.43433511,0.38806762,0.61193238,0.15540542,0.39661178,0.00297866,0.06445461,0.01953445,461953,0.11360874,0.21621621,-0.10260747,0.14281123,Hispanic,FL,5120907
FL-13,582741,0.5108287,0.47484959,0.30375851,0.69624149,0.13356209,0.51714256,0.00315306,0.05127514,0.01884935,449087,0.03597911,0.1861789,-0.15019979,0.08104571,Hispanic,FL,1474026
FL-14,582285,0.56647114,0.41700334,0.38172113,0.61827887,0.31105984,0.21443399,0.00255902,0.06565894,0.01649527,440793,0.1494678,0.2393659,-0.0898981,0.17443383,Minority,FL,6182148
FL-15,582024,0.32140881,0.66866428,0.77975412,0.22024588,0.06709159,0.11077701,0.00143428,0.02156094,0.01917251,491537,-0.34725547,-0.29970694,-0.04754853,-0.33640596,White,FL,1184496
FL-16,582390,0.36636141,0.61987319,0.73225793,0.26774207,0.0676732,0.14582786,0.00170889,0.03516562,0.02102748,464630,-0.25351178,-0.20264127,-0.05087051,-0.24155494,White,FL,3123920
FL-17,582524,0.49841341,0.48681008,0.72154953,0.27845047,0.12365588,0.08753944,0.0017208,0.04695056,0.01789791,492795,0.01160333,0.0625058,-0.05090247,0.02357082,White,FL,14445590
FL-18,581717,0.42636697,0.55953134,0.71768336,0.28231664,0.06656667,0.15339894,0.00183834,0.0460859,0.01693361,478693,-0.13316437,-0.06894644,-0.06421793,-0.11675839,White,FL,9174631
FL-19,581747,0.49612215,0.48316945,0.45082958,0.54917042,0.22363648,0.25623077,0.00228736,0.06659568,0.02095744,449864,0.0129527,0.11633722,-0.10338452,0.04241421,Minority,FL,6089569
FL-20,582485,0.49690836,0.48802256,0.46861941,0.53138059,0.1701469,0.31465727,0.0022205,0.04570988,0.01738275,461607,0.0088858,0.12118068,-0.11229488,0.04131743,Minority,FL,7969184
FL-21,582637,0.39706632,0.5906423,0.58570933,0.41429067,0.15414385,0.22401537,0.00177926,0.02414613,0.02169334,455808,-0.19357598,-0.13342636,-0.06014962,-0.17852611,White,FL,2724137
FL-22,581490,0.42666762,0.56143864,0.77509445,0.22490555,0.06199646,0.12316654,0.00112597,0.02218554,0.01455511,497351,-0.13477102,-0.06789319,-0.06687783,-0.11747841,White,FL,7414066
FL-23,581161,0.31609373,0.67306641,0.70944148,0.29055852,0.08366647,0.16395547,0.00147982,0.02570754,0.01866533,459515,-0.35697268,-0.30104687,-0.05592581,-0.34333074,White,FL,403949
FL-24,581301,0.3185772,0.67181266,0.77409329,0.22590671,0.05256699,0.13686987,0.00120251,0.01832537,0.01583197,486484,-0.35323546,-0.26739225,-0.08584321,-0.32962106,White,FL,1818848
FL-25,581310,0.37099358,0.61730831,0.71195279,0.28804721,0.07734681,0.17408113,0.00115795,0.02348552,0.01243158,487066,-0.24631473,-0.17129229,-0.07502244,-0.22630725,White,FL,4749736
FL-26,582324,0.40409121,0.58496405,0.67642622,0.32357378,0.13023287,0.15426596,0.00159317,0.02335726,0.01666893,472016,-0.18087284,-0.11373592,-0.06713692,-0.16349387,White,FL,2008382
FL-27,582261,0.50614322,0.48101418,0.49339816,0.50660184,0.24440387,0.21912741,0.00177401,0.0370061,0.0168445,463356,0.02512904,0.14767897,-0.12254993,0.06097902,Minority,FL,1473334
FL-28,582258,0.5347974,0.45364931,0.54622399,0.45377601,0.17307842,0.24205081,0.00155511,0.03139802,0.01271787,476495,0.08114809,0.20239048,-0.12124239,0.11656222,White,FL,15990186
FL-29,582452,0.51167601,0.47523989,0.54726871,0.45273129,0.14760722,0.21790948,0.00152177,0.05168035,0.00967272,468534,0.03643612,0.16076269,-0.12432657,0.07287831,White,FL,17240662
FL-30,582067,0.66403246,0.32523988,0.32291062,0.67708938,0.45356707,0.18482119,0.00196127,0.02713415,0.01156049,463475,0.33879258,0.44406893,-0.10527635,0.3688847,Black,FL,25552912
FL-31,582188,0.53244497,0.45411186,0.3243091,0.6756909,0.17629588,0.42991916,0.00176452,0.07157136,0.01056079,456216,0.07833311,0.21149337,-0.13316026,0.11771986,Hispanic,FL,2573201
FL-32,581986,0.49520293,0.49138882,0.44829481,0.55170519,0.11325546,0.39428475,0.00142202,0.03274148,0.01204705,485928,0.00381411,0.17479072,-0.17097661,0.05580631,Minority,FL,23829083
FL-33,581733,0.71765943,0.2717864,0.06262964,0.93737036,0.56697066,0.37812197,0.00142637,0.01950252,0.00938969,452198,0.44587303,0.62412884,-0.17825581,0.50029163,Black,FL,28368745
FL-34,582598,0.49489845,0.4929144,0.19005015,0.80994985,0.16307765,0.62994441,0.00116584,0.02802197,0.01289454,455464,0.00198405,0.19484769,-0.19286364,0.06127193,Hispanic,FL,11024825
FL-35,581576,0.29270039,0.69953092,0.04659285,0.95340715,0.03921796,0.92580733,0.00071343,0.01027838,0.00656605,482177,-0.40683053,-0.23553934,-0.17129119,-0.35473347,Hispanic,FL,30161459
FL-36,582641,0.31723154,0.67320648,0.28993953,0.71006047,0.05628729,0.6350876,0.00081223,0.01802987,0.01118089,472771,-0.35597494,-0.21974615,-0.13622879,-0.31556534,Hispanic,FL,679264
FL-37,582602,0.37016405,0.61992446,0.20361038,0.79638962,0.06658025,0.70861707,0.0008831,0.02792408,0.00972042,474465,-0.24976041,-0.0824595,-0.16730091,-0.19899344,Hispanic,FL,1074094
GA-1,564506,0.49232946,0.50136299,0.5551699,0.4448301,0.32085577,0.0720731,0.00351888,0.03629932,0.0198337,437639,-0.00903353,0.01906278,-0.02809631,-0.00466809,White,GA,676406
GA-2,562975,0.53950605,0.45634417,0.42489829,0.57510171,0.4904661,0.05462758,0.00262179,0.02086855,0.01523629,434817,0.08316188,0.11082242,-0.02766054,0.08738206,Black,GA,257400
GA-3,563178,0.29875751,0.69631505,0.69196707,0.30803293,0.22575638,0.04480525,0.00101867,0.01707252,0.02063901,432918,-0.39755754,-0.37759616,-0.01996138,-0.39590375,White,GA,451663
GA-4,564299,0.77596217,0.21303487,0.32746898,0.67253102,0.46353496,0.11489237,0.00128919,0.09001975,0.01755205,439037,0.5629273,0.59047044,-0.02754314,0.56710835,Black,GA,12223494
GA-5,563747,0.84139949,0.15119502,0.15683063,0.84316937,0.76780313,0.0610559,0.00125215,0.01393864,0.01479587,430458,0.69020447,0.68966056,0.00054391,0.68502317,Black,GA,4427772
GA-6,563305,0.49800618,0.48936867,0.47421171,0.52578829,0.17202601,0.12353679,0.00148526,0.22105881,0.01534614,419454,0.00863751,0.01917512,-0.01053761,0.00715005,Minority,GA,8344783
GA-7,562861,0.63540739,0.35203332,0.28267778,0.71732222,0.34321555,0.24944084,0.00163019,0.12390654,0.02344853,412222,0.28337407,0.30870233,-0.02532826,0.28681682,Black,GA,9191638
GA-8,564150,0.28545187,0.71136216,0.6290268,0.3709732,0.27367863,0.06870159,0.00140326,0.01392291,0.01753964,428287,-0.42591029,-0.38800228,-0.03790801,-0.41827429,White,GA,219344
GA-9,564242,0.2040491,0.79101522,0.82651188,0.17348812,0.06694945,0.06113825,0.00096741,0.01860396,0.02522922,443454,-0.58696612,-0.58486111,-0.00210501,-0.59126445,White,GA,459326
GA-10,564366,0.38904393,0.6039011,0.67031485,0.32968515,0.21140666,0.06110351,0.00193569,0.03887158,0.01906214,437569,-0.21485717,-0.19549457,-0.0193626,-0.21340297,White,GA,609154
GA-11,563210,0.61400894,0.37506445,0.4657749,0.5342251,0.30955532,0.1392572,0.00132109,0.06839267,0.01975185,434491,0.23894449,0.23658012,0.00236437,0.23315637,Minority,GA,9548716
GA-12,564115,0.59121608,0.40393979,0.41655689,0.58344311,0.50724307,0.04365247,0.00193833,0.02294494,0.01537197,438005,0.18727629,0.21201832,-0.02474203,0.19052363,Black,GA,458667
GA-13,564068,0.66112408,0.33235389,0.30529335,0.69470665,0.54716652,0.09401226,0.00131143,0.04901101,0.01810287,423966,0.32877019,0.31637101,0.01239918,0.31963713,Black,GA,3382261
GA-14,564284,0.2146097,0.78049709,0.78364995,0.21635005,0.06808035,0.11002233,0.00095555,0.01236644,0.02932738,431167,-0.56588739,-0.54882145,-0.01706594,-0.56519874,White,GA,660990
GA-15,563670,0.29740485,0.69864252,0.65002587,0.34997413,0.26661624,0.05225877,0.00137352,0.01738943,0.01639873,431009,-0.40123767,-0.37568759,-0.02555008,-0.39772098,White,GA,242947
GA-16,563178,0.73681071,0.25628037,0.33126478,0.66873522,0.58302844,0.05504139,0.00142814,0.02408526,0.01587464,429931,0.48053034,0.45441612,0.02611422,0.4668256,Black,GA,3180196
GA-17,564054,0.62900632,0.35878769,0.61199281,0.38800719,0.18180995,0.09042176,0.00148201,0.10320972,0.01424839,463561,0.27021863,0.28457206,-0.01435343,0.27000311,White,GA,11270834
GA-18,564228,0.28309503,0.70911253,0.71956912,0.28043088,0.06340593,0.14966219,0.00110555,0.04461873,0.02406454,423320,-0.4260175,-0.42539653,-0.00062097,-0.43081051,White,GA,2327099
GA-19,563472,0.37626141,0.61574982,0.69017342,0.30982658,0.1743809,0.08206887,0.00134742,0.03083906,0.02355881,428969,-0.23948841,-0.25697663,0.01748822,-0.25031782,White,GA,2161656
HI-1,484784,0.6201856,0.35798246,0.35620367,0.64379633,0.01593558,0.08694959,0.26057975,0.41523923,0.031401,382854,0.26220314,0.3439245,-0.08172136,0.28444359,Asian,HI,352677
HI-2,485355,0.65673138,0.32473695,0.18120447,0.81879553,0.02883297,0.05820939,0.16209384,0.66780759,0.01746531,401138,0.33199443,0.36085187,-0.02885744,0.33661358,Asian,HI,16026624
HI-3,485132,0.53208088,0.45085143,0.17897196,0.82102804,0.03849556,0.09805519,0.26797934,0.5907188,0.02447078,371913,0.08122945,0.15610195,-0.0748725,0.10118695,Asian,HI,4257229
IA-1,531927,0.50808731,0.47292688,0.83162301,0.16837699,0.06500122,0.04638231,0.00569573,0.03712463,0.01468127,415223,0.03516043,0.09324461,-0.05808418,0.04952182,White,IA,540612
IA-2,531275,0.50438649,0.47652661,0.82250067,0.17749933,0.06213877,0.05968491,0.00106753,0.03566072,0.01670366,414041,0.02785988,0.08465098,-0.0567911,0.04179025,White,IA,385257
IA-3,531266,0.53089675,0.4514809,0.78719206,0.21280794,0.06789133,0.07547766,0.00144063,0.04960352,0.01648889,401907,0.07941585,0.12490026,-0.04548441,0.08957732,White,IA,1393737
IA-4,532481,0.34753015,0.63541811,0.90781865,0.09218135,0.01573919,0.03556848,0.00193572,0.01781654,0.01678283,402435,-0.28788796,-0.25456648,-0.03332148,-0.2817808,White,IA,120114
IA-5,532665,0.29713574,0.68665805,0.857522,0.142478,0.02447229,0.07894255,0.00336142,0.01638164,0.01833567,404294,-0.38952231,-0.33990302,-0.04961929,-0.37798255,White,IA,126087
IA-6,530755,0.36357792,0.62001109,0.92067258,0.07932742,0.01917502,0.03291582,0.00267829,0.00980342,0.01191403,412203,-0.25643317,-0.20001168,-0.05642149,-0.24262601,White,IA,119117
ID-1,613834,0.25227843,0.72339515,0.85383511,0.14616489,0.00672226,0.07623562,0.00319223,0.01542067,0.03744115,473650,-0.47111672,-0.4002026,-0.07091412,-0.45247868,White,ID,45872
ID-2,612514,0.23348568,0.73607004,0.79789364,0.20210636,0.01091087,0.13716095,0.00404249,0.01813106,0.03379486,440570,-0.50258436,-0.47896475,-0.02361961,-0.49971116,White,ID,56080
ID-3,612758,0.4191502,0.55262213,0.79085854,0.20914146,0.01743044,0.11935177,0.00526418,0.03693366,0.02791553,462180,-0.13347193,-0.06659183,-0.0668801,-0.11617856,White,ID,3997354
IL-1,582159,0.66860662,0.30564503,0.37952368,0.62047632,0.50160542,0.09592945,0.00088102,0.0197306,0.0129217,459692,0.36296159,0.46231315,-0.09935156,0.39107878,Black,IL,17465255
IL-2,581945,0.71780057,0.2661106,0.29967784,0.70032216,0.52503999,0.15889427,0.00106863,0.01185126,0.01828992,446366,0.45168997,0.52512652,-0.07343655,0.47116882,Black,IL,2899038
IL-3,582147,0.69482439,0.27994608,0.38880903,0.61119097,0.05454557,0.49664505,0.00185445,0.06256487,0.03685664,460514,0.41487831,0.52614175,-0.11126344,0.44696612,Hispanic,IL,42381321
IL-4,582289,0.65346945,0.32283913,0.14610997,0.85389003,0.06692377,0.70942269,0.00130769,0.07945004,0.05511099,435884,0.33063032,0.57995629,-0.24932597,0.40873898,Hispanic,IL,43492976
IL-5,582757,0.82645969,0.15090462,0.63205616,0.36794384,0.10587891,0.13159323,0.00149872,0.12015814,0.01595748,495755,0.67555507,0.70703668,-0.03148161,0.68104894,White,IL,85592743
IL-6,582094,0.69042991,0.28603743,0.43039045,0.56960955,0.32493902,0.21091178,0.00102651,0.03072384,0.01913323,448121,0.40439248,0.49454402,-0.09015154,0.42944299,Minority,IL,19653640
IL-7,582302,0.83686841,0.14221255,0.30630741,0.69369259,0.50186101,0.085004,0.00138169,0.10393916,0.01214551,479848,0.69465586,0.77233679,-0.07768093,0.7155495,Black,IL,47159674
IL-8,582455,0.51921968,0.44336543,0.59255439,0.40744561,0.04733004,0.1986707,0.00127157,0.15131641,0.01978751,453771,0.07585425,0.16383351,-0.08797926,0.10018067,White,IL,10566858
IL-9,582744,0.64455681,0.33111495,0.6945279,0.3054721,0.04698189,0.09237393,0.00138839,0.1568837,0.01115311,456644,0.31344186,0.36214633,-0.04870447,0.32467668,White,IL,14687006
IL-10,582644,0.57797602,0.39495872,0.56576658,0.43423342,0.086035,0.23979694,0.00192312,0.09563482,0.02425801,443029,0.1830173,0.22441737,-0.04140007,0.19181732,White,IL,5496092
IL-11,582741,0.55313407,0.4080169,0.70906873,0.29093127,0.05640913,0.09957952,0.00117132,0.1221755,0.01251248,451629,0.14511717,0.1783344,-0.03321723,0.15118958,White,IL,8627337
IL-12,582058,0.24342474,0.73869814,0.8986708,0.1013292,0.04296381,0.02265595,0.00102852,0.00956307,0.02018093,456966,-0.4952734,-0.47892852,-0.01634488,-0.49482511,White,IL,166812
IL-13,581520,0.48265362,0.49003522,0.73245955,0.26754045,0.14035191,0.0425843,0.0010176,0.06468159,0.01802037,458925,-0.0073816,-0.00463049,-0.00275111,-0.01146456,White,IL,607839
IL-14,582187,0.50913809,0.46406867,0.61507603,0.38492397,0.11372551,0.18299686,0.0008325,0.07632703,0.01817092,437237,0.04506942,0.11747796,-0.07240854,0.0642056,White,IL,6663939
IL-15,583040,0.26147252,0.71728118,0.91799831,0.08200169,0.02799562,0.02250307,0.0010046,0.00745589,0.01838858,457893,-0.45580866,-0.43879868,-0.01700998,-0.45513867,White,IL,148846
IL-16,582474,0.34149995,0.63739713,0.85614724,0.14385276,0.04326112,0.06827437,0.00081575,0.00974461,0.01876215,451121,-0.29589718,-0.26722055,-0.02867663,-0.2913383,White,IL,203163
IL-17,582548,0.47654146,0.50026848,0.74230105,0.25769895,0.10788437,0.10441368,0.00085446,0.02525502,0.02040794,454088,-0.02372702,0.00341825,-0.02714527,-0.0196786,White,IL,616203
IL-18,582322,0.55257301,0.42658129,0.65785947,0.34214053,0.0287374,0.14245104,0.0008977,0.16226994,0.01466902,461176,0.12599172,0.18018406,-0.05419234,0.13905583,White,IL,10963240
IL-19,582578,0.54295384,0.44053748,0.58374202,0.41625798,0.06747156,0.29078593,0.00114864,0.0464309,0.02747027,432686,0.10241636,0.15502545,-0.05260909,0.11495272,White,IL,3260493
IL-20,582978,0.46421035,0.51342235,0.78715644,0.21284356,0.0310804,0.12576886,0.00089784,0.03625079,0.01929459,447742,-0.049212,-0.02469595,-0.02451605,-0.04603998,White,IL,1145715
IL-21,582292,0.46235937,0.51155392,0.80025374,0.19974626,0.10075551,0.04335496,0.00147721,0.03468485,0.01798555,455588,-0.04919455,-0.03685417,-0.01234038,-0.05008109,White,IL,509030
IL-22,582234,0.4692921,0.50569562,0.72579454,0.27420546,0.18985739,0.03795784,0.00149958,0.02124258,0.0219528,454794,-0.03640352,-0.03385257,-0.00255095,-0.0405532,White,IL,852071
IN-1,565812,0.50041952,0.48452718,0.58038534,0.41961466,0.22133292,0.16484887,0.00084201,0.01897761,0.02111964,432299,0.01589234,0.10472139,-0.08882905,0.04050202,White,IN,2674427
IN-2,566060,0.47056485,0.51354108,0.74717494,0.25282506,0.11271631,0.0924752,0.00130898,0.0233671,0.02170799,436982,-0.04297623,0.00671083,-0.04968706,-0.03141388,White,IN,1560154
IN-3,565044,0.25182339,0.73187233,0.87819682,0.12180318,0.01233852,0.07698429,0.00090467,0.00985424,0.0192443,422255,-0.48004894,-0.4551798,-0.02486914,-0.47675923,White,IN,324259
IN-4,564733,0.36325981,0.6198739,0.80265136,0.19734864,0.08543172,0.05687713,0.00114834,0.03444545,0.01910505,422349,-0.25661409,-0.24428882,-0.01232527,-0.25750567,White,IN,734930
IN-5,565919,0.44047305,0.541572,0.81972313,0.18027687,0.04825676,0.04859531,0.00699024,0.06002222,0.01873357,451916,-0.10109895,-0.08302762,-0.01807133,-0.10007517,White,IN,564030
IN-6,565490,0.40166691,0.57992029,0.83674657,0.16325343,0.06103615,0.04016177,0.0011116,0.03928196,0.01785178,422815,-0.17825338,-0.18570899,0.00745561,-0.18573858,White,IN,1366124
IN-7,565246,0.30228275,0.68006034,0.86643808,0.13356192,0.05456109,0.04361321,0.00089389,0.01160024,0.02065425,443008,-0.37777759,-0.35190365,-0.02587394,-0.37415294,White,IN,457769
IN-8,565466,0.61694128,0.36499475,0.60622781,0.39377219,0.23408502,0.10103797,0.00117243,0.0447848,0.01689782,429878,0.25194653,0.25712648,-0.00517995,0.24867318,White,IN,8883218
IN-9,565074,0.58865982,0.39530367,0.56475887,0.43524113,0.26472843,0.10007385,0.0015878,0.05326089,0.02159691,423857,0.19335615,0.21589889,-0.02254274,0.1958704,White,IN,8551798
IN-10,565379,0.2881569,0.69392041,0.8935438,0.1064562,0.02269325,0.03053601,0.00108645,0.02888441,0.01953308,433521,-0.40576351,-0.40783775,0.00207424,-0.41145492,White,IN,561467
IN-11,565826,0.31073853,0.67316331,0.8935114,0.1064886,0.04535155,0.02591779,0.00171885,0.01231804,0.01785224,436920,-0.36242478,-0.33213164,-0.03029314,-0.35732707,White,IN,337295
IN-12,565479,0.28827781,0.6950217,0.89887105,0.10112895,0.03337386,0.0321673,0.00106232,0.01028209,0.02189437,436779,-0.40674389,-0.38508054,-0.02166335,-0.40452277,White,IN,426507
KS-1,587454,0.23639122,0.74582664,0.7825952,0.2174048,0.02594482,0.1489533,0.00207361,0.01382704,0.02980191,444636,-0.50943542,-0.49194183,-0.01749359,-0.50860422,White,KS,40807
KS-2,587760,0.2898886,0.69049024,0.83548564,0.16451436,0.04294332,0.05745224,0.00298387,0.01884164,0.04165437,450757,-0.40060164,-0.38331959,-0.01728205,-0.39984096,White,KS,91014
KS-3,587489,0.53128691,0.45045248,0.67706493,0.32293507,0.11814006,0.13651661,0.00232917,0.03295675,0.0403038,447799,0.08083443,0.11946182,-0.03862739,0.08871023,White,KS,955302
KS-4,587497,0.41395189,0.5691267,0.69980636,0.30019364,0.09090289,0.12462669,0.00225916,0.04844018,0.04082403,439986,-0.15517481,-0.13669757,-0.01847724,-0.15401573,White,KS,1337384
KS-5,587680,0.53965823,0.44271958,0.78073825,0.21926175,0.05464901,0.07507318,0.00148833,0.06325845,0.02210078,446138,0.09693865,0.09285701,0.00408164,0.0905781,White,KS,6077631
KY-1,562914,0.25264902,0.73443311,0.85261035,0.14738965,0.0846444,0.0301883,0.00138306,0.00885202,0.02092504,435268,-0.48178409,-0.43444457,-0.04733952,-0.47100425,White,KY,231152
KY-2,563678,0.29376409,0.69118985,0.83819616,0.16180384,0.0736234,0.03771046,0.00298731,0.02528156,0.02128373,429483,-0.39742576,-0.34354747,-0.05387829,-0.38446633,White,KY,390581
KY-3,563268,0.63392237,0.34670107,0.62870854,0.37129146,0.25094452,0.06346696,0.0015413,0.04111476,0.01752414,445728,0.2872213,0.31964234,-0.03242104,0.29302831,White,KY,10764590
KY-4,563325,0.31500704,0.66765016,0.88971334,0.11028666,0.03892622,0.03072298,0.00176735,0.01530071,0.01998326,427758,-0.35264312,-0.32579563,-0.02684749,-0.34869396,White,KY,537850
KY-5,563902,0.18787407,0.79926184,0.94483455,0.05516545,0.01945124,0.01038683,0.00060007,0.00540514,0.01728421,441617,-0.61138777,-0.55938757,-0.0520002,-0.59905437,White,KY,233481
KY-6,562763,0.48928909,0.48986295,0.76810858,0.23189142,0.11600466,0.05960765,0.0028932,0.03548253,0.01995764,441034,-0.00057386,0.03752554,-0.0380994,0.00712594,White,KY,1359720
KY-7,563430,0.33635234,0.64789874,0.83610632,0.16389368,0.07076597,0.05004659,0.00138611,0.01884173,0.02143223,429260,-0.3115464,-0.27988373,-0.03166267,-0.30599218,White,KY,706914
KY-8,562556,0.19880254,0.78850307,0.91919115,0.08080885,0.0278846,0.02293707,0.00066167,0.00668815,0.01995841,433752,-0.58970053,-0.55505081,-0.03464972,-0.58315062,White,KY,272634
LA-1,582460,0.29758081,0.68382339,0.68447351,0.31552649,0.14368507,0.11611382,0.00115464,0.03295068,0.02461679,449490,-0.38624258,-0.39619372,0.00995114,-0.39455963,White,LA,563790
LA-2,581963,0.75384473,0.22259017,0.33659389,0.66340611,0.51981359,0.09799798,0.00124593,0.04375406,0.0170474,457489,0.53125456,0.55369082,-0.02243626,0.53373331,Black,LA,10010206
LA-3,581716,0.29566166,0.69063171,0.65378644,0.34621356,0.24382167,0.05429986,0.00094877,0.02202364,0.02743933,440572,-0.39497005,-0.36919071,-0.02577934,-0.39137694,White,LA,457096
LA-4,582939,0.25016161,0.73795165,0.68918565,0.31081435,0.22960116,0.03911121,0.00129097,0.0165115,0.02395067,450050,-0.48779004,-0.46409276,-0.02369728,-0.48489095,White,LA,193686
LA-5,581756,0.22293693,0.76232275,0.75567844,0.24432156,0.14794123,0.05499313,0.00096112,0.01730236,0.02073687,439073,-0.53938582,-0.54873228,0.00934646,-0.54750131,White,LA,814903
LA-6,581512,0.5670955,0.41421607,0.42461197,0.57538803,0.47972466,0.06082158,0.00087488,0.02558232,0.01295437,450350,0.15287943,0.19086263,-0.0379832,0.1605405,Black,LA,975944
LA-7,582216,0.52605904,0.46062448,0.41563943,0.58436057,0.529081,0.03250839,0.00104038,0.01063346,0.01533992,444070,0.06543456,0.11752365,-0.05208909,0.07779759,Black,LA,253131
LA-8,583195,0.21855474,0.76957276,0.71601351,0.28398649,0.19722656,0.04355177,0.00180679,0.01625881,0.02599134,439454,-0.55101802,-0.51806965,-0.03294837,-0.54503523,White,LA,239169
MA-1,586722,0.5727941,0.40211158,0.69063439,0.30936561,0.08967634,0.18582595,0.00189258,0.02883783,0.01775606,467615,0.17068252,0.25539166,-0.08470914,0.1939189,White,MA,1368841
MA-2,585554,0.56799924,0.40373268,0.81942912,0.18057088,0.03783897,0.0803989,0.00131499,0.04080661,0.01610914,476810,0.16426656,0.23205295,-0.06778639,0.18186202,White,MA,845388
MA-3,585057,0.56494124,0.40647305,0.71936834,0.28063166,0.07077761,0.1047006,0.00113322,0.07855849,0.01275795,461516,0.15846819,0.23811217,-0.07964398,0.18001618,White,MA,3848890
MA-4,586466,0.67763813,0.29213619,0.75729468,0.24270532,0.04198807,0.06656618,0.00106033,0.08964801,0.00939835,456463,0.38550194,0.43871566,-0.05321372,0.39823985,White,MA,3792232
MA-5,586666,0.56242571,0.41157876,0.63335139,0.36664861,0.06233564,0.19724001,0.00166875,0.10373546,0.01183195,457828,0.15084695,0.2403839,-0.08953695,0.1756926,White,MA,5406975
MA-6,585064,0.59841717,0.37708466,0.77115454,0.22884546,0.05288555,0.12932608,0.00114871,0.03423287,0.01281945,468351,0.22133251,0.29496702,-0.07363451,0.24087735,White,MA,4678434
MA-7,585229,0.70153301,0.26847737,0.73810958,0.26189042,0.04130897,0.05719277,0.00096524,0.14145931,0.00701509,468276,0.43305564,0.48486359,-0.05180795,0.44532496,White,MA,14541476
MA-8,586604,0.74447569,0.21480448,0.55535519,0.44464481,0.0985256,0.16098741,0.00158215,0.15304247,0.01179075,497424,0.52967121,0.62154796,-0.09187675,0.55529679,White,MA,44497595
MA-9,585777,0.76751374,0.19894043,0.45542074,0.54457926,0.25751296,0.17471988,0.00192929,0.12232925,0.01284839,493447,0.56857331,0.67328226,-0.10470895,0.59847629,Minority,MA,45968135
MA-10,585595,0.50699838,0.46999441,0.82054857,0.17945143,0.0670079,0.04886154,0.00110049,0.03884768,0.01105429,466154,0.03700397,0.134317,-0.09731303,0.06444165,White,MA,3013501
MA-11,586113,0.58476129,0.39012488,0.67236335,0.32763665,0.15118109,0.04984707,0.00133939,0.0980199,0.00953025,465885,0.19463641,0.28498168,-0.09034527,0.2197515,White,MA,6664489
MA-12,585070,0.55844335,0.42045341,0.83510003,0.16489997,0.04981259,0.05707981,0.00131417,0.01646437,0.01502209,483954,0.13798994,0.20900904,-0.0710191,0.15666297,White,MA,1864764
MD-1,561205,0.37524314,0.59755425,0.77008659,0.22991341,0.14411537,0.04368521,0.00131181,0.02204252,0.01910891,445185,-0.22231111,-0.19544004,-0.02687107,-0.21835409,White,MD,530233
MD-2,561860,0.56763703,0.39852111,0.60274853,0.39725147,0.27989228,0.04817669,0.00115509,0.05731034,0.01455371,438926,0.16911592,0.20475803,-0.03564211,0.17599662,White,MD,2267435
MD-3,562253,0.55708281,0.40829942,0.650842,0.349158,0.19313835,0.08111733,0.00221181,0.05776762,0.02044785,437650,0.14878339,0.15523844,-0.00645505,0.14593507,White,MD,5635332
MD-4,561139,0.86643254,0.10016327,0.15147178,0.84852822,0.54446035,0.25303705,0.00172919,0.05553042,0.02778252,433150,0.76626927,0.84138244,-0.07511317,0.78630699,Black,MD,22903740
MD-5,561838,0.63088296,0.34182878,0.44527052,0.55472948,0.43331928,0.06690297,0.00229397,0.04180975,0.02433317,434181,0.28905418,0.33290375,-0.04384957,0.2986707,Minority,MD,1513215
MD-6,561356,0.45729235,0.51227076,0.74796613,0.25203387,0.10894901,0.07183606,0.00143527,0.05339068,0.0190485,441032,-0.05497841,-0.04180378,-0.01317463,-0.05558687,White,MD,861503
MD-7,560895,0.84292185,0.12350357,0.30410645,0.69589355,0.56993197,0.06924941,0.0012495,0.05127618,0.01631242,449780,0.71941828,0.76038533,-0.04096705,0.72807396,Black,MD,25753373
MD-8,560985,0.74964694,0.21140267,0.47366201,0.52633799,0.13415803,0.18523699,0.00184589,0.19649902,0.01618672,433936,0.53824427,0.60222093,-0.06397666,0.55456982,Minority,MD,15213743
MD-9,560938,0.53236688,0.43767787,0.59780987,0.40219013,0.26831037,0.05934145,0.00148732,0.05697963,0.02086614,435682,0.09468901,0.11252261,-0.0178336,0.09563354,White,MD,7202916
MD-10,562043,0.81863277,0.14953379,0.22560643,0.77439357,0.52883577,0.156917,0.00149082,0.08974807,0.01908382,438015,0.66909898,0.73001282,-0.06091384,0.68440359,Black,MD,9804450
MD-11,560891,0.66580196,0.29169242,0.51142132,0.48857868,0.20187296,0.09287643,0.00174903,0.18259385,0.01631651,427665,0.37410954,0.41102003,-0.03691049,0.38141304,White,MD,5074235
ME-1,681292,0.58933578,0.38776313,0.90388975,0.09611025,0.02952566,0.01855749,0.00105939,0.02069255,0.01810553,553146,0.20157265,0.21224218,-0.01066953,0.20012916,White,ME,782468
ME-2,681067,0.45506265,0.52523414,0.92922385,0.07077615,0.01010524,0.01327075,0.00100909,0.01178765,0.02655587,556939,-0.07017149,-0.03752752,-0.03264397,-0.06429017,White,ME,74967
MI-1,593515,0.41242342,0.57255312,0.89923767,0.10076233,0.01574663,0.01643459,0.00111768,0.00922651,0.05103504,484040,-0.1601297,-0.14927014,-0.01085956,-0.16150985,White,MI,88404
MI-2,592212,0.34859655,0.63740393,0.9130022,0.0869978,0.01408602,0.03066424,0.00080197,0.00883849,0.02499784,475081,-0.28880738,-0.26529269,-0.02351469,-0.28596915,White,MI,174259
MI-3,593632,0.3499666,0.63509098,0.88093836,0.11906164,0.03708067,0.03652398,0.00097745,0.01342543,0.0248269,463449,-0.28512438,-0.26360622,-0.02151816,-0.28295166,White,MI,380043
MI-4,592705,0.54217039,0.44047193,0.72809932,0.27190068,0.11179198,0.10143335,0.00118895,0.04157788,0.02047902,453342,0.10169846,0.10818719,-0.00648873,0.09886137,White,MI,3807861
MI-5,592526,0.4089357,0.57605185,0.82773059,0.17226941,0.05646963,0.06832376,0.00097407,0.02092268,0.02171824,453766,-0.16711615,-0.16039725,-0.0067189,-0.16987652,White,MI,1066171
MI-6,592012,0.48399349,0.50070748,0.78863774,0.21136226,0.10211143,0.05443656,0.00107666,0.024188,0.02556639,460683,-0.01671399,0.00198771,-0.0187017,-0.01548009,White,MI,773465
MI-7,592631,0.36073957,0.62484107,0.86140615,0.13859385,0.05793204,0.04003353,0.00066586,0.00998791,0.0249687,464061,-0.2641015,-0.22987268,-0.03422882,-0.25769189,White,MI,551191
MI-8,592564,0.62975606,0.34739192,0.70539556,0.29460444,0.14280086,0.04784058,0.00137891,0.08017997,0.02032109,477189,0.28236414,0.31563567,-0.03327153,0.28845465,White,MI,2208114
MI-9,592676,0.52307959,0.46018955,0.79270949,0.20729051,0.08476975,0.05429948,0.0011922,0.04318287,0.02227573,470557,0.06289004,0.08612416,-0.02323412,0.06563475,White,MI,1210263
MI-10,593265,0.5029316,0.48264704,0.71990045,0.28009955,0.1927436,0.04675864,0.00082021,0.01469242,0.02352432,462075,0.02028456,0.06685078,-0.04656622,0.03080663,White,MI,1473188
MI-11,592393,0.31249452,0.67439485,0.89818693,0.10181307,0.03042527,0.02995537,0.00062653,0.01330515,0.01999528,466060,-0.36190033,-0.32412351,-0.03777682,-0.35430806,White,MI,474473
MI-12,593079,0.47247753,0.50582685,0.73904276,0.26095724,0.15897605,0.02313276,0.00089691,0.05666718,0.01769878,476078,-0.03334932,0.0274256,-0.06077492,-0.01809101,White,MI,13417557
MI-13,593086,0.44820793,0.53564706,0.78621731,0.21378269,0.09449224,0.05163792,0.00079558,0.04271494,0.01913048,466324,-0.08743913,-0.05755977,-0.02987936,-0.08247934,White,MI,2848372
MI-14,593269,0.58953336,0.39013874,0.69230415,0.30769585,0.17199324,0.02887383,0.00076827,0.08977201,0.01330545,477699,0.19939462,0.23628264,-0.03688802,0.20669063,White,MI,9919796
MI-15,592365,0.53673324,0.43666133,0.71592313,0.28407687,0.11350488,0.03299096,0.00079092,0.11606473,0.01668364,470341,0.10007191,0.13551089,-0.03543898,0.1068849,White,MI,8652419
MI-16,592413,0.6815027,0.25523897,0.4150393,0.5849607,0.519087,0.03557744,0.00090089,0.01749407,0.0162861,442893,0.42626373,0.57256169,-0.14629796,0.47002972,Black,MI,17000672
MI-17,592984,0.73913575,0.23800073,0.33742311,0.66257689,0.51735623,0.09633849,0.00114422,0.03934256,0.01940518,450962,0.50113502,0.59078753,-0.08965251,0.52601919,Black,MI,15369610
MN-1,571018,0.44074897,0.53725299,0.85866062,0.14133938,0.03544872,0.05109945,0.00155095,0.03435326,0.01392213,439085,-0.09650402,-0.07410582,-0.0223982,-0.09403795,White,MN,236742
MN-2,570533,0.53172051,0.44339098,0.77725103,0.22274897,0.06868099,0.06567564,0.00149917,0.06571072,0.0182496,427571,0.08832953,0.10190593,-0.0135764,0.087855,White,MN,2837918
MN-3,570150,0.65441426,0.31902985,0.77413754,0.22586246,0.07743285,0.05195269,0.00124326,0.07719752,0.01541197,450429,0.33538441,0.32915703,0.00622738,0.32830862,White,MN,6587051
MN-4,571380,0.69697516,0.27592508,0.64514356,0.35485644,0.12476753,0.06868934,0.00165615,0.14148963,0.02184891,441990,0.42105008,0.44396362,-0.02291354,0.42368793,White,MN,10885608
MN-5,570472,0.81295491,0.15594917,0.60066322,0.39933678,0.1990317,0.08566565,0.00162488,0.09134943,0.02894504,452340,0.65700574,0.67215945,-0.01515371,0.65705698,White,MN,19869863
MN-6,571324,0.38086047,0.59688479,0.87804976,0.12195024,0.03985539,0.02905949,0.00111731,0.02952919,0.01531495,421549,-0.21602432,-0.20223289,-0.01379143,-0.21642718,White,MN,910446
MN-7,570118,0.32357319,0.65727433,0.90968676,0.09031324,0.01719881,0.02408979,0.001113,0.01025746,0.03270981,436658,-0.33370114,-0.30297115,-0.03072999,-0.32845781,White,MN,71533
MN-8,570157,0.43912132,0.54066956,0.89024029,0.10975971,0.01794579,0.01554709,0.001097,0.01211369,0.05542835,449409,-0.10154824,-0.07131309,-0.03023515,-0.09646986,White,MN,68606
MN-9,571167,0.53856153,0.43438737,0.78930709,0.21069291,0.07318027,0.044693,0.00128878,0.06892985,0.01921364,432193,0.10417416,0.11100833,-0.00683417,0.10145222,White,MN,3677589
MN-10,570172,0.33388779,0.64580961,0.88069145,0.11930855,0.02237749,0.06090826,0.00167883,0.01726564,0.01550002,437806,-0.31192182,-0.27717668,-0.03474514,-0.30534011,White,MN,102852
MO-1,559666,0.80915482,0.17261803,0.38002433,0.61997567,0.53583255,0.03455382,0.00107896,0.03508653,0.0174304,443019,0.63653679,0.6486878,-0.01215101,0.63558713,Black,MO,11146924
MO-2,559515,0.59107955,0.390105,0.76409356,0.23590644,0.11567952,0.03698251,0.00103104,0.06117152,0.0169672,444210,0.20097455,0.20028012,0.00069443,0.19574307,White,MO,9014370
MO-3,559460,0.43482164,0.54862009,0.83968194,0.16031806,0.04950992,0.03236289,0.00109395,0.05235465,0.01916379,432378,-0.11379845,-0.12363411,0.00983566,-0.122077,White,MO,2871732
MO-4,559658,0.27888892,0.70902856,0.90800192,0.09199808,0.02295494,0.01867245,0.00107004,0.00995926,0.02928022,431759,-0.43013964,-0.40502669,-0.02511295,-0.42676866,White,MO,409924
MO-5,559761,0.35639924,0.6276365,0.8322394,0.1677606,0.06878385,0.03874997,0.00271946,0.02523795,0.02772695,433910,-0.27123726,-0.24931449,-0.02192277,-0.26892967,White,MO,299925
MO-6,559596,0.54072259,0.44311594,0.61646669,0.38353331,0.25248835,0.07807345,0.0045056,0.02016185,0.03284743,423473,0.09760665,0.1238314,-0.02622475,0.10134823,White,MO,3736372
MO-7,559233,0.53663473,0.44656849,0.7466513,0.2533487,0.09889331,0.08359154,0.0042188,0.03767934,0.02930155,434721,0.09006624,0.11361171,-0.02354547,0.09291473,White,MO,2197805
MO-8,559601,0.2363027,0.75267812,0.89832113,0.10167887,0.03526269,0.02475935,0.00175943,0.00985512,0.02534506,431958,-0.51637542,-0.48617251,-0.03020291,-0.51130778,White,MO,99894
MO-9,559286,0.19706878,0.79275843,0.88370941,0.11629059,0.01371079,0.03601623,0.00444333,0.01016453,0.045543,428057,-0.59568965,-0.57960653,-0.01608312,-0.59532861,White,MO,153611
MO-10,559523,0.29855512,0.68917647,0.86173265,0.13826735,0.02764159,0.0432935,0.00251765,0.02006808,0.03953988,437710,-0.39062135,-0.37758665,-0.0130347,-0.39127645,White,MO,534821
MO-11,559614,0.19761341,0.79359031,0.85287869,0.14712131,0.06712444,0.02786493,0.00177019,0.01516976,0.03023593,434417,-0.5959769,-0.57030116,-0.02567574,-0.59241832,White,MO,127679
MS-1,591660,0.27025385,0.71566665,0.71290039,0.28709961,0.22188804,0.03351641,0.00088976,0.01355068,0.01658245,455180,-0.4454128,-0.40221288,-0.04319992,-0.43601283,White,MS,302628
MS-2,592001,0.56043754,0.42902489,0.39492735,0.60507265,0.56097267,0.02536761,0.00063704,0.00980729,0.01228538,456803,0.13141265,0.18335634,-0.05194369,0.14372721,Black,MS,235315
MS-3,592324,0.27886459,0.71143925,0.68323409,0.31676591,0.25568455,0.02400552,0.00083007,0.01420001,0.02237867,450563,-0.43257466,-0.3957464,-0.03682826,-0.42529857,White,MS,279565
MS-4,592484,0.28276939,0.70626651,0.68676312,0.31323688,0.21511377,0.04746697,0.00181267,0.02512313,0.02404912,456233,-0.42349712,-0.37650098,-0.04699614,-0.41283174,White,MS,453224
MS-5,592810,0.53529777,0.45479037,0.41276535,0.58723465,0.55028769,0.02031516,0.0006909,0.00917353,0.01060547,458820,0.0805074,0.14998686,-0.06947946,0.09866722,Black,MS,148684
MT-1,542200,0.45653153,0.51079023,0.88142474,0.11857526,0.00978689,0.03817188,0.00225585,0.01613696,0.04355318,433539,-0.0542587,-0.0201664,-0.0340923,-0.0478946,White,MT,51557
MT-2,542025,0.30573917,0.66410626,0.82917491,0.17082509,0.00767912,0.03206796,0.00237647,0.01094377,0.1134273,416584,-0.35836709,-0.32125184,-0.03711525,-0.35099534,White,MT,15682
NC-1,580145,0.54235898,0.44750698,0.46356552,0.53643448,0.45106865,0.05831435,0.00123595,0.01210014,0.02196597,458755,0.094852,0.13787614,-0.04302414,0.10419338,Minority,NC,360381
NC-2,579697,0.61827994,0.36306846,0.55138464,0.44861536,0.27655397,0.11802266,0.00141945,0.04269223,0.01999243,441017,0.25521148,0.268746,-0.01353452,0.25472299,White,NC,3991719
NC-3,579824,0.34608942,0.64216888,0.70497166,0.29502834,0.17500418,0.07246676,0.00389487,0.02431416,0.0243663,460349,-0.29607946,-0.25646314,-0.03961632,-0.28787402,White,NC,317951
NC-4,579814,0.71137513,0.2707296,0.5384141,0.4615859,0.27939819,0.10580805,0.00113858,0.0626089,0.02062165,463736,0.44064553,0.45083918,-0.01019365,0.43904341,White,NC,1162997
NC-5,580145,0.27321354,0.71575404,0.79430764,0.20569236,0.10049775,0.06892446,0.00083105,0.01451376,0.02176296,456050,-0.4425405,-0.43224056,-0.01029994,-0.44410719,White,NC,674776
NC-6,580338,0.56548837,0.41857265,0.58085206,0.41914794,0.28155093,0.08862381,0.00113407,0.03432906,0.0219004,455882,0.14691572,0.14981912,-0.0029034,0.14288352,White,NC,1658147
NC-7,580350,0.40372979,0.58492245,0.74189044,0.25810956,0.15196944,0.06537602,0.00150277,0.01384381,0.02654194,470463,-0.18119266,-0.15067579,-0.03051687,-0.17602037,White,NC,469372
NC-8,580460,0.49804334,0.48960331,0.40742944,0.59257056,0.36000509,0.09389522,0.00503529,0.02941036,0.12452241,440491,0.00844003,0.05820328,-0.04976325,0.02002778,Minority,NC,811901
NC-9,580404,0.38106429,0.60565571,0.67842522,0.32157478,0.17268868,0.09375007,0.00117325,0.03572339,0.02178899,435541,-0.22459142,-0.21850041,-0.00609101,-0.22756108,White,NC,1083849
NC-10,579251,0.32448458,0.66491274,0.74812872,0.25187128,0.13818345,0.06832582,0.00100579,0.02262488,0.02337978,454367,-0.34042816,-0.3444127,0.00398454,-0.34675634,White,NC,1374674
NC-11,579827,0.48562364,0.49809237,0.84307227,0.15692773,0.04153357,0.05934689,0.00199282,0.01408652,0.03822763,475206,-0.01246873,-0.02998771,0.01751898,-0.02330839,White,NC,524350
NC-12,580460,0.70052703,0.27598422,0.36297048,0.63702952,0.42318586,0.1420279,0.00152232,0.06605397,0.01967051,442744,0.42454281,0.44935326,-0.02481045,0.42781296,Black,NC,6461939
NC-13,580232,0.29794612,0.69000701,0.73954327,0.26045673,0.12488526,0.09467592,0.00157394,0.01775887,0.02582783,446650,-0.39206089,-0.37985579,-0.0122051,-0.39299252,White,NC,664206
NC-14,579999,0.60059749,0.37592268,0.65527946,0.34472054,0.11588884,0.07693491,0.00148204,0.13576629,0.01632282,441958,0.22467481,0.23172787,-0.00705306,0.22202583,White,NC,5662444
NC-15,579563,0.39781027,0.59058127,0.60499669,0.39500331,0.25224565,0.11297669,0.00153113,0.0139185,0.02190985,440852,-0.192771,-0.1776111,-0.0151599,-0.1927177,White,NC,656860
NC-16,579979,0.56367202,0.41946379,0.54577202,0.45422798,0.28556098,0.10943067,0.00147004,0.04580638,0.02203735,451007,0.14420823,0.15939566,-0.01518743,0.14427071,White,NC,3757024
NC-17,579713,0.59295239,0.38449818,0.60545433,0.39454567,0.18839266,0.11840459,0.00127114,0.07389926,0.01790036,449991,0.20845421,0.23101278,-0.02255857,0.21097373,White,NC,9030100
NC-18,579187,0.29272526,0.69588256,0.85538252,0.14461748,0.04872139,0.05837588,0.0017424,0.01340311,0.02350226,470040,-0.4031573,-0.39559922,-0.00755808,-0.40563794,White,NC,411112
ND-AL,779094,0.3051079,0.66956852,0.84408473,0.15591527,0.03597425,0.03624099,0.0022832,0.02213077,0.05876768,596093,-0.36446062,-0.33342817,-0.03103245,-0.35911647,White,ND,35673
NE-1,653675,0.53814219,0.44791991,0.69935425,0.30064575,0.1109204,0.11727746,0.00219831,0.0512953,0.02429626,487647,0.09022228,0.09972067,-0.00949839,0.08838841,White,NE,6285742
NE-2,654390,0.42702561,0.55909858,0.82772271,0.17227729,0.03562582,0.07279214,0.00165805,0.03540894,0.02562481,493350,-0.13207297,-0.10694585,-0.02512712,-0.12869726,White,NE,302611
NE-3,653439,0.2095905,0.77913332,0.84797932,0.15202068,0.01410943,0.10541676,0.0014885,0.00981762,0.02256781,495130,-0.56954282,-0.55288752,-0.0166553,-0.56899105,White,NE,33774
NH-1,688457,0.50965425,0.47592038,0.85981788,0.14018212,0.02531041,0.05144487,0.00117055,0.04132825,0.01445412,557004,0.03373387,0.08055139,-0.04681752,0.04433971,White,NH,2561385
NH-2,689072,0.50356859,0.4813936,0.9168902,0.0831098,0.0136142,0.019772,0.0009988,0.01916349,0.0199636,563676,0.02217499,0.06716232,-0.04498733,0.03217077,White,NH,285381
NJ-1,579905,0.61717638,0.36471176,0.59263791,0.40736209,0.19335205,0.14596944,0.00175203,0.0654492,0.01647888,450334,0.25246462,0.31097247,-0.05850785,0.26696724,White,NJ,8216844
NJ-2,580748,0.44994582,0.53246527,0.70504112,0.29495888,0.13151103,0.12551327,0.00128059,0.02575053,0.02051765,461505,-0.08251945,-0.0232291,-0.05929035,-0.067756,White,NJ,1472277
NJ-3,580838,0.5534687,0.42906613,0.65481352,0.34518648,0.17057529,0.08979702,0.0015078,0.07439116,0.01500679,463590,0.12440257,0.16831602,-0.04391345,0.13404039,White,NJ,2176869
NJ-4,580438,0.32719294,0.65543492,0.79633725,0.20366275,0.03888396,0.10099314,0.00088657,0.05048242,0.01099956,424108,-0.32824198,-0.22457443,-0.10366755,-0.29868613,White,NJ,4759563
NJ-5,579264,0.46029421,0.51726962,0.73694883,0.26305117,0.02882539,0.10554517,0.00122367,0.1214858,0.00811531,455189,-0.05697541,0.03874723,-0.09572264,-0.03006786,White,NJ,6180847
NJ-6,580650,0.47420356,0.5027731,0.58050499,0.41949501,0.10893404,0.20871655,0.00138185,0.09477437,0.01391632,460251,-0.02856954,0.08907179,-0.11764133,0.00564424,White,NJ,10234811
NJ-7,579833,0.40773033,0.57055082,0.80949038,0.19050962,0.0362534,0.0906013,0.0008094,0.04849316,0.0115098,465777,-0.16282049,-0.10786143,-0.05495906,-0.1495008,White,NJ,1297553
NJ-8,580128,0.59173687,0.3780664,0.28454535,0.71545465,0.10621408,0.50994265,0.00214045,0.1119096,0.02417711,458781,0.21367047,0.41895125,-0.20528078,0.2770974,Hispanic,NJ,53858175
NJ-9,579969,0.55922454,0.41124632,0.23483284,0.76516716,0.16462361,0.53537639,0.00224926,0.07406186,0.02385718,439700,0.14797822,0.35666785,-0.20868963,0.21254143,Hispanic,NJ,42440593
NJ-10,579873,0.79398187,0.18443439,0.11717997,0.88282003,0.5686011,0.19944548,0.00225247,0.12067588,0.0151668,447952,0.60954748,0.78018566,-0.17063818,0.66142687,Black,NJ,53721739
NJ-11,579872,0.59919628,0.38015767,0.5977647,0.4022353,0.11819242,0.14561484,0.00116799,0.13339177,0.01116768,452914,0.21903861,0.29525346,-0.07621485,0.23944356,White,NJ,8724313
NJ-12,580336,0.53302974,0.43262218,0.45675244,0.54324756,0.09618392,0.1553364,0.00140354,0.28772059,0.01133356,455991,0.10040756,0.2310802,-0.13067264,0.13896511,Minority,NJ,8185412
NJ-13,579709,0.39524538,0.58800184,0.72803059,0.27196941,0.09119062,0.11943677,0.00154309,0.05242687,0.01478016,471781,-0.19275646,-0.11244213,-0.08031433,-0.17098502,White,NJ,1859822
NJ-14,579896,0.59118088,0.38470114,0.51156157,0.48843843,0.19194589,0.20163432,0.00126662,0.08969121,0.01257911,447647,0.20647974,0.29298305,-0.08650331,0.23031418,White,NJ,8544750
NJ-15,580802,0.52156382,0.4571045,0.45020942,0.54979058,0.10281137,0.25771541,0.00127536,0.19575208,0.01295511,466534,0.06445932,0.22609444,-0.16163512,0.11333769,Minority,NJ,24961507
NJ-16,580755,0.62066525,0.34982046,0.44714059,0.55285941,0.18339009,0.17255953,0.00160695,0.19451243,0.01401179,459256,0.27084479,0.36097952,-0.09013473,0.2958897,Minority,NJ,5661949
NM-1,529175,0.61986198,0.37141553,0.35573194,0.64426806,0.04329189,0.51341379,0.00293816,0.035514,0.07735131,413865,0.24844645,0.30117179,-0.05272534,0.26102156,Hispanic,NM,4452246
NM-2,529660,0.35653196,0.63845611,0.42039572,0.57960428,0.03344416,0.50021957,0.00254194,0.01794161,0.04149907,398515,-0.28192415,-0.23322027,-0.04870388,-0.27068952,Hispanic,NM,44800
NM-3,529897,0.54821446,0.44166857,0.37982711,0.62017289,0.01629496,0.30374459,0.00240587,0.01963317,0.29581113,406506,0.10654589,0.16125692,-0.05471103,0.1197829,Minority,NM,69486
NM-4,528790,0.54729328,0.44410724,0.46393623,0.53606377,0.02035929,0.45574776,0.00237323,0.02711954,0.04683851,420103,0.10318604,0.1337175,-0.03053146,0.10836319,Minority,NM,46688
NV-1,621250,0.61569398,0.36580076,0.23677122,0.76322878,0.17762573,0.50009463,0.01274241,0.075068,0.03363645,454388,0.24989322,0.3566419,-0.10674868,0.28047611,Hispanic,NV,21477411
NV-2,620511,0.45938213,0.51710461,0.65897577,0.34102423,0.02958353,0.20216664,0.00968015,0.06793533,0.03957372,493484,-0.05772248,-0.02494994,-0.03277254,-0.0517983,White,NV,279177
NV-3,620890,0.50406609,0.47901997,0.44621646,0.55378354,0.12472549,0.20759484,0.02277922,0.20086986,0.02541615,489964,0.02504612,0.10078435,-0.07573823,0.0452922,Minority,NV,15621028
NV-4,621072,0.51967111,0.46281166,0.46192574,0.53807426,0.15410917,0.21672615,0.0161739,0.15047671,0.02437974,487823,0.05685945,0.11638787,-0.05952842,0.07170226,Minority,NV,16300670
NV-5,620891,0.35846095,0.62307743,0.67444178,0.32555822,0.06404165,0.15370119,0.01066917,0.06944493,0.03879697,487667,-0.26461648,-0.25858229,-0.00603419,-0.26760508,White,NV,22487
NY-1,576761,0.4407396,0.54647774,0.74362129,0.25637871,0.05767195,0.13710829,0.00091669,0.05204516,0.01356785,465807,-0.10573814,-0.02980427,-0.07593387,-0.08542685,White,NY,2903931
NY-2,576945,0.42129591,0.56764571,0.59883721,0.40116279,0.09640423,0.26163233,0.00107617,0.04108218,0.0188495,452532,-0.1463498,-0.02971397,-0.11663583,-0.11247119,White,NY,6518450
NY-3,577118,0.41039484,0.5780067,0.68255827,0.31744173,0.07596193,0.14436728,0.00105339,0.09236137,0.01058618,459467,-0.16761186,-0.05210134,-0.11551052,-0.13410835,White,NY,14890420
NY-4,577495,0.48401596,0.49915582,0.65307486,0.34692514,0.05151205,0.13126321,0.00091633,0.1573049,0.0093852,455078,-0.01513986,0.12583021,-0.14097007,0.02685016,White,NY,9320098
NY-5,577638,0.55084111,0.43690005,0.45485936,0.54514064,0.23975643,0.22966981,0.00147952,0.07736075,0.01466566,455554,0.11394106,0.24493314,-0.13099208,0.15260509,Minority,NY,21174417
NY-6,577122,0.70191823,0.28786989,0.15346648,0.84653352,0.57282239,0.15918548,0.00412818,0.09894622,0.02439401,453226,0.41404834,0.59044808,-0.17639974,0.46784825,Black,NY,35805609
NY-7,576607,0.51438956,0.46482551,0.2482675,0.7517325,0.08017419,0.14381195,0.00246162,0.52047101,0.01079827,474891,0.04956405,0.28331225,-0.2337482,0.12248012,Asian,NY,70352640
NY-8,577053,0.57122166,0.40586167,0.34136337,0.65863663,0.05764366,0.25304845,0.00220497,0.34747188,0.01770096,473929,0.16535999,0.34907068,-0.18371069,0.22159689,Asian,NY,110433367
NY-9,576900,0.70842815,0.26349574,0.30359938,0.69640062,0.1424056,0.39869264,0.00398938,0.16087643,0.03047517,469497,0.44493241,0.62312216,-0.17818975,0.49932899,Hispanic,NY,140528309
NY-10,577234,0.66377737,0.32659491,0.27663825,0.72336175,0.50222376,0.14806395,0.00209243,0.09902199,0.01256784,453061,0.33718246,0.46274348,-0.12556102,0.37403613,Black,NY,62367960
NY-11,577273,0.68802178,0.29217348,0.30408306,0.69591694,0.50172672,0.11021709,0.00160569,0.0977225,0.01241686,450275,0.3958483,0.50497663,-0.10912833,0.42722441,Black,NY,170549520
NY-12,577176,0.87758784,0.09603398,0.38954255,0.61045745,0.38522912,0.15213576,0.00236409,0.09010618,0.01524108,458104,0.78155386,0.84047518,-0.05892132,0.7961943,Minority,NY,184004502
NY-13,577358,0.47382266,0.50393857,0.40392282,0.59607718,0.03449308,0.19696201,0.00155501,0.36174591,0.01869749,427651,-0.03011591,0.17435085,-0.20446676,0.03303968,Minority,NY,162716082
NY-14,577089,0.3707728,0.61067744,0.59247125,0.40752875,0.10341479,0.17500203,0.00165235,0.13365809,0.01477668,455109,-0.23990464,-0.09535962,-0.14454502,-0.19672297,White,NY,34640184
NY-15,576708,0.66480738,0.3132852,0.23802219,0.76197781,0.13392524,0.47521093,0.00258175,0.16911843,0.0341862,466738,0.35152218,0.5783087,-0.22678652,0.42211769,Hispanic,NY,118898571
NY-16,577114,0.80212733,0.17710197,0.55548321,0.44451679,0.07797094,0.13941014,0.00477139,0.22808999,0.00992566,514525,0.62502536,0.73195578,-0.10693042,0.65566883,White,NY,216010799
NY-17,577440,0.81019915,0.16949481,0.68137553,0.31862447,0.06062098,0.10287765,0.00179616,0.14741291,0.00868178,501625,0.64070434,0.7106821,-0.06997776,0.65903026,White,NY,245332782
NY-18,577675,0.78869497,0.19508077,0.16824284,0.83175716,0.34744541,0.51094914,0.00340174,0.05262834,0.02838383,471818,0.5936142,0.76983443,-0.17622023,0.64735428,Hispanic,NY,204359724
NY-19,577001,0.67447245,0.31153852,0.12623245,0.87376755,0.31779532,0.54208353,0.00362531,0.08354545,0.03153429,440790,0.36293393,0.59683842,-0.23390449,0.43590209,Hispanic,NY,88146906
NY-20,577211,0.71734605,0.27166868,0.10104249,0.89895751,0.37591703,0.58034045,0.00409516,0.03772905,0.02903549,433194,0.44567737,0.69007427,-0.2443969,0.522143,Hispanic,NY,144970653
NY-21,577298,0.6875517,0.30567425,0.25469642,0.74530358,0.42874992,0.29136431,0.0021441,0.05267704,0.01918674,453803,0.38187745,0.5181344,-0.13625695,0.42229643,Black,NY,48943362
NY-22,577723,0.63065721,0.36417982,0.63700507,0.36299493,0.07747253,0.19906758,0.00109513,0.0809613,0.01307226,447436,0.26647739,0.35312856,-0.08665117,0.29036111,White,NY,4884335
NY-23,576611,0.42305831,0.570491,0.63540991,0.36459009,0.11557552,0.17545882,0.00134134,0.06050554,0.01484916,413020,-0.14743269,-0.03275176,-0.11468093,-0.11420571,White,NY,2430013
NY-24,576811,0.50990595,0.48199032,0.63714599,0.36285401,0.13414058,0.18561455,0.00136936,0.03853363,0.01970876,459339,0.02791563,0.08455014,-0.05663451,0.0417938,White,NY,1723832
NY-25,577560,0.50430762,0.48725562,0.81927036,0.18072964,0.05804106,0.07396108,0.00121564,0.02439557,0.02061711,471356,0.017052,0.0468072,-0.0297552,0.0219704,White,NY,307291
NY-26,577856,0.58290043,0.40240286,0.70661523,0.29338477,0.13235411,0.06908391,0.00191062,0.07062404,0.01918375,464247,0.18049757,0.23401152,-0.05351395,0.19333555,White,NY,2060253
NY-27,576460,0.48398232,0.51057686,0.8805983,0.1194017,0.03180868,0.02936086,0.00106501,0.02216773,0.02825935,465722,-0.02659454,0.0239866,-0.05058114,-0.01473416,White,NY,232741
NY-28,577907,0.33432197,0.66136638,0.89037506,0.10962494,0.03379862,0.03237283,0.00147639,0.01206198,0.02124598,454486,-0.32704441,-0.28400616,-0.04303825,-0.31769833,White,NY,182800
NY-29,577859,0.51545175,0.47597898,0.8073774,0.1926226,0.05974176,0.04840523,0.00129334,0.06138569,0.01851298,467780,0.03947277,0.06872706,-0.02925429,0.0442242,White,NY,575310
NY-30,577236,0.56252005,0.43162269,0.78391232,0.21608768,0.10871316,0.04485438,0.00135388,0.04057507,0.02145314,459420,0.13089736,0.16196904,-0.03107168,0.13625459,White,NY,1314971
NY-31,576769,0.36936722,0.62438065,0.88490433,0.11509567,0.03448193,0.03374845,0.00102115,0.01268422,0.02668825,455369,-0.25501343,-0.23022897,-0.02478446,-0.25175194,White,NY,285556
NY-32,577587,0.40841062,0.58381582,0.87124072,0.12875928,0.04774977,0.04150831,0.00091939,0.01637197,0.01731725,463353,-0.1754052,-0.15353654,-0.02186866,-0.17311565,White,NY,556641
NY-33,577197,0.64399629,0.34386942,0.65812087,0.34187913,0.18655788,0.09228718,0.00134417,0.05694603,0.01491678,458276,0.30012687,0.32018642,-0.02005955,0.30181339,White,NY,6267804
NY-34,577004,0.43120557,0.55882436,0.89509765,0.10490235,0.04221328,0.02465276,0.00064377,0.0162902,0.01706962,464451,-0.12761879,-0.0887949,-0.03882389,-0.11967749,White,NY,1548782
NY-35,576453,0.639123,0.34378309,0.62831634,0.37168366,0.22043018,0.07131359,0.00118765,0.07285775,0.01455799,457206,0.29533991,0.3537796,-0.05843969,0.30981981,White,NY,14328377
OH-1,590211,0.66826521,0.32177911,0.58819482,0.41180518,0.3171233,0.04145506,0.00146713,0.03797606,0.01618833,460764,0.3464861,0.35811502,-0.01162892,0.34536241,White,OH,10749673
OH-2,589690,0.32025115,0.67083002,0.87927966,0.12072034,0.02991421,0.02198678,0.00123929,0.04262747,0.02004218,449452,-0.35057887,-0.34593745,-0.00464142,-0.35403173,White,OH,1078228
OH-3,589934,0.68889862,0.30087099,0.47946755,0.52053245,0.39713002,0.06043671,0.00142935,0.04868807,0.02139277,442860,0.38802763,0.43180466,-0.04377703,0.39761997,Minority,OH,9705865
OH-4,590483,0.25610205,0.7355534,0.92218934,0.07781066,0.02714926,0.0206678,0.00083917,0.00658084,0.01856326,452830,-0.47945135,-0.45357375,-0.0258776,-0.47582548,White,OH,375992
OH-5,590111,0.22583556,0.76557834,0.90282977,0.09717023,0.03315233,0.03428574,0.00153631,0.0088725,0.01652746,451733,-0.53974278,-0.51414184,-0.02560094,-0.53620913,White,OH,351015
OH-6,589833,0.281963,0.70997115,0.91937377,0.08062623,0.03191949,0.01532509,0.00069929,0.00784902,0.02007179,471906,-0.42800815,-0.39113881,-0.03686934,-0.42071837,White,OH,346508
OH-7,590348,0.55114987,0.44141416,0.81614903,0.18385097,0.08220452,0.03492994,0.00083152,0.05162534,0.01166641,476239,0.10973571,0.11986865,-0.01013294,0.10811336,White,OH,6284172
OH-8,589794,0.35413012,0.63688028,0.80702734,0.19297266,0.09213976,0.03985955,0.00150513,0.03786448,0.02043847,453116,-0.28275016,-0.27300795,-0.00974221,-0.28450276,White,OH,3383092
OH-9,589957,0.51766768,0.47279785,0.74499745,0.25500255,0.15347108,0.05917198,0.0008065,0.02207102,0.01975588,460015,0.04486983,0.08482516,-0.03995533,0.05318827,White,OH,1867149
OH-10,590393,0.49732004,0.49327327,0.70813481,0.29186519,0.20357832,0.03324454,0.00160475,0.03309787,0.021677,463625,0.00404677,0.02288283,-0.01883606,0.00532546,White,OH,4143509
OH-11,589771,0.79684644,0.19577982,0.34112406,0.65887594,0.54410951,0.08164593,0.00144171,0.02898989,0.01645326,462644,0.60106662,0.63300796,-0.03194134,0.60671373,Black,OH,14984608
OH-12,589917,0.46561158,0.52476132,0.81169729,0.18830271,0.07058306,0.028827,0.00109415,0.06640046,0.01756511,443265,-0.05914974,-0.05237997,-0.00676977,-0.06189315,White,OH,1747585
OH-13,589925,0.53538754,0.45547724,0.76906298,0.23093702,0.14406537,0.02066603,0.00090693,0.04370451,0.018455,470821,0.0799103,0.10473938,-0.02482908,0.08318666,White,OH,4556499
OH-14,589172,0.37688916,0.61461303,0.89780084,0.10219916,0.03752242,0.02636861,0.00074088,0.01271458,0.01760825,468360,-0.23772387,-0.21388059,-0.02384328,-0.23477611,White,OH,941499
OH-15,590319,0.60408431,0.38557785,0.75740348,0.24259652,0.09188562,0.05946004,0.00133766,0.073448,0.0172384,469475,0.21850646,0.24012921,-0.02162275,0.22071404,White,OH,8222481
OH-16,590570,0.25205293,0.74065672,0.9244281,0.0755719,0.03139789,0.01022221,0.00067886,0.00604863,0.02283463,458120,-0.48860379,-0.45595804,-0.03264575,-0.48272187,White,OH,349379
OH-17,589248,0.30322704,0.68685758,0.87379185,0.12620815,0.05726493,0.02123124,0.00116387,0.02203428,0.020536,454519,-0.38363054,-0.36763635,-0.01599419,-0.38329914,White,OH,664389
OH-18,590576,0.47867558,0.51224657,0.82669629,0.17330371,0.0707285,0.06756175,0.0008466,0.01620484,0.0184333,468934,-0.03357099,-0.00752829,-0.0260427,-0.02989009,White,OH,1443447
OH-19,589823,0.33264061,0.65867896,0.90320293,0.09679707,0.04035803,0.01844758,0.00090487,0.01241802,0.01855417,459735,-0.32603835,-0.30549548,-0.02054287,-0.32419073,White,OH,1057501
OH-20,589373,0.43875526,0.55323743,0.80216733,0.19783267,0.13139109,0.03374195,0.00085687,0.01069809,0.01906004,469149,-0.11448217,-0.05373045,-0.06075172,-0.0992316,White,OH,2503191
OK-1,565193,0.45828136,0.52200437,0.5817298,0.4182702,0.13551075,0.13458315,0.00255031,0.04260909,0.11745396,430143,-0.06372301,-0.07436643,0.01064342,-0.07227082,White,OK,6059598
OK-2,565155,0.23301021,0.74831626,0.65485839,0.34514161,0.02929866,0.0469239,0.00151817,0.0163907,0.25571815,430122,-0.51530605,-0.50487906,-0.01042699,-0.51683039,White,OK,281961
OK-3,565784,0.21740717,0.76525777,0.690627,0.309373,0.0548482,0.04429264,0.00199637,0.01071749,0.20455765,432284,-0.5478506,-0.53025396,-0.01759664,-0.54698505,White,OK,132300
OK-4,565695,0.21297104,0.76878973,0.72666693,0.27333307,0.04303041,0.10547683,0.00593132,0.01580223,0.10961743,432787,-0.55581869,-0.55158488,-0.00423381,-0.55940742,White,OK,64893
OK-5,565544,0.2455491,0.73702377,0.70453675,0.29546325,0.07022342,0.08040873,0.00346324,0.0249076,0.12334915,425613,-0.49147467,-0.48945869,-0.00201598,-0.49580268,White,OK,224949
OK-6,565818,0.37283728,0.60086309,0.71991198,0.28008802,0.0669065,0.0730304,0.00232615,0.05005297,0.09102022,429465,-0.22802581,-0.24315995,0.01513414,-0.23807052,White,OK,1725089
OK-7,566164,0.56170179,0.42142563,0.48777552,0.51222448,0.20233846,0.20257551,0.00310957,0.04273457,0.08185989,430284,0.14027616,0.15471169,-0.01443553,0.140088,Minority,OK,7923448
OR-1,604872,0.61047084,0.34924262,0.6719908,0.3280092,0.02791198,0.14254215,0.00937248,0.12032568,0.03301866,472127,0.26122822,0.27757036,-0.01634214,0.2616756,White,OR,590946
OR-2,605738,0.29430633,0.67532339,0.79301813,0.20698187,0.01050754,0.11381219,0.00521191,0.01656717,0.05701075,477752,-0.38101706,-0.36181625,-0.01920081,-0.37961679,White,OR,29269
OR-3,605499,0.84565086,0.11080194,0.70628026,0.29371974,0.06653002,0.09197513,0.00864592,0.09745945,0.03250231,505441,0.73484892,0.73076125,0.00408767,0.72848636,White,OR,10031839
OR-4,604803,0.5672162,0.3956817,0.80257296,0.19742704,0.01662137,0.08422761,0.00639037,0.04183662,0.0447346,499658,0.1715345,0.1845283,-0.0129938,0.17086577,White,OR,223898
OR-5,605292,0.53649774,0.42587681,0.73951562,0.26048438,0.03306551,0.11439932,0.00871093,0.07202943,0.03498996,471821,0.11062093,0.12843442,-0.01781349,0.11155876,White,OR,777615
OR-6,605627,0.52970332,0.43179442,0.70463246,0.29536754,0.0189578,0.1814078,0.01147576,0.04786012,0.0421545,464980,0.0979089,0.11455948,-0.01665058,0.09845909,White,OR,1145164
OR-7,605425,0.47831159,0.48591485,0.82608541,0.17391459,0.01233939,0.08524598,0.00541897,0.0264329,0.03970781,478873,-0.00760326,-0.00689647,-0.00070679,-0.01236766,White,OR,246910
PA-1,565376,0.49899558,0.49156094,0.84850377,0.15149623,0.0405209,0.04653116,0.00085988,0.04845089,0.01063404,450064,0.00743464,0.04834591,-0.04091127,0.01607173,White,PA,3461141
PA-2,565789,0.57307357,0.41462777,0.55737616,0.44262384,0.13543057,0.19955204,0.00184362,0.10507952,0.0131597,444235,0.1584458,0.22540385,-0.06695805,0.17576515,White,PA,26107948
PA-3,565534,0.85964752,0.12925189,0.28429247,0.71570753,0.51303953,0.12942496,0.00230122,0.07673271,0.01484223,449326,0.73039563,0.77735166,-0.04695603,0.74104764,Black,PA,48762261
PA-4,565690,0.85792542,0.13002384,0.33583164,0.66416836,0.50401833,0.05668735,0.00140979,0.10275561,0.01322545,459644,0.72790158,0.77152822,-0.04362664,0.73744379,Black,PA,41900844
PA-5,564784,0.59326753,0.39636941,0.76872716,0.23127284,0.09458515,0.04068075,0.00075455,0.08378412,0.00961659,446624,0.19689812,0.2306954,-0.03379728,0.20316388,White,PA,5854213
PA-6,564782,0.60751718,0.38198932,0.67597786,0.32402214,0.20584113,0.03960493,0.00100631,0.06833355,0.0107173,440223,0.22552786,0.2556025,-0.03007464,0.23055274,White,PA,10941637
PA-7,565127,0.55584672,0.43379078,0.79246561,0.20753439,0.06208155,0.06729354,0.0008515,0.06270415,0.01180195,436877,0.12205594,0.14870725,-0.02665131,0.12593971,White,PA,2417223
PA-8,565364,0.58189515,0.40767585,0.65915705,0.34084295,0.10708013,0.17781279,0.00187073,0.05585157,0.01670372,436729,0.1742193,0.21634035,-0.04212105,0.18325965,White,PA,6153479
PA-9,565644,0.53471612,0.45379555,0.66158631,0.33841369,0.0919921,0.20416115,0.00137881,0.04488334,0.01422155,445310,0.08092057,0.12151167,-0.0405911,0.08945094,White,PA,6316337
PA-10,565663,0.49286953,0.49804073,0.7754556,0.2245444,0.09016803,0.09837032,0.0012387,0.02766734,0.01426161,454507,-0.0051712,0.0541582,-0.0593294,0.00960527,White,PA,1607477
PA-11,565958,0.32327908,0.66762421,0.88855494,0.11144506,0.02660915,0.06018985,0.0009406,0.01193572,0.01157276,451837,-0.34434513,-0.33053439,-0.01381074,-0.34474155,White,PA,850732
PA-12,565452,0.48323475,0.50471363,0.74728194,0.25271806,0.11690466,0.06521106,0.00132036,0.05915847,0.01421014,446090,-0.02147888,-0.01099276,-0.01048612,-0.02298351,White,PA,2234248
PA-13,565176,0.40994511,0.58016384,0.82364729,0.17635271,0.04818446,0.09315033,0.00102608,0.028353,0.01193798,434663,-0.17021873,-0.16794042,-0.00227831,-0.17445929,White,PA,1907620
PA-14,564538,0.36417909,0.62631855,0.83133057,0.16866943,0.06277394,0.07441152,0.00098127,0.0171056,0.01633864,443305,-0.26213946,-0.25881883,-0.00332063,-0.26603258,White,PA,1518989
PA-15,565966,0.29606244,0.69491405,0.88468666,0.11531334,0.02345088,0.06293312,0.00091564,0.01088226,0.01558122,455420,-0.39885161,-0.37290654,-0.02594507,-0.39520325,White,PA,267726
PA-16,565040,0.37018525,0.6203825,0.87589059,0.12410941,0.04060271,0.03228083,0.00130543,0.03429635,0.01288332,461915,-0.25019725,-0.23771804,-0.01247921,-0.25103751,White,PA,416475
PA-17,565196,0.22862738,0.76373569,0.93353061,0.06646939,0.02352199,0.01619747,0.00071312,0.00707348,0.01359379,450132,-0.53510831,-0.52958048,-0.00552783,-0.5382657,White,PA,316046
PA-18,565340,0.28588696,0.70614114,0.93558105,0.06441895,0.01882948,0.01231167,0.00069095,0.0101574,0.01390701,454447,-0.42025418,-0.41884403,-0.00141015,-0.42478413,White,PA,241775
PA-19,566141,0.35589212,0.63445709,0.92295784,0.07704216,0.03422123,0.0124557,0.00061055,0.01056558,0.01198371,461877,-0.27856497,-0.27390981,-0.00465516,-0.28201325,White,PA,1124625
PA-20,565257,0.36017163,0.63190297,0.89901322,0.10098678,0.05156456,0.01530454,0.0010034,0.00973667,0.01512528,457446,-0.27173134,-0.24134427,-0.03038707,-0.26660232,White,PA,754057
PA-21,564635,0.40396224,0.58751098,0.87587646,0.12412354,0.06062348,0.02331228,0.0007258,0.01656919,0.0150288,450535,-0.18354874,-0.15347963,-0.03006911,-0.1785257,White,PA,683544
PA-22,565441,0.58139829,0.40930116,0.77290648,0.22709352,0.14682381,0.0214494,0.00083543,0.04414209,0.01233198,456050,0.17209713,0.17118424,0.00091289,0.16679283,White,PA,7646353
PA-23,564807,0.65181399,0.33751494,0.75375301,0.24624699,0.13851406,0.02769724,0.00092646,0.0652531,0.01102314,466292,0.31429905,0.31589709,-0.00159804,0.30983173,White,PA,7791779
RI-1,548989,0.64241116,0.32866287,0.58764487,0.41235513,0.1272998,0.23045071,0.00251955,0.04703457,0.02263716,438571,0.31374829,0.3927343,-0.07898601,0.33507696,White,RI,10314656
RI-2,548390,0.49229807,0.4822227,0.85677348,0.14322652,0.03237251,0.05549604,0.00122488,0.03634112,0.0149636,449023,0.01007537,0.07003683,-0.05996146,0.02506252,White,RI,2180014
SC-1,568179,0.46379123,0.5212069,0.71919154,0.28080846,0.18148362,0.06335809,0.00139989,0.01978758,0.01500969,460036,-0.05741567,0.00587599,-0.06329166,-0.04131845,White,SC,673974
SC-2,569104,0.33754177,0.64850765,0.6967254,0.3032746,0.20320039,0.05916029,0.00137147,0.02015244,0.02240138,443321,-0.31096588,-0.27017317,-0.04079271,-0.30236831,White,SC,665068
SC-3,567914,0.24877428,0.73808559,0.80392501,0.19607499,0.10918223,0.04507588,0.00109151,0.01699164,0.02230056,450751,-0.48931131,-0.45393241,-0.0353789,-0.48251834,White,SC,748198
SC-4,568431,0.42872066,0.55381325,0.61590952,0.38409048,0.2318787,0.10085424,0.00145929,0.03501619,0.01915668,435827,-0.12509259,-0.07097122,-0.05412137,-0.11205213,White,SC,4729833
SC-5,568543,0.3019417,0.68592984,0.74473525,0.25526475,0.16024881,0.04964764,0.00094637,0.02232467,0.02275651,435348,-0.38398814,-0.34289803,-0.04109011,-0.37529144,White,SC,631527
SC-6,569550,0.50958492,0.47482557,0.4861768,0.5138232,0.40977095,0.06305564,0.00209384,0.02310709,0.02087261,440817,0.03475935,0.11413742,-0.07937807,0.05621871,Minority,SC,360007
SC-7,568955,0.33450935,0.65476651,0.74816237,0.25183763,0.15556824,0.05354303,0.00159254,0.01865085,0.02048086,459014,-0.32025716,-0.2678815,-0.05237566,-0.30779861,White,SC,773723
SC-8,569036,0.5188867,0.46651629,0.46757971,0.53242029,0.46010523,0.03970734,0.00147006,0.01858685,0.0190859,442840,0.05237041,0.12070467,-0.06833426,0.0701485,Minority,SC,439153
SC-9,568713,0.53207952,0.45251906,0.54743721,0.45256279,0.37010029,0.04458171,0.00167747,0.02503438,0.01686651,446506,0.07956046,0.13459399,-0.05503353,0.09290497,White,SC,752983
SD-1,443500,0.3760337,0.60094413,0.8140945,0.1859055,0.03167569,0.0365629,0.00129475,0.01915981,0.09659233,329022,-0.22491043,-0.18916062,-0.03574981,-0.21799383,White,SD,65139
SD-2,443167,0.30990675,0.66650898,0.84714299,0.15285701,0.01332616,0.03475559,0.00178407,0.01793477,0.08475662,340233,-0.35660223,-0.32948965,-0.02711258,-0.3525647,White,SD,28102
TN-1,575764,0.20760729,0.78235638,0.91201712,0.08798288,0.02664473,0.02341279,0.00079562,0.00991517,0.02352891,465045,-0.57474909,-0.54158728,-0.03316181,-0.56869515,White,TN,602690
TN-2,575841,0.38026228,0.60436815,0.81650983,0.18349017,0.08157193,0.04554149,0.00128688,0.02788532,0.02578371,455365,-0.22410587,-0.18066111,-0.04344476,-0.21462428,White,TN,2427123
TN-3,575528,0.19852692,0.79141772,0.88485693,0.11514307,0.02429604,0.04938861,0.00119478,0.01045323,0.02789132,456988,-0.5928908,-0.55393319,-0.03895761,-0.58490493,White,TN,540521
TN-4,576458,0.34377084,0.64191957,0.76960007,0.23039993,0.12741307,0.05385322,0.00119308,0.02130179,0.02710019,455126,-0.29814873,-0.25885406,-0.03929467,-0.29005051,White,TN,1174097
TN-5,575004,0.22721725,0.76285907,0.86487326,0.13512674,0.05117365,0.04452931,0.00110329,0.01238191,0.02446901,447750,-0.53564182,-0.49745359,-0.03818823,-0.52791241,White,TN,382715
TN-6,576358,0.31807524,0.66733542,0.81336131,0.18663869,0.07038467,0.05076117,0.0011849,0.0416051,0.01984128,427039,-0.34926018,-0.30573271,-0.04352747,-0.33975102,White,TN,1141168
TN-7,576106,0.55209885,0.42909996,0.5919879,0.4080121,0.19991546,0.14044426,0.00164384,0.05107755,0.02207889,447124,0.12299889,0.18657506,-0.06357617,0.13919095,White,TN,6892282
TN-8,576248,0.21001342,0.78025277,0.85597418,0.14402582,0.0593281,0.04649052,0.00097241,0.00909738,0.02620375,448371,-0.57023935,-0.51468761,-0.05555174,-0.5567221,White,TN,308035
TN-9,576016,0.54074886,0.44093747,0.61016438,0.38983562,0.2533063,0.07894731,0.00343886,0.03642084,0.02322006,450731,0.09981139,0.16835122,-0.06853983,0.117658,White,TN,1911984
TN-10,576035,0.19893177,0.79211489,0.85143841,0.14856159,0.09034354,0.02570084,0.00098483,0.00738515,0.02154019,451853,-0.59318312,-0.54731196,-0.04587116,-0.58289273,White,TN,200670
TN-11,575281,0.54417407,0.44112557,0.42563763,0.57436237,0.48302968,0.06043535,0.0011835,0.01701541,0.01750459,443598,0.1030485,0.191176,-0.0881275,0.12742433,Black,TN,641915
TN-12,576201,0.57013543,0.41258345,0.4043694,0.5956306,0.47736651,0.06372005,0.00116882,0.04381342,0.01442995,435483,0.15755198,0.20521706,-0.04766508,0.16844034,Black,TN,5356633
TX-1,571908,0.22462478,0.76838018,0.63907499,0.36092501,0.14970225,0.1750044,0.00108043,0.01156722,0.02741732,437789,-0.5437554,-0.49365332,-0.05010208,-0.53205471,White,TX,250732
TX-2,571186,0.36936711,0.61776148,0.50528477,0.49471523,0.11160716,0.31760238,0.00207666,0.04662949,0.02822944,424238,-0.24839437,-0.23217668,-0.01621769,-0.24798847,White,TX,4977844
TX-3,572181,0.32925655,0.6480547,0.64964385,0.35035615,0.09448415,0.15144215,0.0018237,0.07240866,0.03499861,413445,-0.31879815,-0.28054874,-0.03824941,-0.31104835,White,TX,1243824
TX-4,571902,0.20016814,0.79271512,0.70115569,0.29884431,0.13987732,0.11361598,0.00160557,0.01080294,0.03517031,440343,-0.59254698,-0.54179429,-0.05075269,-0.58062942,White,TX,215735
TX-5,571892,0.27740522,0.7112691,0.6505925,0.3494075,0.12752281,0.17263942,0.00147889,0.02230086,0.03077683,425320,-0.43386388,-0.42215213,-0.01171175,-0.43495996,White,TX,779467
TX-6,572276,0.25743264,0.73317352,0.61898052,0.38101948,0.15030886,0.19452836,0.00249797,0.01100189,0.02694337,443560,-0.47574088,-0.46095078,-0.0147901,-0.47581085,White,TX,248406
TX-7,570969,0.51719135,0.44823629,0.26471083,0.73528917,0.22528721,0.21840969,0.00160779,0.2880542,0.01631395,427916,0.06895506,0.18249585,-0.11354079,0.10180199,Asian,TX,16195300
TX-8,572022,0.25899417,0.73165484,0.63953969,0.36046031,0.06171532,0.2350567,0.00227212,0.0377785,0.03052765,421192,-0.47266067,-0.4608361,-0.01182457,-0.47371915,White,TX,2234803
TX-9,570680,0.76626114,0.21872258,0.12744206,0.87255794,0.48054621,0.29144247,0.00181837,0.10349588,0.02011152,429505,0.54753856,0.63882151,-0.09128295,0.57296621,Black,TX,13334394
TX-10,571615,0.64687748,0.32883223,0.6794679,0.3205321,0.03531053,0.15340303,0.00208467,0.11093915,0.02159103,458107,0.31804525,0.36039842,-0.04235317,0.32716297,White,TX,4428999
TX-11,571350,0.20790081,0.78249896,0.45540138,0.54459862,0.05450309,0.45344661,0.00214953,0.0195548,0.02663519,421022,-0.57459815,-0.53537234,-0.03922581,-0.56652288,Minority,TX,94426
TX-12,570740,0.38691402,0.59790208,0.61822444,0.38177556,0.08606168,0.17900318,0.00589002,0.08873136,0.0292224,430389,-0.21098806,-0.18244391,-0.02854415,-0.20647334,White,TX,11619148
TX-13,570628,0.19728908,0.79316416,0.63555164,0.36444836,0.06921943,0.24209247,0.00165611,0.02632454,0.032621,432942,-0.59587508,-0.56479989,-0.03107519,-0.59051668,White,TX,89721
TX-14,571265,0.2964706,0.69523205,0.58427889,0.41572111,0.21103242,0.15675964,0.00107857,0.02850569,0.02272064,438544,-0.39876145,-0.32522302,-0.07353843,-0.37924864,White,TX,388560
TX-15,571810,0.47915787,0.51156534,0.07615366,0.92384634,0.00945018,0.89547352,0.0004309,0.01778099,0.01554722,403802,-0.03240747,0.15491945,-0.18732692,0.02503484,Hispanic,TX,2299192
TX-16,571650,0.59204717,0.39277153,0.12249193,0.87750807,0.03587175,0.82331101,0.00254569,0.01872049,0.02421625,435245,0.19927564,0.38161252,-0.18233688,0.2550546,Hispanic,TX,15747362
TX-17,571847,0.47187177,0.5073483,0.60222918,0.39777082,0.07234702,0.20705404,0.002843,0.09775975,0.02725468,424551,-0.03547653,0.00113478,-0.03661131,-0.02827276,White,TX,2090156
TX-18,570521,0.7240339,0.26332192,0.10720134,0.89279866,0.42321398,0.42874227,0.00321412,0.04109469,0.02585368,412243,0.46071198,0.58370173,-0.12298975,0.49670856,Hispanic,TX,11889417
TX-19,571778,0.24224394,0.74819406,0.49308192,0.50691808,0.06776765,0.39770522,0.00150689,0.02537332,0.02638807,426708,-0.50595012,-0.44595947,-0.05999065,-0.49095324,Minority,TX,74840
TX-20,572324,0.64526245,0.33932297,0.18684264,0.81315736,0.07564527,0.71903547,0.00237504,0.01750961,0.0287899,435361,0.30593948,0.42172828,-0.1157888,0.33953575,Hispanic,TX,16287313
TX-21,570780,0.32651527,0.66121961,0.59195045,0.40804955,0.05554499,0.29066861,0.00344808,0.04266395,0.02729018,431254,-0.33470434,-0.29449033,-0.04021401,-0.32629967,White,TX,831927
TX-22,571981,0.26787536,0.72073851,0.63642502,0.36357498,0.10305534,0.2016626,0.00151186,0.03789291,0.02523951,445809,-0.45286315,-0.38813454,-0.06472861,-0.43628695,White,TX,236293
TX-23,571500,0.45356705,0.53408373,0.21431571,0.78568429,0.05315657,0.70496353,0.00371432,0.02330442,0.02577098,414342,-0.08051668,0.06564957,-0.14616625,-0.0367946,Hispanic,TX,60740
TX-24,572267,0.55616896,0.42105928,0.54745816,0.45254184,0.15924409,0.2092142,0.00163449,0.06942694,0.02289786,464978,0.13510968,0.21381358,-0.0787039,0.15634431,White,TX,20767395
TX-25,571483,0.31817836,0.67054782,0.6480707,0.3519293,0.08413201,0.19596903,0.00236045,0.04451742,0.03112441,428731,-0.35236946,-0.30859175,-0.04377771,-0.34277689,White,TX,1945250
TX-26,571848,0.26682895,0.72219904,0.72318718,0.27681282,0.05695267,0.14400751,0.00200387,0.04295107,0.03427458,431165,-0.45537009,-0.429489,-0.02588109,-0.45174306,White,TX,380589
TX-27,570816,0.23526508,0.75706053,0.51148464,0.48851536,0.07023972,0.3875256,0.0010916,0.01461182,0.02321643,436975,-0.52179545,-0.46212719,-0.05966826,-0.50690603,White,TX,139433
TX-28,572198,0.45513988,0.53801135,0.06525303,0.93474697,0.0080255,0.91662017,0.00067458,0.0058728,0.013437,403215,-0.08287147,0.12870343,-0.2115749,-0.0173465,Hispanic,TX,138625
TX-29,572066,0.57013809,0.41782827,0.11120166,0.88879834,0.13993165,0.71372854,0.001237,0.03596039,0.02836859,412287,0.15230982,0.30867133,-0.15636151,0.19943032,Hispanic,TX,14445090
TX-30,571413,0.74250478,0.24147323,0.15427585,0.84572415,0.52889318,0.26280638,0.00151867,0.05027726,0.02292682,415496,0.50103155,0.59414833,-0.09311678,0.52707048,Black,TX,6724294
TX-31,571639,0.41597599,0.57007259,0.47035525,0.52964475,0.22829165,0.24102911,0.01054566,0.0429526,0.03140551,423397,-0.1540966,-0.06819913,-0.08589747,-0.13046411,Minority,TX,1618866
TX-32,571667,0.59281617,0.39079062,0.22675004,0.77324996,0.20850227,0.51298422,0.00155342,0.04310977,0.03505691,409420,0.20202555,0.30690469,-0.10487914,0.23198526,Hispanic,TX,13718970
TX-33,571504,0.61323879,0.36274411,0.19866339,0.80133661,0.15044696,0.59486444,0.00186592,0.04819025,0.03465281,420168,0.25049468,0.38658969,-0.13609501,0.29085968,Hispanic,TX,13475305
TX-34,571876,0.48536103,0.50537458,0.07312967,0.92687033,0.00508832,0.91449623,0.0006086,0.00643523,0.01376092,400918,-0.02001355,0.2028603,-0.22287385,0.04927773,Hispanic,TX,3349935
TX-35,570854,0.51723853,0.4689633,0.32062125,0.67937875,0.11415149,0.52536765,0.00404769,0.03417506,0.03052021,427651,0.04827523,0.11459223,-0.066317,0.0653809,Hispanic,TX,4081646
TX-36,571751,0.35959441,0.62676877,0.53430652,0.46569348,0.12865617,0.25200638,0.00174996,0.06536545,0.02607188,428009,-0.26717436,-0.24154985,-0.02562451,-0.26363286,White,TX,2450969
TX-37,570820,0.72444655,0.25060875,0.40945195,0.59054805,0.13336809,0.35719366,0.00276322,0.08930007,0.03099185,452732,0.4738378,0.5371353,-0.0632975,0.48993697,Minority,TX,13286903
TX-38,571261,0.37374477,0.60953286,0.53457481,0.46542519,0.1262555,0.23145292,0.00250504,0.08967141,0.02639708,419554,-0.23578809,-0.22168506,-0.01410303,-0.23608708,White,TX,9423510
TX-39,571973,0.42046228,0.5701069,0.30632537,0.69367463,0.03685466,0.62174834,0.00175993,0.02469218,0.02209617,432971,-0.14964462,-0.0572001,-0.09244452,-0.12382978,Hispanic,TX,467546
TX-40,571462,0.54940003,0.43556023,0.32204622,0.67795378,0.08910773,0.51317452,0.00398812,0.07115317,0.02956926,437549,0.1138398,0.18624264,-0.07240284,0.13297408,Hispanic,TX,9725897
TX-41,571368,0.5144593,0.46003841,0.41885948,0.58114052,0.14155574,0.2202443,0.00197991,0.20396653,0.02491555,446990,0.05442089,0.12926683,-0.07484594,0.07436954,Minority,TX,12657001
TX-42,570911,0.49953729,0.46434283,0.48553387,0.51446613,0.11891894,0.16913757,0.00183826,0.20812167,0.02359095,443899,0.03519446,0.09023977,-0.05504531,0.0485429,Minority,TX,15502208
TX-43,571234,0.48142458,0.49430294,0.51770754,0.48229246,0.1317039,0.15738188,0.00228725,0.17214901,0.02540804,414908,-0.01287836,0.03876708,-0.05164544,-0.00066321,White,TX,8533808
TX-44,571347,0.54361472,0.43966829,0.42691323,0.57308677,0.08022468,0.44698574,0.00750793,0.03137643,0.03235694,428347,0.10394643,0.17252095,-0.06857452,0.1218046,Hispanic,TX,962069
TX-45,570611,0.63362105,0.35147057,0.27232965,0.72767035,0.28448832,0.38764493,0.00219881,0.04743449,0.02442172,421592,0.28215048,0.37240117,-0.09025069,0.30723404,Hispanic,TX,12373697
TX-46,572277,0.38109175,0.60435339,0.54276959,0.45723041,0.13686781,0.24386291,0.00326037,0.05251571,0.0324241,428786,-0.22326164,-0.19438537,-0.02887627,-0.21863622,White,TX,2711181
TX-47,570949,0.56417679,0.41803622,0.2977641,0.7022359,0.08883774,0.54599317,0.00140093,0.06113805,0.03173957,429716,0.14614057,0.21369031,-0.06754974,0.16365715,Hispanic,TX,16056815
TX-48,570588,0.56883884,0.41010488,0.39070223,0.60929777,0.1277078,0.3301947,0.00181471,0.14384553,0.02225539,446903,0.15873396,0.20894555,-0.05021159,0.17047116,Minority,TX,29882819
TX-49,570997,0.48524465,0.49514984,0.30205504,0.69794496,0.19774992,0.36616402,0.00205097,0.12758854,0.02770126,417851,-0.00990519,0.07651023,-0.08641542,0.01389995,Hispanic,TX,14383615
TX-50,571984,0.37308013,0.60600746,0.47024297,0.52975703,0.13652286,0.26284427,0.00142627,0.11550112,0.02142786,413667,-0.23292733,-0.20092589,-0.03200144,-0.22726018,Minority,TX,1074185
TX-51,571523,0.17032308,0.82126954,0.75768254,0.24231746,0.03071698,0.1708393,0.00238583,0.01099106,0.03032593,455188,-0.65094646,-0.62801765,-0.02292881,-0.64830352,White,TX,78422
UT-1,545471,0.25467624,0.71591638,0.84948477,0.15051523,0.00793282,0.09633434,0.0066187,0.01709162,0.02453565,374394,-0.46124014,-0.47476007,0.01351993,-0.47074678,White,UT,81512
UT-2,545664,0.22766391,0.74952218,0.83275669,0.16724331,0.00953779,0.09473271,0.01072471,0.01630612,0.03802107,376607,-0.52185827,-0.5138989,-0.00795937,-0.52420515,White,UT,34644
UT-3,545743,0.31650615,0.65144676,0.79569295,0.20430705,0.0130593,0.12171325,0.01837602,0.03677862,0.01858061,376360,-0.33494061,-0.34443183,0.00949122,-0.34310435,White,UT,4861405
UT-4,544948,0.57558411,0.39885369,0.80088303,0.19911697,0.01926837,0.09431412,0.01003732,0.05721128,0.01676749,414254,0.17673042,0.16881599,0.00791443,0.16909228,White,UT,4365088
UT-5,544824,0.56027506,0.40795557,0.58826132,0.41173868,0.03112869,0.2706692,0.03163818,0.05936197,0.03140704,402362,0.15231949,0.17630611,-0.02398662,0.15531503,White,UT,5305797
UT-6,544966,0.37832624,0.58980808,0.78512605,0.21487395,0.02077227,0.13439751,0.01098733,0.03239895,0.02287186,380074,-0.21148184,-0.22283524,0.0113534,-0.22026631,White,UT,2827713
VA-1,575424,0.42538992,0.5588237,0.72555625,0.27444375,0.16223607,0.04116866,0.00216026,0.0494585,0.02140603,452723,-0.13343378,-0.13575897,0.00232519,-0.13920884,White,VA,552177
VA-2,575554,0.5086902,0.47455267,0.60321768,0.39678232,0.22129459,0.07812149,0.00438553,0.08336501,0.0223544,449889,0.03413753,0.06216557,-0.02802804,0.03848021,White,VA,1729324
VA-3,575804,0.68772704,0.29431466,0.40002118,0.59997882,0.4795277,0.07137893,0.00415425,0.04154248,0.02312083,453271,0.39341238,0.43241857,-0.03900619,0.40141444,Black,VA,10902045
VA-4,575148,0.70696633,0.27289625,0.44113481,0.55886519,0.41414571,0.09374931,0.00157857,0.04140668,0.01914889,456110,0.43407008,0.45331368,-0.0192436,0.43548461,Minority,VA,5538932
VA-5,575619,0.34270862,0.64563768,0.69394058,0.30605942,0.24767128,0.02809535,0.00093192,0.01236462,0.01768496,464632,-0.30292906,-0.25058903,-0.05234003,-0.29048238,White,VA,259954
VA-6,575591,0.41051702,0.57263956,0.80383233,0.19616767,0.10067922,0.03882351,0.00118714,0.03644709,0.01851764,465826,-0.16212254,-0.1459215,-0.01620104,-0.16172219,White,VA,468737
VA-7,576246,0.54309471,0.43217056,0.48266615,0.51733385,0.24511825,0.18107553,0.0033132,0.07950981,0.02628724,425872,0.11092415,0.14470097,-0.03377682,0.11718309,Minority,VA,2593901
VA-8,575865,0.74521517,0.2232564,0.59196107,0.40803893,0.11953588,0.13086447,0.00213951,0.14681354,0.01593394,462723,0.52195877,0.56457424,-0.04261547,0.53116393,White,VA,19507917
VA-9,575371,0.22637166,0.76461093,0.88824532,0.11175468,0.06465521,0.02123055,0.00089947,0.00612966,0.017419,468052,-0.53823927,-0.51310773,-0.02513154,-0.53486209,White,VA,252288
VA-10,574993,0.58802735,0.37553444,0.53330516,0.46669484,0.08701082,0.13510825,0.00202533,0.23309811,0.0152149,421166,0.21249291,0.29443168,-0.08193877,0.23480583,White,VA,3646862
VA-11,574450,0.66641529,0.29701881,0.44898485,0.55101515,0.13779314,0.20240442,0.00260288,0.20253901,0.01968245,438360,0.36939648,0.46222534,-0.09282886,0.39533943,Minority,VA,13517586
VA-12,574889,0.5193168,0.46656403,0.51736461,0.48263539,0.38710627,0.0490192,0.00275046,0.03135255,0.02188637,451925,0.05275277,0.08885185,-0.03609908,0.0597858,White,VA,534855
VA-13,574718,0.54722928,0.43319797,0.73086264,0.26913736,0.12782809,0.05356953,0.00128752,0.07052477,0.01550346,450480,0.11403131,0.09959098,0.01444033,0.10421787,White,VA,1000587
VA-14,575892,0.35973419,0.62400526,0.79881307,0.20118693,0.07138712,0.08706983,0.00142307,0.02319164,0.02060343,449731,-0.26427107,-0.23642918,-0.02784189,-0.25999044,White,VA,462012
VA-15,575829,0.57304977,0.39518151,0.50377164,0.49622836,0.11127485,0.17407332,0.00216673,0.19977711,0.0185128,434294,0.17786826,0.28918043,-0.11131217,0.20997232,White,VA,6150634
VT-AL,643077,0.63234241,0.32019255,0.90402721,0.09597279,0.01723224,0.02118853,0.00098764,0.02224099,0.0243669,524482,0.31214986,0.35412652,-0.04197666,0.32114208,White,VT,229829
WA-1,591969,0.55914551,0.40308859,0.7710278,0.2289722,0.02124574,0.09600345,0.00789273,0.05726484,0.04571917,470306,0.15605692,0.14542818,0.01062874,0.14751401,White,WA,404069
WA-2,592767,0.67959718,0.28014497,0.6178603,0.3821397,0.05751594,0.10011133,0.01113066,0.18934609,0.02794831,464393,0.39945221,0.40564429,-0.00619208,0.39651624,White,WA,13569265
WA-3,592791,0.502111,0.46406037,0.76825121,0.23174879,0.02935548,0.09401452,0.01343599,0.0600286,0.03614386,454600,0.03805063,0.02437089,0.01367974,0.02849072,White,WA,662975
WA-4,592365,0.35859473,0.60939232,0.64693161,0.35306839,0.01499709,0.26773759,0.00480924,0.02081903,0.04870452,444353,-0.25079759,-0.22355574,-0.02724185,-0.24671697,White,WA,67534
WA-5,592300,0.46098271,0.50180701,0.81825802,0.18174198,0.02954752,0.05770587,0.00963837,0.04287102,0.03968109,466469,-0.0408243,-0.03432052,-0.00650378,-0.04365637,White,WA,486058
WA-6,592446,0.55177137,0.4119525,0.7875483,0.2124517,0.02802763,0.06773118,0.01175687,0.05326598,0.05218057,481846,0.13981887,0.1116341,0.02818477,0.12542395,White,WA,268272
WA-7,592480,0.87221584,0.08908162,0.66053118,0.33946882,0.05406235,0.07346647,0.00621223,0.18497966,0.02246793,508191,0.78313422,0.79081903,-0.00768481,0.78069582,White,WA,16705707
WA-8,592236,0.67233299,0.2865911,0.52691631,0.47308369,0.05966707,0.08439007,0.01019085,0.3035915,0.01978617,463455,0.38574189,0.40985042,-0.02410853,0.38877807,White,WA,9836238
WA-9,593613,0.71027171,0.24929674,0.44982418,0.55017582,0.14889269,0.14513781,0.025801,0.21573774,0.03310004,469788,0.46097497,0.49211311,-0.03113814,0.46635435,Minority,WA,12724378
WA-10,593136,0.61873935,0.34127768,0.66561186,0.33438814,0.09029868,0.09822582,0.02158753,0.09890498,0.03798814,466751,0.27746167,0.26745892,0.01000275,0.26912742,White,WA,2704040
WA-11,593088,0.56921105,0.38866316,0.71104331,0.28895669,0.02465285,0.0699091,0.0067063,0.15673942,0.02779192,443762,0.18054789,0.18896311,-0.00841522,0.17835296,White,WA,599332
WA-12,592635,0.38295696,0.58424843,0.65416908,0.34583092,0.01353377,0.25348207,0.00402453,0.02609711,0.05355916,441045,-0.20129147,-0.17523353,-0.02605794,-0.19760549,White,WA,158283
WA-13,593455,0.46729807,0.49679659,0.67850933,0.32149067,0.07417784,0.098886,0.02570209,0.09235541,0.04118693,449730,-0.02949852,-0.01276797,-0.01673055,-0.02892167,White,WA,477171
WI-1,589071,0.46997454,0.51456178,0.77463286,0.22536714,0.07827796,0.10857855,0.00113453,0.01814806,0.01966876,458341,-0.04458724,-0.01406668,-0.03052056,-0.03941372,White,WI,1378153
WI-2,589732,0.72728302,0.25516513,0.79629316,0.20370684,0.05599046,0.06052123,0.00125878,0.0692649,0.01526011,471884,0.47211789,0.48395304,-0.01183515,0.47106294,White,WI,1130143
WI-3,589730,0.50288393,0.48182731,0.91125804,0.08874196,0.01443289,0.03011826,0.00097247,0.02145071,0.01659923,460684,0.02105662,0.05357709,-0.03252047,0.02689678,White,WI,222147
WI-4,589694,0.72459687,0.25645848,0.47523978,0.52476022,0.36837353,0.09750755,0.00140369,0.05057545,0.01648446,447391,0.46813839,0.48502628,-0.01688789,0.46876769,Minority,WI,6185014
WI-5,589503,0.34989706,0.63547275,0.90810226,0.09189774,0.01732231,0.03581644,0.00081509,0.0194757,0.01271499,462525,-0.28557569,-0.29225472,0.00667903,-0.29280203,White,WI,825217
WI-6,589243,0.36688569,0.61887927,0.91126839,0.08873161,0.00865268,0.02363421,0.0008763,0.02169553,0.02908676,462169,-0.25199358,-0.23762718,-0.0143664,-0.25220478,White,WI,149804
WI-7,589020,0.39340054,0.58839901,0.91703747,0.08296253,0.01125373,0.01722732,0.00105303,0.01118524,0.0350368,467223,-0.19499847,-0.16245123,-0.03254724,-0.18914939,White,WI,106262
WI-8,589097,0.48609195,0.49852357,0.84385334,0.15614666,0.03098928,0.05856943,0.0011981,0.03524361,0.02917035,459062,-0.01243162,-0.00978076,-0.00265086,-0.016548,White,WI,1708410
WI-9,589802,0.53159686,0.44653857,0.73842538,0.26157462,0.04995794,0.14383612,0.0011295,0.05074057,0.02148642,461268,0.08505829,0.08368671,0.00137158,0.0796011,White,WI,8804790
WI-10,588826,0.35318765,0.63117151,0.89521454,0.10478546,0.01736643,0.0421719,0.00099837,0.02010382,0.02061059,461753,-0.27798386,-0.26704611,-0.01093775,-0.27933794,White,WI,277132
WV-1,598217,0.29476214,0.6848305,0.90999244,0.09000756,0.03298158,0.01596885,0.00094032,0.01359734,0.01964521,482815,-0.39006836,-0.3694762,-0.02059216,-0.38820431,White,WV,377268
WV-2,598336,0.25950965,0.72282651,0.8868186,0.1131814,0.05423579,0.02263164,0.00085211,0.01041098,0.02124168,474115,-0.46331686,-0.43152341,-0.03179345,-0.45771904,White,WV,199806
WV-3,597163,0.29064779,0.69019417,0.91013903,0.08986097,0.04479393,0.01059449,0.00063865,0.00996634,0.01993899,476002,-0.39954638,-0.36597771,-0.03356867,-0.39335682,White,WV,312054
WY-AL,576851,0.25841857,0.71598005,0.83845451,0.16154549,0.01343191,0.08644868,0.00228623,0.01477329,0.04176627,441337,-0.45756148,-0.43382653,-0.02373495,-0.45464983,White,WY,20623
