State,CD,TotalPop,TotalVAP,PopGrowth,PopDevPct,WhitePct,MinorityPct,BlackPct,HispanicPct,PacificPct,AsianPct,NativePct,Minority,Minority_CVAP,Margin_24,Margin_20,Margin_16,Turnout_CVAP_24,CollegePct,Density,Area
AK,AK-1,98606,70215,-0.01558729,-0.05883492,0.29730115,0.70269885,0.02045147,0.04442071,0.0114363,0.08313039,0.55134943,Native,Native,0.02445294,0.12440448,0.16228983,0.45491192,0.19794594,0.09,Rural
AK,AK-2,98484,74731,-0.00001015,-0.05999937,0.68441477,0.31558523,0.05547898,0.06887369,0.00992895,0.04961796,0.13189975,White,White,-0.26693068,-0.23601197,-0.29021029,0.61690067,0.29701308,0.55,Rural
AK,AK-3,107090,84503,-0.00741432,0.02214235,0.68659101,0.31340899,0.01560891,0.04151332,0.01049667,0.06398589,0.18858502,White,White,0.00585126,0.03808631,-0.03186265,0.70938371,0.32976883,0.76,Rural
AK,AK-4,107052,80428,0.0004297,0.02177965,0.769533,0.230467,0.02926841,0.05545332,0.00784553,0.04548167,0.08934699,White,White,-0.24346689,-0.24576797,-0.30644758,0.75493834,0.4144017,13.18,Rural
AK,AK-5,107081,82068,-0.00284831,0.02205645,0.49281084,0.50718916,0.08907248,0.08725691,0.0502632,0.14475801,0.1615977,Minority,White,0.08584035,0.10263158,0.01592423,0.54922569,0.29144125,1279.25,Urban
AK,AK-6,107997,83977,-0.00926878,0.0307994,0.55625945,0.44374055,0.06730414,0.08316563,0.03995142,0.12834467,0.14051466,White,White,0.09304004,0.0973929,0.03008949,0.59981406,0.36463458,633.95,Suburban
AK,AK-7,107081,78081,0.05516385,0.02205645,0.78751553,0.21248447,0.01854484,0.03921569,0.00820942,0.02739463,0.11504719,White,White,-0.48316571,-0.48283023,-0.51489456,0.66974891,0.23654528,1.67,Rural
AL,AL-1,100700,77537,0.00809335,0.00213384,0.41720727,0.58279273,0.52532339,0.02716123,0.00099307,0.01699834,0.01675329,Black,Black,0.22314153,0.27294042,0.24616845,0.53162427,0.27181592,458.02,Suburban
AL,AL-2,100941,78098,-0.01137298,0.00453219,0.37333863,0.62666137,0.56566109,0.02833619,0.00130605,0.01906579,0.01685062,Black,Black,0.30735738,0.36118337,0.33940715,0.50306789,0.25563182,742.68,Suburban
AL,AL-3,97799,76433,-0.05373266,-0.02673598,0.71597347,0.28402653,0.17170594,0.03419989,0.00174009,0.04661599,0.02739654,White,White,-0.42469159,-0.4268686,-0.47180616,0.59319344,0.24303901,146.55,Rural
AL,AL-4,96410,73030,0.03926979,-0.04055885,0.76523347,0.23476653,0.14357114,0.02711215,0.00093112,0.01621252,0.04499521,White,White,-0.56873675,-0.55944838,-0.58357521,0.61425157,0.19387536,23.1,Rural
AL,AL-5,97776,75764,0.00582965,-0.02696486,0.69262447,0.30737553,0.2264268,0.01515232,0.0011483,0.00731218,0.05802228,White,White,-0.55439228,-0.47297765,-0.47610207,0.59294601,0.16592251,19.2,Rural
AL,AL-6,103182,79613,0.06232676,0.0268339,0.82649818,0.17350182,0.08901813,0.03876251,0.00131888,0.01527389,0.02539786,White,White,-0.49752813,-0.46259722,-0.50602329,0.68564799,0.4252656,178.15,Rural
AL,AL-7,101913,82079,0.07291513,0.01420522,0.84722036,0.15277964,0.04521254,0.05781016,0.00107214,0.01083103,0.03019043,White,White,-0.65576793,-0.62471174,-0.65387477,0.61488988,0.2726828,60.7,Rural
AL,AL-8,104229,80521,0.01382533,0.03725331,0.7492207,0.2507793,0.16478931,0.04382708,0.00191254,0.01664162,0.02742142,White,White,-0.62745098,-0.57968136,-0.59065947,0.5785374,0.19105764,17.36,Rural
AL,AL-9,97682,75882,0.00952069,-0.02790032,0.73764529,0.26235471,0.17901479,0.04226299,0.00196358,0.01399541,0.02730555,White,White,-0.60505792,-0.55282075,-0.56222447,0.57509488,0.1824078,21.59,Rural
AL,AL-10,102651,79273,0.00983916,0.02154956,0.66036355,0.33963645,0.26630757,0.03477855,0.00167775,0.01665132,0.02254235,White,White,-0.457381,-0.40612869,-0.45401945,0.53615468,0.22404117,74.78,Rural
AL,AL-11,103938,81041,-0.01725067,0.03435737,0.4165916,0.5834084,0.5233277,0.03886921,0.00233215,0.00911884,0.01669525,Black,Black,0.08586976,0.15097362,0.15234787,0.48775129,0.15939962,18.8,Rural
AL,AL-12,100657,77927,0.01491203,0.00170592,0.37383705,0.62616295,0.52218102,0.02989978,0.00119342,0.06619015,0.01110013,Black,Black,0.21864212,0.19940218,0.1479074,0.58911179,0.41498646,45.65,Rural
AL,AL-13,102099,80561,-0.01850165,0.01605623,0.39500503,0.60499497,0.54422115,0.02985315,0.0013406,0.01971177,0.01428731,Black,Black,0.20134517,0.25650788,0.20863634,0.51603601,0.3067374,38.79,Rural
AL,AL-14,98926,77290,-0.03101308,-0.01552044,0.37743563,0.62256437,0.56163799,0.04009574,0.00100919,0.01287359,0.0141933,Black,Black,0.2283897,0.27602228,0.25646467,0.54410763,0.18686703,22.39,Rural
AL,AL-15,99754,77765,-0.03217916,-0.00728045,0.40142738,0.59857262,0.57300842,0.01082749,0.00090015,0.00448788,0.01377226,Black,Black,0.06963199,0.13322775,0.15584194,0.62267293,0.15734014,8.16,Rural
AL,AL-16,98246,78071,-0.02483562,-0.02228758,0.44007378,0.55992622,0.52973575,0.018227,0.00076853,0.00558466,0.00995248,Black,Black,0.02327207,0.10541101,0.11908433,0.64981631,0.15447301,6.38,Rural
AL,AL-17,101870,79858,0.06174536,0.0137773,0.416339,0.583661,0.5193218,0.03612662,0.00115204,0.01783165,0.01382454,Black,Black,0.26068473,0.31434791,0.24782135,0.43157161,0.26337058,160.97,Rural
AL,AL-18,103970,82035,0.01165721,0.03467582,0.5621503,0.4378497,0.31974157,0.04600475,0.00115804,0.05763394,0.01679771,White,White,-0.12409913,-0.01888067,-0.03881099,0.53386765,0.33282279,51.31,Rural
AL,AL-19,105043,82200,0.04856107,0.04535397,0.70293187,0.29706813,0.19486618,0.03867397,0.00154501,0.04189781,0.02188564,White,White,-0.40224088,-0.36405583,-0.38694092,0.54588435,0.3672782,96.15,Rural
AL,AL-20,104541,82403,0.00231488,0.04035823,0.78134291,0.21865709,0.16761526,0.02287538,0.00071599,0.00657743,0.02090943,White,White,-0.62551369,-0.56715331,-0.54394981,0.63209307,0.17981814,15.54,Rural
AL,AL-21,103819,78908,0.02042015,0.03317312,0.7594287,0.2405713,0.15122675,0.05162975,0.00131799,0.01321792,0.02331829,White,White,-0.56754225,-0.53838148,-0.56310276,0.60998184,0.22820176,31.14,Rural
AL,AL-22,98364,77608,0.01486316,-0.02111328,0.72191011,0.27808989,0.21917844,0.02445624,0.0008762,0.00994743,0.02182765,White,White,-0.50925531,-0.46511427,-0.48903839,0.60276367,0.22584847,29.92,Rural
AL,AL-23,103436,81121,-0.00320005,0.02936163,0.77418917,0.22581083,0.15015841,0.0359463,0.00070265,0.01125479,0.02908002,White,White,-0.55543273,-0.50203235,-0.49612807,0.58446395,0.17719865,74.63,Rural
AL,AL-24,104470,83081,-0.0009285,0.03965166,0.68705239,0.31294761,0.23993452,0.03443627,0.00172121,0.01455206,0.02333867,White,White,-0.41346744,-0.35480412,-0.37455379,0.52692868,0.18579025,85.76,Rural
AL,AL-25,101466,80135,-0.0028581,0.00975682,0.67736944,0.32263056,0.27618394,0.01911774,0.0009484,0.0068759,0.01905534,White,White,-0.41302298,-0.33687186,-0.33809344,0.56548835,0.18561577,39.45,Rural
AL,AL-26,100099,74570,0.0461643,-0.00384712,0.70875687,0.29124313,0.17284431,0.07516428,0.0014483,0.01641411,0.02657905,White,White,-0.33427662,-0.3449788,-0.4437867,0.63358074,0.37507885,110.3,Rural
AL,AL-27,96579,74089,0.01173133,-0.03887702,0.83432088,0.16567912,0.0262927,0.09240238,0.00055339,0.00454858,0.0501289,White,White,-0.7425116,-0.70684398,-0.68906541,0.59944363,0.14271836,28.02,Rural
AL,AL-28,103949,83972,0.04103936,0.03446684,0.76487401,0.23512599,0.13833182,0.05507788,0.00107179,0.02129281,0.01722003,White,White,-0.51525161,-0.48268539,-0.5080749,0.44602776,0.31075418,35.68,Rural
AL,AL-29,103144,79801,-0.00879353,0.02645574,0.85284646,0.14715354,0.08917181,0.03056353,0.00080199,0.00595231,0.0224308,White,White,-0.70613902,-0.67659234,-0.67724509,0.63634837,0.1903398,15.62,Rural
AL,AL-30,103608,80806,0.01667825,0.03107331,0.77660075,0.22339925,0.10321016,0.05565181,0.00102715,0.04093755,0.02134742,White,White,-0.4213275,-0.41497721,-0.50809376,0.68952326,0.56217673,223.73,Suburban
AL,AL-31,101448,78303,0.00533278,0.00957769,0.40845178,0.59154822,0.50342899,0.05128795,0.000613,0.02343461,0.01589977,Black,Black,0.23888852,0.23171758,0.1915362,0.61174625,0.29523755,257.79,Suburban
AL,AL-32,95886,74223,-0.03006695,-0.04577353,0.4076095,0.5923905,0.51567573,0.05246352,0.00172453,0.00774692,0.01867346,Black,Black,0.25385438,0.22551018,0.12527488,0.58948666,0.22686083,217.67,Suburban
AL,AL-33,103155,77632,-0.02505938,0.0265652,0.43028648,0.56971352,0.49542714,0.04863974,0.00077288,0.01195383,0.01715787,Black,Black,0.19185213,0.20984405,0.09462401,0.60097878,0.27975784,368.83,Suburban
AL,AL-34,100287,78445,-0.02911644,-0.0019762,0.45471349,0.54528651,0.48320479,0.03360316,0.00127478,0.01856078,0.0123526,Black,Black,0.22787849,0.30285301,0.30256096,0.61379567,0.41820753,580.88,Suburban
AL,AL-35,101950,80527,-0.0080922,0.01457343,0.40072274,0.59927726,0.49723695,0.05008258,0.00103071,0.04192383,0.01541098,Black,Black,0.26770167,0.35933352,0.30853057,0.57647475,0.40403343,846.25,Suburban
AL,AL-36,99673,81442,0.01705577,-0.00808653,0.67734093,0.32265907,0.2229071,0.03876378,0.00098229,0.04637656,0.01342059,White,White,0.08305768,0.10467302,0.0316086,0.54949953,0.6207798,1097.94,Urban
AL,AL-37,98813,75737,0.03120035,-0.01664498,0.8365264,0.1634736,0.10030764,0.02199717,0.00051494,0.00978386,0.02669765,White,White,-0.62534663,-0.63466858,-0.67938913,0.62016479,0.21036012,58.51,Rural
AL,AL-38,100244,77263,0.01348709,-0.00240413,0.85482055,0.14517945,0.0472283,0.05777668,0.00102248,0.00531949,0.03033794,White,White,-0.72783719,-0.73531552,-0.77689992,0.65926907,0.15891031,43.19,Rural
AL,AL-39,99744,79159,-0.00803056,-0.00737996,0.86577648,0.13422352,0.07733802,0.02185475,0.00070744,0.00517945,0.02660468,White,White,-0.71450471,-0.6953161,-0.70666925,0.62654106,0.15968774,33.09,Rural
AL,AL-40,100506,78524,0.02149125,0.00020321,0.9094799,0.0905201,0.01264582,0.03457542,0.00099333,0.00678773,0.03125159,White,White,-0.80636664,-0.77979367,-0.77477436,0.62059178,0.17906476,31.39,Rural
AL,AL-41,103399,79677,0.01745665,0.02899341,0.82175534,0.17824466,0.03880668,0.0856709,0.00077814,0.00780652,0.04880957,White,White,-0.7016828,-0.66783836,-0.63685232,0.5629745,0.19370514,29.33,Rural
AL,AL-42,95867,73900,0.00773989,-0.04596261,0.86656292,0.13343708,0.02515562,0.05924222,0.00170501,0.00887686,0.0376184,White,White,-0.70559751,-0.69316274,-0.6923211,0.63891688,0.25077951,56.82,Rural
AL,AL-43,98579,75542,0.00549813,-0.01897367,0.81062191,0.18937809,0.05889439,0.07079505,0.00071483,0.00610257,0.05632628,White,White,-0.68613041,-0.65935455,-0.62866573,0.6072819,0.19239488,27.73,Rural
AL,AL-44,95925,75019,0.01279124,-0.04538542,0.60168757,0.39831243,0.27145123,0.08879084,0.00129301,0.01319666,0.02701982,White,White,-0.1625501,-0.05774361,-0.11061044,0.48633593,0.17785768,130.97,Rural
AL,AL-45,95819,76440,0.02568384,-0.0464403,0.88176347,0.11823653,0.06398482,0.01929618,0.00061486,0.0074045,0.02476452,White,White,-0.60108404,-0.5528088,-0.53893678,0.62660872,0.23990474,32.42,Rural
AL,AL-46,103570,79718,0.07398861,0.03069515,0.75425876,0.24574124,0.13980531,0.05386487,0.00156803,0.0217015,0.02924057,White,White,-0.43699842,-0.4258759,-0.48639996,0.63228529,0.29530431,71.41,Rural
AL,AL-47,96744,75329,0.05300587,-0.03723499,0.7480917,0.2519083,0.15740286,0.03324085,0.00146026,0.01667353,0.04274582,White,White,-0.27193508,-0.29132311,-0.3559322,0.70691735,0.37896473,99.21,Rural
AL,AL-48,96594,76183,-0.01175021,-0.03872775,0.81502435,0.18497565,0.07420291,0.04020582,0.00196894,0.03784309,0.02929787,White,White,-0.29189453,-0.30115881,-0.4022049,0.7313121,0.54149989,141.06,Rural
AL,AL-49,96929,74983,0.02907283,-0.03539393,0.56796874,0.43203126,0.25921876,0.08970033,0.00356081,0.06056039,0.02791299,White,White,0.03710293,0.05448325,-0.07418398,0.58635646,0.50894942,527.39,Suburban
AL,AL-50,97886,77648,0.10986249,-0.02587018,0.41989491,0.58010509,0.48513806,0.04950546,0.00257573,0.0283845,0.02459819,Black,Minority,0.24289761,0.28270413,0.23179041,0.55916301,0.37992393,421.09,Suburban
AR,AR-1,100534,76418,0.00424732,0.00149293,0.35538747,0.64461253,0.51999529,0.09219032,0.00174043,0.0162658,0.02617184,Black,Black,0.42351931,0.43653966,0.41362935,0.40858842,0.20533381,130.39,Rural
AR,AR-2,97967,75857,-0.01648514,-0.02407884,0.32989704,0.67010296,0.52606879,0.10546159,0.00094915,0.03082115,0.02341247,Black,Black,0.48689267,0.51504019,0.47482788,0.47497848,0.31565021,384.63,Suburban
AR,AR-3,99732,78970,0.02065536,-0.00649638,0.70089908,0.29910092,0.18895783,0.03562112,0.00094973,0.0503609,0.02218564,White,White,0.18386657,0.1685275,0.10832722,0.62444322,0.58452345,212.84,Suburban
AR,AR-4,100892,78333,-0.00177417,0.00505923,0.69909234,0.30090766,0.19580509,0.04812786,0.0012383,0.02494479,0.03062566,White,White,-0.05807795,-0.08230909,-0.15404653,0.58827593,0.35678471,214.8,Suburban
AR,AR-5,97350,77424,-0.03166923,-0.03022523,0.48545671,0.51454329,0.46386133,0.0238169,0.00131742,0.00973858,0.01637735,Minority,Hispanic,0.0064533,0.03615003,0.09551375,0.41552555,0.1760355,15.51,Rural
AR,AR-6,96421,73300,-0.03055351,-0.03947968,0.41671214,0.58328786,0.53888131,0.02428377,0.00084584,0.00773533,0.01529332,Black,Black,0.03993883,0.08862276,0.13944426,0.40671739,0.15149328,14.67,Rural
AR,AR-7,95949,74117,-0.03049537,-0.04418162,0.58690989,0.41309011,0.34306569,0.04494246,0.00132223,0.00643577,0.01928033,White,White,-0.2839409,-0.21573406,-0.16382673,0.48817856,0.1562893,7.2,Rural
AR,AR-8,97238,73847,-0.02379728,-0.03134094,0.716197,0.283803,0.22705052,0.0272726,0.0005552,0.00602597,0.02131434,White,White,-0.45772204,-0.39611875,-0.28169185,0.41142461,0.13708357,12.9,Rural
AR,AR-9,102868,77366,0.01987012,0.02474362,0.73852855,0.26147145,0.16233229,0.05277512,0.00122793,0.02114624,0.02318848,White,White,-0.34963173,-0.33066825,-0.32859991,0.44381285,0.28376639,61.99,Rural
AR,AR-10,103438,78848,0.00664166,0.03042181,0.91512784,0.08487216,0.01530793,0.02150974,0.00692472,0.00466721,0.0285486,White,White,-0.62207934,-0.60062918,-0.50973299,0.46498314,0.16447424,15.83,Rural
AR,AR-11,95365,71745,0.00614481,-0.04999927,0.80756847,0.19243153,0.10761726,0.03377239,0.00167259,0.01350617,0.03193254,White,White,-0.51009826,-0.49215442,-0.45539085,0.5370061,0.18911382,14.09,Rural
AR,AR-12,101602,77087,0.00882857,0.01213206,0.86619015,0.13380985,0.0463632,0.03228819,0.00118048,0.01028708,0.03638746,White,White,-0.62147308,-0.60143757,-0.57715294,0.56961163,0.21196292,28.51,Rural
AR,AR-13,98718,76521,0.04394335,-0.01659758,0.7414958,0.2585042,0.14849518,0.05218175,0.0013591,0.02009906,0.03321964,White,White,-0.22604329,-0.20163372,-0.23178755,0.53295352,0.34775959,124.89,Rural
AR,AR-14,98632,77798,0.0121056,-0.01745429,0.8992262,0.1007738,0.01267385,0.03644053,0.00079694,0.00808504,0.03781588,White,White,-0.63444771,-0.6103301,-0.55466686,0.57445014,0.16550718,11.54,Rural
AR,AR-15,101376,82492,0.02311198,0.00988071,0.92174999,0.07825001,0.00760074,0.0177593,0.00117587,0.00654609,0.03754303,White,White,-0.60033891,-0.56438677,-0.53453508,0.56447659,0.1625124,13.25,Rural
AR,AR-16,104787,81797,0.0301087,0.04386019,0.85366211,0.14633789,0.00586819,0.06838882,0.0062105,0.01238432,0.04876707,White,White,-0.4972319,-0.47054205,-0.46447709,0.58287857,0.1979317,17.88,Rural
AR,AR-17,101444,76257,0.07353811,0.01055811,0.79646459,0.20353541,0.01421509,0.09477163,0.003003,0.02209633,0.06786262,White,White,-0.39850819,-0.40161543,-0.44535326,0.67719107,0.31313584,76.56,Rural
AR,AR-18,102271,73236,0.08254539,0.01879646,0.70423016,0.29576984,0.03298924,0.105003,0.00518871,0.11079251,0.04347589,White,White,-0.16037474,-0.16966465,-0.27754367,0.65007856,0.48441254,417.83,Suburban
AR,AR-19,101721,70676,0.02406583,0.01331751,0.44355934,0.55644066,0.02501556,0.40658781,0.06568,0.02930273,0.04622503,Minority,White,-0.06918313,-0.03151407,-0.1250056,0.46321232,0.19549668,836.11,Suburban
AR,AR-20,100454,75158,0.05381568,0.00069599,0.75837569,0.24162431,0.01825488,0.12223582,0.01760292,0.02339072,0.06123101,White,White,-0.31822742,-0.31142998,-0.3548812,0.65498357,0.29329638,45.64,Rural
AR,AR-21,101681,83064,0.05134686,0.01291904,0.76949099,0.23050901,0.06580468,0.07424396,0.00469517,0.03976452,0.04501348,White,White,0.21319785,0.24105151,0.15038609,0.49666143,0.48406473,503.74,Suburban
AR,AR-22,102983,77825,0.01064253,0.02588922,0.84488275,0.15511725,0.01439126,0.04737552,0.00151622,0.01789913,0.06847414,White,White,-0.61181641,-0.60093528,-0.56995472,0.5497073,0.18656219,24.64,Rural
AR,AR-23,102046,77929,0.01215138,0.01655507,0.64470223,0.35529777,0.0867328,0.14696711,0.00174518,0.0623003,0.06432779,White,White,-0.26966225,-0.2496303,-0.28862372,0.45786169,0.25145438,324.26,Suburban
AR,AR-24,104267,80385,0.01061697,0.03868008,0.81958077,0.18041923,0.03450893,0.07925608,0.0015177,0.01716738,0.04483424,White,White,-0.53626412,-0.5136167,-0.47784016,0.51864146,0.20443157,15.25,Rural
AR,AR-25,101909,78596,0.00267886,0.01519032,0.83536058,0.16463942,0.02950532,0.07005446,0.00119599,0.01234159,0.0465927,White,White,-0.61617695,-0.58400238,-0.51821335,0.51296931,0.15727794,7.91,Rural
AR,AR-26,99075,73824,0.04986122,-0.01304124,0.7880635,0.2119365,0.09645915,0.06086097,0.00077211,0.01723017,0.03256394,White,White,-0.35510109,-0.3724985,-0.40171264,0.57004863,0.27869119,159.34,Rural
AR,AR-27,100180,79730,-0.00144739,-0.00203352,0.80415151,0.19584849,0.08378277,0.05506083,0.00140474,0.01331995,0.03985953,White,White,-0.36251093,-0.33991719,-0.33760569,0.54151528,0.25245848,57.08,Rural
AR,AR-28,99390,78744,-0.00712345,-0.00990329,0.85102357,0.14897643,0.08291425,0.02602103,0.00124454,0.00534644,0.0307198,White,White,-0.5609563,-0.53583198,-0.47531418,0.5719839,0.19765673,10.82,Rural
AR,AR-29,103315,78055,-0.01288293,0.02919651,0.64855551,0.35144449,0.21578374,0.09257575,0.00276728,0.00721286,0.03547499,White,White,-0.50441937,-0.44806945,-0.40597825,0.48963649,0.15040297,13.15,Rural
AR,AR-30,97919,76874,-0.02297818,-0.024557,0.62901631,0.37098369,0.30698286,0.03440695,0.00094961,0.0084684,0.01999376,White,White,-0.32221518,-0.27065943,-0.22938163,0.49314193,0.18919987,9.9,Rural
AZ,AZ-1,100423,83421,0.03914442,0.0110402,0.76526294,0.23473706,0.01630285,0.15154458,0.00502272,0.02142146,0.04162022,White,White,-0.51693832,-0.47600888,-0.48210443,0.58185705,0.12011321,10.22,Rural
AZ,AZ-2,103577,87981,0.0255269,0.04279409,0.79969539,0.20030461,0.01421898,0.1248906,0.00389857,0.01902684,0.03974722,White,White,-0.59149478,-0.54162866,-0.53663595,0.64647136,0.16931558,10.69,Rural
AZ,AZ-3,101939,74968,-0.02237613,0.02630301,0.31013232,0.68986768,0.01265873,0.08020756,0.00190748,0.00963078,0.59514726,Native,Native,0.14403749,0.26763541,0.23659989,0.62004049,0.15702919,1.4,Rural
AZ,AZ-4,104201,75154,0.00611319,0.0490764,0.23752561,0.76247439,0.00655986,0.08103361,0.00202251,0.0079703,0.67365676,Native,Native,0.15821795,0.24281194,0.24337098,0.58293814,0.14188376,2.29,Rural
AZ,AZ-5,99241,82515,0.00734575,-0.00085996,0.67029025,0.32970975,0.02878265,0.16486699,0.00495667,0.0388293,0.09959401,White,White,0.27203786,0.29097428,0.23812887,0.60982648,0.5245916,22.72,Rural
AZ,AZ-6,97199,77700,0.0260908,-0.02141844,0.76447876,0.23552124,0.00933076,0.1414157,0.00292149,0.0123166,0.07059202,White,White,-0.49437724,-0.49621108,-0.48462044,0.71783445,0.21512694,5.68,Rural
AZ,AZ-7,100649,72852,0.02927004,0.01331552,0.1510185,0.8489815,0.02785099,0.79436392,0.00200406,0.00955362,0.03211991,Hispanic,Hispanic,0.05358097,0.26214631,0.40572658,0.42198256,0.11817397,16.53,Rural
AZ,AZ-8,103232,80317,0.04760152,0.03932069,0.52851825,0.47148175,0.02643276,0.39603073,0.00435773,0.02857427,0.02979444,White,White,-0.34716585,-0.2672184,-0.29181945,0.57545103,0.2046787,12.6,Rural
AZ,AZ-9,102806,80390,-0.01527148,0.0350318,0.66837915,0.33162085,0.03791516,0.230974,0.00519965,0.0274661,0.0375171,White,White,-0.41246587,-0.39817383,-0.39974616,0.64715823,0.24125061,5.08,Rural
AZ,AZ-10,104123,78939,0.03811838,0.04829111,0.33650034,0.66349966,0.03220208,0.59429433,0.00416778,0.02154828,0.02697019,Hispanic,Hispanic,0.06257309,0.17585034,0.22992864,0.5774547,0.24241986,15.7,Rural
AZ,AZ-11,99089,81584,0.01844806,-0.00239027,0.78218768,0.21781232,0.01236762,0.14833791,0.00370171,0.01906011,0.03455334,White,White,-0.28021483,-0.24750382,-0.28134597,0.71895669,0.2485229,53.82,Rural
AZ,AZ-12,97908,84288,0.05946399,-0.01428036,0.83828066,0.16171934,0.00936076,0.09383305,0.0027762,0.01926727,0.03098899,White,White,-0.39529042,-0.34062095,-0.35444979,0.78372995,0.33536366,9.79,Rural
AZ,AZ-13,94757,69332,0.01365598,-0.04600404,0.39385854,0.60614146,0.05163561,0.39841632,0.00398085,0.01674551,0.16119541,Hispanic,Minority,-0.01917986,0.07163924,0.04672822,0.52535326,0.13426123,3.22,Rural
AZ,AZ-14,101362,72553,0.13019672,0.02049388,0.4508704,0.5491296,0.09281491,0.27798988,0.00573374,0.03070859,0.17184679,Minority,Hispanic,-0.04276507,0.01835209,-0.02029007,0.56024874,0.1852371,34.57,Rural
AZ,AZ-15,97267,78311,0.11245335,-0.02073383,0.58142534,0.41857466,0.04353156,0.31035231,0.01389332,0.02967655,0.04259938,White,White,-0.16156874,-0.12642517,-0.14763615,0.60531631,0.22500103,17.12,Rural
AZ,AZ-16,95987,81057,0.05657016,-0.03362063,0.67455001,0.32544999,0.0472507,0.21698311,0.00255376,0.01386679,0.04292041,White,White,-0.30694856,-0.25875316,-0.26254002,0.5569936,0.20343352,24.27,Rural
AZ,AZ-17,101041,70269,0.12249483,0.01726211,0.65821344,0.34178656,0.0621042,0.22041014,0.00606242,0.03102364,0.03266021,White,White,-0.3150749,-0.25777748,-0.28023546,0.66751969,0.22723233,208.32,Suburban
AZ,AZ-18,101194,81605,0.05562583,0.01880248,0.7016972,0.2983028,0.0367502,0.21474174,0.00363948,0.02365051,0.02697139,White,White,-0.09781408,-0.09710815,-0.15192739,0.75343871,0.38786474,38.24,Rural
AZ,AZ-19,98499,84021,0.00781734,-0.00833028,0.78110234,0.21889766,0.02270861,0.11758965,0.00282072,0.0566287,0.01943562,White,White,0.15199254,0.13277301,0.06237486,0.81640342,0.60730765,55.88,Rural
AZ,AZ-20,99589,80596,0.00864553,0.00264364,0.73209589,0.26790411,0.02590699,0.17417738,0.00285374,0.04603206,0.02438086,White,White,-0.02043357,-0.03011768,-0.10284143,0.81500977,0.4746082,277.03,Suburban
AZ,AZ-21,96327,76712,0.05738786,-0.03019757,0.5793748,0.4206252,0.03479247,0.31822922,0.00303733,0.0406325,0.04044999,White,White,0.09162139,0.12411182,0.09282591,0.71768839,0.38726036,122.32,Rural
AZ,AZ-22,100465,81447,-0.01962873,0.01146305,0.53599273,0.46400727,0.04719634,0.33116014,0.00401488,0.05262318,0.04811718,White,White,0.24089739,0.27742822,0.21179514,0.51591131,0.28686152,1480.23,Urban
AZ,AZ-23,100559,84369,0.02751618,0.01240942,0.59066719,0.40933281,0.06739442,0.25382546,0.00484775,0.05543505,0.04406832,White,White,0.50725052,0.52074267,0.45912623,0.55016828,0.39736873,1810.49,Urban
AZ,AZ-24,99132,82597,0.00204777,-0.00195735,0.67779701,0.32220299,0.06162451,0.18915941,0.00467329,0.04505006,0.03116336,White,White,0.14200594,0.13679724,0.05881354,0.66335831,0.36794304,1335.59,Urban
AZ,AZ-25,100918,75806,0.03917042,0.01602377,0.57168298,0.42831702,0.08098304,0.27430546,0.00655621,0.05293776,0.03531383,White,White,0.07381215,0.10127996,0.02528635,0.62755624,0.28473775,492.23,Suburban
AZ,AZ-26,99113,72117,-0.02348834,-0.00214864,0.16206997,0.83793003,0.04496859,0.75086318,0.00242661,0.01982889,0.05701846,Hispanic,Hispanic,0.34313973,0.50125736,0.53976014,0.46622349,0.11725481,668.86,Suburban
AZ,AZ-27,102462,81419,0.02248639,0.03156847,0.30472003,0.69527997,0.04113291,0.59163095,0.00221079,0.03221607,0.0644567,Hispanic,Hispanic,0.44424007,0.56295846,0.58170753,0.44037836,0.19451497,1205.81,Urban
AZ,AZ-28,95466,76747,0.15062954,-0.03886596,0.7335531,0.2664469,0.0227631,0.16360249,0.00357017,0.0152449,0.0673642,White,White,-0.43003172,-0.40023479,-0.43064816,0.74184605,0.21327407,3.83,Rural
AZ,AZ-29,96250,71670,0.08180779,-0.03097279,0.75909027,0.24090973,0.03599833,0.14049114,0.00570671,0.04022604,0.02447328,White,White,-0.24864356,-0.2348095,-0.2844952,0.76266699,0.3349853,439,Suburban
AZ,AZ-30,103348,72486,0.09208693,0.04048856,0.73524543,0.26475457,0.04084927,0.1508981,0.00642883,0.0479127,0.02430814,White,White,-0.32459162,-0.29247224,-0.3164775,0.83473694,0.42963975,682.64,Suburban
AZ,AZ-31,98458,73677,0.02744317,-0.00874306,0.72635965,0.27364035,0.04067755,0.09956974,0.00359678,0.1166307,0.01541865,White,White,-0.12747751,-0.1197259,-0.18379602,0.84566293,0.51675273,1150.32,Urban
AZ,AZ-32,101033,81085,0.02025081,0.01718157,0.74486033,0.25513967,0.03005488,0.16873651,0.00373682,0.02789665,0.02952457,White,White,-0.21375572,-0.21196709,-0.25630093,0.64647549,0.28260332,940.88,Suburban
AZ,AZ-33,104261,72024,0.0713306,0.04968047,0.67338665,0.32661335,0.05682828,0.15178274,0.00558147,0.09407975,0.02379762,White,White,-0.16080285,-0.12743487,-0.18707349,0.74825119,0.47309346,1444.87,Urban
AZ,AZ-34,102368,79597,0.03180681,0.0306221,0.74692514,0.25307486,0.04035328,0.13901278,0.00493737,0.05017777,0.02409639,White,White,-0.18614979,-0.1782772,-0.24869994,0.67262417,0.35558437,1591.68,Urban
AZ,AZ-35,103615,79930,-0.01177436,0.04317666,0.73032654,0.26967346,0.03620668,0.16618291,0.00576755,0.03111473,0.03630677,White,White,-0.21175407,-0.21257637,-0.27492447,0.70360746,0.33551095,1178.71,Urban
AZ,AZ-36,99898,75045,-0.00115117,0.0057546,0.54868412,0.45131588,0.07755347,0.1978413,0.00530348,0.14853754,0.03180758,White,White,0.04571368,0.10495883,0.02455567,0.67202089,0.4741018,1461.25,Urban
AZ,AZ-37,103525,81412,0.02231345,0.04227056,0.57598388,0.42401612,0.07223751,0.21361716,0.00515894,0.10744116,0.0402889,White,White,0.11839994,0.15589262,0.0819966,0.64886998,0.42971687,1717.17,Urban
AZ,AZ-38,96380,72937,0.01814692,-0.02966398,0.62994091,0.37005909,0.05085211,0.21604947,0.00593663,0.07831416,0.0311913,White,White,-0.05408186,-0.00638067,-0.08612605,0.69852656,0.40022316,1838.16,Urban
AZ,AZ-39,97871,70721,0.01695088,-0.01465287,0.44305086,0.55694914,0.0549766,0.4397138,0.00784774,0.02731862,0.05096082,Minority,White,0.04182356,0.07516503,-0.01608906,0.48354793,0.18622465,2409.95,Urban
AZ,AZ-40,99630,77139,-0.02295493,0.00305642,0.51486278,0.48513722,0.08396531,0.29454621,0.00748,0.05067476,0.0691479,White,White,0.13578571,0.18623048,0.10200191,0.52,0.28959479,2328.24,Urban
AZ,AZ-41,96842,78508,0.03230004,-0.02501265,0.57234931,0.42765069,0.07693483,0.21428389,0.00629235,0.08503592,0.06729251,White,White,0.27285072,0.31355026,0.22778106,0.61718566,0.47468548,1549.13,Urban
AZ,AZ-42,97971,85908,0.04544202,-0.01364608,0.55141547,0.44858453,0.07412581,0.20123853,0.00570378,0.14096475,0.04175397,White,White,0.28422957,0.3864609,0.31210312,0.40335365,0.48979844,2073.6,Urban
AZ,AZ-43,100661,79624,0.00271207,0.01343634,0.62056666,0.37943334,0.09537325,0.17189541,0.00527479,0.08143273,0.03801618,White,White,0.15723091,0.18951668,0.1106236,0.73433913,0.52052517,717.25,Suburban
AZ,AZ-44,97447,67887,0.04088376,-0.01892162,0.2271127,0.7728873,0.19209863,0.50420552,0.00593634,0.05659405,0.04810936,Hispanic,Minority,0.34530358,0.46417765,0.45866828,0.60202108,0.2612398,1084.23,Urban
AZ,AZ-45,96997,69710,-0.02246461,-0.02345214,0.16910056,0.83089944,0.17198393,0.61075886,0.00609669,0.02956534,0.05215894,Hispanic,Hispanic,0.48447377,0.60153634,0.63839,0.434593,0.14700418,1153.03,Urban
AZ,AZ-46,103651,70020,0.09139323,0.04353911,0.15954013,0.84045987,0.1045844,0.69550129,0.00477007,0.02507855,0.04335904,Hispanic,Hispanic,0.33450704,0.5167377,0.54840198,0.38859856,0.10562311,946.92,Suburban
AZ,AZ-47,98355,69319,0.03687662,-0.00978004,0.28461172,0.71538828,0.10702693,0.53954904,0.00793433,0.05183283,0.03655563,Hispanic,Minority,0.15456474,0.27269056,0.25611683,0.52789272,0.19707237,631.54,Suburban
AZ,AZ-48,98867,69612,0.09594708,-0.00462532,0.2557605,0.7442395,0.10324369,0.56333678,0.00534391,0.06039189,0.03775211,Hispanic,Hispanic,0.17261827,0.28874063,0.26709539,0.46107623,0.15280078,1514.84,Urban
AZ,AZ-49,99188,66194,0.01385248,-0.00139355,0.12422576,0.87577424,0.07981086,0.76470677,0.00350485,0.01897453,0.03945977,Hispanic,Hispanic,0.36007342,0.5218835,0.53903413,0.38684348,0.07329122,3706.88,Urban
AZ,AZ-50,101974,70575,-0.00322631,0.02665538,0.22961389,0.77038611,0.10182076,0.61402763,0.00359901,0.03719447,0.04327311,Hispanic,Hispanic,0.2603929,0.3675361,0.35113996,0.3781634,0.10684259,2833.78,Urban
AZ,AZ-51,94541,66268,0.04338858,-0.04817869,0.18322569,0.81677431,0.08616527,0.67975493,0.00265588,0.03161405,0.04664393,Hispanic,Hispanic,0.43839039,0.54845503,0.55669802,0.394208,0.13111948,2341.04,Urban
AZ,AZ-52,96331,74255,0.01638102,-0.0301573,0.36699212,0.63300788,0.10558212,0.45683119,0.00540031,0.03700761,0.05553835,Hispanic,Hispanic,0.47782265,0.55591701,0.50824028,0.48271362,0.28829739,2309.61,Urban
AZ,AZ-53,99561,74722,-0.01984713,0.00236174,0.37727845,0.62272155,0.11261744,0.41484436,0.0040818,0.06023661,0.05713177,Hispanic,Minority,0.16073663,0.23658192,0.16805662,0.41283574,0.18301391,3129.05,Urban
AZ,AZ-54,94723,72275,0.0078017,-0.04634635,0.5307091,0.4692909,0.08136977,0.30786579,0.00469042,0.05371152,0.03872708,White,White,-0.0205642,0.02553464,-0.03788555,0.53468328,0.18888164,2029.87,Urban
AZ,AZ-55,97211,84060,-0.01262203,-0.02129762,0.74446824,0.25553176,0.03203664,0.11620271,0.00300975,0.04244587,0.06871282,White,White,0.04132154,0.11423965,0.06846671,0.66800424,0.52839994,268.16,Suburban
AZ,AZ-56,94519,76943,-0.00953247,-0.04840018,0.73664921,0.26335079,0.0417062,0.14691395,0.00263832,0.0498031,0.0258763,White,White,0.07731321,0.12768087,0.06966425,0.78287625,0.58793749,807.82,Suburban
AZ,AZ-57,97975,80620,0.01374841,-0.01360581,0.5903746,0.4096254,0.09160258,0.22677996,0.00291491,0.05059539,0.05458943,White,White,0.37427141,0.39528903,0.33270077,0.62781887,0.44749484,2325.74,Urban
AZ,AZ-58,94599,74674,0.00969355,-0.04759476,0.61096232,0.38903768,0.06835043,0.24961834,0.00391033,0.03907652,0.04123256,White,White,0.14023952,0.15610708,0.06750144,0.60573966,0.34736905,1436.9,Urban
AZ,AZ-59,95029,75483,0.00688211,-0.0432656,0.70605302,0.29394698,0.03251063,0.17833154,0.00353722,0.05931137,0.0260721,White,White,-0.04417037,-0.00300881,-0.06919815,0.69959868,0.42614935,1786.08,Urban
AZ,AZ-60,100093,79084,0.04393914,0.00771782,0.69031663,0.30968337,0.04751909,0.1465151,0.00269334,0.09062516,0.0244803,White,White,-0.03506741,0.01713467,-0.05610675,0.66896398,0.44211516,1208.91,Urban
AZ,AZ-61,95046,73945,0.04272668,-0.04309444,0.81648523,0.18351477,0.02511326,0.07233755,0.00285347,0.06397999,0.01617418,White,White,-0.21116081,-0.18400362,-0.25375389,0.82190789,0.55835826,357.47,Suburban
AZ,AZ-62,100695,83487,-0.00385322,0.01377864,0.81701343,0.18298657,0.02497395,0.06147065,0.00171284,0.07911411,0.01221747,White,White,-0.0956432,-0.05510151,-0.09542056,0.807858,0.64403045,736.27,Suburban
AZ,AZ-63,99152,85015,0.02318662,-0.00175599,0.88329118,0.11670882,0.01532671,0.05442569,0.00203494,0.02557196,0.01491501,White,White,-0.33268442,-0.31317382,-0.34132631,0.86093833,0.50179433,28.16,Rural
AZ,AZ-64,97533,72655,0.05238227,-0.01805579,0.7717707,0.2282293,0.03215195,0.10051614,0.00333081,0.07331911,0.0207281,White,White,-0.27904765,-0.25402579,-0.29565393,0.84734553,0.47991332,170.3,Rural
AZ,AZ-65,99123,77914,0.04150399,-0.00204796,0.66729984,0.33270016,0.05253228,0.16928922,0.00449213,0.08141027,0.03012296,White,White,-0.10572075,-0.06913776,-0.13472659,0.60485762,0.3413975,1392.71,Urban
AZ,AZ-66,101891,79319,-0.0043576,0.02581975,0.63200494,0.36799506,0.06574717,0.22602403,0.00457646,0.04312964,0.03918355,White,White,-0.10155945,-0.06294723,-0.12981232,0.54919908,0.24301472,2140.3,Urban
AZ,AZ-67,96904,77194,0.00232189,-0.02438844,0.70756795,0.29243205,0.04837164,0.16147628,0.00361427,0.05591108,0.02735964,White,White,-0.17142797,-0.14682291,-0.19896952,0.6326374,0.31535591,1598.27,Urban
AZ,AZ-68,103158,85443,-0.01483162,0.03857567,0.67969289,0.32030711,0.04780965,0.22857343,0.003476,0.02371171,0.02420327,White,White,-0.08431337,-0.0823819,-0.14177209,0.61833104,0.20371748,1195.61,Urban
AZ,AZ-69,100958,87931,0.0147289,0.01642648,0.87104662,0.12895338,0.02256315,0.05858002,0.00201294,0.03029648,0.01463648,White,White,-0.2437127,-0.25135463,-0.29662038,0.75947786,0.37603141,864.55,Suburban
AZ,AZ-70,97251,69777,0.06852372,-0.02089491,0.65673503,0.34326497,0.07830661,0.18751164,0.00675008,0.05091936,0.02933631,White,White,-0.22647112,-0.17579017,-0.23221808,0.67564285,0.29645022,1260.06,Urban
AZ,AZ-71,100829,75448,0.12247468,0.01512773,0.56863005,0.43136995,0.08894868,0.26112024,0.0062162,0.06307656,0.02733008,White,White,-0.11960162,-0.07799327,-0.13632875,0.69641173,0.35123433,594.08,Suburban
AZ,AZ-72,97265,71317,0.14502647,-0.02075396,0.56356829,0.43643171,0.0716379,0.30431734,0.00611355,0.03432562,0.03297951,White,White,-0.18499018,-0.14305219,-0.18262102,0.71676197,0.29020459,194.32,Rural
CA,CA-1,98875,82318,0.0022048,-0.01183632,0.68225661,0.31774339,0.02797687,0.12234262,0.00570957,0.05288029,0.11334095,White,White,0.23146272,0.2708668,0.20408063,0.56001785,0.29449683,6.44,Rural
CA,CA-2,98641,78275,-0.02989629,-0.01417493,0.72675822,0.27324178,0.0211434,0.12752475,0.007397,0.03607793,0.08486745,White,White,0.16422835,0.22311805,0.1566473,0.59470394,0.24779253,10.66,Rural
CA,CA-3,99072,77439,-0.02398256,-0.00986749,0.65747233,0.34252767,0.02330867,0.22296259,0.00494583,0.0309534,0.06792443,White,White,0.01608777,0.10776192,0.07730901,0.54231446,0.19069929,25.06,Rural
CA,CA-4,98901,82152,0.02207258,-0.01157647,0.71736537,0.28263463,0.01302464,0.19495569,0.00433343,0.02503895,0.04925017,White,White,0.46107367,0.51313856,0.46208247,0.69238489,0.37144895,15.4,Rural
CA,CA-5,97139,77873,-0.01368143,-0.02918602,0.667908,0.332092,0.02323013,0.21040669,0.00848818,0.06457951,0.0393718,White,White,0.42608919,0.47614059,0.43117492,0.76188016,0.40443818,320.76,Suburban
CA,CA-6,98923,74959,0.00750078,-0.0113566,0.40828987,0.59171013,0.03727371,0.43777265,0.00929842,0.08197815,0.05803172,Hispanic,Hispanic,0.4421346,0.54728814,0.52433122,0.57325943,0.22162663,2223.45,Urban
CA,CA-7,98977,81958,-0.00507189,-0.01081692,0.68186144,0.31813856,0.01849728,0.19874814,0.00684497,0.07134142,0.02950292,White,White,0.49281093,0.52220833,0.47273709,0.71292203,0.43844224,141.48,Rural
CA,CA-8,98095,78999,-0.03782048,-0.01963169,0.65547665,0.34452335,0.02424081,0.21869897,0.00773428,0.06668439,0.03573463,White,White,0.43660681,0.49533322,0.47011978,0.74049317,0.36468975,418.36,Suburban
CA,CA-9,98197,79064,-0.01356457,-0.0186123,0.70417636,0.29582364,0.02430942,0.1779571,0.00669078,0.06473237,0.03145553,White,White,0.54587666,0.58039281,0.54605632,0.79451536,0.50933012,72.76,Rural
CA,CA-10,97676,78420,-0.00827225,-0.02381921,0.69307575,0.30692425,0.02663861,0.16364448,0.00558531,0.09013007,0.02682989,White,White,0.63795357,0.65599071,0.61450073,0.75955757,0.58982518,692.78,Suburban
CA,CA-11,101848,83257,0.02387872,0.01787605,0.67966657,0.32033343,0.04608621,0.16489905,0.00467228,0.08614291,0.03066409,White,White,0.68214728,0.71274026,0.68307228,0.77552527,0.67300694,1223.14,Urban
CA,CA-12,101249,88759,0.03300773,0.0118896,0.72690093,0.27309907,0.03706666,0.1401886,0.00838225,0.02449329,0.06862403,White,White,-0.29314877,-0.266678,-0.30007456,0.59510395,0.19100083,2.14,Rural
CA,CA-13,99647,77488,-0.01621725,-0.0041209,0.76690584,0.23309416,0.02220989,0.09322734,0.00532986,0.05375026,0.06055131,White,White,-0.29450265,-0.26685079,-0.32310478,0.63623335,0.25827386,504.11,Suburban
CA,CA-14,99356,78293,0.00858529,-0.00702917,0.80101669,0.19898331,0.0097199,0.08814326,0.00409998,0.02643915,0.06708135,White,White,-0.45669418,-0.41802937,-0.43690098,0.6394971,0.20335653,8.13,Rural
CA,CA-15,100983,74779,-0.02121149,0.00923118,0.54627636,0.45372364,0.01295818,0.36749622,0.00512176,0.02453897,0.06044478,White,White,-0.34712995,-0.26287932,-0.27024104,0.57718842,0.15042998,8.87,Rural
CA,CA-16,95739,77594,-0.02641557,-0.04317772,0.68072274,0.31927726,0.03063381,0.18631595,0.00761657,0.05924427,0.04712993,White,White,0.25038272,0.29007135,0.23665212,0.56095799,0.41018218,625.25,Suburban
CA,CA-17,100452,77525,0.00631147,0.00392433,0.70355369,0.29644631,0.02165753,0.15530474,0.00590777,0.06228958,0.05856175,White,White,-0.23013374,-0.18120132,-0.19604125,0.6438181,0.25390416,35.65,Rural
CA,CA-18,99926,74581,-0.01069792,-0.00133255,0.45293037,0.54706963,0.02869364,0.27737628,0.00698569,0.20309462,0.05002615,Minority,White,-0.3141143,-0.16436461,-0.15329586,0.61235736,0.20622903,64.02,Rural
CA,CA-19,98351,72765,-0.00214538,-0.01707321,0.58337113,0.41662887,0.04613482,0.23279049,0.00890538,0.07899402,0.06573215,White,White,-0.2806138,-0.23963007,-0.25202972,0.52840876,0.1674833,33.86,Rural
CA,CA-20,102284,84331,0.00192601,0.02223347,0.83479385,0.16520615,0.00872751,0.08515255,0.00409102,0.02466471,0.03625001,White,White,0.12243058,0.14804633,0.04971517,0.76120519,0.38809219,41.23,Rural
CA,CA-21,98509,79725,-0.0179273,-0.01549415,0.71835685,0.28164315,0.00995923,0.17537786,0.00471621,0.03567262,0.05768579,White,White,0.1175608,0.16920628,0.07086239,0.66070083,0.3502019,2.42,Rural
CA,CA-22,96590,77720,0.02268351,-0.03467277,0.80607308,0.19392692,0.01172156,0.0995754,0.00434894,0.03691457,0.0386387,White,White,-0.21449611,-0.18190622,-0.2037422,0.75700513,0.36625292,117.68,Rural
CA,CA-23,97359,75845,0.00186937,-0.02698733,0.6775529,0.3224471,0.03027227,0.15198101,0.00887336,0.11007977,0.0318017,White,White,-0.06791974,-0.04142511,-0.09793061,0.67599445,0.43038614,1175.41,Urban
CA,CA-24,97050,70593,0.06042246,-0.0300755,0.62126556,0.37873444,0.03626422,0.1150964,0.00891023,0.20288131,0.02437919,White,White,-0.01341935,-0.00617249,-0.06512166,0.82167091,0.5035524,1460.59,Urban
CA,CA-25,97047,74939,0.06935815,-0.03010548,0.7015973,0.2984027,0.02591441,0.14718638,0.0076996,0.09570451,0.03222621,White,White,-0.10104724,-0.10161969,-0.15986105,0.77074749,0.39726828,261.33,Suburban
CA,CA-26,97290,75715,0.00563264,-0.02767692,0.77291158,0.22708842,0.01496401,0.09975566,0.00541504,0.07157102,0.03329591,White,White,-0.15514828,-0.12931668,-0.17463239,0.80786056,0.41849311,104.19,Rural
CA,CA-27,99299,84590,0.06654649,-0.00759883,0.76490129,0.23509871,0.02415179,0.12069985,0.005769,0.04018205,0.04479253,White,White,-0.2706934,-0.24427091,-0.26583231,0.6988703,0.26352093,30.73,Rural
CA,CA-28,99007,84651,0.02088741,-0.0105171,0.78748036,0.21251964,0.01999976,0.10742933,0.006261,0.02478411,0.05366741,White,White,-0.2131,-0.17860078,-0.20702744,0.68018663,0.24899787,8.46,Rural
CA,CA-29,98143,73606,-0.02095921,-0.01915198,0.59078064,0.40921936,0.0748852,0.17638508,0.01400701,0.12532946,0.04014618,White,White,-0.0830716,-0.06448482,-0.05056622,0.6208601,0.19036672,640.45,Suburban
CA,CA-30,97107,77085,0.01822732,-0.02950583,0.72504378,0.27495622,0.03628462,0.13718622,0.00792632,0.06278783,0.03728352,White,White,-0.10652393,-0.0997157,-0.13169316,0.63900013,0.2954526,1581.75,Urban
CA,CA-31,100275,74363,-0.0106906,0.00215538,0.53254979,0.46745021,0.12444361,0.22052634,0.01354168,0.09467074,0.04425588,White,White,0.04785025,0.09351176,0.10675987,0.49855082,0.17686603,1914.68,Urban
CA,CA-32,97223,77370,-0.02040669,-0.02834652,0.6970919,0.3029081,0.05327646,0.12844772,0.00858214,0.08883288,0.03246736,White,White,0.10159111,0.09429923,0.04142187,0.69474994,0.37415102,1729.55,Urban
CA,CA-33,100174,80742,0.09768004,0.00114598,0.53748978,0.46251022,0.06821728,0.12455723,0.01044066,0.24272374,0.02185975,White,White,0.0893828,0.10300772,0.05203648,0.7647951,0.53847987,495.25,Suburban
CA,CA-34,101388,78605,0.01016886,0.01327878,0.51989059,0.48010941,0.12008142,0.20030532,0.01558425,0.13013167,0.03878888,White,White,0.17429729,0.20935727,0.19928677,0.56323364,0.27763925,1950.86,Urban
CA,CA-35,98049,72330,-0.03200441,-0.02009142,0.21685331,0.78314669,0.13886354,0.22296419,0.0311489,0.39420711,0.03048528,Asian,Hispanic,0.18247668,0.29800262,0.37240815,0.54080567,0.20841506,891.49,Suburban
CA,CA-36,95978,73522,0.0217654,-0.04078914,0.52244226,0.47755774,0.05490873,0.25365197,0.01260847,0.14017573,0.0397296,White,White,-0.12727543,-0.0730054,-0.08700755,0.67059342,0.30326789,68.24,Rural
CA,CA-37,99161,72787,0.02582669,-0.00897801,0.26978719,0.73021281,0.14097298,0.17261324,0.02335582,0.40237955,0.02661189,Asian,Hispanic,0.26317643,0.35753217,0.36629061,0.66068364,0.39306235,1448.38,Urban
CA,CA-38,97903,72262,0.02917173,-0.02155055,0.19830616,0.80169384,0.17680108,0.23604384,0.03984113,0.36095043,0.02918546,Asian,Hispanic,0.26345122,0.39820897,0.45483962,0.51719485,0.23793879,2586.64,Urban
CA,CA-39,95480,73402,-0.00591747,-0.04576619,0.55479415,0.44520585,0.10968366,0.17318329,0.0114847,0.13629056,0.03553037,White,White,0.26011143,0.29424717,0.25312642,0.58474165,0.37171339,2277.67,Urban
CA,CA-40,95916,73257,0.0224363,-0.04140877,0.24733473,0.75266527,0.1918861,0.23681013,0.03363501,0.3014729,0.03368961,Asian,Hispanic,0.44624452,0.51645985,0.52874625,0.54027451,0.3267512,2487.14,Urban
CA,CA-41,101810,76044,-0.00186622,0.01749628,0.28291515,0.71708485,0.12242912,0.3621719,0.02129031,0.20905002,0.04490821,Hispanic,Minority,0.47281005,0.55542803,0.58392683,0.47511785,0.23797385,2827.14,Urban
CA,CA-42,99745,84971,-0.0456063,-0.00314148,0.55962623,0.44037377,0.09041908,0.21697991,0.0118511,0.10648339,0.0380012,White,White,0.55383346,0.56563757,0.52724682,0.60542501,0.52862573,1722.59,Urban
CA,CA-43,101691,81131,0.00904701,0.01630698,0.37849897,0.62150103,0.15871862,0.24310066,0.01721907,0.19946753,0.03753189,Minority,Hispanic,0.47319502,0.54362514,0.54204871,0.57969588,0.39670735,1520.23,Urban
CA,CA-44,104841,75832,-0.00464513,0.0477883,0.26901572,0.73098428,0.16649963,0.28456325,0.02629497,0.25808366,0.03656768,Hispanic,Hispanic,0.32104414,0.44160038,0.47588377,0.50905535,0.31786416,1791.73,Urban
CA,CA-45,101861,81747,-0.00117808,0.01800597,0.51862454,0.48137546,0.04357346,0.18131552,0.00992085,0.23555604,0.02735269,White,White,0.52394188,0.55464619,0.55119066,0.63281188,0.6112573,181.55,Rural
CA,CA-46,102159,77413,0.02293484,0.02098421,0.41155878,0.58844122,0.0322814,0.44248382,0.00957204,0.08816349,0.04886776,Hispanic,Minority,0.13891749,0.22473401,0.21339513,0.59881101,0.26831043,49.8,Rural
CA,CA-47,100792,80073,0.04053893,0.00732231,0.5296417,0.4703583,0.06225569,0.25080864,0.01362507,0.13028112,0.03610455,White,White,0.02720647,0.04109906,0.06150901,0.62596361,0.31151719,124.61,Rural
CA,CA-48,101202,84964,0.06808166,0.01141988,0.39050657,0.60949343,0.17971141,0.230427,0.01901982,0.1837131,0.03688621,Minority,Minority,0.18071335,0.236236,0.21733201,0.56173405,0.24988253,112.97,Rural
CA,CA-49,98144,74642,-0.01271601,-0.01914198,0.3195118,0.6804882,0.17435224,0.29062726,0.01978779,0.20243295,0.03716406,Minority,Hispanic,0.2508893,0.33388901,0.3291597,0.58443317,0.26141168,437.29,Suburban
CA,CA-50,97349,77696,-0.00173602,-0.02708727,0.36175607,0.63824393,0.15622426,0.19181168,0.01822488,0.27464734,0.03020748,Minority,Minority,0.40349287,0.47212275,0.47566669,0.63990663,0.34542966,645.74,Suburban
CA,CA-51,100585,78260,-0.03750062,0.00525354,0.26965244,0.73034756,0.17767697,0.30149502,0.01604907,0.2380782,0.03323537,Hispanic,Minority,0.43210821,0.53318494,0.55414414,0.56703906,0.27148241,413.23,Suburban
CA,CA-52,100985,81704,-0.03699559,0.00925117,0.61041075,0.38958925,0.01351219,0.30882209,0.00465094,0.03777049,0.03570205,White,White,0.34712086,0.39010184,0.33786064,0.69104005,0.3957954,57.42,Rural
CA,CA-53,102918,75981,0.01348646,0.02856971,0.36505179,0.63494821,0.14378595,0.35140364,0.01604348,0.11991156,0.04197102,Minority,Minority,0.14614216,0.26527047,0.27047257,0.57040742,0.21470526,635.86,Suburban
CA,CA-54,102228,76018,-0.00718003,0.0216738,0.17877345,0.82122655,0.1728538,0.43694914,0.01589097,0.20237312,0.03507064,Hispanic,Minority,0.37789087,0.53920797,0.5816813,0.50008054,0.19155533,724.53,Suburban
CA,CA-55,101163,76553,0.01961191,0.01103011,0.32924902,0.67075098,0.18884956,0.26571134,0.01760872,0.20230429,0.03282693,Minority,Minority,0.25785332,0.36698886,0.34956479,0.63203433,0.32287322,604.47,Suburban
CA,CA-56,103438,82046,-0.01123378,0.03376662,0.44427516,0.55572484,0.05331156,0.30989932,0.01034785,0.17392682,0.03216488,Minority,White,0.35808902,0.42281576,0.39667847,0.61291863,0.34402833,2472.72,Urban
CA,CA-57,101036,81551,0.00002969,0.00976087,0.62473789,0.37526211,0.03618594,0.11623401,0.00712438,0.20457137,0.01795196,White,White,0.39378333,0.42596338,0.38581694,0.73562526,0.63669541,1259.1,Urban
CA,CA-58,103651,81097,-0.0027882,0.03589536,0.67395835,0.32604165,0.02584559,0.10150807,0.00648606,0.17767612,0.01879231,White,White,0.47578478,0.50013625,0.46172459,0.81933452,0.65731026,683.81,Suburban
CA,CA-59,100995,79800,-0.01567404,0.00935111,0.72785714,0.27214286,0.01657895,0.07348371,0.00536341,0.16362155,0.01293233,White,White,0.37768909,0.3763585,0.32202165,0.84674727,0.7185617,544.54,Suburban
CA,CA-60,99656,73304,0.02248736,-0.00403095,0.43724763,0.56275237,0.0460275,0.13865546,0.00864891,0.36411383,0.01953509,Minority,Minority,0.16775204,0.24754622,0.20073868,0.71817186,0.56340372,177.21,Rural
CA,CA-61,102019,78907,-0.02387791,0.01958504,0.41232083,0.58767917,0.04287326,0.12252398,0.00838962,0.40632643,0.01919982,Minority,Minority,0.34054818,0.40813949,0.3674105,0.70489918,0.63553229,566.45,Suburban
CA,CA-62,100482,75489,-0.02608427,0.00422415,0.47095603,0.52904397,0.03211064,0.15950668,0.00772298,0.32053677,0.02402999,Minority,White,0.25302487,0.30889037,0.2616988,0.74401202,0.56859901,151.67,Rural
CA,CA-63,102100,77925,-0.02871694,0.02039456,0.5013667,0.4986333,0.02565287,0.10665383,0.00672441,0.3475778,0.01881296,White,White,0.32077339,0.35961775,0.29511974,0.77107936,0.6452921,247.44,Suburban
CA,CA-64,99664,79056,-0.03940239,-0.003951,0.32070937,0.67929063,0.1378137,0.27539972,0.01144758,0.24572455,0.03621484,Minority,Minority,0.42819933,0.5279809,0.54980113,0.59982902,0.36096304,970.98,Suburban
CA,CA-65,103559,78357,-0.00970461,0.03497591,0.13919624,0.86080376,0.19122733,0.52513496,0.00934186,0.1342956,0.04658167,Hispanic,Black,0.61503186,0.76753939,0.81538343,0.49181344,0.23510279,2226.65,Urban
CA,CA-66,102233,83336,0.01069126,0.02172377,0.36942018,0.63057982,0.13857157,0.17754632,0.00998368,0.29505856,0.02775511,Minority,Minority,0.62792018,0.68968188,0.7000267,0.68825305,0.48722929,588.96,Suburban
CA,CA-67,104429,86706,-0.05895872,0.04367075,0.38644384,0.61355616,0.22356008,0.15497197,0.01009157,0.2208267,0.02686089,Minority,Minority,0.79768448,0.87093924,0.85358131,0.6171168,0.60182848,3030.01,Urban
CA,CA-68,96722,86191,-0.02964165,-0.03335355,0.51889408,0.48110592,0.07218851,0.12554675,0.00404915,0.26855472,0.01597615,White,White,0.84716765,0.89588619,0.86982729,0.61636291,0.77060358,5319.42,Urban
CA,CA-69,105008,86598,0.0379971,0.04945731,0.59784291,0.40215709,0.1200836,0.0911222,0.00583154,0.17426499,0.02019677,White,White,0.83372955,0.86614438,0.83515696,0.78016234,0.77049819,2472.86,Urban
CA,CA-70,102780,88363,0.00381397,0.02719052,0.27636001,0.72363999,0.20104569,0.17430372,0.00825006,0.34242839,0.02915247,Asian,Hispanic,0.70371985,0.80951112,0.82670373,0.48524881,0.49261046,7057.82,Urban
CA,CA-71,100651,79548,0.02874288,0.00591315,0.24430533,0.75569467,0.32087545,0.24820234,0.01043395,0.18363755,0.04125811,Black,Hispanic,0.75555132,0.82426626,0.83809436,0.59536441,0.45321661,2485.85,Urban
CA,CA-72,99391,72244,-0.05834532,-0.00667938,0.06707823,0.93292177,0.27567687,0.57017884,0.0135513,0.08157079,0.06187365,Hispanic,Minority,0.63842724,0.80797283,0.87924016,0.41423024,0.17230306,5389.66,Urban
CA,CA-73,103308,82781,-0.03491501,0.03246739,0.37188485,0.62811515,0.07961972,0.14233943,0.01166934,0.39289209,0.02348365,Asian,Hispanic,0.58086406,0.63751157,0.65148685,0.69984746,0.52796157,1786.99,Urban
CA,CA-74,97505,78163,-0.01628634,-0.02552819,0.22674411,0.77325589,0.12012077,0.30396735,0.01581311,0.34003301,0.03224032,Asian,Minority,0.45787889,0.56329749,0.61897823,0.5488301,0.313043,3562.78,Urban
CA,CA-75,100140,78493,-0.01859397,0.00080618,0.3123718,0.6876282,0.13196081,0.25635407,0.01602691,0.28715936,0.03330233,Minority,Hispanic,0.41743569,0.5033938,0.51897538,0.58710293,0.3634224,2278.57,Urban
CA,CA-76,105040,80381,-0.04760091,0.04977712,0.13296675,0.86703325,0.10239982,0.47339545,0.04523457,0.25925281,0.03699879,Hispanic,Minority,0.42218077,0.5779305,0.66812915,0.48541397,0.24421141,4555.82,Urban
CA,CA-77,104190,83680,-0.01931087,0.04128216,0.19496893,0.80503107,0.06853489,0.23788241,0.02056644,0.48478728,0.02596797,Asian,Minority,0.39019533,0.52279676,0.57872625,0.57404802,0.45328001,1086.9,Urban
CA,CA-78,103512,81177,-0.00855939,0.03450618,0.12662454,0.87337546,0.05283516,0.18021114,0.02618968,0.62493071,0.01894625,Asian,Asian,0.36990188,0.52050387,0.6027515,0.58505934,0.48780326,680.59,Suburban
CA,CA-79,99884,77642,-0.04086741,-0.0017523,0.22350017,0.77649983,0.04081554,0.18947219,0.01522372,0.53094974,0.02174081,Asian,Minority,0.33795849,0.47296658,0.50576966,0.61137852,0.51526744,3347.19,Urban
CA,CA-80,103835,79673,-0.00469013,0.03773427,0.16532577,0.83467423,0.02321991,0.10091248,0.00692832,0.70322443,0.01214966,Asian,Asian,0.32508816,0.46480634,0.51514194,0.66431285,0.6619151,1054.04,Urban
CA,CA-81,104784,90308,-0.06561116,0.04721864,0.35427648,0.64572352,0.12110776,0.27320946,0.01349825,0.23574877,0.03603225,Minority,Hispanic,0.72049134,0.81149651,0.8477174,0.63654883,0.52489012,7347.46,Urban
CA,CA-82,104424,95025,-0.06374971,0.04362078,0.3766693,0.6233307,0.08338858,0.14388845,0.00736648,0.37920547,0.02435149,Asian,Minority,0.66622487,0.75007409,0.7949825,0.52919516,0.60686826,9289.14,Urban
CA,CA-83,104527,95190,-0.0972476,0.04465017,0.5560458,0.4439542,0.02425675,0.06974472,0.0041601,0.33750394,0.01013762,White,White,0.63422053,0.71229638,0.72662391,0.67361355,0.6810648,12065.64,Urban
CA,CA-84,104363,93744,-0.04253423,0.04301114,0.54361879,0.45638121,0.08306665,0.12023169,0.00608039,0.23805257,0.01835851,White,White,0.80260839,0.84820397,0.86144133,0.70572139,0.73334503,13277.3,Urban
CA,CA-85,104251,89022,-0.01724684,0.0418918,0.56446721,0.43553279,0.03888926,0.09929006,0.00481903,0.28164948,0.01708566,White,White,0.76258185,0.79985049,0.79440477,0.78391707,0.75378538,6386.23,Urban
CA,CA-86,102668,88385,-0.05026883,0.02607119,0.48960797,0.51039203,0.03500594,0.0889178,0.00548736,0.37191831,0.01370142,Minority,White,0.67434284,0.7249088,0.73689014,0.70524856,0.70243236,4764.34,Urban
CA,CA-87,103332,87906,-0.01393566,0.03270725,0.32538166,0.67461834,0.04173777,0.0934976,0.00542625,0.53141993,0.01387846,Asian,Asian,0.48984117,0.58676777,0.63256886,0.64939867,0.54311008,5242.46,Urban
CA,CA-88,104178,86720,-0.0413907,0.04116223,0.13051199,0.86948801,0.05932887,0.25245618,0.01100092,0.55471633,0.02155212,Asian,Asian,0.40954623,0.57511324,0.68661943,0.55799597,0.33918333,8521.34,Urban
CA,CA-89,101694,82448,-0.05834169,0.01633696,0.17922812,0.82077188,0.08069329,0.29397924,0.01831457,0.43193285,0.02769018,Asian,Hispanic,0.43180705,0.57704701,0.64719258,0.56061901,0.3428583,1914.89,Urban
CA,CA-90,100037,82649,-0.02041245,-0.00022321,0.13009232,0.86990768,0.03248678,0.23415891,0.0133093,0.59441736,0.01856042,Asian,Asian,0.41910709,0.55695153,0.64758374,0.44987219,0.37884234,4672.16,Urban
CA,CA-91,100096,80039,-0.02784327,0.00036644,0.38466248,0.61533752,0.02097727,0.1842102,0.02171441,0.38301328,0.01765389,Minority,Hispanic,0.41568001,0.5127543,0.5202487,0.68400619,0.51797633,2215.69,Urban
CA,CA-92,99575,78540,-0.04062265,-0.00484047,0.48515406,0.51484594,0.02304558,0.17167049,0.01138273,0.30022918,0.01680672,Minority,White,0.5169066,0.56108614,0.53026036,0.77840845,0.66171877,1894.56,Urban
CA,CA-93,98668,78386,-0.02337131,-0.01390509,0.36583063,0.63416937,0.02446866,0.15386676,0.02013115,0.42737223,0.01455617,Asian,Black,0.49960609,0.56802818,0.55664789,0.69914109,0.64363758,2225.17,Urban
CA,CA-94,103183,80230,-0.03029569,0.03121814,0.24513274,0.75486726,0.06883959,0.53821513,0.03299265,0.1156176,0.04098218,Hispanic,Hispanic,0.57562325,0.6937954,0.70588033,0.52599839,0.34689095,2287.81,Urban
CA,CA-95,103265,79828,-0.02594296,0.03203765,0.67091747,0.32908253,0.01751265,0.10325951,0.00643884,0.1892569,0.0139049,White,White,0.5951781,0.61658862,0.57713395,0.85447007,0.72619557,1253.18,Urban
CA,CA-96,101365,82554,-0.04015193,0.01304892,0.48497953,0.51502047,0.02502604,0.1687017,0.011762,0.30142694,0.02136783,Minority,White,0.50023694,0.56183386,0.55740869,0.7278936,0.51383037,122.56,Rural
CA,CA-97,101820,83634,-0.02441564,0.01759622,0.50271421,0.49728579,0.03481838,0.08827749,0.00747304,0.3534926,0.01164598,White,White,0.65522749,0.71148381,0.7167652,0.65729504,0.81945417,2229.26,Urban
CA,CA-98,98765,77495,-0.01984509,-0.01293567,0.39766437,0.60233563,0.02068521,0.13706691,0.00485193,0.43134396,0.01518808,Asian,Minority,0.56663708,0.61718712,0.61572089,0.71742631,0.75094394,3714.69,Urban
CA,CA-99,100308,76843,-0.03615863,0.00248518,0.40014055,0.59985945,0.0103718,0.04026391,0.00333147,0.54001015,0.006728,Asian,Asian,0.49773252,0.55205396,0.53534306,0.81664572,0.84038797,543.77,Suburban
CA,CA-100,102567,80385,-0.00123822,0.02506179,0.27857187,0.72142813,0.01956833,0.1203956,0.00503825,0.57154942,0.01276358,Asian,Minority,0.46503209,0.53883051,0.54401002,0.65299352,0.73593466,4078.75,Urban
CA,CA-101,100422,82280,0.01063512,0.00362451,0.26457219,0.73542781,0.02563199,0.18196403,0.00836169,0.5144385,0.02051531,Asian,Black,0.47716116,0.56232372,0.59452028,0.61452432,0.62649223,819.3,Suburban
CA,CA-102,99124,82258,-0.00184617,-0.0093478,0.37080892,0.62919108,0.03921807,0.22292057,0.0091906,0.35315714,0.02480002,Minority,Black,0.47081238,0.55748316,0.56645482,0.5930541,0.57608311,2312.76,Urban
CA,CA-103,97191,75770,-0.05005608,-0.02866633,0.29629141,0.70370859,0.03932955,0.18835951,0.0079055,0.46558004,0.01932163,Asian,Black,0.39554682,0.48388708,0.50703671,0.61740057,0.59370386,3903.35,Urban
CA,CA-104,101731,80564,-0.01134364,0.01670675,0.4956308,0.5043692,0.02276451,0.11266819,0.00631796,0.35389256,0.01720371,Minority,White,0.42437932,0.46669803,0.44978472,0.78557996,0.69266527,1391.07,Urban
CA,CA-105,102551,77843,0.00912717,0.02490188,0.54543119,0.45456881,0.02580836,0.17391416,0.00813175,0.2380047,0.02447234,White,White,0.43253897,0.465184,0.43772713,0.75899827,0.58565966,2904.47,Urban
CA,CA-106,99435,81298,-0.03004978,-0.00623964,0.31592413,0.68407587,0.06043199,0.40266673,0.00921302,0.2110999,0.0347487,Hispanic,Minority,0.53275911,0.60776611,0.63768069,0.51772247,0.43127461,4326.27,Urban
CA,CA-107,99186,76795,-0.02768536,-0.00872816,0.26505632,0.73494368,0.04364868,0.38225145,0.00867244,0.30067062,0.03492415,Hispanic,Minority,0.32657356,0.42473686,0.49799279,0.59416054,0.34767221,3734.55,Urban
CA,CA-108,100316,80028,-0.0172455,0.00256514,0.14982256,0.85017744,0.04196031,0.27946469,0.00777228,0.52667816,0.0248663,Asian,Asian,0.21534017,0.31106313,0.55769171,0.53819363,0.3182956,2989.06,Urban
CA,CA-109,100668,78936,-0.04823777,0.00608305,0.11857708,0.88142292,0.03433161,0.47516976,0.00681565,0.36981859,0.04100791,Hispanic,Black,0.36140833,0.46035906,0.68274396,0.4932777,0.27233063,4997.11,Urban
CA,CA-110,102094,81777,-0.00968715,0.02033459,0.13377845,0.86622155,0.0314147,0.12723626,0.00849872,0.70226347,0.01361018,Asian,Asian,0.28653775,0.40250021,0.53246998,0.5560442,0.59859098,1820.59,Urban
CA,CA-111,98274,79692,-0.01147811,-0.01784275,0.1296617,0.8703383,0.02499624,0.13525824,0.00715254,0.70532801,0.01426743,Asian,Asian,0.25598307,0.35353686,0.5247366,0.57444914,0.55837952,1785.58,Urban
CA,CA-112,99925,76460,-0.06220665,-0.00134255,0.10651321,0.89348679,0.02617055,0.55742872,0.00837039,0.30784724,0.04628564,Hispanic,Minority,0.311646,0.46216821,0.63510777,0.55688445,0.22485531,1994.91,Urban
CA,CA-113,101153,79387,-0.02740403,0.01093017,0.16481288,0.83518712,0.03164246,0.20169549,0.00699107,0.59767972,0.01994029,Asian,Asian,0.2895477,0.38900074,0.52950357,0.65635422,0.49413334,1230.5,Urban
CA,CA-114,102472,76576,-0.00705559,0.02411235,0.36762171,0.63237829,0.02922587,0.45881216,0.00801818,0.13075898,0.04679012,Hispanic,Black,0.24328446,0.33146382,0.31820902,0.6666406,0.33200202,57.58,Rural
CA,CA-115,100257,77153,-0.02265178,0.00197549,0.47797234,0.52202766,0.02758156,0.17495107,0.00780268,0.30439516,0.02510596,Minority,White,0.30385339,0.3596726,0.33745336,0.76675406,0.59065544,218.41,Suburban
CA,CA-116,100892,80784,-0.02414463,0.00832172,0.75862795,0.24137205,0.0140003,0.09940087,0.00484007,0.09576154,0.02569816,White,White,0.48040487,0.50749323,0.4550147,0.80066073,0.59000519,153.33,Rural
CA,CA-117,101650,87382,-0.01311363,0.01589723,0.61966995,0.38033005,0.03211188,0.22358152,0.00563045,0.09641574,0.03311895,White,White,0.6602117,0.69994302,0.6690388,0.64782646,0.50833537,300.73,Suburban
CA,CA-118,100691,76141,-0.01919735,0.00631291,0.37602606,0.62397394,0.01196464,0.55075452,0.00397946,0.04855466,0.03936119,Hispanic,Asian,0.4434456,0.55842899,0.55004465,0.67696767,0.27438893,300.88,Suburban
CA,CA-119,99176,74261,-0.02547995,-0.0088281,0.31882145,0.68117855,0.05165565,0.48631179,0.01859657,0.12383351,0.04845073,Hispanic,Minority,0.29430208,0.39489336,0.38573451,0.60848828,0.24073209,258.47,Suburban
CA,CA-120,99356,69957,-0.01369822,-0.00702917,0.11648584,0.88351416,0.02485813,0.76338322,0.00791915,0.09697386,0.05280387,Hispanic,Hispanic,0.28012389,0.49407977,0.53811314,0.54356629,0.14049975,1682.59,Urban
CA,CA-121,100155,76154,0.04216464,0.00095609,0.1471098,0.8528902,0.03877669,0.75834493,0.0064212,0.05127767,0.05424534,Hispanic,Hispanic,0.24467884,0.44748767,0.48854637,0.5349364,0.12972294,119.05,Rural
CA,CA-122,101707,72740,0.06100858,0.01646689,0.26795436,0.73204564,0.0134039,0.66376134,0.00523783,0.04381358,0.06476492,Hispanic,Hispanic,0.11879468,0.26428572,0.25643905,0.61591762,0.18205958,15.09,Rural
CA,CA-123,98604,82580,-0.0064399,-0.01454471,0.71120126,0.28879874,0.0305643,0.13962218,0.00873093,0.0938605,0.02735529,White,White,0.36504486,0.37962694,0.33479523,0.70132764,0.56858227,24.22,Rural
CA,CA-124,97043,80617,-0.012479,-0.03014546,0.71484923,0.28515077,0.01416575,0.18519667,0.00466403,0.05496359,0.0335165,White,White,0.22246243,0.23750933,0.18389451,0.74766417,0.41511922,77.5,Rural
CA,CA-125,97527,75463,-0.00490121,-0.02530833,0.67886249,0.32113751,0.01943999,0.23337265,0.00458503,0.03452023,0.04072194,White,White,-0.10845489,-0.08367055,-0.13997713,0.7454263,0.31315304,32.07,Rural
CA,CA-126,97388,85358,0.03908079,-0.0266975,0.61721221,0.38278779,0.03650507,0.2456946,0.00466271,0.07849294,0.02825746,White,White,0.19257679,0.22917001,0.18701268,0.57181889,0.38637688,22.83,Rural
CA,CA-127,96150,74061,-0.0249714,-0.03907016,0.55401628,0.44598372,0.02275152,0.34171831,0.00630561,0.05641296,0.0464482,White,White,-0.09114506,-0.06678526,-0.13406406,0.7244563,0.31818396,20.14,Rural
CA,CA-128,97642,69284,0.01778948,-0.02415901,0.1753796,0.8246204,0.0307719,0.72960568,0.0052826,0.06303043,0.05799319,Hispanic,Hispanic,0.07744565,0.25260417,0.27249357,0.45655545,0.11267117,152.38,Rural
CA,CA-129,97181,79213,0.00101872,-0.02876627,0.44197291,0.55802709,0.03346673,0.34607956,0.00403974,0.16344539,0.03328999,Minority,White,0.4017245,0.43684224,0.43540891,0.56070732,0.37685252,117.42,Rural
CA,CA-130,99478,82882,-0.02295985,-0.00580989,0.60277262,0.39722738,0.02029391,0.29297073,0.00394537,0.0639222,0.02951184,White,White,0.52189683,0.55787742,0.49613357,0.73307676,0.52197848,821.27,Suburban
CA,CA-131,97180,78741,-0.01419016,-0.02877627,0.57097319,0.42902681,0.02363445,0.33981026,0.00424175,0.04470352,0.03822659,White,White,0.37868584,0.42230694,0.37488308,0.69275932,0.43783504,115.11,Rural
CA,CA-132,100516,77235,0.01438577,0.00456395,0.42646469,0.57353531,0.0124296,0.51295397,0.00357351,0.02958503,0.04358128,Hispanic,Hispanic,0.22530302,0.30562404,0.27641041,0.65595268,0.26152469,30.26,Rural
CA,CA-133,97935,74765,-0.02446521,-0.02123074,0.34653916,0.65346084,0.03429412,0.50961011,0.00612586,0.0992443,0.04445931,Hispanic,Hispanic,0.23536016,0.31817166,0.29684337,0.61698918,0.32156802,1670.94,Urban
CA,CA-134,101639,78352,-0.00662147,0.01578729,0.28195834,0.71804166,0.04163263,0.59018276,0.00765775,0.07689657,0.04592097,Hispanic,Hispanic,0.28295665,0.37493237,0.37929542,0.58338026,0.23425896,1882.22,Urban
CA,CA-135,100789,72681,-0.00495094,0.00729233,0.16337145,0.83662855,0.02685709,0.70289347,0.0059713,0.10291548,0.05382425,Hispanic,Hispanic,0.27023524,0.42124506,0.47834365,0.49514838,0.16913346,302.57,Suburban
CA,CA-136,97591,77364,-0.00626082,-0.0246687,0.57720645,0.42279355,0.02788119,0.25659221,0.00536425,0.11939662,0.02793289,White,White,0.06009995,0.0833161,0.02174738,0.74788807,0.43670241,361.34,Suburban
CA,CA-137,97700,77032,-0.01010235,-0.02357935,0.5537439,0.4462561,0.02624883,0.26833004,0.00495898,0.13365874,0.02845571,White,White,-0.01750266,0.03739901,-0.01124332,0.69893801,0.35955965,404.58,Suburban
CA,CA-138,97113,77273,-0.01575484,-0.02944587,0.64511537,0.35488463,0.0224011,0.18696052,0.00451645,0.12576191,0.02369521,White,White,0.0706851,0.10352581,0.05443115,0.76008703,0.46520152,541.82,Suburban
CA,CA-139,98438,78426,-0.01343993,-0.01620373,0.66132405,0.33867595,0.02091143,0.18078188,0.0043863,0.11633897,0.02324484,White,White,0.12089593,0.14551607,0.0861427,0.77123476,0.48646325,894.27,Suburban
CA,CA-140,97082,71803,0.01312293,-0.02975569,0.30749412,0.69250588,0.07831149,0.35522193,0.01784048,0.23870869,0.03446931,Hispanic,Minority,0.08471542,0.25133531,0.24673764,0.56957387,0.2413309,800.55,Suburban
CA,CA-141,100318,73527,0.09378177,0.00258512,0.3262475,0.6737525,0.06452052,0.38515103,0.01599412,0.20237464,0.04304541,Hispanic,Minority,-0.01675337,0.13185641,0.12137662,0.56045275,0.18976585,676.03,Suburban
CA,CA-142,101981,73539,-0.03754621,0.01920526,0.1365262,0.8634738,0.11566652,0.6495601,0.00677192,0.09497002,0.04772978,Hispanic,Hispanic,0.23133793,0.46373138,0.567019,0.37328034,0.06442841,633.13,Suburban
CA,CA-143,98471,69953,-0.00449879,-0.01587392,0.213186,0.786814,0.13223164,0.35360885,0.01438108,0.29682787,0.03349392,Hispanic,Minority,0.15626048,0.3389313,0.3698,0.49610727,0.24129069,171.63,Rural
CA,CA-144,104177,75894,-0.02199142,0.04115224,0.18575909,0.81424091,0.12824466,0.34863099,0.01669434,0.32960445,0.03782908,Hispanic,Minority,0.14566461,0.32376506,0.41891485,0.42374536,0.18381475,1864.15,Urban
CA,CA-145,103154,76531,0.05431685,0.03092831,0.31367681,0.68632319,0.13970809,0.30915577,0.01455619,0.2365708,0.03656035,Minority,Minority,0.09642904,0.22694008,0.21006853,0.51461314,0.24004027,2055.91,Urban
CA,CA-146,101629,77028,0.0204174,0.01568735,0.53410448,0.46589552,0.01777276,0.33041232,0.00627045,0.09440723,0.03426027,White,White,-0.25168907,-0.17611663,-0.20286351,0.61409792,0.23488123,93,Rural
CA,CA-147,98584,73346,0.01797452,-0.01474459,0.60053718,0.39946282,0.01233878,0.31268235,0.00572628,0.03540752,0.04298803,White,White,-0.40385648,-0.33840689,-0.32087049,0.679578,0.19737816,44.27,Rural
CA,CA-148,98332,73664,0.03267502,-0.0172631,0.47712587,0.52287413,0.03700586,0.33639227,0.01643951,0.12043875,0.03915074,Minority,White,-0.1681785,-0.08176548,-0.10899759,0.64088107,0.22472981,311.1,Suburban
CA,CA-149,101120,72870,0.06907634,0.01060037,0.25314944,0.74685056,0.050446,0.62069439,0.01117058,0.05711541,0.04561548,Hispanic,Hispanic,0.02448567,0.18384648,0.18395597,0.53870474,0.13139951,29.23,Rural
CA,CA-150,103243,76111,-0.01642726,0.03181778,0.3812064,0.6187936,0.04877087,0.44892328,0.01740878,0.09232568,0.04803511,Hispanic,Minority,0.02044216,0.13390443,0.13605707,0.51693098,0.18790785,1827.47,Urban
CA,CA-151,102951,77517,-0.00628454,0.02889951,0.4789014,0.5210986,0.05234981,0.34415677,0.01806055,0.09087039,0.0487893,Minority,White,-0.04164146,0.04634854,0.02875353,0.54267605,0.18765367,1721.39,Urban
CA,CA-152,96551,68184,-0.00901078,-0.03506254,0.25918104,0.74081896,0.02163264,0.62752259,0.00995835,0.07108706,0.04437991,Hispanic,Hispanic,-0.04931786,0.15533879,0.17929162,0.50530879,0.09933903,210.39,Suburban
CA,CA-153,103721,76910,-0.00517735,0.03659494,0.47806527,0.52193473,0.02489923,0.40395267,0.0076583,0.06982187,0.04054089,Minority,White,-0.20401428,-0.09215658,-0.04964561,0.55626539,0.21542925,84.28,Rural
CA,CA-154,100821,71022,0.03649041,0.00761214,0.25171074,0.74828926,0.03059615,0.60440427,0.00533637,0.09950438,0.05670074,Hispanic,Hispanic,-0.07194934,0.11690528,0.15246931,0.49461619,0.13292132,239.42,Suburban
CA,CA-155,101007,73632,0.04640272,0.00947104,0.29722132,0.70277868,0.06498533,0.50776836,0.00490276,0.1172588,0.04741145,Hispanic,Minority,0.02903862,0.14233489,0.14439449,0.52082565,0.18314683,48.85,Rural
CA,CA-156,96430,82089,0.17038266,-0.03627182,0.16000926,0.83999074,0.05777875,0.7492234,0.00495803,0.01945449,0.03538842,Hispanic,Hispanic,-0.0383833,0.16208084,0.23989773,0.32673908,0.06272375,11.49,Rural
CA,CA-157,96388,69391,-0.00346516,-0.03669157,0.41460708,0.58539292,0.0644464,0.42685651,0.00645617,0.07508178,0.03961609,Hispanic,Minority,-0.27140955,-0.18931226,-0.23009222,0.52150668,0.20195884,150.03,Rural
CA,CA-158,99763,73191,0.0663272,-0.00296158,0.20953396,0.79046604,0.05168668,0.69130084,0.00457707,0.03474471,0.07462666,Hispanic,Hispanic,-0.09325343,0.0797465,0.08481069,0.43529115,0.11244283,249.71,Suburban
CA,CA-159,100614,78746,0.03591945,0.00554337,0.46387118,0.53612882,0.07188937,0.33182638,0.00474945,0.11871079,0.03817337,Minority,Black,-0.01999402,0.03598691,-0.02560855,0.58098671,0.362062,1591.1,Urban
CA,CA-160,97208,68505,-0.00887787,-0.02849643,0.22764762,0.77235238,0.0728268,0.52378658,0.00503613,0.16420699,0.04804029,Hispanic,Hispanic,0.1350299,0.27286799,0.27940255,0.36513041,0.1382775,2291.31,Urban
CA,CA-161,104489,74806,0.00075606,0.04427039,0.28841269,0.71158731,0.09337486,0.50474561,0.00502633,0.09870866,0.0526562,Hispanic,Hispanic,0.22495918,0.33656321,0.3154267,0.41968126,0.19587073,2406.14,Urban
CA,CA-162,97154,67454,0.01200156,-0.02903611,0.17257687,0.82742313,0.11415187,0.52419427,0.00382483,0.17692057,0.04597207,Hispanic,Hispanic,0.13487329,0.33583464,0.37814041,0.43887483,0.15367653,510.54,Suburban
CA,CA-163,95772,66619,-0.03866475,-0.04284792,0.13641754,0.86358246,0.08425524,0.64128852,0.00523875,0.13295006,0.0446119,Hispanic,Hispanic,0.25675963,0.42755708,0.49406855,0.3528528,0.12530852,2299.56,Urban
CA,CA-164,100134,75985,0.0457487,0.00074622,0.56548003,0.43451997,0.0375074,0.20436928,0.00356649,0.17296835,0.02830822,White,White,-0.17467821,-0.12661844,-0.19996646,0.68014969,0.50378019,1043.11,Urban
CA,CA-165,103280,76193,0.03164214,0.03218756,0.5026446,0.4973554,0.03315265,0.27740081,0.00639166,0.1598572,0.03901933,White,White,-0.21654157,-0.1516286,-0.21401309,0.67059988,0.33997734,755.39,Suburban
CA,CA-166,95359,66237,-0.01231137,-0.04697547,0.13246373,0.86753627,0.02691849,0.67827649,0.00218911,0.15521536,0.03706388,Hispanic,Hispanic,0.04550131,0.24887977,0.30228993,0.47755191,0.16202425,288.58,Suburban
CA,CA-167,95987,66381,-0.0153875,-0.04069919,0.16221509,0.83778491,0.00944547,0.78261852,0.00262123,0.0393938,0.03169582,Hispanic,Hispanic,-0.06309161,0.13485027,0.16344126,0.49740267,0.13564877,205.84,Suburban
CA,CA-168,103207,79874,0.03279816,0.03145799,0.62712522,0.37287478,0.01383429,0.26446653,0.00321757,0.03445427,0.07006035,White,White,-0.36733995,-0.34806546,-0.38161785,0.70212794,0.2721923,4.87,Rural
CA,CA-169,98207,68971,0.02797153,-0.01851236,0.30082208,0.69917792,0.0112656,0.61280828,0.00258079,0.06027171,0.03962535,Hispanic,Hispanic,-0.28759911,-0.14071776,-0.16966222,0.55036744,0.18567804,46.82,Rural
CA,CA-170,100473,74120,0.01454122,0.00413421,0.46878036,0.53121964,0.02811657,0.41543443,0.00429034,0.06353211,0.04430653,Minority,Minority,-0.24013293,-0.15788747,-0.21762062,0.59805291,0.25339889,793.19,Suburban
CA,CA-171,97395,67996,0.02016531,-0.02662754,0.36083005,0.63916995,0.02216307,0.54542914,0.00338255,0.0503412,0.04045826,Hispanic,Hispanic,-0.28216081,-0.17433211,-0.16784512,0.50881945,0.14485278,158.81,Rural
CA,CA-172,97672,66441,0.00810877,-0.02385919,0.17456089,0.82543911,0.01283846,0.75587363,0.00231785,0.04596559,0.04146536,Hispanic,Hispanic,-0.033059,0.1439049,0.15873724,0.41464073,0.09627786,223.8,Suburban
CA,CA-173,95485,63503,-0.04099073,-0.04571622,0.16496858,0.83503142,0.0203455,0.77108168,0.00373211,0.03247091,0.03706911,Hispanic,Hispanic,-0.06575342,0.1250066,0.10917881,0.41112469,0.06183301,54.38,Rural
CA,CA-174,103723,83344,0.12247043,0.03661493,0.08742081,0.91257919,0.0585765,0.77238913,0.00437944,0.08175754,0.03340372,Hispanic,Hispanic,-0.01731315,0.25421946,0.38873563,0.34571293,0.073446,110.65,Rural
CA,CA-175,97163,70937,0.04105472,-0.02894617,0.59476719,0.40523281,0.03349451,0.25474717,0.00403175,0.08432835,0.04274215,White,White,-0.45197705,-0.4066575,-0.46492622,0.70966429,0.33242182,648.66,Suburban
CA,CA-176,97027,74112,0.04172035,-0.03030536,0.5132772,0.4867228,0.0396427,0.3373003,0.00437176,0.08446675,0.0418016,White,White,-0.32230374,-0.26569447,-0.33883723,0.60991617,0.30498658,15.12,Rural
CA,CA-177,97114,77721,0.07482958,-0.02943588,0.54916947,0.45083053,0.10582725,0.26210419,0.00756552,0.05118308,0.04541887,White,White,-0.28819848,-0.27126599,-0.33841683,0.5439519,0.23018791,14.36,Rural
CA,CA-178,97576,72506,-0.02996639,-0.02481862,0.61735581,0.38264419,0.02874245,0.27622542,0.00404104,0.03374893,0.05599537,White,White,-0.34011252,-0.31768327,-0.38101357,0.5651486,0.18325863,16.14,Rural
CA,CA-179,100797,68405,-0.02664762,0.00737228,0.19508808,0.80491192,0.09095826,0.68125137,0.00321614,0.02224984,0.04882684,Hispanic,Hispanic,0.06379749,0.21499831,0.24243029,0.40365232,0.09942092,2244.71,Urban
CA,CA-180,98802,67782,-0.01446327,-0.01256589,0.18161164,0.81838836,0.10014458,0.67054675,0.00293588,0.03757635,0.040586,Hispanic,Hispanic,0.08382095,0.25218312,0.26043717,0.3880196,0.10410179,1639.28,Urban
CA,CA-181,102765,72396,0.04924828,0.02704061,0.24885353,0.75114647,0.08504614,0.49791425,0.00381237,0.15807503,0.03719819,Hispanic,Hispanic,-0.09750646,0.08379596,0.0673724,0.53289504,0.21824532,1762.99,Urban
CA,CA-182,97707,64536,-0.03713142,-0.02350939,0.11198401,0.88801599,0.02621792,0.8279255,0.00139457,0.02553613,0.04354159,Hispanic,Hispanic,0.03753045,0.27765021,0.32273943,0.42570893,0.07780579,164.97,Rural
CA,CA-183,101243,72538,0.04966269,0.01182964,0.16508589,0.83491411,0.20611266,0.56402162,0.00958119,0.05580523,0.04484546,Hispanic,Hispanic,0.07220773,0.25662918,0.30014981,0.4342078,0.11067854,327.51,Suburban
CA,CA-184,103773,72703,0.00891369,0.03711464,0.2494395,0.7505605,0.14762802,0.54254983,0.00727618,0.04876002,0.0435883,Hispanic,Hispanic,-0.05040724,0.09595721,0.07657459,0.44769789,0.09698006,999.19,Suburban
CA,CA-185,101435,74370,-0.01933258,0.0137485,0.42451257,0.57548743,0.07603873,0.43126261,0.00571467,0.05010085,0.04171037,Hispanic,Hispanic,-0.26639419,-0.19173809,-0.23467574,0.5845393,0.16036978,751.18,Suburban
CA,CA-186,102201,74582,0.01412902,0.02140396,0.46925532,0.53074468,0.11624789,0.32824274,0.01177228,0.05001207,0.05953179,Minority,Hispanic,-0.2954797,-0.24134991,-0.2873147,0.45791853,0.15986704,2.69,Rural
CA,CA-187,101087,79438,-0.00089032,0.01027056,0.60116065,0.39883935,0.07391928,0.24079156,0.0092525,0.04974949,0.045054,White,White,-0.20008017,-0.17701498,-0.26727629,0.47665579,0.19278507,10.61,Rural
CA,CA-188,97124,77101,0.00866933,-0.02933594,0.65328595,0.34671405,0.02322927,0.25071011,0.00431901,0.03814477,0.0421525,White,White,-0.28592525,-0.27332707,-0.33762899,0.62127714,0.24661622,35.46,Rural
CA,CA-189,98800,75891,-0.01615385,-0.01258587,0.56508677,0.43491323,0.03858165,0.29339447,0.00560014,0.07985137,0.0358277,White,White,-0.22280994,-0.16709823,-0.20142807,0.73035854,0.33615102,593.16,Suburban
CA,CA-190,104523,81296,0.0200243,0.04461019,0.36812389,0.63187611,0.08877436,0.34951289,0.00795857,0.18400659,0.03198189,Minority,Black,0.10206447,0.17941025,0.14815135,0.55889002,0.38660776,876.57,Suburban
CA,CA-191,100236,71209,-0.01850633,0.00176561,0.18949852,0.81050148,0.14589448,0.60291536,0.00645986,0.05628502,0.03989664,Hispanic,Hispanic,0.09947712,0.29129566,0.3089776,0.39945798,0.10689394,2592.88,Urban
CA,CA-192,100691,73058,0.0329523,0.00631291,0.21240658,0.78759342,0.13374305,0.59356949,0.00561198,0.05636617,0.04319855,Hispanic,Hispanic,0.05044011,0.21850633,0.25889646,0.45910398,0.17152837,960.83,Suburban
CA,CA-193,96501,68591,-0.04884923,-0.03556224,0.13335569,0.86664431,0.11686664,0.69656369,0.00609409,0.04854864,0.03915966,Hispanic,Hispanic,0.17094962,0.3646685,0.44869599,0.40756799,0.12625205,1920.57,Urban
CA,CA-194,96341,68717,-0.00535598,-0.03716129,0.08754748,0.91245252,0.13878662,0.74137404,0.00541351,0.03042915,0.04582563,Hispanic,Hispanic,0.22707025,0.46900888,0.5762203,0.46626192,0.10798596,2384.06,Urban
CA,CA-195,97351,70933,0.00204415,-0.02706728,0.11025898,0.88974102,0.06217134,0.78679881,0.00366543,0.03728871,0.04464777,Hispanic,Hispanic,0.14244418,0.37610852,0.4851806,0.4431914,0.1243891,1422.09,Urban
CA,CA-196,97488,69621,0.06560807,-0.02569809,0.1195329,0.8804671,0.10607432,0.703667,0.00507031,0.06895908,0.04214246,Hispanic,Hispanic,0.1403045,0.36086239,0.46355317,0.49573685,0.16726917,2097.06,Urban
CA,CA-197,98097,72369,-0.03327319,-0.01961171,0.10521079,0.89478921,0.08865675,0.7176139,0.0054305,0.08861529,0.03888405,Hispanic,Hispanic,0.1651404,0.38996353,0.5106441,0.50306842,0.16774162,1432.86,Urban
CA,CA-198,98372,75915,-0.00179929,-0.01686334,0.32774814,0.67225186,0.12483699,0.36727919,0.0065468,0.17519594,0.0290193,Hispanic,Hispanic,0.03214179,0.13491993,0.1363007,0.58813725,0.36367518,1947.9,Urban
CA,CA-199,96004,72415,0.01393692,-0.04052929,0.38639785,0.61360215,0.10430159,0.33138162,0.00557895,0.16977146,0.02859905,Minority,Hispanic,-0.07732721,0.00223777,-0.01487971,0.74161864,0.39942497,1256.3,Urban
CA,CA-200,97327,75931,0.00346255,-0.02730714,0.37692115,0.62307885,0.08108678,0.41284851,0.00468847,0.11947689,0.03467622,Hispanic,Hispanic,0.00841355,0.11292744,0.07591524,0.61493372,0.32143763,2024.97,Urban
CA,CA-201,98276,73211,-0.00846595,-0.01782277,0.14975892,0.85024108,0.05865239,0.71527503,0.00534073,0.07203835,0.05083935,Hispanic,Hispanic,0.16275244,0.34388771,0.40101958,0.49210286,0.15727261,3178.14,Urban
CA,CA-202,96162,73055,0.05441859,-0.03895023,0.16724386,0.83275614,0.08644172,0.59455205,0.00566696,0.14998289,0.03723222,Hispanic,Hispanic,0.08564416,0.26321755,0.31752415,0.53795375,0.22957659,908.29,Suburban
CA,CA-203,96373,74199,-0.02790201,-0.03684148,0.19680858,0.80319142,0.04384156,0.60632893,0.00470357,0.15029852,0.03676599,Hispanic,Hispanic,-0.00609669,0.13916586,0.17950755,0.56722472,0.22275181,2003,Urban
CA,CA-204,100747,81899,0.07437442,0.00687258,0.24880646,0.75119354,0.07246731,0.27383729,0.0060074,0.40083518,0.02040318,Asian,Minority,-0.03593856,0.07225962,0.04906354,0.60850561,0.45569446,630.33,Suburban
CA,CA-205,101798,74840,-0.01737755,0.01737635,0.06949492,0.93050508,0.01539284,0.89307857,0.00144308,0.02737841,0.03079904,Hispanic,Hispanic,0.05844621,0.33055327,0.55201348,0.58630762,0.18212307,216.99,Suburban
CA,CA-206,104070,85615,0.11194388,0.04008288,0.16499445,0.83500555,0.06164808,0.73704374,0.00439175,0.02375752,0.04625358,Hispanic,Hispanic,-0.09137943,0.11617166,0.19549918,0.40891781,0.10955577,4.94,Rural
CA,CA-207,95949,70866,0.010047,-0.04107897,0.26190275,0.73809725,0.01872548,0.69306861,0.00196145,0.01999548,0.0319194,Hispanic,Hispanic,0.12819003,0.27760312,0.29067396,0.50814657,0.17638416,342.83,Suburban
CA,CA-208,98265,74810,0.0227548,-0.0179327,0.39322283,0.60677717,0.02871274,0.52716214,0.00300762,0.04245422,0.02983558,Hispanic,Hispanic,0.04531585,0.12076631,0.08847128,0.5963696,0.2445092,539.57,Suburban
CA,CA-209,96947,82950,0.02362115,-0.03110489,0.64294153,0.35705847,0.02589512,0.2639783,0.00289331,0.05110307,0.02407474,White,White,0.21019018,0.17336386,0.06855136,0.63982569,0.39034728,752.25,Suburban
CA,CA-210,95784,72831,-0.0014825,-0.04272799,0.35211654,0.64788346,0.05766775,0.51957271,0.00447612,0.05757164,0.04065576,Hispanic,Minority,0.23503462,0.32038028,0.29596762,0.52580541,0.21549385,196.25,Rural
CA,CA-211,99492,82794,0.01924778,-0.00566998,0.6129792,0.3870208,0.04740682,0.27171051,0.00426359,0.04145228,0.03942315,White,White,0.19727281,0.18107667,0.09917521,0.59668277,0.29151494,40.27,Rural
CA,CA-212,101265,75450,0.04519824,0.01204951,0.42136514,0.57863486,0.08088801,0.38854871,0.00486415,0.08234592,0.05062956,Minority,Minority,-0.1331552,-0.05622039,-0.09625858,0.63111298,0.22156693,144.56,Rural
CA,CA-213,102624,74213,-0.02200265,0.02563145,0.32122404,0.67877596,0.10702977,0.51124466,0.00718203,0.04376592,0.04779486,Hispanic,Minority,-0.03469305,0.07140924,0.03189902,0.4512046,0.12973959,1043.82,Urban
CA,CA-214,96947,71010,0.02897459,-0.03110489,0.17408816,0.82591184,0.19335305,0.5360231,0.00873116,0.09297282,0.03896634,Hispanic,Hispanic,0.16145865,0.33095632,0.34879809,0.4939149,0.20896145,512.61,Suburban
CA,CA-215,97002,68702,-0.00063916,-0.03055521,0.12191785,0.87808215,0.16600681,0.64404239,0.00794737,0.06420483,0.03736427,Hispanic,Hispanic,0.21419415,0.42925506,0.49513721,0.40986305,0.12330447,2406.83,Urban
CA,CA-216,101051,78195,0.00262244,0.00991078,0.27508153,0.72491847,0.10874097,0.5013364,0.00700812,0.10541595,0.04395422,Hispanic,Hispanic,0.21343358,0.3382212,0.36884274,0.46485565,0.23966856,1046.51,Urban
CA,CA-217,101947,75140,0.01251631,0.01886546,0.21475912,0.78524088,0.04715198,0.67029545,0.00465797,0.05762577,0.03856801,Hispanic,Hispanic,-0.01550612,0.17536427,0.20308544,0.49018806,0.14687495,936.95,Suburban
CA,CA-218,100930,78818,-0.00181314,0.0087015,0.39669872,0.60330128,0.07376488,0.43572534,0.00602654,0.08116166,0.03824,Hispanic,Minority,0.02854873,0.13526624,0.0884166,0.57357652,0.28105295,1110.36,Urban
CA,CA-219,97333,71915,0.01404457,-0.02724717,0.2031426,0.7968574,0.06372801,0.64915525,0.00650768,0.07532504,0.03821178,Hispanic,Hispanic,0.07486331,0.24856881,0.29137153,0.44655161,0.16399908,1823.38,Urban
CA,CA-220,97617,75324,0.03541391,-0.02440886,0.29177951,0.70822049,0.09529499,0.36433275,0.00669109,0.24107854,0.02591472,Hispanic,Black,-0.14338146,-0.01473689,0.00184981,0.62337308,0.33201593,1400.81,Urban
CA,CA-221,98071,73428,0.00808598,-0.01987155,0.3102495,0.6897505,0.05903742,0.50822574,0.00743586,0.11219153,0.03736994,Hispanic,Minority,-0.04677752,0.07780712,0.05752927,0.54627188,0.25779323,1443.95,Urban
CA,CA-222,102265,77618,0.00088007,0.02204358,0.35330722,0.64669278,0.06762607,0.39371022,0.00821974,0.17408333,0.02987709,Hispanic,Black,-0.06874398,0.0385684,0.01708347,0.62684871,0.31815343,663.05,Suburban
CA,CA-223,101736,70101,-0.01283715,0.01675672,0.09623258,0.90376742,0.10213834,0.76184363,0.00506412,0.03765995,0.0387013,Hispanic,Hispanic,0.16847826,0.43407599,0.54686596,0.40312592,0.08682589,728.79,Suburban
CA,CA-224,104009,78964,0.09441491,0.03947324,0.4663011,0.5336989,0.07585735,0.34137075,0.00719315,0.10085609,0.033243,Minority,Asian,-0.18131202,-0.13430402,-0.18035705,0.66772044,0.28576348,273.74,Suburban
CA,CA-225,95369,69462,0.03370068,-0.04687553,0.36247157,0.63752843,0.07424203,0.457286,0.00833549,0.09127293,0.03810717,Hispanic,Asian,-0.08934975,-0.00160818,-0.04298932,0.58282256,0.21880742,473.88,Suburban
CA,CA-226,101847,79276,0.09609512,0.01786606,0.45515667,0.54484333,0.0795575,0.38985317,0.00790908,0.05789899,0.03625309,Minority,Asian,-0.1047552,-0.06690302,-0.14636721,0.59583972,0.15955764,391.75,Suburban
CA,CA-227,98425,71220,0.1277521,-0.01633365,0.50490031,0.49509969,0.0744875,0.24775344,0.01113451,0.14769728,0.0426706,White,Asian,-0.17545803,-0.15261223,-0.2426731,0.69849345,0.34530308,92.34,Rural
CA,CA-228,103714,76238,0.02277417,0.03652499,0.49631417,0.50368583,0.06643669,0.31746636,0.00995567,0.09829744,0.03441853,Minority,White,-0.22809261,-0.19735979,-0.25318592,0.68174382,0.25710244,231.11,Suburban
CA,CA-229,99705,73869,0.02647811,-0.00354124,0.48014729,0.51985271,0.08104888,0.28370494,0.01088413,0.13988277,0.0324358,Minority,White,-0.1537004,-0.0982956,-0.18423785,0.62600432,0.28442183,1273.44,Urban
CA,CA-230,96902,72056,-0.00648077,-0.03155462,0.52602143,0.47397857,0.06245143,0.25419118,0.00967303,0.14077939,0.03490341,White,White,-0.1107291,-0.08188824,-0.17619461,0.68128995,0.37872109,578.44,Suburban
CA,CA-231,98095,76506,-0.00627963,-0.01963169,0.64362272,0.35637728,0.01954095,0.23685724,0.00801244,0.04100332,0.06577262,White,White,-0.2728887,-0.24659692,-0.32607889,0.72293464,0.29074052,17.1,Rural
CA,CA-232,99222,77779,0.00590595,-0.00836838,0.65863536,0.34136464,0.04224791,0.22282364,0.00640276,0.0482521,0.03716942,White,White,-0.33465273,-0.28115647,-0.30275694,0.65598756,0.2826997,50.19,Rural
CA,CA-233,103378,79789,-0.00829964,0.03316698,0.66188322,0.33811678,0.03516775,0.19805988,0.01242026,0.07172668,0.03237288,White,White,-0.17938394,-0.16129092,-0.24044339,0.67148356,0.28247779,1038.28,Urban
CA,CA-234,97221,73438,-0.03032267,-0.02836651,0.55250688,0.44749312,0.08319943,0.27333261,0.01034887,0.07531523,0.0270296,White,White,-0.06491259,0.02072894,0.01672608,0.56112976,0.26245214,2359.52,Urban
CA,CA-235,99536,77926,0.00321492,-0.00523024,0.61930549,0.38069451,0.02530606,0.18923081,0.00731463,0.14096707,0.03075995,White,White,-0.02366334,-0.02475366,-0.1045367,0.7667298,0.46428676,233.65,Suburban
CA,CA-236,99807,73450,-0.03757251,-0.00252185,0.2870388,0.7129612,0.03533016,0.58811436,0.0062083,0.07903336,0.03922396,Hispanic,Hispanic,0.12864374,0.22880887,0.15736834,0.52957054,0.18748451,3812.42,Urban
CA,CA-237,100018,79969,0.01403747,-0.0004131,0.54592405,0.45407595,0.05674699,0.31883605,0.01240481,0.05871025,0.03290025,White,White,-0.1261042,-0.08612299,-0.16926085,0.46290578,0.32835038,116.12,Rural
CA,CA-238,101884,80881,-0.01369204,0.01823584,0.45799384,0.54200616,0.06074356,0.35675869,0.01908977,0.10123515,0.03626315,Minority,Black,0.13600547,0.18558747,0.12764408,0.6249911,0.30871494,2060.97,Urban
CA,CA-239,101937,78788,-0.01339062,0.01876552,0.4050363,0.5949637,0.04435955,0.43700817,0.01599228,0.09160024,0.04371224,Hispanic,Black,0.08787506,0.14669602,0.09528439,0.64183958,0.27935621,1951.98,Urban
CA,CA-240,95940,73051,-0.0150198,-0.04116891,0.4641278,0.5358722,0.03359297,0.37632613,0.00889789,0.10776033,0.03537255,Minority,White,0.05711761,0.09028218,0.00848481,0.68385896,0.34863006,811.36,Suburban
CA,CA-241,101645,77192,-0.01534753,0.01584726,0.62900301,0.37099699,0.02714012,0.20914084,0.00584257,0.11761582,0.02274847,White,White,0.17003225,0.19079585,0.11592946,0.77637251,0.52549283,857.78,Suburban
CA,CA-242,103534,82337,0.01281705,0.03472605,0.66972321,0.33027679,0.02924566,0.17715001,0.00721425,0.10299136,0.02443616,White,White,0.1511698,0.14979783,0.07087484,0.79412586,0.50023581,1302.83,Urban
CA,CA-243,100101,81496,-0.00763229,0.00041641,0.73991362,0.26008638,0.0159517,0.14266958,0.00499411,0.07910818,0.02164523,White,White,0.27776123,0.30795988,0.25646064,0.80183598,0.64591548,1248.99,Urban
CA,CA-244,101926,75421,-0.02796146,0.01865559,0.59515254,0.40484746,0.02081648,0.08501611,0.00403071,0.28295833,0.01050105,White,White,0.16962339,0.20291235,0.12663494,0.82879985,0.75137342,626.46,Suburban
CA,CA-245,99878,77705,0.00241294,-0.00181227,0.53480471,0.46519529,0.03133646,0.09940158,0.00773438,0.32288785,0.01436201,White,White,0.20511314,0.21447653,0.12866949,0.7725641,0.6425074,1520.34,Urban
CA,CA-246,99417,78498,-0.01739139,-0.00641953,0.38646845,0.61353155,0.04319855,0.11816862,0.00928686,0.4419603,0.01466279,Asian,Minority,0.22711318,0.24852608,0.21216955,0.70446482,0.5703549,2015.31,Urban
CA,CA-247,96798,81201,-0.02814108,-0.032594,0.42714991,0.57285009,0.03323851,0.11684585,0.00937181,0.41595547,0.01128065,Minority,Minority,0.35200493,0.37456103,0.36014103,0.65630878,0.66775357,1169.46,Urban
CA,CA-248,97226,84104,-0.01184868,-0.02831654,0.6929278,0.3070722,0.02137829,0.11433463,0.00554076,0.14572434,0.01403025,White,White,0.33914525,0.39559782,0.33791054,0.66632781,0.72072199,1855.38,Urban
CA,CA-249,98254,82250,0.03730128,-0.01804264,0.48976292,0.51023708,0.0735076,0.22294225,0.01148936,0.19755623,0.02491185,Minority,White,0.31675987,0.35131952,0.3031673,0.54373243,0.48999306,2385.65,Urban
CA,CA-250,99358,81655,-0.05741863,-0.00700918,0.56245178,0.43754822,0.04928051,0.19395016,0.01016472,0.17220011,0.02408916,White,White,0.26888156,0.29228525,0.21726481,0.7033203,0.53160177,531.29,Suburban
CA,CA-251,99131,79555,0.03832303,-0.00927784,0.59213123,0.40786877,0.07497957,0.19096223,0.01072214,0.1247816,0.02462447,White,White,0.33966639,0.33828969,0.26355294,0.63045222,0.52560834,1925.08,Urban
CA,CA-252,102096,89722,0.03758228,0.02035458,0.67848465,0.32151535,0.05140322,0.16353849,0.00666503,0.07904416,0.02260315,White,White,0.38357749,0.41447391,0.34910315,0.59459955,0.58407281,2403.86,Urban
CA,CA-253,101989,91114,0.05133887,0.01928522,0.58076695,0.41923305,0.07219527,0.23293896,0.00693637,0.09803104,0.02840398,White,White,0.6687564,0.69696439,0.66544345,0.62501104,0.57011242,3794.54,Urban
CA,CA-254,101715,76801,0.04475249,0.01654684,0.18385177,0.81614823,0.15167771,0.45224672,0.00792958,0.20991914,0.03272093,Hispanic,Hispanic,0.3842649,0.4940068,0.59042866,0.44104743,0.22437693,4525.86,Urban
CA,CA-255,104688,84844,-0.00155701,0.04625921,0.5504691,0.4495309,0.09455,0.23428881,0.01149168,0.10479232,0.03086842,White,White,0.25938525,0.29186835,0.21837373,0.62662251,0.39045657,2357.37,Urban
CA,CA-256,98209,74099,-0.01839954,-0.01849237,0.12194497,0.87805503,0.14653369,0.59182985,0.00956828,0.14009636,0.03890741,Hispanic,Hispanic,0.41712324,0.57813796,0.66216169,0.47342932,0.18805697,3596.49,Urban
CA,CA-257,103002,78956,-0.01290266,0.02940921,0.2219464,0.7780536,0.15783474,0.4030726,0.01666751,0.21204215,0.03167587,Hispanic,Minority,0.20556611,0.31545901,0.3483672,0.55271923,0.22230782,2944.4,Urban
CA,CA-258,95512,72075,-0.01928553,-0.04544638,0.09855012,0.90144988,0.07579605,0.60652099,0.01288935,0.22186611,0.03225806,Hispanic,Hispanic,0.20216594,0.37218299,0.51645759,0.49230662,0.15676341,4079.23,Urban
CA,CA-259,100708,77640,-0.01817135,0.00648281,0.27400824,0.72599176,0.07221793,0.4672205,0.01168212,0.18775116,0.03066718,Hispanic,Black,0.11537282,0.22069312,0.23188004,0.68544081,0.36750786,1186.45,Urban
CA,CA-260,96019,69491,0.05342693,-0.04037938,0.16664028,0.83335972,0.09149386,0.44067577,0.01345498,0.3118965,0.02466506,Hispanic,Minority,0.16507569,0.2990107,0.35524703,0.65373015,0.42303898,1911.95,Urban
CA,CA-261,100357,77562,-0.01668045,0.00297489,0.16808489,0.83191511,0.0452928,0.71101828,0.00853511,0.07780872,0.03805987,Hispanic,Hispanic,0.18678623,0.35735174,0.43592502,0.59764779,0.17791567,3704.7,Urban
CA,CA-262,101869,82477,-0.04229942,0.01808593,0.39290954,0.60709046,0.08205924,0.43550323,0.01013616,0.07912509,0.03180281,Hispanic,Minority,0.1406076,0.25827849,0.26829921,0.45652143,0.30499625,1716.14,Urban
CA,CA-263,101792,80996,-0.0174277,0.01731638,0.08646106,0.91353894,0.06131167,0.7353573,0.0079757,0.12256161,0.03268063,Hispanic,Hispanic,0.17941381,0.39843673,0.56597914,0.5717576,0.18009258,1001.4,Urban
CA,CA-264,104502,84518,-0.00157892,0.04440031,0.73830427,0.26169573,0.01334627,0.16223763,0.0046144,0.06133605,0.02358078,White,White,-0.11265519,-0.08106746,-0.13016716,0.7692908,0.5139753,1328.17,Urban
CA,CA-265,101296,75453,-0.00814445,0.01235932,0.65558692,0.34441308,0.02361735,0.15723696,0.00588446,0.14573311,0.01954859,White,White,-0.08064687,-0.06190703,-0.13179756,0.81882851,0.57291494,204.67,Suburban
CA,CA-266,103423,82887,-0.02702494,0.03361671,0.64384041,0.35615959,0.0205943,0.16938724,0.00482585,0.1485999,0.01903797,White,White,-0.01452714,0.01803503,-0.06108365,0.78862697,0.51822365,1858.69,Urban
CA,CA-267,97779,78559,-0.01571912,-0.02278982,0.63690984,0.36309016,0.01747731,0.21624512,0.00372968,0.11155946,0.02253084,White,White,-0.01536904,0.03799598,-0.02752057,0.74879654,0.52268633,1446.4,Urban
CA,CA-268,96776,79023,-0.02033562,-0.03281387,0.65411336,0.34588664,0.02417018,0.13826354,0.00574516,0.16571125,0.01760247,White,White,0.11945606,0.16552956,0.12563929,0.76239376,0.58613475,1094.79,Urban
CA,CA-269,97971,79838,-0.01069704,-0.02087096,0.53093765,0.46906235,0.02287131,0.22747313,0.00549863,0.20342443,0.0239485,White,White,0.05673577,0.07599513,0.00893876,0.72557426,0.4678506,2031,Urban
CA,CA-270,97087,72161,0.08852885,-0.02970572,0.33583237,0.66416763,0.02714763,0.08999321,0.00444839,0.5373124,0.00981139,Asian,Hispanic,0.17826463,0.29053887,0.25568182,0.62067,0.69729055,990.7,Suburban
CA,CA-271,99741,76268,-0.04887659,-0.00318145,0.4107096,0.5892904,0.02196203,0.13671527,0.00445796,0.42171028,0.01456705,Asian,Black,0.10115394,0.17476754,0.10442235,0.76122495,0.66592027,1633.8,Urban
CA,CA-272,99784,78727,0.02176702,-0.00275171,0.40162841,0.59837159,0.03026916,0.10983525,0.00610972,0.44768631,0.01347695,Asian,Black,0.18965159,0.27468255,0.24741221,0.65847206,0.65474824,2346.93,Urban
CA,CA-273,101532,86598,-0.02193397,0.01471793,0.46307074,0.53692926,0.04102866,0.16977297,0.00384535,0.31754775,0.01206725,Minority,White,0.21036228,0.28208672,0.28193685,0.55639254,0.67870138,1625.29,Urban
CA,CA-274,96598,80489,-0.02197768,-0.03459282,0.76929767,0.23070233,0.01380313,0.08855869,0.00455963,0.10827566,0.01393979,White,White,-0.16302699,-0.09604884,-0.13624406,0.76702431,0.66630975,1454.43,Urban
CA,CA-275,104414,83697,0.00605283,0.04352084,0.56610153,0.43389847,0.02145836,0.1730289,0.00548407,0.22408211,0.01794569,White,White,-0.10385648,-0.07634927,-0.12935117,0.76172877,0.53347706,607.12,Suburban
CA,CA-276,101382,78410,-0.00072005,0.01321881,0.3157888,0.6842112,0.02442291,0.51708966,0.00636398,0.13194746,0.03698508,Hispanic,Minority,0.1123908,0.18942244,0.15796968,0.57798569,0.31317449,3247.36,Urban
CA,CA-277,101090,77227,-0.00168167,0.01030055,0.2922035,0.7077965,0.02518549,0.56766416,0.00594352,0.107061,0.04431093,Hispanic,Minority,0.15883505,0.25774268,0.24815565,0.53393443,0.29018847,3233.92,Urban
CA,CA-278,100241,77448,-0.01826598,0.00181558,0.11562597,0.88437403,0.01739231,0.54574682,0.00628809,0.31543745,0.02936164,Hispanic,Black,0.10023439,0.18649616,0.40518761,0.49184552,0.19085887,4518.05,Urban
CA,CA-279,99089,72603,-0.00671114,-0.00969759,0.072862,0.927138,0.01736843,0.83660455,0.00331942,0.07262785,0.06284864,Hispanic,Hispanic,0.32024634,0.50904942,0.65454545,0.42376544,0.12959743,5999.51,Urban
CA,CA-280,102751,78127,0.03670037,0.0269007,0.11668181,0.88331819,0.01895631,0.73347242,0.00504307,0.12648636,0.06114403,Hispanic,Hispanic,0.26921297,0.4297682,0.53581453,0.46819326,0.20350297,3579.98,Urban
CA,CA-281,99014,79641,-0.00612035,-0.01044714,0.47589809,0.52410191,0.02104444,0.35444055,0.00950515,0.12875278,0.03164199,Minority,White,0.0542798,0.14621199,0.1005379,0.62562156,0.3921893,2785.62,Urban
CA,CA-282,98377,75774,-0.03845411,-0.01681337,0.23127986,0.76872014,0.03072294,0.56231689,0.00667775,0.17057302,0.03608098,Hispanic,Black,0.14162682,0.26174226,0.26712905,0.56194134,0.2769399,2961.63,Urban
CA,CA-283,100021,75875,0.01441697,-0.00038311,0.17138715,0.82861285,0.02878418,0.6263196,0.00730148,0.16784185,0.03746952,Hispanic,Hispanic,0.24496016,0.36363637,0.43029437,0.47979211,0.23296865,3968.17,Urban
CA,CA-284,96006,73727,-0.02439431,-0.04050931,0.19132746,0.80867254,0.03827634,0.50731754,0.00793468,0.25392326,0.03544156,Hispanic,Black,0.09798923,0.22657575,0.34639877,0.49780145,0.22015303,4389.74,Urban
CA,CA-285,103439,82619,-0.00827541,0.03377662,0.16464736,0.83535264,0.01522652,0.29305608,0.00833949,0.51794381,0.01987436,Asian,Asian,-0.0331977,-0.01318772,0.25560081,0.55738123,0.23845595,4045.17,Urban
CA,CA-286,103116,83114,-0.02760968,0.03054853,0.12793272,0.87206728,0.01100898,0.23651852,0.00711072,0.61959477,0.01753014,Asian,Asian,-0.09519853,-0.0903689,0.24122582,0.58257818,0.22509407,3971.35,Urban
CA,CA-287,95795,77444,-0.02218279,-0.04261805,0.43144724,0.56855276,0.02001446,0.21090078,0.00768297,0.3213677,0.02214503,Minority,Minority,-0.04083367,-0.00386767,0.02405057,0.660522,0.403356,2835.2,Urban
CA,CA-288,96972,80067,-0.0313905,-0.03085503,0.67278654,0.32721346,0.01802241,0.14096944,0.00784343,0.14221839,0.02399241,White,White,-0.096057,-0.04272017,-0.07824729,0.76674784,0.50454755,2325.03,Urban
CA,CA-289,97247,75368,-0.01512643,-0.02810666,0.31462955,0.68537045,0.03517408,0.36074992,0.01093302,0.27451969,0.03123341,Hispanic,Minority,-0.00363075,0.07285748,0.12104689,0.59061595,0.29572062,2980.89,Urban
CA,CA-290,98010,77471,-0.02656872,-0.02048119,0.3047592,0.6952408,0.04444244,0.23900556,0.01166888,0.40213757,0.02412516,Asian,Asian,0.03683364,0.10064195,0.09540271,0.66295986,0.4255144,3278.58,Urban
CA,CA-291,97189,80480,0.00999084,-0.02868632,0.61136928,0.38863072,0.02076292,0.15895875,0.00760437,0.18871769,0.02260189,White,White,-0.0401139,-0.02370017,-0.04675262,0.72642888,0.47796007,1725.15,Urban
CA,CA-292,100502,79083,-0.01294502,0.00442403,0.55224258,0.44775742,0.01946057,0.17066879,0.00460276,0.24259322,0.02020662,White,White,-0.16582592,-0.13662303,-0.20770103,0.80561685,0.53736214,1015.86,Urban
CA,CA-293,98533,75371,-0.01262521,-0.01525429,0.19721113,0.80278887,0.03523902,0.53023046,0.00773507,0.22953125,0.03783949,Hispanic,Minority,0.12319165,0.26757097,0.32144787,0.52968501,0.25355798,2979.41,Urban
CA,CA-294,98916,80194,-0.01620567,-0.01142656,0.36368057,0.63631943,0.02990249,0.2108886,0.00519989,0.38661246,0.01991421,Asian,Minority,0.07573405,0.1077227,0.0688546,0.65160978,0.53248502,2127.39,Urban
CA,CA-295,104417,81397,-0.00617716,0.04355082,0.33214983,0.66785017,0.02501321,0.43835768,0.00468076,0.19503176,0.03143851,Hispanic,Minority,0.01636015,0.0941307,0.05245387,0.63231579,0.35840793,2202.24,Urban
CA,CA-296,103324,74414,-0.02467965,0.0326273,0.16522429,0.83477571,0.12970678,0.66240224,0.00395087,0.0388099,0.04521999,Hispanic,Hispanic,0.1856042,0.35876259,0.39316026,0.51149801,0.11761145,200,Rural
CA,CA-297,99623,71423,-0.05531855,-0.00436075,0.22543158,0.77456842,0.16507288,0.54255632,0.00474637,0.06198283,0.04631561,Hispanic,Hispanic,0.10628863,0.25036472,0.24297127,0.50383519,0.16947166,257.57,Suburban
CA,CA-298,100946,71094,-0.03270065,0.0088614,0.21561595,0.78438405,0.24680001,0.48545588,0.00490899,0.04769741,0.04140996,Hispanic,Minority,0.18679514,0.30514187,0.27285098,0.43518798,0.13807489,1965.92,Urban
CA,CA-299,100864,79294,-0.00278593,0.00804189,0.44742351,0.55257649,0.14646758,0.30534467,0.0059147,0.08286882,0.04006608,Minority,Minority,-0.12099494,-0.08566675,-0.16326274,0.63399263,0.27387293,52.61,Rural
CA,CA-300,101759,79935,0.02505921,0.01698658,0.52352536,0.47647464,0.05513229,0.29448927,0.0052918,0.10996435,0.02859824,White,White,-0.10015786,-0.06767456,-0.1189209,0.72628072,0.3534618,30.46,Rural
CA,CA-301,101347,76290,-0.05400259,0.01286902,0.45279853,0.54720147,0.05945733,0.31469393,0.00523004,0.16376983,0.0274479,Minority,Minority,0.04226737,0.1081539,0.06602013,0.75594842,0.40102864,1511.9,Urban
CA,CA-302,102902,79714,-0.00895026,0.0284098,0.46719522,0.53280478,0.05221166,0.31855132,0.00476704,0.1497353,0.02905387,Minority,Minority,0.06191342,0.11550997,0.07254503,0.69387228,0.40151738,515.21,Suburban
CA,CA-303,100597,80343,-0.02740638,0.00537347,0.32154637,0.67845363,0.07701978,0.45208668,0.00723149,0.14233972,0.03584631,Hispanic,Minority,0.28580302,0.37720822,0.38943621,0.57473332,0.36736203,1488.24,Urban
CA,CA-304,98539,74715,-0.03630035,-0.01519433,0.10158603,0.89841397,0.06239711,0.68757278,0.00451047,0.14891253,0.03957706,Hispanic,Hispanic,0.2414517,0.44818741,0.56559233,0.44207878,0.16609861,2318.62,Urban
CA,CA-305,101975,81292,-0.02561412,0.0191453,0.44049845,0.55950155,0.03670718,0.37703587,0.00472371,0.13821778,0.03347193,Minority,Hispanic,-0.03336014,0.03527678,-0.00629033,0.69770052,0.35412726,1173.58,Urban
CA,CA-306,101285,80421,-0.03054747,0.01224939,0.2885316,0.7114684,0.04722647,0.48887728,0.00499869,0.17071412,0.03785081,Hispanic,Minority,0.07657074,0.17743793,0.17553676,0.63292464,0.31286603,1755.69,Urban
CA,CA-307,97800,78132,-0.0158998,-0.02257994,0.27061895,0.72938105,0.06060257,0.46856602,0.00377566,0.19826704,0.03778221,Hispanic,Hispanic,0.26264704,0.34849746,0.35677255,0.61459136,0.35786442,1254.37,Urban
CA,CA-308,101715,78432,-0.04029887,0.01654684,0.05450581,0.94549419,0.01756936,0.72787893,0.00280498,0.20220063,0.03904019,Hispanic,Hispanic,0.26671746,0.46537911,0.60663109,0.47727423,0.15884772,2098.87,Urban
CA,CA-309,102252,78659,-0.04907483,0.02191366,0.04066922,0.95933078,0.01749323,0.79076774,0.0032037,0.15170546,0.04032596,Hispanic,Hispanic,0.28165138,0.49029318,0.63232216,0.4873162,0.12595162,3690.45,Urban
CA,CA-310,102930,82252,-0.02122802,0.02868964,0.12060497,0.87939503,0.0453606,0.50678403,0.00396343,0.32984,0.03334873,Hispanic,Hispanic,0.17564247,0.31692028,0.38404377,0.56077396,0.29463117,2572.34,Urban
CA,CA-311,98246,80117,-0.04137573,-0.01812259,0.13280577,0.86719423,0.03818166,0.22764207,0.00490533,0.60338006,0.01537751,Asian,Asian,0.09901481,0.22899151,0.26386606,0.62849166,0.49810315,1117.66,Urban
CA,CA-312,98874,80494,-0.0190141,-0.01184631,0.09847939,0.90152061,0.01631177,0.34919373,0.00470843,0.53669839,0.02073446,Asian,Asian,0.09796243,0.24853285,0.30459864,0.53540173,0.35811813,1336.81,Urban
CA,CA-313,98296,77297,-0.03708188,-0.01762289,0.21105606,0.78894394,0.02089344,0.67485155,0.00443743,0.09093497,0.04414143,Hispanic,Hispanic,0.17588733,0.30094696,0.31224963,0.61923374,0.29537124,1250.76,Urban
CA,CA-314,97724,75809,-0.01616798,-0.02333949,0.20901212,0.79098788,0.02185756,0.64774631,0.00495983,0.11678033,0.04207944,Hispanic,Hispanic,0.10531049,0.22419365,0.26143385,0.59923961,0.25213962,3025.29,Urban
CA,CA-315,100810,82313,-0.03166353,0.00750221,0.20696609,0.79303391,0.05443855,0.2666529,0.00873495,0.46641478,0.0218799,Asian,Black,0.11592516,0.20881129,0.25011282,0.66333986,0.44885151,2073.29,Urban
CA,CA-316,97374,69317,-0.05475794,-0.02683742,0.01246447,0.98753553,0.20852028,0.7633481,0.00711225,0.01402253,0.0405961,Hispanic,Hispanic,0.50381859,0.72862897,0.85340384,0.43648785,0.09050016,5219.66,Urban
CA,CA-317,95159,77428,-0.0414254,-0.04897428,0.1107868,0.8892132,0.10398047,0.40189595,0.02554631,0.37111898,0.02625665,Hispanic,Minority,0.27268874,0.39085913,0.50108535,0.56412382,0.29312275,2496.05,Urban
CA,CA-318,99017,74844,-0.03538786,-0.01041716,0.02958153,0.97041847,0.48344557,0.45164609,0.00905884,0.03767837,0.0282855,Black,Black,0.63515651,0.76859723,0.846595,0.56674406,0.20737392,1994.57,Urban
CA,CA-319,98627,86078,-0.0295558,-0.01431485,0.4997328,0.5002672,0.1128279,0.27094031,0.00841098,0.10122215,0.03248217,Minority,White,0.47982473,0.51358454,0.46523213,0.60170781,0.49766182,264.88,Suburban
CA,CA-320,102096,75978,-0.04981586,0.02035458,0.11049251,0.88950749,0.16187581,0.56078075,0.00977915,0.16436337,0.03970886,Hispanic,Hispanic,0.489006,0.61517605,0.69725777,0.42604215,0.1655166,8343.15,Urban
CA,CA-321,101114,79817,-0.02189608,0.0105404,0.20588346,0.79411654,0.16597968,0.36952028,0.01949459,0.24950825,0.03214854,Hispanic,Black,0.41376817,0.4909854,0.53151899,0.56338376,0.32535759,2613.46,Urban
CA,CA-322,101600,81565,0.00047244,0.01539752,0.46749218,0.53250782,0.06713664,0.29984675,0.00925642,0.15292098,0.03141053,Minority,Minority,0.28533139,0.31099754,0.27714663,0.68088618,0.45408221,2755.26,Urban
CA,CA-323,99474,78148,-0.0370147,-0.00584987,0.33737268,0.66262732,0.11915852,0.32453806,0.01507396,0.20559707,0.03269437,Minority,Minority,0.1780914,0.2471102,0.23940357,0.65816283,0.32229988,3467.86,Urban
CA,CA-324,101684,75157,-0.03190276,0.01623702,0.07516266,0.92483734,0.1553814,0.65682505,0.01597988,0.10247881,0.0419921,Hispanic,Hispanic,0.3705074,0.56839374,0.68359218,0.45664242,0.14268702,4704.16,Urban
CA,CA-325,100640,76372,-0.04288553,0.00580321,0.13410674,0.86589326,0.13786466,0.59125072,0.01112973,0.13152726,0.03777562,Hispanic,Hispanic,0.24009233,0.40552203,0.49663857,0.51870152,0.18879441,5065.92,Urban
CA,CA-326,103659,80516,-0.03189303,0.03597531,0.09990561,0.90009439,0.04967957,0.68695663,0.00657012,0.15959561,0.04174326,Hispanic,Hispanic,0.23623426,0.4076912,0.52624357,0.5479788,0.19965368,4110.24,Urban
CA,CA-327,104239,81646,-0.02248679,0.04177187,0.06469392,0.93530608,0.01758812,0.86690101,0.00293952,0.05091493,0.04716704,Hispanic,Hispanic,0.30299325,0.48188477,0.59324759,0.55706927,0.16335955,2774.07,Urban
CA,CA-328,102857,79788,-0.03262782,0.02796007,0.14183837,0.85816163,0.04589663,0.72544744,0.00476262,0.08429839,0.04114654,Hispanic,Hispanic,0.16040929,0.35355702,0.442295,0.55815944,0.25353298,3626.38,Urban
CA,CA-329,97698,72641,-0.03464759,-0.02359934,0.04516733,0.95483267,0.08338266,0.84942388,0.00474938,0.02271445,0.05158244,Hispanic,Hispanic,0.35328496,0.58503074,0.73308695,0.48536019,0.11903398,4093.01,Urban
CA,CA-330,102536,76972,-0.02197277,0.02475197,0.01765577,0.98234423,0.01036741,0.96553292,0.00161098,0.00808086,0.0514083,Hispanic,Hispanic,0.37905521,0.62151757,0.78200577,0.47372111,0.10488416,6801.58,Urban
CA,CA-331,101571,72707,-0.03353319,0.01510769,0.01177328,0.98822672,0.05732598,0.92403758,0.00145791,0.00852738,0.04449365,Hispanic,Hispanic,0.41345187,0.67834528,0.83913756,0.43035755,0.07239282,6855.22,Urban
CA,CA-332,103041,74846,-0.04114867,0.02979898,0.02527857,0.97472143,0.01082222,0.95441306,0.00181706,0.01177084,0.05145232,Hispanic,Hispanic,0.34265992,0.61487713,0.78531636,0.48658695,0.06577651,6936.52,Urban
CA,CA-333,104270,78971,-0.01967968,0.04208169,0.04448468,0.95551532,0.01359993,0.89198567,0.00210204,0.05180383,0.04662471,Hispanic,Hispanic,0.35787988,0.57174825,0.70412291,0.52627576,0.14260473,2052.69,Urban
CA,CA-334,103814,76715,-0.07123317,0.03752439,0.02251189,0.97748811,0.01071498,0.94665971,0.0015512,0.02227726,0.04989898,Hispanic,Hispanic,0.45298705,0.6853929,0.79577007,0.50381969,0.10722535,6045.48,Urban
CA,CA-335,98753,74515,-0.0415481,-0.0130556,0.02604845,0.97395155,0.01036033,0.68544588,0.00170435,0.2803865,0.03843521,Hispanic,Hispanic,0.27079902,0.46568226,0.65659601,0.41067,0.11302638,4205.57,Urban
CA,CA-336,97963,79330,-0.01879281,-0.02095091,0.11663935,0.88336065,0.01328627,0.31376528,0.00286146,0.55594353,0.02139166,Asian,Asian,0.13202316,0.28134009,0.36231375,0.52377341,0.30575015,3321.43,Urban
CA,CA-337,99433,81616,-0.04185733,-0.00625963,0.05051706,0.94948294,0.00971623,0.32581847,0.00280582,0.61772202,0.02070672,Asian,Asian,0.25419335,0.39341872,0.49763182,0.49673395,0.30180961,2289.96,Urban
CA,CA-338,98039,81785,-0.01910464,-0.02019136,0.08087058,0.91912942,0.02169102,0.30594852,0.00304457,0.59492572,0.0236596,Asian,Asian,0.29372615,0.41676033,0.49729152,0.50764844,0.36172778,4482.87,Urban
CA,CA-339,102617,82278,-0.02203339,0.02556149,0.20546197,0.79453803,0.02056443,0.20744306,0.00412018,0.56564331,0.01840103,Asian,Asian,0.32242316,0.39486561,0.40566822,0.63124497,0.51463447,2923.09,Urban
CA,CA-340,96245,77878,-0.02351291,-0.03812072,0.29073679,0.70926321,0.03804669,0.18008937,0.00309458,0.48992013,0.01626904,Asian,Minority,0.25733219,0.32582779,0.32288524,0.63908636,0.56151819,2168.1,Urban
CA,CA-341,102018,85357,-0.01634025,0.01957504,0.36825334,0.63174666,0.10658763,0.32683904,0.00407699,0.19484049,0.03256909,Minority,Minority,0.56942064,0.60738352,0.61137995,0.65635372,0.52625212,2770.74,Urban
CA,CA-342,101651,80758,-0.02961112,0.01590722,0.51871022,0.48128978,0.1045593,0.17796379,0.0033557,0.1924639,0.02264791,White,White,0.40018309,0.42582889,0.39899284,0.79175959,0.59163693,1354.44,Urban
CA,CA-343,98688,83291,-0.02652805,-0.01370521,0.5848411,0.4151589,0.03178014,0.20034578,0.00330168,0.17968328,0.01553589,White,White,0.15087582,0.22080197,0.38989989,0.49399276,0.38748153,6705.48,Urban
CA,CA-344,102257,83731,-0.03474579,0.02196363,0.6763206,0.3236794,0.02069723,0.12917557,0.00242443,0.16790675,0.01313731,White,White,0.11341455,0.18788284,0.25913605,0.65824125,0.48347675,1567.02,Urban
CA,CA-345,103648,85038,-0.03017907,0.03586538,0.58372727,0.41627273,0.03962934,0.22459371,0.00390414,0.14144265,0.02293092,White,White,0.33795353,0.37141947,0.38675332,0.68442634,0.45462984,2364.76,Urban
CA,CA-346,103439,82861,-0.02729145,0.03377662,0.43785376,0.56214624,0.04115326,0.420077,0.00279987,0.09200951,0.02807111,Minority,Black,0.0890471,0.23580474,0.3224475,0.539367,0.2620541,1072.28,Urban
CA,CA-347,103118,77978,-0.03695766,0.03056852,0.0730206,0.9269794,0.02812332,0.84571289,0.0022827,0.0530406,0.04753905,Hispanic,Hispanic,0.33872549,0.58017552,0.68389563,0.49597972,0.1244632,3652.93,Urban
CA,CA-348,95184,72291,-0.03359808,-0.04872443,0.12085875,0.87914125,0.03835886,0.77455008,0.00244844,0.06508417,0.04535834,Hispanic,Hispanic,0.28262077,0.48895256,0.58072972,0.53228442,0.1945091,2725.97,Urban
CA,CA-349,103696,77453,-0.05475621,0.03634509,0.09146192,0.90853808,0.04001136,0.71028882,0.00281461,0.15837992,0.03385279,Hispanic,Hispanic,0.29534452,0.51232091,0.6477731,0.49502736,0.15723172,7240.7,Urban
CA,CA-350,102175,80608,-0.04041106,0.02114411,0.21951915,0.78048085,0.04779923,0.64704496,0.00388299,0.0822375,0.04175764,Hispanic,Hispanic,0.35591427,0.53069646,0.65624659,0.50052953,0.19436123,4410.48,Urban
CA,CA-351,98984,77744,-0.05226097,-0.01074697,0.31921434,0.68078566,0.04905845,0.5184966,0.00333145,0.1111597,0.02931416,Hispanic,Hispanic,0.25741834,0.4127944,0.57468301,0.4918298,0.23081798,5176.2,Urban
CA,CA-352,97094,76217,-0.01413064,-0.02963576,0.27269507,0.72730493,0.06379154,0.54175578,0.00337195,0.11742787,0.03644856,Hispanic,Minority,0.35438779,0.49399031,0.57754655,0.51338213,0.28137332,3967.15,Urban
CA,CA-353,102432,79570,-0.02772571,0.02371259,0.22538645,0.77461355,0.05468141,0.55052155,0.0032927,0.16801558,0.03696117,Hispanic,Minority,0.26900058,0.41028274,0.52023121,0.52138172,0.25031151,5322.96,Urban
CA,CA-354,97348,77220,-0.02668776,-0.02709726,0.2951308,0.7048692,0.06028231,0.46702927,0.0045325,0.17416472,0.03128723,Hispanic,Minority,0.25398166,0.37959413,0.43430989,0.56316204,0.30996442,3256.14,Urban
CA,CA-355,99887,81769,0.00385436,-0.00172232,0.41238122,0.58761878,0.05991268,0.30598393,0.00533209,0.21543617,0.02242904,Minority,Minority,0.17630507,0.28688407,0.3388444,0.61169327,0.39277432,1850.81,Urban
CA,CA-356,96496,78381,0.04992953,-0.03561221,0.48352279,0.51647721,0.05349511,0.19879818,0.00426124,0.25682244,0.01765734,Minority,Black,0.15354529,0.24176029,0.23961623,0.66316817,0.48373905,1418.77,Urban
CA,CA-357,100516,81974,0.0253094,0.00456395,0.57592651,0.42407349,0.06724083,0.17776368,0.00390368,0.16840706,0.01720058,White,White,0.23399578,0.33795745,0.36808474,0.62944948,0.48844047,2442.52,Urban
CA,CA-358,103149,85114,0.00700928,0.03087834,0.59568344,0.40431656,0.07427685,0.22226661,0.00368917,0.09712856,0.02191179,White,White,0.39376848,0.47214275,0.54164876,0.63362561,0.49037476,3130.25,Urban
CA,CA-359,102949,84353,0.00993696,0.02887952,0.73521985,0.26478015,0.05196021,0.10184581,0.00301116,0.09754247,0.0127085,White,White,0.28549804,0.37366122,0.44207531,0.70500657,0.61640912,1558.39,Urban
CA,CA-360,100797,86249,0.0160223,0.00737228,0.63157834,0.36842166,0.08623868,0.16817586,0.0038957,0.10024464,0.02260896,White,White,0.57600691,0.62444951,0.62078129,0.66428732,0.59556723,3173.05,Urban
CA,CA-361,101647,94308,-0.02472282,0.01586724,0.66738771,0.33261229,0.07499894,0.14480214,0.00384909,0.09392628,0.02019977,White,White,0.60832192,0.63852497,0.70048219,0.63991822,0.62060208,3602.48,Urban
CA,CA-362,101652,85545,-0.02851887,0.01591721,0.74772342,0.25227658,0.03304693,0.0757613,0.00301596,0.12776901,0.00886083,White,White,0.2344005,0.35699128,0.46723835,0.71018141,0.71438902,1108.06,Urban
CA,CA-363,101149,88413,0.01877428,0.0108902,0.47867395,0.52132605,0.06148417,0.19553686,0.00400394,0.25285874,0.02112811,Minority,White,0.63113513,0.6842366,0.69813724,0.63021323,0.6740232,5782.58,Urban
CA,CA-364,99358,86264,-0.01382878,-0.00700918,0.58521515,0.41478485,0.04545349,0.11183112,0.00344292,0.24265047,0.01045627,White,White,0.35295574,0.45487431,0.60930728,0.52638509,0.72086685,5451.52,Urban
CA,CA-365,98912,84909,-0.03301925,-0.01146654,0.53672756,0.46327244,0.12479242,0.17738991,0.00418095,0.14956012,0.01953856,White,White,0.57690036,0.66631492,0.72956863,0.64709495,0.62782932,5345.06,Urban
CA,CA-366,101621,88343,-0.05321735,0.0156074,0.59893823,0.40106177,0.09327281,0.14398424,0.00586351,0.14688204,0.01899415,White,White,0.55158849,0.60060197,0.59546301,0.66008067,0.6913134,2309.11,Urban
CA,CA-367,101678,84334,-0.03399949,0.01617706,0.4986008,0.5013992,0.07603102,0.23263452,0.0052885,0.17752034,0.02364408,Minority,White,0.62112826,0.67580956,0.66625156,0.73187891,0.60142768,3797.43,Urban
CA,CA-368,98659,86967,-0.01554851,-0.01399504,0.56868697,0.43131303,0.05257167,0.21219543,0.00364506,0.15508181,0.02138742,White,White,0.67689478,0.70323125,0.7203084,0.661416,0.59667276,2045.71,Urban
CA,CA-369,100476,85496,-0.0121223,0.00416419,0.23079442,0.76920558,0.06664639,0.2404206,0.0029709,0.45929634,0.02152147,Asian,Minority,0.49046724,0.53832872,0.65576586,0.54875532,0.49473156,7144.19,Urban
CA,CA-370,99419,83235,0.01954355,-0.00639954,0.24707154,0.75292846,0.05900162,0.51423079,0.00352015,0.17785787,0.03950261,Hispanic,Minority,0.5161064,0.62070358,0.71637565,0.49081546,0.32425909,10145.17,Urban
CA,CA-371,100599,81582,0.00148113,0.00539346,0.16328357,0.83671643,0.07103283,0.55513471,0.00373857,0.2099115,0.05638499,Hispanic,Minority,0.53026868,0.64833714,0.75495091,0.49130014,0.31598043,10490.95,Urban
CA,CA-372,99475,90245,0.00359889,-0.00583988,0.27132805,0.72867195,0.14011857,0.31025542,0.00510832,0.27126157,0.02908748,Hispanic,Minority,0.57537332,0.66941103,0.73111286,0.44218281,0.45157477,4345.09,Urban
CA,CA-373,97682,77576,-0.01766958,-0.02375924,0.07021501,0.92978499,0.06469784,0.64750696,0.00242343,0.2201583,0.05249046,Hispanic,Hispanic,0.41998473,0.56247715,0.75570861,0.44080592,0.19202129,12805.57,Urban
CA,CA-374,97058,77533,-0.02556204,-0.02999554,0.10608386,0.89391614,0.23426154,0.55047528,0.00272142,0.10987579,0.04538713,Hispanic,Hispanic,0.63658433,0.7452803,0.82652131,0.58286462,0.26217666,6338.81,Urban
CA,CA-375,98375,80128,-0.02168234,-0.01683335,0.12098143,0.87901857,0.2095023,0.5249975,0.00288289,0.14486821,0.03533097,Hispanic,Black,0.575389,0.73380258,0.83236191,0.41156163,0.21118097,7288.15,Urban
CA,CA-376,99800,80846,-0.03026052,-0.0025918,0.07754249,0.92245751,0.63865868,0.24395765,0.00382208,0.0454939,0.03141776,Black,Black,0.7738325,0.83838502,0.86907495,0.63441789,0.35524844,3343.6,Urban
CA,CA-377,99575,72065,0.0076224,-0.00484047,0.01802539,0.98197461,0.21211406,0.75692777,0.00212308,0.01570804,0.0474294,Hispanic,Hispanic,0.50550307,0.73630535,0.86473248,0.44578078,0.09468786,7867.64,Urban
CA,CA-378,100005,71197,-0.04894755,-0.00054302,0.02428473,0.97571527,0.09782716,0.86158125,0.00200851,0.01939688,0.05658946,Hispanic,Hispanic,0.46051237,0.73114437,0.85073239,0.3980202,0.07066941,7272.72,Urban
CA,CA-379,100845,83170,-0.0018345,0.007852,0.29218468,0.70781532,0.03140555,0.46487916,0.00441265,0.20817603,0.03629915,Hispanic,Hispanic,0.59324925,0.66500556,0.67877069,0.64707526,0.4366355,3497.49,Urban
CA,CA-380,98935,79193,-0.02839238,-0.01123667,0.11519958,0.88480042,0.03559658,0.67444092,0.00352304,0.17635397,0.04625409,Hispanic,Hispanic,0.53905921,0.67189043,0.72927995,0.52923832,0.26824682,3981.01,Urban
CA,CA-381,99832,76864,-0.00668122,-0.00227199,0.06810731,0.93189269,0.05226114,0.81443849,0.00288822,0.06689738,0.04509263,Hispanic,Hispanic,0.50336513,0.69355388,0.80424959,0.44654842,0.15468435,4401.48,Urban
CA,CA-382,98950,68602,-0.01959576,-0.01108676,0.01244862,0.98755138,0.2397452,0.74215037,0.00284248,0.00934375,0.03899303,Hispanic,Hispanic,0.52899943,0.75262478,0.87807282,0.42243767,0.07215623,7979.52,Urban
CA,CA-383,101566,70009,-0.05062718,0.01505772,0.01366967,0.98633033,0.28650602,0.69506778,0.00278536,0.00894171,0.03776657,Hispanic,Hispanic,0.54728666,0.76300262,0.8839199,0.41751092,0.08429834,6782.79,Urban
CA,CA-384,100443,75403,-0.02056888,0.00383438,0.10271475,0.89728525,0.11341724,0.61276077,0.01226742,0.16837526,0.03595348,Hispanic,Hispanic,0.29391374,0.47560678,0.56247294,0.48699268,0.20718748,3513.11,Urban
CA,CA-385,99722,79700,0.03716331,-0.00337134,0.31688833,0.68311167,0.07678795,0.51737767,0.00976161,0.0838143,0.04092848,Hispanic,Hispanic,0.23542518,0.357223,0.39438987,0.55090083,0.27148915,2125.41,Urban
CA,CA-386,96604,72630,0.01066208,-0.03453285,0.01654964,0.98345036,0.52180917,0.44970398,0.00375878,0.01561338,0.03285144,Black,Black,0.69083299,0.81440705,0.88185438,0.52224336,0.1494131,5003.16,Urban
CA,CA-387,100315,78716,-0.02552958,0.00255514,0.09478378,0.90521622,0.26178922,0.40162102,0.01091265,0.24109457,0.0286981,Hispanic,Hispanic,0.4239137,0.53611689,0.63486043,0.54891168,0.2573331,4812.37,Urban
CA,CA-388,96955,76007,-0.02292816,-0.03102493,0.04894286,0.95105714,0.48649466,0.43605194,0.00569684,0.03181286,0.03666768,Black,Black,0.6973434,0.79818626,0.864126,0.55902078,0.23508116,4042.6,Urban
CA,CA-389,101273,77044,-0.0539828,0.01212946,0.11951612,0.88048388,0.13615596,0.66271222,0.01013706,0.07693007,0.04311822,Hispanic,Hispanic,0.41300866,0.5746733,0.66257775,0.5412362,0.22941774,5755.72,Urban
CA,CA-390,102808,80267,-0.0079274,0.02747036,0.34472448,0.65527552,0.06607946,0.32178853,0.01068932,0.25521073,0.03117097,Minority,Minority,0.31025831,0.3849251,0.38455483,0.65417534,0.44914947,4653.35,Urban
CA,CA-391,104143,83597,-0.03910969,0.04081244,0.36658014,0.63341986,0.04815962,0.20754333,0.01002428,0.36400828,0.02202232,Minority,Minority,0.16010567,0.22378366,0.18397583,0.68197525,0.49539873,2633.21,Urban
CA,CA-392,102187,81977,-0.03606134,0.02126404,0.55117899,0.44882101,0.02898374,0.09912536,0.00544055,0.30625663,0.01472364,White,White,0.1300879,0.15634962,0.10033269,0.83289464,0.68267381,1333.24,Urban
CA,CA-393,103614,82970,-0.05506978,0.03552558,0.70102447,0.29897553,0.02961311,0.11860914,0.0056647,0.12946848,0.01645173,White,White,0.32306445,0.34843298,0.30029528,0.81114627,0.72091639,2955.18,Urban
CA,CA-394,98279,84375,-0.02632302,-0.01779278,0.6816,0.3184,0.05179259,0.13078519,0.00368593,0.11604148,0.0188563,White,White,0.59696981,0.6409392,0.65255022,0.72504118,0.68497505,3630.18,Urban
CA,CA-395,103461,82976,-0.01537778,0.03399649,0.78057511,0.21942489,0.02610393,0.07605814,0.00341062,0.09818502,0.01319659,White,White,0.27711463,0.35261319,0.34331503,0.79170117,0.69178828,216.29,Suburban
CO,CO-1,102462,71464,0.05102379,0.02928479,0.27556532,0.72443468,0.23283052,0.40598063,0.01025691,0.0747929,0.03484272,Hispanic,Hispanic,0.48844021,0.6394686,0.63438426,0.60002177,0.32971266,631.24,Suburban
CO,CO-2,103714,77930,-0.03623426,0.04186179,0.33909919,0.66090081,0.03297831,0.55528038,0.00229693,0.05485692,0.05744899,Hispanic,Hispanic,0.34762526,0.461219,0.41622268,0.59871258,0.24933551,2497.12,Urban
CO,CO-3,99754,82655,0.01496682,0.0020815,0.60457323,0.39542677,0.04556288,0.29312201,0.00229871,0.03594459,0.04057831,White,White,0.59359347,0.66730606,0.61911998,0.69131651,0.5842554,2202.2,Urban
CO,CO-4,100339,81027,0.01934442,0.00795814,0.55400052,0.44599948,0.20483296,0.18184062,0.00282622,0.04630555,0.03226085,White,White,0.68331212,0.72033628,0.66983758,0.68017055,0.56875479,2504.76,Urban
CO,CO-5,103091,95618,-0.01502556,0.03560343,0.76160346,0.23839654,0.05009517,0.11350373,0.0023322,0.05146521,0.02446192,White,White,0.65897381,0.68603148,0.60666062,0.65911877,0.69519959,3868.44,Urban
CO,CO-6,98699,83295,0.00004053,-0.00851653,0.79011945,0.20988055,0.0534846,0.09309082,0.00235308,0.04327991,0.02073354,White,White,0.62973747,0.64320585,0.57415873,0.7878837,0.74467436,2736.44,Urban
CO,CO-7,99694,82937,0.0097699,0.00147877,0.69298383,0.30701617,0.0911053,0.13328189,0.00373778,0.06192652,0.02573037,White,White,0.4681004,0.48857864,0.3793579,0.67742318,0.58109119,2420.37,Urban
CO,CO-8,100697,73508,0.03540324,0.01155443,0.27719432,0.72280568,0.18735376,0.45669859,0.00759101,0.06391141,0.04196822,Hispanic,Hispanic,0.3654415,0.4985027,0.42045455,0.53000432,0.19791325,816.26,Suburban
CO,CO-9,96757,75898,-0.01248488,-0.02802494,0.46225197,0.53774803,0.22515745,0.21968958,0.00600806,0.07784131,0.03141058,Minority,White,0.36033449,0.45020458,0.36453488,0.56255096,0.37267523,2803.21,Urban
CO,CO-10,97295,75592,-0.0255306,-0.02262045,0.57275902,0.42724098,0.13857286,0.18865753,0.00552969,0.07974389,0.03237115,White,White,0.19680998,0.25126511,0.14421138,0.69100032,0.32922522,2563.08,Urban
CO,CO-11,99899,71658,0.07123194,0.0035381,0.48824974,0.51175026,0.17291859,0.23059533,0.00720087,0.09175528,0.03402272,Minority,White,0.15421874,0.22397942,0.1358028,0.68774966,0.35955393,411.22,Suburban
CO,CO-12,96306,71500,0.00401844,-0.03255547,0.64425175,0.35574825,0.09798601,0.11195804,0.0040979,0.12857343,0.02415385,White,White,0.11166017,0.13712112,0.02157778,0.77313553,0.54731029,1012.53,Urban
CO,CO-13,97896,75889,0.00019408,-0.01658309,0.79604422,0.20395578,0.02441724,0.07449037,0.00253001,0.08280515,0.01843482,White,White,0.21334993,0.20848883,0.0885607,0.83785898,0.67054942,1467.11,Urban
CO,CO-14,98369,79760,0.00076244,-0.01183155,0.76634905,0.23365095,0.02819709,0.14167503,0.00252006,0.03430291,0.03228435,White,White,0.219852,0.23094218,0.10282127,0.74833929,0.52959395,1161.5,Urban
CO,CO-15,104232,85593,-0.01990751,0.04706537,0.65547416,0.34452584,0.02910285,0.23455189,0.00239506,0.05355578,0.03895178,White,White,0.23663491,0.26657942,0.15498663,0.68641725,0.39578405,1812.53,Urban
CO,CO-16,101911,79936,-0.01753491,0.0237497,0.80583217,0.19416783,0.01489942,0.10559698,0.00230184,0.04340973,0.0271217,White,White,0.04469054,0.03040133,-0.06603295,0.85091401,0.50190485,1230.63,Urban
CO,CO-17,99913,79033,-0.00546475,0.00367874,0.87334405,0.12665595,0.00889502,0.0569762,0.00178406,0.03196133,0.0202194,White,White,0.17220701,0.14536994,0.03982708,0.8942775,0.64495059,62.8,Rural
CO,CO-18,99179,81024,0.02094193,-0.00369468,0.79538162,0.20461838,0.01822917,0.11242348,0.00222156,0.04293789,0.02921357,White,White,0.26401173,0.24676752,0.11588273,0.77758364,0.54253732,841.35,Suburban
CO,CO-19,99594,81810,-0.01874611,0.00047422,0.72827283,0.27172717,0.02411686,0.18848552,0.0029214,0.02943405,0.03911502,White,White,0.28860813,0.28987715,0.15562136,0.71706624,0.39612093,1750.45,Urban
CO,CO-20,100534,80750,-0.00243699,0.00991701,0.77316409,0.22683591,0.01821672,0.12970898,0.00240248,0.05017957,0.03040248,White,White,0.19508857,0.1808384,0.04930833,0.79979888,0.48353426,1118.13,Urban
CO,CO-21,97467,72320,-0.02084808,-0.02089262,0.37775166,0.62224834,0.02553927,0.53196903,0.00309735,0.0435979,0.04735896,Hispanic,Hispanic,0.2428465,0.36263428,0.29023738,0.546673,0.18479155,1695.36,Urban
CO,CO-22,97620,69855,0.00174145,-0.01935565,0.38664376,0.61335624,0.03777825,0.51176007,0.00287739,0.04447785,0.04686851,Hispanic,Hispanic,0.0933111,0.23276537,0.17281182,0.58454194,0.19245295,578.82,Suburban
CO,CO-23,96001,75303,-0.01852064,-0.03561936,0.61057328,0.38942672,0.0269976,0.27500896,0.00249658,0.0611795,0.04200364,White,White,0.17722252,0.21427592,0.11876909,0.66287071,0.32932717,2023.39,Urban
CO,CO-24,98592,72969,0.02534688,-0.0095914,0.6914032,0.3085968,0.02302348,0.1752525,0.00287793,0.08359714,0.03065685,White,White,0.14424776,0.14939196,0.03664798,0.81170301,0.4865992,1011.24,Urban
CO,CO-25,101378,74372,0.07482886,0.01839544,0.59452482,0.40547518,0.02827677,0.29969612,0.00372452,0.05268112,0.03861668,White,White,-0.05550938,-0.01789784,-0.07991739,0.7669101,0.30195909,402.25,Suburban
CO,CO-26,99371,78065,0.00358253,-0.00176593,0.77367578,0.22632422,0.01783129,0.10801255,0.00219048,0.07404086,0.0220073,White,White,0.49405422,0.48206853,0.37199793,0.86065684,0.63007668,820.75,Suburban
CO,CO-27,97689,85852,-0.0113933,-0.01866251,0.79244514,0.20755486,0.01938219,0.08146578,0.00267903,0.08281694,0.01587616,White,White,0.72801328,0.75990277,0.70601848,0.63124276,0.78172589,547.77,Suburban
CO,CO-28,98325,77069,0.00030511,-0.01227356,0.69808873,0.30191127,0.01684205,0.21125225,0.00208904,0.04471318,0.03171184,White,White,0.39009416,0.37334177,0.228141,0.73827974,0.46161038,1246.32,Urban
CO,CO-29,97454,79066,0.01118476,-0.02102321,0.84660916,0.15339084,0.01096552,0.07787165,0.00169479,0.0346293,0.02076746,White,White,0.37615857,0.37677769,0.29675771,0.8798464,0.61119941,14.48,Rural
CO,CO-30,99714,84834,0.02107026,0.00167968,0.77421788,0.22578212,0.02431808,0.12748426,0.00305302,0.04546526,0.0279487,White,White,0.46996661,0.46310824,0.34198357,0.62156393,0.55175862,629.93,Suburban
CO,CO-31,97685,76391,-0.03897221,-0.01870269,0.8077784,0.1922216,0.01823513,0.09995942,0.00295846,0.04543729,0.02441387,White,White,0.29526078,0.25828233,0.12208998,0.84139599,0.56850687,322.08,Suburban
CO,CO-32,100895,80715,0.04525497,0.01354345,0.82963514,0.17036486,0.01299635,0.1034628,0.00252741,0.01995912,0.03015549,White,White,-0.02315939,-0.06548444,-0.18038068,0.81139987,0.42939045,374.04,Suburban
CO,CO-33,97519,71383,0.11136291,-0.02037025,0.80541586,0.19458414,0.01095499,0.13283275,0.00211535,0.02029895,0.02827004,White,White,-0.23732169,-0.25562069,-0.31637805,0.8944749,0.43042158,33.96,Rural
CO,CO-34,95214,70445,-0.00383347,-0.04352519,0.48434949,0.51565051,0.03601391,0.42961175,0.00327915,0.02705657,0.04211796,Minority,White,-0.04621714,0.04547932,0.01589357,0.49733065,0.1957881,952.93,Suburban
CO,CO-35,99770,73328,0.08622833,0.00224223,0.73730362,0.26269638,0.01133264,0.19700524,0.00238654,0.02542003,0.03199324,White,White,-0.22095848,-0.21124711,-0.2720386,0.79774387,0.34641308,129.08,Rural
CO,CO-36,98208,71881,0.07361926,-0.01344888,0.66196909,0.33803091,0.01840542,0.26798459,0.00219808,0.02538918,0.03163562,White,White,-0.25720307,-0.23985829,-0.30411449,0.75775012,0.27237637,9.18,Rural
CO,CO-37,96568,74460,0.01284069,-0.02992355,0.75307548,0.24692452,0.02225356,0.18562987,0.00287403,0.01036798,0.03357507,White,White,-0.57797047,-0.56358817,-0.5750295,0.70346737,0.21457323,1.79,Rural
CO,CO-38,104084,76837,-0.00723454,0.04557863,0.79702487,0.20297513,0.01875399,0.07820451,0.00232961,0.08341034,0.01785598,White,White,0.05769116,0.05232618,-0.06961908,0.88076152,0.65522706,1641.67,Urban
CO,CO-39,96444,72201,0.03905894,-0.03116919,0.74911705,0.25088295,0.03204942,0.09222864,0.00304705,0.10484619,0.0216202,White,White,-0.03425303,-0.02161726,-0.14865923,0.82145967,0.58328893,793.76,Suburban
CO,CO-40,96275,69746,0.09692028,-0.03286689,0.8282052,0.1717948,0.019528,0.08635621,0.00364179,0.03852551,0.0246179,White,White,-0.12267243,-0.14457329,-0.24275139,0.93882174,0.59446624,263.56,Suburban
CO,CO-41,98834,77386,0.083362,-0.00716038,0.83287675,0.16712325,0.02214871,0.08814256,0.00297211,0.02422919,0.02667149,White,White,-0.32517126,-0.32941089,-0.39946635,0.84789862,0.45177779,6.53,Rural
CO,CO-42,98177,74064,-0.0113163,-0.01376029,0.48913102,0.51086898,0.1448342,0.29347591,0.01072046,0.04972726,0.04582523,Minority,White,0.0911082,0.14746425,0.02020677,0.49036367,0.20881929,1906.25,Urban
CO,CO-43,99815,83666,-0.00197365,0.00269428,0.776803,0.223197,0.04614778,0.11144312,0.00430282,0.036072,0.03425525,White,White,0.17082474,0.14413325,0.03312493,0.69445916,0.48077027,249.81,Suburban
CO,CO-44,103126,82955,-0.01036596,0.03595502,0.72710506,0.27289494,0.06135857,0.14272799,0.00427943,0.03885239,0.03647761,White,White,-0.01226274,-0.04338564,-0.1770661,0.6575784,0.3622259,1338.06,Urban
CO,CO-45,99220,73978,0.04058658,-0.00328281,0.67329476,0.32670524,0.07911812,0.15818216,0.00797534,0.06193733,0.03552407,White,White,-0.13730598,-0.1598041,-0.30105386,0.74654602,0.38697424,580.93,Suburban
CO,CO-46,98518,73010,0.05416269,-0.01033477,0.7430352,0.2569648,0.05474593,0.11177921,0.00573894,0.06512806,0.02774962,White,White,-0.12448753,-0.16743131,-0.31651288,0.80361478,0.52737323,1277.12,Urban
CO,CO-47,98156,74315,0.07043889,-0.01397125,0.8084236,0.1915764,0.03386934,0.07968782,0.0046424,0.04832133,0.02340039,White,White,-0.29807967,-0.33990835,-0.43996602,0.85086296,0.57580168,125.06,Rural
CO,CO-48,100518,72561,0.00688434,0.00975629,0.59044115,0.40955885,0.1294497,0.19529775,0.01696504,0.05195629,0.03885007,White,White,-0.14643483,-0.1201159,-0.22856268,0.52735958,0.28259342,135.17,Rural
CO,CO-49,103868,79514,-0.00606539,0.0434088,0.70215308,0.29784692,0.02623437,0.2130694,0.00407475,0.02306512,0.04277234,White,White,-0.31883756,-0.29866018,-0.34259137,0.80016692,0.30591575,11.19,Rural
CO,CO-50,97159,75511,-0.00168795,-0.02398664,0.45268901,0.54731099,0.0354253,0.47361312,0.0022116,0.01181285,0.06119638,Hispanic,Hispanic,0.1541862,0.24748897,0.2276896,0.56497695,0.18859104,930.63,Suburban
CO,CO-51,102678,82253,0.02069577,0.03145462,0.76087194,0.23912806,0.01164699,0.18396897,0.00230995,0.01685045,0.02557961,White,White,0.25012328,0.27327463,0.18202019,0.76127434,0.5106801,5.86,Rural
CO,CO-52,102426,84941,-0.01736864,0.02892315,0.83296641,0.16703359,0.01005404,0.11160688,0.00306095,0.01873065,0.02112054,White,White,0.23075316,0.24130612,0.13332743,0.76816942,0.49723362,5.27,Rural
CO,CO-53,103617,77659,0.01271992,0.04088737,0.73865231,0.26134769,0.00983788,0.20408452,0.00185426,0.01126721,0.03602931,White,White,-0.21213108,-0.22612577,-0.30638562,0.75514471,0.30789893,3.41,Rural
CO,CO-54,103687,82498,0.01065707,0.04159056,0.78611603,0.21388397,0.01349124,0.14125191,0.00379403,0.01981866,0.03587966,White,White,-0.17509754,-0.20483766,-0.29316196,0.72115385,0.31155273,438.83,Suburban
CO,CO-55,103780,82547,0.02629601,0.04252479,0.80109513,0.19890487,0.00808025,0.13920554,0.00180503,0.01207797,0.03545859,White,White,-0.33827668,-0.37322797,-0.44084246,0.76278341,0.26158975,6.93,Rural
CO,CO-56,95743,80339,0.01953145,-0.03821111,0.82517831,0.17482169,0.02835485,0.08680715,0.00187954,0.01136434,0.03822552,White,White,-0.32845957,-0.3348225,-0.39969136,0.70784436,0.28462774,7.36,Rural
CO,CO-57,100320,79455,0.00636962,0.00776727,0.59174375,0.40825625,0.01397017,0.34810899,0.00300799,0.01184318,0.05374111,White,White,-0.14182688,-0.09270619,-0.11447956,0.70672831,0.26326288,2.12,Rural
CO,CO-58,97464,78955,0.0152877,-0.02092275,0.78955101,0.21044899,0.00829586,0.10151352,0.00234311,0.01204484,0.08664429,White,White,0.09969064,0.09323924,0.01299431,0.77444401,0.43456173,5.38,Rural
CT,CT-1,98198,75360,-0.00643598,-0.01963869,0.1618896,0.8381104,0.33487261,0.47488057,0.0029724,0.05098195,0.0218551,Hispanic,Hispanic,0.59522542,0.69886984,0.80154922,0.34154252,0.18356884,3102.84,Urban
CT,CT-2,100801,80466,0.00881936,0.00634841,0.42655283,0.57344717,0.41473417,0.09087068,0.00142918,0.06836428,0.01204235,Minority,Minority,0.49145591,0.54117424,0.49386409,0.68729102,0.39628152,438.19,Suburban
CT,CT-3,104671,82562,0.00428008,0.04498461,0.52714324,0.47285676,0.13546183,0.30004118,0.00197427,0.04573533,0.01478889,White,White,0.18454121,0.27190653,0.29672006,0.51372787,0.26409118,1525.3,Urban
CT,CT-4,97343,78809,0.00668769,-0.02817459,0.87196894,0.12803106,0.02605032,0.05442272,0.0006852,0.03148118,0.0112043,White,White,-0.10711336,-0.07805537,-0.15360246,0.74641665,0.38793631,407.1,Suburban
CT,CT-5,102051,82461,0.00883872,0.0188278,0.81242042,0.18757958,0.05164866,0.09602115,0.00122482,0.02536957,0.01617734,White,White,-0.13453542,-0.08376308,-0.15789692,0.65773918,0.31151624,441.34,Suburban
CT,CT-6,100314,79333,0.00119624,0.00148643,0.74390229,0.25609771,0.06226917,0.08079866,0.00086975,0.09898781,0.00930256,White,White,0.36380633,0.38196069,0.31983256,0.76089436,0.64484799,487.3,Suburban
CT,CT-7,101435,79205,0.00062109,0.01267796,0.59607348,0.40392652,0.16540622,0.17243861,0.00165394,0.06142289,0.01565558,White,White,0.26023638,0.30332589,0.2406218,0.67113011,0.40792873,302.4,Suburban
CT,CT-8,97937,79033,0.00285898,-0.02224438,0.65971177,0.34028823,0.12550454,0.11788746,0.00127795,0.0885959,0.01841003,White,White,0.24316841,0.29730937,0.18756783,0.63589084,0.38693779,504.47,Suburban
CT,CT-9,102466,84898,-0.00081002,0.02297096,0.82374143,0.17625857,0.03775118,0.04888219,0.00117788,0.07009588,0.01329831,White,White,0.05790525,0.09204569,0.05363856,0.68531834,0.44719434,121.39,Rural
CT,CT-10,100024,80329,0.00446893,-0.00140879,0.8183097,0.1816903,0.03926353,0.06441011,0.00087142,0.06284156,0.01287206,White,White,0.08518411,0.12689912,0.04494637,0.75972638,0.47007083,264.22,Suburban
CT,CT-11,99836,83032,0.00807324,-0.00328569,0.80060699,0.19939301,0.08176366,0.06403555,0.00131275,0.03959919,0.01415117,White,White,0.16930558,0.20705826,0.12838643,0.69737664,0.44492218,136.4,Rural
CT,CT-12,103694,85623,0.00783073,0.03523072,0.7580907,0.2419093,0.07357836,0.11882321,0.00217231,0.03876295,0.01791575,White,White,0.19495001,0.23139187,0.13229383,0.70529956,0.42030586,281.27,Suburban
CT,CT-13,96068,77625,0.00091602,-0.04090357,0.81489211,0.18510789,0.04869565,0.06161675,0.00380032,0.04516586,0.0303124,White,White,0.11630334,0.13795114,0.0390141,0.67108497,0.38211913,139.08,Rural
CT,CT-14,98584,79064,-0.01019435,-0.01578505,0.65258525,0.34741475,0.09311444,0.17345442,0.00330112,0.06083679,0.03334008,White,White,0.07917376,0.13947288,0.08071029,0.56762198,0.2561838,173.36,Rural
CT,CT-15,99155,79329,0.00788664,-0.01008446,0.89438919,0.10561081,0.01991705,0.03427498,0.00094543,0.01714379,0.02398871,White,White,-0.15028135,-0.10323791,-0.16052917,0.66202995,0.24798901,74.25,Rural
CT,CT-16,97813,79795,-0.00825044,-0.02348234,0.80324582,0.19675418,0.06945297,0.06974121,0.00080206,0.03808509,0.01575287,White,White,0.03902261,0.08468588,-0.02688569,0.68239331,0.37024261,223.26,Suburban
CT,CT-17,101230,80176,0.00714215,0.01063134,0.83485083,0.16514917,0.03252844,0.06712732,0.00098533,0.04805678,0.01465526,White,White,0.08658075,0.09518406,-0.00512695,0.7757551,0.4866379,206.5,Suburban
CT,CT-18,101739,83951,0.00788292,0.01571295,0.87602292,0.12397708,0.02039285,0.05343593,0.00102441,0.02277519,0.01497302,White,White,0.02688696,0.0566649,-0.03451816,0.76055503,0.43972107,48.8,Rural
CT,CT-19,97698,77823,0.00945772,-0.02463044,0.80229495,0.19770505,0.05775927,0.08043894,0.00097658,0.03667296,0.01110212,White,White,-0.06505984,-0.03490222,-0.13004521,0.72589435,0.43289906,347.09,Suburban
CT,CT-20,98966,81514,-0.00082857,-0.01197135,0.68072969,0.31927031,0.17255931,0.08652501,0.00120225,0.05519297,0.0123169,White,White,0.20556825,0.24362494,0.16757939,0.67190083,0.45724019,488.45,Suburban
CT,CT-21,95960,79295,-0.00221967,-0.04198179,0.83764424,0.16235576,0.03170439,0.07479665,0.00060533,0.04262564,0.01003846,White,White,0.14406809,0.17129505,0.09088124,0.78521852,0.47541596,315.71,Suburban
CT,CT-22,100699,75122,0.00520363,0.00533009,0.34824685,0.65175315,0.26108197,0.37194164,0.00346104,0.02638375,0.0209659,Hispanic,Hispanic,0.13668483,0.24894405,0.26030731,0.40372715,0.16125092,1597.1,Urban
CT,CT-23,105246,83797,-0.00322103,0.05072514,0.66073964,0.33926036,0.0814707,0.21998401,0.00177811,0.03334248,0.01865222,White,White,0.07933039,0.13114594,0.08516161,0.61930723,0.27717744,646.07,Suburban
CT,CT-24,97567,79713,0.0097574,-0.02593828,0.76458043,0.23541957,0.06715341,0.10161454,0.0010036,0.05320337,0.01251992,White,White,0.00185245,0.09125955,-0.01180157,0.69303727,0.41830065,747.29,Suburban
CT,CT-25,97109,77010,0.01366506,-0.03051073,0.46564083,0.53435917,0.30701208,0.17657447,0.00142839,0.05336969,0.01880275,Minority,Minority,0.37675356,0.43928677,0.40956325,0.53516918,0.35581847,1059.95,Urban
CT,CT-26,101585,80085,-0.01228528,0.01417548,0.32331897,0.67668103,0.27999001,0.30589998,0.00232253,0.10139227,0.02295061,Minority,Minority,0.594718,0.66078095,0.73390045,0.39901471,0.38203803,3045.55,Urban
CT,CT-27,98564,78691,0.01268212,-0.01598472,0.83250944,0.16749056,0.04029686,0.07220648,0.00094039,0.03504848,0.00991219,White,White,-0.02284636,0.00560121,-0.09863065,0.80035869,0.4839571,222.62,Suburban
CT,CT-28,104126,81845,0.01597104,0.0395436,0.81016556,0.18983444,0.0442666,0.07697477,0.00052538,0.05257499,0.00752642,White,White,-0.02813167,0.0205696,-0.10392433,0.81005828,0.5276397,374.46,Suburban
CT,CT-29,100097,78977,0.00749273,-0.00067999,0.53425681,0.46574319,0.08340403,0.26505185,0.00157008,0.06301835,0.01637186,White,White,0.03889702,0.14389216,0.08834803,0.6074297,0.3559194,618.86,Suburban
CT,CT-30,103635,76962,0.01054663,0.03464169,0.83213794,0.16786206,0.0223227,0.05941893,0.00080559,0.06421351,0.00740625,White,White,0.23417123,0.26960937,0.16115207,0.83936292,0.69770911,263.79,Suburban
CT,CT-31,100650,78434,-0.03624441,0.0048409,0.36391106,0.63608894,0.30702246,0.31269602,0.00196343,0.02678685,0.01639595,Minority,Minority,0.27885042,0.37298497,0.33438229,0.55862864,0.28614199,1666.1,Urban
CT,CT-32,100359,77258,0.04565609,0.00193569,0.23571669,0.76428331,0.3459577,0.36068757,0.002757,0.03885682,0.01928603,Hispanic,Hispanic,0.44811339,0.57788769,0.59535947,0.402032,0.28020226,3791.16,Urban
CT,CT-33,99757,76660,0.01558788,-0.00407438,0.81943647,0.18056353,0.03057657,0.07581529,0.00075659,0.05854422,0.00746152,White,White,0.29954916,0.35192708,0.24922756,0.81835081,0.69655489,717.35,Suburban
CT,CT-34,101579,78336,0.02142175,0.01411558,0.56712112,0.43287888,0.12445108,0.24356618,0.00116166,0.05960223,0.01411867,White,White,0.27522315,0.35675981,0.28976428,0.68707038,0.50359844,1239.25,Urban
CT,CT-35,98710,79347,0.04510181,-0.01452713,0.42682143,0.57317857,0.16707626,0.30952651,0.00143673,0.09440811,0.01720292,Minority,Minority,0.31315258,0.45490636,0.43930636,0.53191998,0.45507446,3891.17,Urban
CT,CT-36,100278,77307,-0.02433236,0.00112703,0.74693107,0.25306893,0.037668,0.11151642,0.00091842,0.08427439,0.00767072,White,White,0.17181721,0.24667796,0.18034666,0.82513621,0.68924422,512.59,Suburban
DE,DE-1,100478,77822,0.00327435,0.01498261,0.35015805,0.64984195,0.51710313,0.10859397,0.00158053,0.02829534,0.01769423,Black,Black,0.65671497,0.69895229,0.66349265,0.54785176,0.32629318,1809.42,Urban
DE,DE-2,96422,77505,0.00731161,-0.02598924,0.76438939,0.23561061,0.08402039,0.05207406,0.00068383,0.08529772,0.01175408,White,White,0.24520803,0.27513789,0.16989488,0.78044027,0.5449817,593.02,Suburban
DE,DE-3,99887,82803,0.00696787,0.00901259,0.6922696,0.3077304,0.13385988,0.07749719,0.00113522,0.08526261,0.01448015,White,White,0.24320448,0.28441436,0.18329578,0.59613741,0.46005405,881.61,Suburban
DE,DE-4,97876,76427,0.00452614,-0.0113016,0.48964371,0.51035629,0.27644681,0.16119958,0.00157013,0.06779018,0.02151072,Minority,White,0.34726191,0.41299711,0.34501576,0.55768375,0.23932902,1057.93,Urban
DE,DE-5,100724,78465,0.00210476,0.01746758,0.4833875,0.5166125,0.33082266,0.10147199,0.00101956,0.0775505,0.01826292,Minority,White,0.37416846,0.42091603,0.34268795,0.669742,0.33523818,663.81,Suburban
DE,DE-6,98274,73733,0.050695,-0.00728119,0.63213215,0.36786785,0.25454003,0.05476517,0.00122062,0.04392877,0.01957061,White,White,0.11607444,0.12657119,0.03147491,0.76267082,0.36389374,146.08,Rural
DE,DE-7,97449,75465,0.02118031,-0.01561496,0.52086398,0.47913602,0.34809514,0.07101305,0.00234546,0.04400716,0.02736368,White,White,0.20580463,0.2206751,0.11405028,0.60043668,0.28954725,218.22,Suburban
DE,DE-8,98486,76175,0.06403956,-0.00513966,0.72462094,0.27537906,0.15473581,0.07759764,0.00174598,0.01864129,0.02863144,White,White,-0.24873663,-0.22715202,-0.30473664,0.65424489,0.22761442,65.9,Rural
DE,DE-9,99020,82640,0.06160372,0.00025456,0.81506534,0.18493466,0.08164327,0.0643151,0.00101646,0.01568248,0.02071636,White,White,-0.21682833,-0.22080115,-0.32572982,0.76284325,0.30795729,91.63,Rural
DE,DE-10,101332,82508,0.09281372,0.02360932,0.74644883,0.25355117,0.1195278,0.09813594,0.00124836,0.01773161,0.0201435,White,White,0.0406702,0.03475182,-0.08035125,0.74120721,0.35636057,130.5,Rural
FL,FL-1,102163,84206,0.00466901,0.0198215,0.65136689,0.34863311,0.2204356,0.05790561,0.00271952,0.04332233,0.02445194,White,White,-0.01520617,0.0211607,-0.05300729,0.65235052,0.35173868,882.82,Suburban
FL,FL-2,100577,78503,-0.02300725,0.00398958,0.551049,0.448951,0.29857458,0.07226475,0.00436926,0.05054584,0.03003707,White,White,-0.02947152,0.0314182,-0.01108091,0.514442,0.19700652,786.2,Suburban
FL,FL-3,104236,83512,0.0516808,0.0405148,0.75611888,0.24388112,0.11503736,0.04831641,0.00308938,0.04340694,0.03413881,White,White,-0.38052989,-0.37030481,-0.43529071,0.78283583,0.30278345,218.71,Suburban
FL,FL-4,104218,81194,0.05480819,0.04033512,0.78842033,0.21157967,0.09936695,0.04561913,0.00363327,0.02287115,0.03841417,White,White,-0.59082244,-0.56013851,-0.60326844,0.70695084,0.232792,34.61,Rural
FL,FL-5,98711,75924,0.05296269,-0.01463739,0.80496286,0.19503714,0.05464675,0.06031031,0.00403035,0.04102787,0.03271693,White,White,-0.44578155,-0.39508178,-0.46742507,0.76576938,0.34953282,166.72,Rural
FL,FL-6,104219,79759,0.00490314,0.04034511,0.72577389,0.27422611,0.1013428,0.08599656,0.00579245,0.05630713,0.03227222,White,White,-0.41942217,-0.3924548,-0.47738492,0.69580977,0.37327963,81.77,Rural
FL,FL-7,97661,79002,0.06060761,-0.0251188,0.75118351,0.24881649,0.07602339,0.09754183,0.00291132,0.04764436,0.02729045,White,White,-0.44210489,-0.38355901,-0.44684488,0.73129489,0.3905828,283.9,Suburban
FL,FL-8,104746,81247,0.05731961,0.04560578,0.79188155,0.20811845,0.09039103,0.06032223,0.00294165,0.02045614,0.03495514,White,White,-0.5847406,-0.55470831,-0.60953206,0.7592944,0.19259511,22.19,Rural
FL,FL-9,98630,77464,0.08411234,-0.01544596,0.80313436,0.19686564,0.08725343,0.04683466,0.00243984,0.02612827,0.0328927,White,White,-0.57258303,-0.55907454,-0.57476616,0.71577097,0.22914287,32.34,Rural
FL,FL-10,101904,82369,0.03034228,0.01723609,0.72303901,0.27696099,0.13291408,0.07995727,0.00288944,0.03494033,0.02846945,White,White,-0.40569662,-0.35086523,-0.37165666,0.6703051,0.26687428,237.41,Suburban
FL,FL-11,95582,78075,0.01601766,-0.045872,0.71955171,0.28044829,0.20236952,0.04379123,0.00157541,0.00715978,0.02760167,White,White,-0.51543035,-0.45433722,-0.4354725,0.60901996,0.15907102,10.79,Rural
FL,FL-12,95220,74142,-0.00915774,-0.04948559,0.53922203,0.46077797,0.34532384,0.07265787,0.00149713,0.02905236,0.0161447,White,White,0.13521008,0.17923693,0.15992264,0.77000085,0.37619938,59.3,Rural
FL,FL-13,96207,82050,-0.00401218,-0.03963307,0.45161487,0.54838513,0.39483242,0.10700792,0.00154784,0.03987812,0.01656307,Minority,Minority,0.36118301,0.49557052,0.4453412,0.48198382,0.33016204,167.28,Rural
FL,FL-14,100499,80967,0.04559249,0.00321096,0.67263206,0.32736794,0.20198352,0.06143244,0.00164264,0.04755024,0.0173651,White,White,0.19357146,0.23347675,0.19612041,0.77796466,0.56121969,207.02,Suburban
FL,FL-15,100338,79263,0.03802149,0.00160381,0.52372481,0.47627519,0.38552666,0.05501937,0.00143825,0.02119526,0.01825568,White,White,0.00279712,0.10107507,0.10884411,0.63786253,0.23648998,18.04,Rural
FL,FL-16,99431,79881,0.02733554,-0.00745014,0.78143739,0.21856261,0.13059426,0.05071294,0.00150223,0.00903844,0.02493709,White,White,-0.57946821,-0.53828425,-0.52054795,0.66750229,0.14441586,11.19,Rural
FL,FL-17,102392,80828,0.02328307,0.02210745,0.75325382,0.24674618,0.12743109,0.07962587,0.00175682,0.01400505,0.02303657,White,White,-0.57241675,-0.5366776,-0.52919725,0.63729045,0.16819568,35.3,Rural
FL,FL-18,97061,76731,0.00753135,-0.03110818,0.7802974,0.2197026,0.14546924,0.04105251,0.00148571,0.00847115,0.02166009,White,White,-0.67378852,-0.64232676,-0.60959161,0.66787929,0.13785771,26.28,Rural
FL,FL-19,97529,73055,0.02043495,-0.02643647,0.59362124,0.40637876,0.20510574,0.12319485,0.00425707,0.06195332,0.02509069,White,White,-0.19459832,-0.1919783,-0.29694294,0.69158509,0.26322916,622.31,Suburban
FL,FL-20,96364,74076,0.06145449,-0.03806584,0.78167018,0.21832982,0.07990442,0.0769075,0.00349641,0.03302014,0.02524434,White,White,-0.4765727,-0.45039173,-0.50489087,0.79640327,0.31596831,154.6,Rural
FL,FL-21,98994,78418,0.02264784,-0.0118124,0.69522304,0.30477696,0.12949833,0.09367747,0.00132623,0.06054732,0.01880946,White,White,0.1074899,0.13250576,0.06856013,0.8011825,0.49504908,111.32,Rural
FL,FL-22,98635,81551,0.02736351,-0.01539605,0.60943459,0.39056541,0.15129183,0.13873527,0.00180255,0.08871749,0.01536462,White,White,0.21583194,0.28944143,0.24444444,0.56797296,0.53621546,226.08,Suburban
FL,FL-23,100126,84692,0.03191978,-0.00051244,0.53512728,0.46487272,0.27166675,0.10908941,0.00159401,0.06971142,0.01754593,White,White,0.24881621,0.34774498,0.31877026,0.48831943,0.32185954,62.56,Rural
FL,FL-24,99082,83299,0.07814739,-0.01093396,0.79308275,0.20691725,0.0730501,0.09880071,0.00127252,0.01118861,0.0220891,White,White,-0.39242445,-0.34894502,-0.35616866,0.75024993,0.19729685,27.67,Rural
FL,FL-25,96396,77304,0.09130047,-0.03774641,0.55677585,0.44322415,0.20493118,0.19648401,0.00199213,0.03092984,0.01896409,White,White,-0.13269874,-0.03025931,-0.02446778,0.65694621,0.22462691,354.77,Suburban
FL,FL-26,104261,81355,0.09451281,0.04076436,0.69239752,0.30760248,0.11467027,0.14429353,0.00207732,0.02873825,0.02273984,White,White,-0.3352536,-0.27619502,-0.27835247,0.65110693,0.24585998,328.54,Suburban
FL,FL-27,99797,83936,-0.0086676,-0.00379662,0.8362562,0.1637438,0.0506219,0.074807,0.0014654,0.01062714,0.02419701,White,White,-0.45794695,-0.43100346,-0.43237215,0.73442635,0.18940158,45.75,Rural
FL,FL-28,101778,81023,0.09831201,0.01597832,0.84441455,0.15558545,0.07238685,0.04216087,0.00185133,0.01504511,0.02193204,White,White,-0.46780695,-0.46066416,-0.50034282,0.82371135,0.30509382,51.51,Rural
FL,FL-29,101020,75931,0.03533954,0.00841173,0.4193149,0.5806851,0.37282533,0.1338452,0.00323978,0.0667053,0.02254679,Minority,Minority,0.06810695,0.10282907,0.02920588,0.5960195,0.21192922,506.6,Suburban
FL,FL-30,98119,73684,0.01026305,-0.02054691,0.36678248,0.63321752,0.50830574,0.07648879,0.00230715,0.03851582,0.01995006,Black,Black,0.16277946,0.23085474,0.2055695,0.52631653,0.14743717,951.12,Suburban
FL,FL-31,98058,76911,-0.00898448,-0.02115583,0.41726151,0.58273849,0.50076062,0.0503309,0.00240538,0.02066024,0.01587549,Black,Black,0.36481342,0.40422061,0.3670997,0.56214417,0.28222299,1107.32,Urban
FL,FL-32,99604,76178,0.0387635,-0.0057232,0.40040432,0.59959568,0.50603849,0.0577332,0.00210034,0.02361574,0.01916564,Black,Black,0.20302342,0.22790898,0.20233754,0.68754753,0.22343664,215.14,Suburban
FL,FL-33,95731,74810,0.04059291,-0.04438464,0.41427617,0.58572383,0.40991846,0.12746959,0.00282048,0.04159872,0.01914183,Minority,Minority,0.12906286,0.20591056,0.16875872,0.50902507,0.22365027,1388.73,Urban
FL,FL-34,98442,78429,0.00096504,-0.01732263,0.68858458,0.31141542,0.13591911,0.08731464,0.00441163,0.06875008,0.02194341,White,White,-0.21089992,-0.17252911,-0.24866342,0.75431825,0.4278732,353.39,Suburban
FL,FL-35,98037,79942,0.00313147,-0.02136546,0.72702709,0.27297291,0.07926997,0.0918666,0.0027645,0.08324785,0.01618674,White,White,-0.2189963,-0.18406017,-0.25658078,0.80204225,0.54669935,478.24,Suburban
FL,FL-36,98699,78487,0.06075036,-0.01475718,0.69351612,0.30648388,0.10538051,0.10125244,0.0021787,0.0735281,0.01725126,White,White,-0.22876959,-0.20107638,-0.28419468,0.76894209,0.41258223,878.9,Suburban
FL,FL-37,97802,78720,0.01635958,-0.0237113,0.57856961,0.42143039,0.18328252,0.15090193,0.00292175,0.07397104,0.01923272,White,White,-0.02759822,0.0288787,-0.03818869,0.57667336,0.38757448,1295.97,Urban
FL,FL-38,98629,79674,0.05724483,-0.01545594,0.53481688,0.46518312,0.18063609,0.15793107,0.00356453,0.11634912,0.01907774,White,White,-0.10864979,-0.02737662,-0.07562216,0.52325444,0.36966233,1163.91,Urban
FL,FL-39,97488,68608,0.18634088,-0.02684574,0.76820487,0.23179513,0.05573694,0.08692864,0.00208431,0.06644998,0.01867129,White,White,-0.36448403,-0.34038573,-0.42936711,0.89253108,0.50640035,242.93,Suburban
FL,FL-40,99136,77768,0.10907239,-0.01039492,0.83549789,0.16450211,0.0402222,0.06570826,0.00135017,0.03738041,0.01518619,White,White,-0.30400374,-0.25279737,-0.32736366,0.89114042,0.56790159,217.56,Suburban
FL,FL-41,103390,84906,0.04913435,0.03206978,0.78042777,0.21957223,0.1219584,0.06005465,0.00189621,0.01637105,0.01798459,White,White,-0.26892511,-0.20913817,-0.22722635,0.72558907,0.28022916,90.95,Rural
FL,FL-42,103519,83233,0.0932679,0.0333575,0.7605517,0.2394483,0.0841373,0.11398123,0.00164598,0.01489794,0.02353634,White,White,-0.42504094,-0.36827586,-0.34934479,0.69373822,0.17954036,33.82,Rural
FL,FL-43,102393,87381,0.04108679,0.02211743,0.79300992,0.20699008,0.07539396,0.0819629,0.00149918,0.03063595,0.01604468,White,White,-0.2763744,-0.20888354,-0.21583082,0.82059512,0.32666553,240.78,Suburban
FL,FL-44,101684,84682,0.04279926,0.01503998,0.66232493,0.33767507,0.22067263,0.07462034,0.00154696,0.02285019,0.02025224,White,White,-0.0735343,0.02675002,0.05487805,0.57123205,0.23752453,1148.9,Urban
FL,FL-45,102957,89027,0.06812553,0.02774745,0.79354578,0.20645422,0.08412055,0.06556438,0.00151639,0.03511294,0.01793838,White,White,-0.2538208,-0.19479155,-0.18922197,0.64872396,0.29953715,250.66,Suburban
FL,FL-46,103473,87583,0.03083896,0.03289831,0.86892433,0.13107567,0.04038455,0.04861674,0.00115319,0.01638446,0.02004955,White,White,-0.33805159,-0.27247756,-0.25625216,0.76916896,0.28532014,85.01,Rural
FL,FL-47,104079,83951,0.0671317,0.03894758,0.70249312,0.29750688,0.09652059,0.15495944,0.00139367,0.02561018,0.02092888,White,White,-0.18257261,-0.13557912,-0.14734749,0.69842012,0.27250756,465.82,Suburban
FL,FL-48,97548,76155,0.03194325,-0.0262468,0.49378242,0.50621758,0.13237476,0.3507058,0.00249491,0.02167947,0.02551375,Minority,Minority,-0.10597913,0.00647036,0.02442043,0.6425869,0.18857135,728.21,Suburban
FL,FL-49,100929,85791,0.06729483,0.00750335,0.86132578,0.13867422,0.03481717,0.05747689,0.00115397,0.0218671,0.01918616,White,White,-0.44777793,-0.39917822,-0.38774359,0.7376439,0.2021528,115.66,Rural
FL,FL-50,103344,87928,0.03299659,0.03161059,0.84177964,0.15822036,0.03394823,0.08528569,0.00166045,0.01443226,0.02142662,White,White,-0.4092219,-0.34759332,-0.33418137,0.68214242,0.1949288,114.72,Rural
FL,FL-51,98250,79589,0.07939949,-0.01923923,0.77814773,0.22185227,0.0667052,0.11378457,0.00141979,0.01731395,0.02379726,White,White,-0.40102814,-0.33699341,-0.31307507,0.68102902,0.19566107,111.01,Rural
FL,FL-52,104097,85243,0.01810811,0.03912726,0.79524418,0.20475582,0.04019098,0.12288399,0.00137255,0.01996645,0.02173786,White,White,-0.37268764,-0.31933029,-0.30076471,0.71506463,0.19615969,217.14,Suburban
FL,FL-53,103656,86104,0.0003473,0.03472507,0.78262334,0.21737666,0.05149587,0.12149261,0.00182338,0.0223683,0.02225216,White,White,-0.29561102,-0.21862469,-0.20142764,0.57279432,0.16615502,847.84,Suburban
FL,FL-54,100331,81234,0.00175419,0.00153393,0.79317773,0.20682227,0.04202674,0.11690918,0.00114484,0.02453406,0.02235517,White,White,-0.29103328,-0.2332968,-0.23186621,0.64755062,0.18478638,725.95,Suburban
FL,FL-55,100104,75356,0.21143011,-0.00073205,0.70541165,0.29458835,0.06623228,0.1570147,0.00236212,0.0560672,0.01808748,White,White,-0.24383586,-0.19114301,-0.23734982,0.80667232,0.42849255,306.89,Suburban
FL,FL-56,98664,73486,0.1656734,-0.01510656,0.55361565,0.44638435,0.13383502,0.22685954,0.00204121,0.07642272,0.01876548,White,White,-0.07809777,0.0021312,-0.04285817,0.7720236,0.43417205,544.24,Suburban
FL,FL-57,100874,83446,0.12960723,0.00695432,0.74098219,0.25901781,0.0773674,0.14487213,0.00147401,0.01677732,0.02149893,White,White,-0.29252138,-0.28049898,-0.27698565,0.63983805,0.20927896,132.73,Rural
FL,FL-58,103275,99179,0.06299685,0.03092182,0.87688926,0.12311074,0.06000262,0.04027062,0.00057472,0.01160528,0.00849978,White,White,-0.35105348,-0.33839972,-0.37547592,0.86794082,0.38316677,247.39,Suburban
FL,FL-59,102261,83711,0.13195646,0.02079977,0.73414486,0.26585514,0.07889047,0.14053111,0.00164853,0.01937619,0.02506242,White,White,-0.35484637,-0.33148032,-0.35507592,0.74175782,0.22343473,56.14,Rural
FL,FL-60,102590,85540,0.03560776,0.02408394,0.82782324,0.17217676,0.0530512,0.08081599,0.00142623,0.01551321,0.01956979,White,White,-0.41698412,-0.38140316,-0.396161,0.68673095,0.20823547,87.32,Rural
FL,FL-61,102021,82705,0.07736642,0.01840401,0.68126474,0.31873526,0.15193761,0.123342,0.00216432,0.02609274,0.01911614,White,White,-0.20032227,-0.14609371,-0.17579401,0.62512591,0.23910175,508.52,Suburban
FL,FL-62,103561,82005,0.10697077,0.03377675,0.55795378,0.44204622,0.13846717,0.23850985,0.00242668,0.0483751,0.01937687,White,White,-0.07242137,0.00483409,-0.01775893,0.76005336,0.32915794,353.56,Suburban
FL,FL-63,100083,83299,0.01883437,-0.00094168,0.52065451,0.47934549,0.39796396,0.05208946,0.00176473,0.01889579,0.01368564,White,White,0.33379069,0.40865425,0.41439173,0.6366824,0.37337899,1513,Urban
FL,FL-64,101816,87817,0.03538737,0.01635764,0.77022672,0.22977328,0.07011171,0.09088218,0.00118428,0.04808864,0.01647745,White,White,0.08535701,0.13695246,0.10006274,0.6664518,0.49579832,1343.68,Urban
FL,FL-65,102438,85475,-0.02326285,0.02256663,0.69574729,0.30425271,0.09518573,0.11491079,0.0017315,0.07243054,0.02059082,White,White,0.08300114,0.12470692,0.10769265,0.61498437,0.28785159,1995.18,Urban
FL,FL-66,99249,86197,-0.01027718,-0.00926692,0.86353353,0.13646647,0.02681068,0.05874914,0.00149657,0.02766918,0.0165667,White,White,-0.18946861,-0.15291654,-0.15470875,0.7280395,0.39192684,1548.31,Urban
FL,FL-67,102784,85477,-0.00015567,0.02602051,0.69008037,0.30991963,0.07931958,0.12688793,0.00228132,0.08019701,0.0210115,White,White,-0.11852388,-0.07254925,-0.06018899,0.56764739,0.25047855,1306.95,Urban
FL,FL-68,99155,84819,-0.0023902,-0.01020525,0.8005046,0.1994954,0.06950094,0.08165623,0.00207501,0.02725804,0.01780261,White,White,-0.18017505,-0.1295159,-0.14739221,0.67169746,0.31333377,1608.03,Urban
FL,FL-69,103699,88106,0.03198681,0.03515431,0.76621342,0.23378658,0.05940572,0.11449845,0.00150955,0.04020158,0.01886364,White,White,-0.09907726,-0.03970166,-0.06202416,0.68933707,0.34811401,1493.99,Urban
FL,FL-70,102056,85547,-0.00716273,0.01875339,0.72217611,0.27782389,0.09558488,0.13099232,0.00256,0.03184215,0.02115796,White,White,-0.08107952,-0.00373869,-0.0097931,0.65005385,0.28637396,1756.32,Urban
FL,FL-71,97680,82469,-0.00228296,-0.02492914,0.85486668,0.14513332,0.03401278,0.06699487,0.0015521,0.02346336,0.01555736,White,White,-0.19258476,-0.14480918,-0.15724413,0.73925619,0.36374497,1194.08,Urban
FL,FL-72,96621,75760,0.03772472,-0.03550039,0.74167107,0.25832893,0.04648891,0.12732313,0.00171595,0.068783,0.01430834,White,White,-0.18252709,-0.13479593,-0.18171211,0.79114921,0.49977849,435.4,Suburban
FL,FL-73,97287,77317,0.03879244,-0.02885218,0.46852568,0.53147432,0.20370682,0.27991257,0.00212114,0.04860509,0.01819781,Minority,White,0.04105144,0.14903213,0.15132767,0.59014801,0.36894228,843.47,Suburban
FL,FL-74,96545,75655,0.04402092,-0.03625905,0.49060868,0.50939132,0.18822285,0.25596458,0.00248496,0.06341947,0.01953605,Minority,Minority,-0.02158591,0.06019661,0.02992929,0.59433193,0.32288279,1552.18,Urban
FL,FL-75,100675,72811,0.15636454,0.00496784,0.42163959,0.57836041,0.23250608,0.29566961,0.00267817,0.05041821,0.02352666,Minority,Minority,0.06680083,0.14447522,0.07984357,0.74793543,0.3196532,326.66,Suburban
FL,FL-76,98895,79136,0.06013449,-0.01280065,0.635185,0.364815,0.12891731,0.20041448,0.00227457,0.02701678,0.01743833,White,White,-0.10689525,-0.07592406,-0.13961294,0.74282946,0.31685826,447.17,Suburban
FL,FL-77,102327,76233,0.04674231,0.0214586,0.67777734,0.32222266,0.08619627,0.17022812,0.00212506,0.04957171,0.02139493,White,White,-0.25185978,-0.20883527,-0.2534961,0.76664638,0.40378984,189.58,Rural
FL,FL-78,104336,78535,0.01607307,0.04151303,0.57154135,0.42845865,0.09804546,0.28769339,0.00150251,0.02647227,0.03078882,White,White,-0.34513391,-0.28671102,-0.27902608,0.63152368,0.21503605,216.42,Suburban
FL,FL-79,103214,79480,0.03537311,0.0303129,0.48366885,0.51633115,0.21511072,0.20385003,0.00218923,0.09115501,0.02073478,Minority,White,0.075256,0.16551489,0.1445471,0.56985652,0.36566226,437.42,Suburban
FL,FL-80,102223,81111,0.0503507,0.02042044,0.52188976,0.47811024,0.15287692,0.18647286,0.0025274,0.1315358,0.0155466,White,White,0.01066784,0.10627055,0.0806359,0.6244137,0.50669168,709.68,Suburban
FL,FL-81,100286,78138,0.0082863,0.00108473,0.33479229,0.66520771,0.29368553,0.33649441,0.00273874,0.04175945,0.02014385,Hispanic,Hispanic,0.28486805,0.41407133,0.46487108,0.39750343,0.19406374,2240.92,Urban
FL,FL-82,101550,80996,0.03298868,0.01370235,0.57558398,0.42441602,0.08497951,0.25960541,0.00186429,0.06992938,0.01517359,White,White,-0.06413847,0.01444671,-0.02062848,0.73113351,0.47213655,1209.03,Urban
FL,FL-83,103538,79261,-0.00148738,0.03354716,0.25754154,0.74245846,0.51372049,0.21417847,0.00196818,0.02151121,0.01737298,Black,Black,0.4775558,0.61150272,0.67562738,0.49691889,0.23215912,1344.41,Urban
FL,FL-84,98924,79460,-0.00477134,-0.01251116,0.26131387,0.73868613,0.10409011,0.59714322,0.00139693,0.04945885,0.01400705,Hispanic,Hispanic,-0.07430872,0.10383237,0.26501757,0.56175261,0.26538287,1653.46,Urban
FL,FL-85,101241,83265,0.02312304,0.01061782,0.36079986,0.63920014,0.12108329,0.46007326,0.00229388,0.06098601,0.01675374,Hispanic,Hispanic,-0.05367632,0.12291098,0.21824375,0.56413186,0.3373203,1267.71,Urban
FL,FL-86,102247,82788,0.0846284,0.02066001,0.7188723,0.2811277,0.06795671,0.14300382,0.00262115,0.05683191,0.01584771,White,White,-0.06436272,0.03298611,-0.00007522,0.68801455,0.62512556,1467.77,Urban
FL,FL-87,99939,76002,0.07064309,-0.00237913,0.45458014,0.54541986,0.2403621,0.26266414,0.001921,0.03527539,0.02160469,Minority,Minority,0.03863959,0.08143417,0.02927324,0.66235571,0.30774859,327.1,Suburban
FL,FL-88,96200,72728,0.0466632,-0.03970294,0.47599274,0.52400726,0.2051892,0.22589649,0.00247498,0.06760807,0.01935981,Minority,White,0.0573582,0.10696727,0.06375839,0.73706198,0.33029023,837.76,Suburban
FL,FL-89,101866,75071,0.16585514,0.01685676,0.12689321,0.87310679,0.67850435,0.15815694,0.00301048,0.04154734,0.01426649,Black,Black,0.58585069,0.66702456,0.68901025,0.42479236,0.15768265,1853.28,Urban
FL,FL-90,102056,77690,-0.08656032,0.01875339,0.14242502,0.85757498,0.57183679,0.24480628,0.00303771,0.03019694,0.0146737,Black,Black,0.56878799,0.69325353,0.73930362,0.42586951,0.20383529,2077.77,Urban
FL,FL-91,95418,75325,0.00088034,-0.0475091,0.47733156,0.52266844,0.14487886,0.21233322,0.00300033,0.10020577,0.01324925,Minority,White,0.03281576,0.12130097,0.10583599,0.70213978,0.47302336,1206.66,Urban
FL,FL-92,98330,72351,0.08566053,-0.01844065,0.55556938,0.44443062,0.06776686,0.20466891,0.00216998,0.11547871,0.0141394,White,White,0.01006899,0.08916165,0.04727973,0.82724048,0.5505558,443.32,Suburban
FL,FL-93,99463,79079,-0.02108322,-0.0071307,0.33639778,0.66360222,0.18169173,0.41947925,0.00369251,0.0595354,0.01929716,Hispanic,Hispanic,0.14533006,0.24565111,0.28141427,0.54492433,0.30925494,859.53,Suburban
FL,FL-94,95831,73451,-0.01742651,-0.04338641,0.22401329,0.77598671,0.13007311,0.55038053,0.00446556,0.09172101,0.01654164,Hispanic,Hispanic,0.12395729,0.29700413,0.42964509,0.58538967,0.3371258,754.78,Suburban
FL,FL-95,99291,73642,0.08161868,-0.00884766,0.4143831,0.5856169,0.12381521,0.37268135,0.00258005,0.08556259,0.0171777,Minority,Minority,0.02353915,0.1205603,0.11790079,0.72924364,0.50525368,114.06,Rural
FL,FL-96,99250,78870,0.01720907,-0.00925693,0.33580576,0.66419424,0.12111069,0.5158869,0.00337264,0.04210727,0.01946241,Hispanic,Hispanic,0.07798915,0.18506134,0.26796898,0.54540951,0.30980636,1667.51,Urban
FL,FL-97,99683,78766,0.03548248,-0.0049346,0.30806439,0.69193561,0.12222279,0.52122743,0.00267882,0.06463449,0.02154483,Hispanic,Hispanic,0.11874953,0.23111695,0.31032127,0.53709993,0.30650818,1422.94,Urban
FL,FL-98,99612,81106,0.00124483,-0.00564334,0.48125909,0.51874091,0.12981777,0.30582201,0.00268784,0.08036397,0.01813676,Minority,White,0.10751966,0.20160292,0.19724981,0.51097916,0.42322873,912.26,Suburban
FL,FL-99,95339,79337,-0.02750186,-0.0482977,0.5096109,0.4903891,0.1192886,0.28230208,0.00296205,0.08345413,0.01987723,White,White,0.1646346,0.24675206,0.22350567,0.56935395,0.42866483,1644.23,Urban
FL,FL-100,102907,87189,0.03810236,0.02724833,0.72752297,0.27247703,0.07183246,0.1386184,0.00237415,0.0468293,0.01579328,White,White,0.17798079,0.19992152,0.12119686,0.73774741,0.6113559,1478.61,Urban
FL,FL-101,98505,79230,0.04346987,-0.01669375,0.48864067,0.51135933,0.19264168,0.26598511,0.00201944,0.05046068,0.02025748,Minority,Minority,0.0864835,0.14909517,0.11513361,0.58523072,0.36343091,1528.85,Urban
FL,FL-102,98002,75326,0.0603253,-0.02171484,0.51115153,0.48884847,0.2079229,0.18333643,0.00195152,0.09137615,0.01736452,White,White,0.00789499,0.08405415,0.05516577,0.68721519,0.40514985,670.82,Suburban
FL,FL-103,101642,81375,0.01668602,0.01462072,0.64336713,0.35663287,0.10500768,0.18580645,0.00180645,0.05553303,0.01842089,White,White,-0.06274888,-0.01094272,-0.07337954,0.71020393,0.38915558,909.65,Suburban
FL,FL-104,100943,77886,0.00236767,0.0076431,0.64197674,0.35802326,0.09644866,0.18792851,0.00231107,0.06012634,0.01862979,White,White,-0.11357289,-0.05163044,-0.0901381,0.79020487,0.47159183,245.66,Suburban
FL,FL-105,102191,81272,0.01431633,0.02010101,0.6103332,0.3896668,0.09046166,0.23092824,0.00239935,0.05912245,0.01807511,White,White,-0.00798326,0.0524508,0.00390901,0.73394507,0.43786697,1111.04,Urban
FL,FL-106,98016,75986,0.03984043,-0.02157509,0.15621299,0.84378701,0.14543469,0.68719238,0.00317164,0.03812544,0.01864817,Hispanic,Hispanic,0.09243107,0.29451894,0.49006725,0.54205211,0.22663116,1284.76,Urban
FL,FL-107,97224,74544,0.0304143,-0.02948107,0.24596212,0.75403788,0.11628032,0.59802264,0.00258907,0.04954121,0.01904915,Hispanic,Hispanic,0.0524062,0.25959361,0.40262848,0.51830192,0.26837544,876.76,Suburban
FL,FL-108,103638,79405,0.13237423,0.03454539,0.30383477,0.69616523,0.18516466,0.47649392,0.00329954,0.04138278,0.01933128,Hispanic,Hispanic,0.1335817,0.27254476,0.38139019,0.62405549,0.28339497,291.47,Suburban
FL,FL-109,104074,78765,0.17398197,0.03889767,0.50731924,0.49268076,0.07933727,0.3806513,0.00271694,0.03020377,0.02333524,White,Minority,-0.20524444,-0.15397253,-0.16750971,0.75919509,0.28910075,35.85,Rural
FL,FL-110,102735,79308,0.21370516,0.02553138,0.37684723,0.62315277,0.1803349,0.4218616,0.00199223,0.02762647,0.02052756,Hispanic,Hispanic,0.0685936,0.18040358,0.229183,0.63737044,0.2327892,326.64,Suburban
FL,FL-111,104608,80462,0.06340815,0.04422822,0.50218737,0.49781263,0.21309438,0.2571773,0.00157838,0.01993488,0.02058114,White,White,-0.11056335,-0.02870356,-0.00900763,0.63247642,0.18627089,273.62,Suburban
FL,FL-112,103807,82604,0.17820571,0.0362324,0.64616726,0.35383274,0.10135102,0.2135853,0.00185221,0.02296499,0.02188756,White,White,-0.24924914,-0.20255558,-0.22908405,0.61403606,0.23049302,191.32,Rural
FL,FL-113,104675,83417,0.06300454,0.04489703,0.68192335,0.31807665,0.09846914,0.17717012,0.00165434,0.02479111,0.02217773,White,White,-0.31928578,-0.27528475,-0.27347274,0.62051013,0.24949395,158.25,Rural
FL,FL-114,101502,78922,0.02272862,0.0132232,0.52662122,0.47337878,0.24263197,0.20275715,0.00178657,0.01829655,0.02279466,White,White,-0.06988288,0.02056734,0.05390698,0.48090979,0.15278592,609.39,Suburban
FL,FL-115,104064,80323,0.04686539,0.03879785,0.66703186,0.33296814,0.12330217,0.15519839,0.00170561,0.03708776,0.02013122,White,White,-0.31174793,-0.26834904,-0.27100641,0.70426502,0.25850795,545.91,Suburban
FL,FL-116,103655,81400,0.04613381,0.03471509,0.68367322,0.31632678,0.09961916,0.18585995,0.00184275,0.01619165,0.02238329,White,White,-0.41662878,-0.35835588,-0.33775842,0.60678948,0.18618775,43.22,Rural
FL,FL-117,100968,82246,0.01131051,0.00789265,0.78583761,0.21416239,0.09100747,0.07041072,0.0026749,0.02520487,0.02493738,White,White,-0.31804374,-0.28213129,-0.29926495,0.73064943,0.25223883,117.39,Rural
FL,FL-118,101033,81163,0.02139895,0.0085415,0.70708328,0.29291672,0.14116038,0.09764301,0.00288309,0.03189877,0.02217759,White,White,-0.18059956,-0.13299141,-0.15337177,0.68671919,0.31663838,302.99,Suburban
FL,FL-119,99599,84340,0.02172713,-0.00577311,0.84239981,0.15760019,0.03174057,0.06407399,0.00240692,0.0339815,0.02021579,White,White,-0.24049674,-0.2051683,-0.24830564,0.76230859,0.45787753,1002.06,Urban
FL,FL-120,104344,85787,0.06169018,0.04159289,0.77066455,0.22933545,0.05951951,0.10005012,0.00237798,0.04708173,0.02016623,White,White,-0.2239767,-0.18672477,-0.23202484,0.76478826,0.37999823,276.39,Suburban
FL,FL-121,102384,84502,0.02766057,0.02202759,0.66230385,0.33769615,0.14448179,0.13081347,0.00202362,0.04605808,0.02030721,White,White,-0.0921529,-0.02854792,-0.06118351,0.65219023,0.30251278,1101.89,Urban
FL,FL-122,98276,79051,0.11639668,-0.01897969,0.67830894,0.32169106,0.14939722,0.12677891,0.00217581,0.02762773,0.02106235,White,White,-0.17462617,-0.13097001,-0.14939925,0.75038953,0.25449879,113.57,Rural
FL,FL-123,95516,81550,0.05028477,-0.04653083,0.81362354,0.18637646,0.041729,0.10985898,0.00084611,0.01621091,0.01431024,White,White,-0.30240759,-0.26011356,-0.29198015,0.75995162,0.34228496,79.16,Rural
FL,FL-124,100646,79827,0.02548536,0.00467835,0.57605823,0.42394177,0.26400842,0.12684931,0.00140303,0.01737507,0.01615995,White,White,-0.08986977,0.02996926,0.02880775,0.61215254,0.24727418,636.53,Suburban
FL,FL-125,96948,82133,0.03905186,-0.03223618,0.71705648,0.28294352,0.10631537,0.13755738,0.0016315,0.02147736,0.01577928,White,White,-0.19201422,-0.12965117,-0.14401717,0.70037849,0.27012271,571.15,Suburban
FL,FL-126,96596,73385,0.13284194,-0.03574995,0.48403625,0.51596375,0.23619268,0.23398515,0.00279349,0.02927029,0.0185324,Minority,Minority,-0.01763027,0.06636826,0.06364733,0.65966966,0.22593091,1248.27,Urban
FL,FL-127,99308,81232,0.14536593,-0.00867796,0.63297715,0.36702285,0.15487739,0.170844,0.00163729,0.02604885,0.01684065,White,White,-0.12841558,-0.09043142,-0.1179075,0.76830859,0.29076829,84.81,Rural
FL,FL-128,100901,82248,0.0111991,0.00722384,0.73183542,0.26816458,0.07254888,0.1632988,0.00121584,0.0145657,0.02092452,White,White,-0.39743755,-0.32488453,-0.32080072,0.69097612,0.2547481,30.82,Rural
FL,FL-129,97174,80939,0.03897133,-0.02998018,0.80493952,0.19506048,0.04662771,0.11346817,0.00103782,0.01827302,0.01554257,White,White,-0.29144504,-0.22647871,-0.25013051,0.76211094,0.37912644,768.51,Suburban
FL,FL-130,101235,83524,0.04412506,0.01055793,0.69490206,0.30509794,0.09502658,0.17615296,0.00155644,0.01953929,0.01740817,White,White,-0.40658454,-0.34329959,-0.31792397,0.62647948,0.18283308,38.41,Rural
FL,FL-131,100295,77678,0.07869784,0.00117457,0.65328664,0.34671336,0.09799428,0.21797678,0.00164783,0.01355596,0.01739231,White,White,-0.42277041,-0.32144662,-0.30180644,0.57661775,0.17296571,26.73,Rural
FL,FL-132,97203,85856,0.05185025,-0.0296907,0.89348444,0.10651556,0.02318999,0.04822028,0.00094344,0.01666744,0.01297521,White,White,-0.2758959,-0.21520767,-0.23291054,0.76552226,0.33579522,342.52,Suburban
FL,FL-133,101397,89710,0.02098681,0.01217506,0.87465166,0.12534834,0.01639728,0.06725003,0.00108126,0.02258388,0.01129194,White,White,-0.10894319,-0.0565749,-0.08576221,0.76378652,0.45131356,849.39,Suburban
FL,FL-134,97375,83311,0.09186136,-0.02797374,0.87103744,0.12896256,0.01729664,0.06843034,0.00103228,0.02332225,0.01302349,White,White,-0.24535503,-0.17670341,-0.18872554,0.79927296,0.39110246,196.64,Rural
FL,FL-135,97039,83757,0.03393481,-0.03132779,0.70912282,0.29087718,0.0973053,0.14676982,0.00081187,0.02941844,0.01470922,White,White,0.03026778,0.11623667,0.10697561,0.6460596,0.39402157,1086.63,Urban
FL,FL-136,98090,78003,0.02713834,-0.0208364,0.57591375,0.42408625,0.13699473,0.25327231,0.00117944,0.02014025,0.01842237,White,White,-0.05004392,0.03863272,0.05025868,0.53166367,0.23905955,1211.13,Urban
FL,FL-137,98762,83896,0.00945708,-0.01412829,0.79100315,0.20899685,0.05133737,0.11898064,0.00163297,0.01946458,0.01594832,White,White,-0.19184349,-0.1447963,-0.1681861,0.61896576,0.31908145,1026.84,Urban
FL,FL-138,100616,81669,0.10148485,0.00437889,0.72223243,0.27776757,0.10023387,0.13615938,0.00127343,0.02346055,0.0175097,White,White,-0.25861694,-0.19447041,-0.20491821,0.70107267,0.3133587,462.56,Suburban
FL,FL-139,102242,83065,0.15918116,0.0206101,0.81903329,0.18096671,0.03668212,0.08388611,0.00108349,0.04004093,0.01475953,White,White,-0.32057156,-0.25908083,-0.29611494,0.9030029,0.43576085,66.87,Rural
FL,FL-140,97529,86040,0.07216315,-0.02643647,0.85901906,0.14098094,0.04167829,0.06028591,0.00148768,0.01749186,0.01621339,White,White,-0.35307478,-0.27617032,-0.27834628,0.71710974,0.24187854,279.65,Suburban
FL,FL-141,101444,88288,0.0750759,0.01264423,0.80765223,0.19234777,0.07357738,0.08373731,0.00108735,0.0155627,0.01591383,White,White,-0.3399911,-0.27189736,-0.28283789,0.71376756,0.24690256,28.94,Rural
FL,FL-142,97214,80170,0.07869237,-0.02958089,0.75636772,0.24363228,0.03759511,0.16985157,0.00097293,0.01960833,0.0144942,White,White,-0.39607614,-0.29858687,-0.30348962,0.72854449,0.26849169,345.4,Suburban
FL,FL-143,98660,81853,0.08363065,-0.01514649,0.69935128,0.30064872,0.04815951,0.21583815,0.00147826,0.021673,0.01480703,White,White,-0.32814763,-0.22235575,-0.21336212,0.6205593,0.24805765,1075.61,Urban
FL,FL-144,96258,79685,0.12879968,-0.03912397,0.77180147,0.22819853,0.04118717,0.15704336,0.00066512,0.01323963,0.01725544,White,White,-0.38596619,-0.32285219,-0.32057064,0.67694953,0.21201488,198.35,Rural
FL,FL-145,95627,74443,0.07707028,-0.0454228,0.47285843,0.52714157,0.21764303,0.27110675,0.00120898,0.0226885,0.0209422,Minority,White,-0.02572704,0.11489728,0.10491919,0.49501119,0.25574472,1007.05,Urban
FL,FL-146,97816,71000,0.16911344,-0.02357155,0.35064789,0.64935211,0.20349296,0.42028169,0.00129577,0.02064789,0.01819718,Hispanic,Hispanic,-0.13733998,0.02885883,0.06689773,0.48990668,0.15893952,536.52,Suburban
FL,FL-147,97211,81163,0.07120593,-0.02961084,0.74525338,0.25474662,0.05056491,0.15911191,0.00131833,0.03075293,0.01294925,White,White,-0.30043788,-0.21852491,-0.26011774,0.72910936,0.41331197,216,Suburban
FL,FL-148,98624,89155,-0.07388668,-0.01550585,0.86182491,0.13817509,0.02421625,0.07549773,0.00134597,0.02350962,0.00982558,White,White,-0.22966767,-0.18164405,-0.22026901,0.6978587,0.4124353,485.75,Suburban
FL,FL-149,96798,86975,0.06845183,-0.03373353,0.83219316,0.16780684,0.01265881,0.1223455,0.00106927,0.01851107,0.01017534,White,White,-0.28797479,-0.25411125,-0.29090271,0.71169737,0.45401379,376.73,Suburban
FL,FL-150,99988,72930,0.12108453,-0.00189,0.31849719,0.68150281,0.12498286,0.53570547,0.00119292,0.01334156,0.02372138,Hispanic,Hispanic,-0.3615206,-0.18325349,-0.10041711,0.58796367,0.13610292,21.24,Rural
FL,FL-151,99154,82200,0.02749259,-0.01021523,0.7773236,0.2226764,0.03062044,0.15019465,0.00077859,0.02709246,0.0089781,White,White,-0.3633443,-0.29662334,-0.31124016,0.84865282,0.48123044,434.85,Suburban
FL,FL-152,100432,84458,0.03776685,0.00254214,0.66271993,0.33728007,0.05982855,0.25422103,0.00079329,0.016079,0.01129556,White,White,-0.27231338,-0.20276154,-0.21806428,0.73113731,0.41015828,914.9,Suburban
FL,FL-153,98411,86906,0.05129508,-0.01763208,0.74031712,0.25968288,0.05672796,0.17803144,0.00100108,0.01352036,0.01129957,White,White,-0.34283424,-0.2645295,-0.29752706,0.75617621,0.37755853,31.78,Rural
FL,FL-154,95421,76852,0.00238941,-0.04747915,0.79994014,0.20005986,0.02654453,0.12688024,0.00117108,0.0310597,0.01440431,White,White,-0.24938436,-0.17752228,-0.1825467,0.82175379,0.48945303,518.34,Suburban
FL,FL-155,98331,84286,0.01012905,-0.01843066,0.7959329,0.2040671,0.04466934,0.10333863,0.0014,0.04192867,0.01058301,White,White,-0.13793595,-0.06304825,-0.07321574,0.80898286,0.53382351,449.65,Suburban
FL,FL-156,101156,78693,0.01018229,0.00976933,0.3394584,0.6605416,0.50439048,0.13053258,0.00193156,0.02768988,0.01311425,Black,Black,0.30211014,0.45365963,0.49431225,0.5764927,0.31218,932.49,Suburban
FL,FL-157,104137,83003,0.06439594,0.03952656,0.36562534,0.63437466,0.31432599,0.28276086,0.00213245,0.03768538,0.01465007,Minority,Minority,0.20271853,0.32592696,0.37135314,0.5490092,0.28083539,1069.3,Urban
FL,FL-158,102533,82919,0.03382326,0.02351495,0.48756015,0.51243985,0.16207383,0.32446122,0.00200195,0.02050194,0.03491359,Minority,White,0.04777958,0.19260339,0.22671758,0.59058996,0.32724311,2088.1,Urban
FL,FL-159,101447,84721,0.03607795,0.01267418,0.5653616,0.4346384,0.24855703,0.14493455,0.00128658,0.03052372,0.01077655,White,White,0.10775738,0.20756678,0.21115242,0.63673266,0.31964858,1684.35,Urban
FL,FL-160,100592,87991,0.0066208,0.00413931,0.68119467,0.31880533,0.17111977,0.10415838,0.00107966,0.0267641,0.00919412,White,White,-0.00586768,0.11597378,0.12616091,0.68525441,0.46858995,1655.04,Urban
FL,FL-161,96979,73589,0.01569412,-0.03192673,0.30079224,0.69920776,0.15464268,0.52483387,0.00183451,0.02363125,0.02092704,Hispanic,Hispanic,-0.05616847,0.12658612,0.23617073,0.56884968,0.20147512,2134.48,Urban
FL,FL-162,97064,74793,0.02185156,-0.03107824,0.30755552,0.69244448,0.21293437,0.4489725,0.0026072,0.03488294,0.01978795,Hispanic,Hispanic,0.11740091,0.27021969,0.3343529,0.58446279,0.20946501,2049.95,Urban
FL,FL-163,100087,80352,0.03280146,-0.00090175,0.63412236,0.36587764,0.14315761,0.1625224,0.00123208,0.04808841,0.01069046,White,White,0.08001756,0.17015519,0.17421214,0.76886235,0.39350237,1239.74,Urban
FL,FL-164,100555,77371,0.00615584,0.00376997,0.52298665,0.47701335,0.17547918,0.23048687,0.00189994,0.06276253,0.01225265,White,White,-0.00888256,0.09602998,0.10637901,0.76219791,0.42797347,1122.25,Urban
FL,FL-165,97309,74742,0.04943017,-0.02863257,0.44765995,0.55234005,0.27319312,0.23827299,0.00147173,0.02885928,0.01470391,Minority,Minority,-0.13243813,-0.01502137,0.0496153,0.6983,0.26525657,25.7,Rural
FL,FL-166,97299,87452,0.00551907,-0.0287324,0.81061611,0.18938389,0.05789462,0.09202763,0.00094909,0.02658601,0.00496272,White,White,0.12645114,0.22951934,0.25195445,0.81768261,0.48280412,974.64,Suburban
FL,FL-167,95889,76337,0.1037241,-0.04280744,0.62268625,0.37731375,0.07086996,0.1905498,0.00096939,0.05021156,0.00858037,White,White,-0.0499161,0.10625846,0.16547001,0.73758411,0.46039965,1223.26,Urban
FL,FL-168,103392,85523,0.01956631,0.03208974,0.71723396,0.28276604,0.06311752,0.14994797,0.00122774,0.04153269,0.00846556,White,White,-0.07415409,0.06020767,0.07100315,0.71303075,0.58606873,1284.95,Urban
FL,FL-169,103457,76499,0.04615444,0.03273859,0.48940509,0.51059491,0.17558399,0.22449967,0.00173858,0.08377887,0.00958182,Minority,White,0.04159026,0.17332878,0.16621628,0.75127113,0.49041503,1485.88,Urban
FL,FL-170,104351,81523,0.00972679,0.04166277,0.39217153,0.60782847,0.2457098,0.30444169,0.00185224,0.05384983,0.0105001,Minority,Minority,0.19474749,0.3076662,0.32394307,0.65809596,0.3475824,2339.57,Urban
FL,FL-171,96838,80955,-0.00121853,-0.03333424,0.4245445,0.5754555,0.23211661,0.26833426,0.00167995,0.04698907,0.01122846,Minority,Minority,0.20917839,0.2868955,0.31154741,0.66567475,0.31054903,1986.32,Urban
FL,FL-172,103767,86007,0.0098008,0.03583311,0.51667887,0.48332113,0.18067134,0.19614683,0.00167428,0.02995105,0.01087121,White,White,-0.0181421,0.10551549,0.13369406,0.61093473,0.31067826,1956.94,Urban
FL,FL-173,104005,83361,0.01712418,0.03820889,0.44671969,0.55328031,0.3096292,0.18948909,0.0012116,0.01961349,0.01428726,Minority,White,0.06959941,0.18972846,0.21151226,0.62306091,0.28677822,2088.21,Urban
FL,FL-174,101510,78349,0.03008571,0.01330306,0.19571405,0.80428595,0.50886418,0.25748893,0.00236123,0.04299991,0.01202313,Black,Black,0.46920978,0.57417866,0.59895246,0.60492463,0.24625045,3019.56,Urban
FL,FL-175,98831,76476,0.01139319,-0.01343952,0.12058685,0.87941315,0.75532193,0.1067786,0.00217062,0.02365448,0.00665568,Black,Black,0.66640666,0.75790234,0.78840932,0.58784901,0.20140455,3399.8,Urban
FL,FL-176,97163,83667,-0.01744491,-0.03008999,0.61791387,0.38208613,0.1123382,0.22155689,0.00178087,0.02953375,0.01378082,White,White,0.13641739,0.18847315,0.17684848,0.72971263,0.40984876,1878.57,Urban
FL,FL-177,101893,82443,0.03791232,0.01712628,0.44047402,0.55952598,0.18208944,0.31395024,0.00173453,0.06217629,0.00976432,Minority,Minority,0.12194342,0.23869064,0.26675958,0.71813159,0.43407169,1635.79,Urban
FL,FL-178,99174,78191,-0.0044064,-0.01001559,0.20736402,0.79263598,0.50468724,0.25129491,0.00277526,0.04368789,0.01035925,Black,Black,0.42521802,0.5477089,0.60652204,0.66687976,0.25705168,2606.81,Urban
FL,FL-179,103382,83490,0.04117738,0.03198992,0.36464247,0.63535753,0.47049946,0.14200503,0.00158103,0.02013415,0.01086358,Black,Black,0.38301423,0.52559059,0.56288401,0.61942714,0.32775889,2480.78,Urban
FL,FL-180,99469,86317,0.031638,-0.00707081,0.60544273,0.39455727,0.0736008,0.27547297,0.0018768,0.03039957,0.01199069,White,White,-0.05043956,0.07771751,0.13034241,0.67025271,0.46495795,1557.92,Urban
FL,FL-181,103440,83137,-0.01120456,0.0325689,0.35662822,0.64337178,0.25812815,0.36302729,0.00187642,0.02774938,0.01264178,Hispanic,Hispanic,0.13177572,0.30768038,0.39872866,0.60561104,0.31560582,2609.97,Urban
FL,FL-182,97718,76228,0.01149225,-0.02454981,0.31262791,0.68737209,0.16036102,0.47696385,0.00196778,0.05250039,0.02394133,Hispanic,Hispanic,-0.00153819,0.18245363,0.29961628,0.55738713,0.24521811,1817.32,Urban
FL,FL-183,96159,74881,0.01421604,-0.04011222,0.51631255,0.48368745,0.08282475,0.31448565,0.00239046,0.08007372,0.01115103,White,White,-0.0400225,0.08526867,0.11736761,0.75213401,0.46990589,1024.63,Urban
FL,FL-184,98779,73225,0.02605817,-0.0139586,0.34112666,0.65887334,0.05928303,0.51754182,0.00131103,0.07112325,0.01151246,Hispanic,Hispanic,-0.02782712,0.10952645,0.23195632,0.83662674,0.57654855,45.43,Rural
FL,FL-185,97210,77340,0.01034873,-0.02962082,0.21282648,0.78717352,0.27205844,0.47492889,0.00183605,0.05356866,0.01167572,Hispanic,Hispanic,0.15197859,0.31388783,0.4167952,0.63924234,0.29564996,2817.81,Urban
FL,FL-186,96596,76677,0.00179096,-0.03574995,0.21323213,0.78676787,0.18770948,0.52449887,0.00155196,0.08328443,0.00919441,Hispanic,Hispanic,0.08160622,0.20148677,0.29626956,0.75444013,0.42937386,1367.24,Urban
FL,FL-187,95284,72952,0.05843583,-0.04884673,0.07326735,0.92673265,0.59705012,0.32447363,0.00183682,0.03187027,0.01037669,Black,Black,0.49266625,0.6625838,0.75452807,0.60636177,0.20174344,2692.43,Urban
FL,FL-188,95316,73637,0.01766755,-0.04852729,0.06551054,0.93448946,0.19069218,0.70801363,0.00097777,0.06044516,0.00812092,Hispanic,Hispanic,0.00323666,0.20300806,0.42262451,0.62670444,0.3474969,2513.04,Urban
FL,FL-189,104707,81769,-0.02383795,0.04521647,0.02412895,0.97587105,0.55456224,0.44386014,0.00146755,0.01266984,0.0064939,Black,Black,0.38200531,0.57810876,0.75803877,0.65515649,0.18512838,2645.64,Urban
FL,FL-190,104549,80971,0.07193756,0.04363926,0.05480975,0.94519025,0.61271319,0.34161613,0.00146966,0.01528942,0.00755826,Black,Black,0.47669625,0.65517006,0.79342616,0.5786216,0.19621721,1959.53,Urban
FL,FL-191,99662,78477,0.02147258,-0.00514423,0.10900009,0.89099991,0.55128254,0.32209437,0.00152911,0.03336009,0.01095862,Black,Black,0.40807285,0.57485655,0.6841822,0.55964636,0.19772513,3335.71,Urban
FL,FL-192,97980,80389,-0.01835068,-0.02193445,0.44758611,0.55241389,0.05504484,0.44259787,0.00079613,0.02627225,0.00682929,Minority,Minority,-0.20945962,0.03105921,0.22705763,0.72241626,0.49710752,3594.29,Urban
FL,FL-193,100800,78583,0.04402778,0.00621563,0.03542751,0.96457249,0.53841162,0.449372,0.00077625,0.00703715,0.00928954,Black,Black,0.44153894,0.62443764,0.79638997,0.5039884,0.16627078,2660.08,Urban
FL,FL-194,100360,79128,0.05312874,0.00182342,0.18256496,0.81743504,0.42920332,0.38869932,0.00106157,0.01857749,0.0102113,Black,Black,0.39986755,0.57217708,0.68360254,0.61941094,0.29457003,2986.09,Urban
FL,FL-195,100392,86060,-0.00528927,0.00214285,0.4011736,0.5988264,0.05044155,0.50500813,0.00131304,0.02946781,0.01003951,Hispanic,Hispanic,0.01171329,0.16938621,0.33597461,0.69993378,0.50949089,4192.18,Urban
FL,FL-196,104036,86701,0.0797993,0.03851834,0.13981384,0.86018616,0.16321611,0.70755816,0.00098038,0.02110702,0.01493639,Hispanic,Hispanic,0.08543584,0.31721275,0.56443564,0.47632835,0.29540064,6035.96,Urban
FL,FL-197,104566,86548,0.03387334,0.04380896,0.04102926,0.95897074,0.04755742,0.93412904,0.00077414,0.00842307,0.01044507,Hispanic,Hispanic,-0.24431818,-0.0935939,0.18127077,0.55156141,0.21855443,4897.13,Urban
FL,FL-198,104951,88934,0.0130823,0.04765215,0.06809544,0.93190456,0.0312254,0.9081791,0.00064092,0.01004115,0.00559966,Hispanic,Hispanic,-0.3692304,-0.23606718,0.00978342,0.6646025,0.28526262,2012.17,Urban
FL,FL-199,100260,80678,0.05927588,0.00082519,0.06109472,0.93890528,0.03777982,0.90058008,0.00086765,0.01688193,0.00620987,Hispanic,Hispanic,-0.43757333,-0.262779,0.01073434,0.70964658,0.30061908,1586.78,Urban
FL,FL-200,97566,81536,0.02803231,-0.02606712,0.02542435,0.97457565,0.02346203,0.96443289,0.0007604,0.00604641,0.0039737,Hispanic,Hispanic,-0.54087296,-0.35199097,-0.00182399,0.63390616,0.19868302,4855.9,Urban
FL,FL-201,102748,87090,-0.02993732,0.02566115,0.02558273,0.97441727,0.02988862,0.96246412,0.00049374,0.00399587,0.00372029,Hispanic,Hispanic,-0.55246051,-0.37926181,-0.04759942,0.60859277,0.1785451,3641.64,Urban
FL,FL-202,98604,76170,0.0148067,-0.0157055,0.07269266,0.92730734,0.02820008,0.86110017,0.00059078,0.03622161,0.00816594,Hispanic,Hispanic,-0.21361242,0.01651003,0.38655304,0.80983386,0.50780589,2533.56,Urban
FL,FL-203,97232,81660,-0.04607537,-0.02940121,0.04311781,0.95688219,0.03444771,0.9219324,0.00066128,0.01418075,0.00595151,Hispanic,Hispanic,-0.38337622,-0.22021517,0.09214415,0.71943317,0.30461756,89.6,Rural
FL,FL-204,103433,87862,-0.04370945,0.03249902,0.30010699,0.69989301,0.04821197,0.59634427,0.00118367,0.03472491,0.00927591,Hispanic,Hispanic,-0.00936539,0.1657071,0.30802545,0.67844209,0.63773366,3739.56,Urban
FL,FL-205,103929,86089,0.00972779,0.03745024,0.27455308,0.72544692,0.08420356,0.60505988,0.00137067,0.03442949,0.00918817,Hispanic,Hispanic,0.06278276,0.164742,0.25244257,0.76128905,0.61431037,2350.43,Urban
FL,FL-206,100089,83923,-0.08155741,-0.00088179,0.08381493,0.91618507,0.02969389,0.87772124,0.00075069,0.01707518,0.00586252,Hispanic,Hispanic,-0.44674149,-0.33386908,-0.12764266,0.78627187,0.32218382,2222.71,Urban
FL,FL-207,101533,84039,-0.05450445,0.01353265,0.06631445,0.93368555,0.02486941,0.9032711,0.00040457,0.01638525,0.00487869,Hispanic,Hispanic,-0.42779033,-0.27585573,-0.02486843,0.75977613,0.31326901,2621.66,Urban
FL,FL-208,101839,81522,-0.02444054,0.01658724,0.09832929,0.90167071,0.05272196,0.83165281,0.00072373,0.02687618,0.01016903,Hispanic,Hispanic,-0.35740337,-0.18229608,0.08090794,0.73106746,0.31476515,131.19,Rural
FL,FL-209,104822,83444,0.01525443,0.04636443,0.10532812,0.89467188,0.07034658,0.79436508,0.00100666,0.03948756,0.00938354,Hispanic,Hispanic,-0.17164588,0.03694833,0.2871454,0.70450811,0.36684308,2480.48,Urban
FL,FL-210,97655,80853,0.00775178,-0.0251787,0.19560189,0.80439811,0.09522219,0.67758772,0.00065551,0.03693122,0.00745798,Hispanic,Hispanic,-0.07447345,0.06343619,0.21540877,0.73494993,0.44400941,2107.76,Urban
FL,FL-211,100913,80829,0.05696987,0.00734363,0.06338072,0.93661928,0.19119375,0.74234495,0.00076705,0.02334558,0.00885821,Hispanic,Hispanic,-0.14487616,0.10573122,0.4013119,0.64963962,0.24474749,2267.84,Urban
FL,FL-212,101132,78564,0.00927501,0.00952975,0.30181763,0.69818237,0.09074131,0.56817372,0.00106919,0.04321318,0.00975001,Hispanic,Hispanic,-0.09557906,0.05984338,0.18341899,0.7969333,0.48616839,1121.64,Urban
FL,FL-213,98180,71997,0.12324302,-0.01993799,0.07903107,0.92096893,0.23662097,0.68712585,0.00120838,0.02073698,0.01262553,Hispanic,Hispanic,-0.12847108,0.1579288,0.42828669,0.64493074,0.21695121,1309.22,Urban
FL,FL-214,98262,70303,0.02967576,-0.01911944,0.10396427,0.89603573,0.18514146,0.71402358,0.00143664,0.01760949,0.02462199,Hispanic,Hispanic,-0.08610065,0.15667626,0.37474166,0.5632472,0.22059222,2145.57,Urban
FL,FL-215,104473,85800,-0.00535066,0.04288061,0.58834499,0.41165501,0.11776224,0.26782051,0.00149184,0.01703963,0.01601399,White,White,-0.15195515,-0.03083499,-0.00404789,0.67181954,0.31863527,22.67,Rural
GA,GA-1,103166,77565,-0.02549289,0.03051314,0.42807968,0.57192032,0.45173725,0.0754464,0.00467995,0.03297879,0.02015084,Black,Black,0.18057651,0.19438398,0.15109577,0.50626918,0.27073621,514.59,Suburban
GA,GA-2,103756,79487,-0.00559968,0.03640659,0.39542315,0.60457685,0.49394241,0.06343176,0.00439066,0.04097525,0.01739907,Black,Black,0.27737906,0.28170172,0.21854269,0.57054372,0.29642244,288.02,Suburban
GA,GA-3,95451,74019,0.01420624,-0.04655109,0.44960078,0.55039922,0.47521582,0.03624745,0.00122941,0.0317351,0.01348302,Black,Black,0.16710597,0.17402756,0.11894207,0.62317993,0.32390682,259.82,Suburban
GA,GA-4,102006,78600,-0.01421485,0.01892604,0.40521628,0.59478372,0.51848601,0.05249364,0.00115776,0.01335878,0.01484733,Black,Black,0.0918859,0.12580697,0.14304887,0.59042646,0.16639511,67.59,Rural
GA,GA-5,97509,73277,-0.01648053,-0.02599397,0.49782333,0.50217667,0.37321397,0.07404779,0.00208797,0.04109066,0.02105708,Minority,White,0.03373319,0.00536564,-0.1048507,0.61677791,0.2669298,538.47,Suburban
GA,GA-6,97460,73598,0.07245024,-0.02648342,0.59534226,0.40465774,0.3177532,0.04091144,0.00146743,0.03118291,0.01652219,White,White,-0.25480394,-0.25714848,-0.3043346,0.66935937,0.30913502,38.74,Rural
GA,GA-7,102364,80773,-0.02385604,0.02250206,0.45967093,0.54032907,0.45478068,0.05800206,0.00316938,0.01792678,0.01358127,Minority,Minority,-0.05266291,-0.00795324,0.00949981,0.55962891,0.16817605,9.84,Rural
GA,GA-8,105065,81514,-0.02877266,0.04948203,0.29975219,0.70024781,0.66166548,0.02224158,0.00117771,0.01025591,0.01101651,Black,Black,0.32510005,0.3247654,0.31308667,0.55116558,0.21430666,30.8,Rural
GA,GA-9,95381,73771,-0.01283274,-0.04725031,0.55567906,0.44432094,0.37072833,0.05418118,0.00056933,0.00768595,0.01504656,White,White,-0.29478285,-0.23380758,-0.23697782,0.56412352,0.15231891,15.18,Rural
GA,GA-10,98281,74845,0.00578952,-0.01828255,0.62861915,0.37138085,0.30203754,0.04224731,0.00088182,0.01083573,0.01790367,White,White,-0.32310276,-0.29864203,-0.30486651,0.62503238,0.19809565,25.74,Rural
GA,GA-11,99298,74908,0.01429032,-0.00812386,0.48891974,0.51108026,0.41357398,0.05804453,0.00307043,0.0251642,0.01764832,Minority,White,-0.11539159,-0.02077357,-0.08643908,0.51631932,0.27689954,132.48,Rural
GA,GA-12,99845,75313,0.00456708,-0.00265994,0.65871762,0.34128238,0.22668065,0.08383679,0.00103568,0.01578745,0.01777914,White,White,-0.47533427,-0.46267522,-0.50099961,0.61047252,0.19377659,26.16,Rural
GA,GA-13,97540,78955,-0.04356162,-0.02568431,0.57949465,0.42050535,0.32636312,0.04075739,0.00202647,0.03831296,0.01474257,White,White,0.16674969,0.17076954,0.15817215,0.68376453,0.40157595,350.63,Suburban
GA,GA-14,100006,79740,0.02263864,-0.00105173,0.47846752,0.52153248,0.38572862,0.08108854,0.00288437,0.04327815,0.01694256,Minority,Minority,0.21286169,0.22544216,0.18675077,0.60755255,0.34654071,234.81,Suburban
GA,GA-15,97745,76020,0.07747711,-0.02363659,0.46374638,0.53625362,0.37690082,0.09033149,0.00257827,0.05470929,0.01977111,Minority,Minority,0.1611351,0.16420403,0.08087973,0.57990064,0.33244001,234.02,Suburban
GA,GA-16,96501,71447,0.04723267,-0.03606276,0.47179028,0.52820972,0.39094714,0.09545537,0.00783798,0.02940641,0.02435372,Minority,Minority,-0.02717908,0.03986121,0.00425365,0.54967015,0.19820447,27.33,Rural
GA,GA-17,98169,77429,0.00623415,-0.01940131,0.67432099,0.32567901,0.22862235,0.06191479,0.00269925,0.01684124,0.01972129,White,White,-0.28154714,-0.24438106,-0.28455391,0.65649218,0.28546816,42.44,Rural
GA,GA-18,96211,73354,0.02817765,-0.03895954,0.65779644,0.34220356,0.23396134,0.07346566,0.00196308,0.01781771,0.02144396,White,White,-0.41987527,-0.38389034,-0.40683106,0.57262423,0.17122722,12.15,Rural
GA,GA-19,102093,73455,0.06896653,0.01979507,0.75014635,0.24985365,0.14449663,0.05257641,0.002573,0.02517187,0.0270778,White,White,-0.42978153,-0.43445784,-0.51231444,0.73923423,0.29268033,55.98,Rural
GA,GA-20,102580,81055,0.02441996,0.02465966,0.63655543,0.36344457,0.29123435,0.04095984,0.00173956,0.01825921,0.01565604,White,White,-0.31089348,-0.25118941,-0.23913625,0.53479997,0.2651855,25.82,Rural
GA,GA-21,97465,73964,0.01644693,-0.02643348,0.7890325,0.2109675,0.137621,0.04851009,0.00093289,0.00732789,0.01802228,White,White,-0.69827759,-0.67004063,-0.665,0.61286061,0.12851033,16.97,Rural
GA,GA-22,103860,77967,0.00583478,0.03744543,0.66456321,0.33543679,0.21524491,0.09460413,0.00160324,0.00927315,0.01889261,White,White,-0.55089483,-0.50407551,-0.49689012,0.5442077,0.13816293,17.66,Rural
GA,GA-23,98748,76192,-0.00116458,-0.01361774,0.5989474,0.4010526,0.31175189,0.0649412,0.00051186,0.01359723,0.01334786,White,White,-0.389257,-0.35949194,-0.36895616,0.55976764,0.15681025,23.26,Rural
GA,GA-24,104459,81576,-0.00645229,0.04342877,0.59586153,0.40413847,0.3442434,0.04578553,0.00105423,0.00867902,0.01173139,White,White,-0.39707636,-0.34759334,-0.35001035,0.56814874,0.15204432,16.28,Rural
GA,GA-25,103584,79077,0.01681727,0.0346885,0.62834958,0.37165042,0.28147249,0.07124701,0.00088521,0.00773929,0.01410018,White,White,-0.48141686,-0.42652746,-0.42669609,0.54215962,0.13681896,17.74,Rural
GA,GA-26,103633,82040,0.011203,0.03517795,0.62290346,0.37709654,0.32908337,0.02157484,0.00091419,0.01016577,0.01512677,White,White,-0.25069758,-0.19600247,-0.17196845,0.65236088,0.19028415,21.87,Rural
GA,GA-27,98547,77550,0.00044649,-0.01562551,0.464294,0.535706,0.49427466,0.02609929,0.00114765,0.00643456,0.01117988,Black,Black,-0.04333976,0.01917556,0.04628967,0.60489717,0.13282586,10.09,Rural
GA,GA-28,104560,79467,0.06140972,0.04443765,0.3076623,0.6923377,0.59351681,0.06201316,0.00391357,0.02775995,0.01856116,Black,Black,0.48425124,0.49968104,0.47872838,0.52925837,0.18382045,144.69,Rural
GA,GA-29,102047,81432,-0.06819407,0.01933558,0.41696139,0.58303861,0.50060173,0.04318941,0.00244376,0.03071274,0.01597652,Black,Black,0.22799283,0.2414201,0.17935077,0.54806078,0.28962771,869.2,Suburban
GA,GA-30,104663,77201,0.02637991,0.0454665,0.69005583,0.30994417,0.16253675,0.05481794,0.00344555,0.07357418,0.02033652,White,White,-0.28472269,-0.28483901,-0.40487533,0.77280424,0.43440309,554.37,Suburban
GA,GA-31,105059,79797,0.04360407,0.0494221,0.61938419,0.38061581,0.28575009,0.05623018,0.00284472,0.02149204,0.02324649,White,White,-0.26012248,-0.23354921,-0.28634142,0.675985,0.22165053,25.45,Rural
GA,GA-32,101847,82628,0.03643701,0.01733781,0.76038389,0.23961611,0.13693905,0.04735683,0.00076245,0.03774749,0.01584209,White,White,-0.27145333,-0.23685888,-0.25199973,0.71947155,0.43886194,42.13,Rural
GA,GA-33,99933,81471,0.01737164,-0.00178092,0.55737624,0.44262376,0.27563182,0.10787888,0.00174295,0.04142578,0.01713493,White,White,0.40185279,0.44190618,0.40539438,0.54453854,0.43653061,427.32,Suburban
GA,GA-34,102067,75340,0.05764841,0.01953536,0.71900717,0.28099283,0.11619326,0.09665516,0.0012875,0.04741173,0.02310857,White,White,-0.41070694,-0.42641725,-0.49409496,0.73926028,0.27507402,178.17,Rural
GA,GA-35,99591,78525,0.04186121,-0.00519711,0.68361668,0.31638332,0.26675581,0.02237504,0.00070041,0.00869787,0.01803247,White,White,-0.44445864,-0.40401315,-0.39673646,0.67618895,0.1893372,35.38,Rural
GA,GA-36,102743,78997,0.03059089,0.02628785,0.78402977,0.21597023,0.14361305,0.03287467,0.00092409,0.01531704,0.02087421,White,White,-0.50796452,-0.5002037,-0.51689444,0.82131319,0.28052565,37.19,Rural
GA,GA-37,101116,76673,0.04304957,0.01003593,0.64983762,0.35016238,0.21967316,0.07700233,0.00133032,0.03599703,0.02161126,White,White,-0.22972315,-0.25620673,-0.34152411,0.72938592,0.36359791,248.06,Suburban
GA,GA-38,100995,78146,0.0354275,0.00882728,0.56087324,0.43912676,0.29220945,0.07111049,0.00121567,0.06165383,0.01795357,White,White,0.04846441,0.00941797,-0.12608283,0.82397862,0.46498289,303.28,Suburban
GA,GA-39,101374,76630,0.01695701,0.01261307,0.39406238,0.60593762,0.48997782,0.06492235,0.00137022,0.04132846,0.01928749,Black,Black,0.23042616,0.17856361,0.07448114,0.63404289,0.20650744,204.74,Suburban
GA,GA-40,101821,76366,0.07814694,0.0170781,0.44817065,0.55182935,0.45774297,0.06392897,0.00138805,0.02133148,0.01801849,Black,Black,0.18165795,0.10605544,-0.06512643,0.7015431,0.27622763,233.74,Suburban
GA,GA-41,104823,79100,0.01104719,0.04706472,0.45428571,0.54571429,0.43824273,0.05752212,0.00136536,0.03744627,0.01924147,Minority,Minority,0.19792142,0.09371892,-0.04913921,0.75609476,0.28006192,260.59,Suburban
GA,GA-42,95670,71700,0.03369917,-0.04436353,0.14962343,0.85037657,0.71599721,0.1006834,0.00132497,0.0362901,0.01719665,Black,Black,0.65535625,0.64654665,0.60102001,0.60102823,0.24934573,602.49,Suburban
GA,GA-43,101413,74578,-0.01548125,0.01300263,0.11134651,0.88865349,0.63734613,0.16861541,0.00151519,0.08495803,0.02079702,Black,Black,0.65079926,0.66868416,0.68852753,0.53293066,0.17526711,768.27,Suburban
GA,GA-44,100512,74300,-0.00323344,0.00400265,0.05873486,0.94126514,0.80733513,0.10207268,0.00118439,0.03746972,0.01457604,Black,Black,0.77512164,0.81497608,0.83901929,0.53359245,0.19284395,1321.03,Urban
GA,GA-45,102841,79149,0.00518276,0.02726676,0.33565806,0.66434194,0.55552186,0.08082225,0.00173091,0.02046773,0.01684165,Black,Black,0.40651907,0.32817655,0.18527265,0.66736396,0.27921803,242.55,Suburban
GA,GA-46,103212,77102,0.06633919,0.03097263,0.42179191,0.57820809,0.49802859,0.0551607,0.00172499,0.01309953,0.01754818,Black,Black,0.18416504,0.15937583,0.07689,0.68954248,0.22306446,166.1,Rural
GA,GA-47,96673,73098,0.06868516,-0.03434468,0.73390517,0.26609483,0.18010069,0.04426934,0.00105338,0.0186462,0.0214917,White,White,-0.45912704,-0.49241608,-0.56416782,0.76280577,0.24277949,114.21,Rural
GA,GA-48,103341,74927,0.06556933,0.0322612,0.58642412,0.41357588,0.15166762,0.11874224,0.00152148,0.13048701,0.01817769,White,White,-0.15102099,-0.17791317,-0.34247302,0.80043989,0.44624221,648.81,Suburban
GA,GA-49,98871,71585,0.04567568,-0.01238911,0.4618705,0.5381295,0.30714535,0.13398058,0.0011874,0.0909129,0.01793672,Minority,Minority,0.08824135,0.03764148,-0.15817446,0.79159943,0.37596737,469.98,Suburban
GA,GA-50,100017,76056,0.00758871,-0.00094185,0.4204665,0.5795335,0.2217971,0.17276743,0.0014726,0.17973598,0.0187099,Minority,Minority,0.0749773,0.08615045,-0.05212714,0.713103,0.44627776,908.55,Suburban
GA,GA-51,102998,80098,0.00138838,0.02883501,0.31938375,0.68061625,0.22308922,0.16349971,0.00209743,0.28983246,0.01609279,Minority,Minority,0.18577148,0.21839401,0.09910246,0.67060357,0.51537262,990.68,Suburban
GA,GA-52,99348,73579,0.10087772,-0.00762441,0.2190027,0.7809973,0.30081953,0.31432882,0.00180758,0.1690428,0.02423246,Hispanic,Hispanic,0.27140831,0.37632344,0.34166282,0.55600828,0.29538566,1500.15,Urban
GA,GA-53,101315,74622,0.06372205,0.01202372,0.35720029,0.64279971,0.36336469,0.17827182,0.00127308,0.09801399,0.02069095,Black,Black,0.24610891,0.23411131,0.08764123,0.67706033,0.34588294,915.72,Suburban
GA,GA-54,103990,76062,0.04978363,0.03874398,0.2577897,0.7422103,0.57794957,0.11626042,0.00193263,0.04961742,0.01886619,Black,Black,0.48761949,0.48918568,0.35530715,0.70670211,0.3617775,739.66,Suburban
GA,GA-55,102174,75687,-0.0066651,0.02060417,0.36398589,0.63601411,0.2189808,0.2087809,0.00125517,0.20196335,0.02294978,Minority,Minority,0.13740527,0.16247669,0.03419296,0.7577134,0.37508556,1007.99,Urban
GA,GA-56,100036,72084,-0.11412891,-0.00075206,0.14750846,0.85249154,0.22948227,0.49357694,0.00196992,0.13199878,0.03328062,Hispanic,Hispanic,0.30914813,0.43833256,0.45449229,0.56099355,0.26066728,1560.67,Urban
GA,GA-57,96644,74116,0.01719714,-0.03463435,0.52411085,0.47588915,0.18723353,0.13090291,0.00144368,0.14718819,0.01610988,White,White,0.16296435,0.16905165,0.04075321,0.74070148,0.62455513,1167.72,Urban
GA,GA-58,98180,76403,0.00963536,-0.01929143,0.40740547,0.59259453,0.19126212,0.28362761,0.0015968,0.11229926,0.02992029,Minority,Minority,0.34810242,0.37098532,0.29385855,0.64027439,0.53709167,1412.14,Urban
GA,GA-59,97884,79764,-0.03819828,-0.02224814,0.58683115,0.41316885,0.15386641,0.13902262,0.0010155,0.1098992,0.01776491,White,White,0.48163564,0.46352496,0.37099757,0.75007615,0.72827352,1650.76,Urban
GA,GA-60,101075,76528,0.01964878,0.00962639,0.34802948,0.65197052,0.48265994,0.05515628,0.00146352,0.10822183,0.01492264,Black,Black,0.74196269,0.76802849,0.75182102,0.69202714,0.45324089,1627.06,Urban
GA,GA-61,103161,79182,0.02562015,0.0304632,0.24754363,0.75245637,0.58765881,0.07617893,0.00137658,0.08662322,0.01597585,Black,Black,0.54045479,0.59344298,0.54761373,0.63737992,0.36765362,973.66,Suburban
GA,GA-62,95394,72938,0.05353586,-0.04712046,0.03726453,0.96273547,0.91931503,0.03614028,0.00104198,0.0120102,0.01221585,Black,Black,0.84544776,0.89143369,0.90231182,0.60676882,0.31716147,849.76,Suburban
GA,GA-63,99640,76791,-0.01414091,-0.00470766,0.02703442,0.97296558,0.94695993,0.02367465,0.00089854,0.00854267,0.01153781,Black,Black,0.86894805,0.91093348,0.92656275,0.68472934,0.30719264,716.01,Suburban
GA,GA-64,99754,80311,-0.05013333,-0.00356893,0.22452715,0.77547285,0.7180959,0.0351633,0.00119535,0.01956145,0.01235198,Black,Black,0.85266108,0.87998147,0.88544742,0.72240231,0.3891019,998.62,Suburban
GA,GA-65,97437,72598,-0.01312643,-0.02671317,0.52122648,0.47877352,0.11403895,0.06480895,0.00133612,0.28729442,0.00990385,White,White,0.07869378,0.11317236,-0.03950253,0.85676704,0.70584547,1036.11,Urban
GA,GA-66,103143,77169,0.02231853,0.0302834,0.63244308,0.36755692,0.11010898,0.07593723,0.00138657,0.16453498,0.01431922,White,White,-0.07227896,-0.03296664,-0.14707446,0.85339527,0.73408427,588.22,Suburban
GA,GA-67,99209,78017,0.00843673,-0.00901287,0.63036261,0.36963739,0.15793994,0.13484241,0.00132023,0.05883333,0.01776536,White,White,0.07180075,0.0946955,-0.03739526,0.78501392,0.62588632,935.52,Suburban
GA,GA-68,96265,73823,-0.03847712,-0.03842014,0.69170855,0.30829145,0.10242065,0.05356054,0.00071793,0.13134118,0.01364074,White,White,0.04421815,0.03934095,-0.09486198,0.88269632,0.73585019,853.04,Suburban
GA,GA-69,99192,82954,-0.0236511,-0.00918268,0.54935265,0.45064735,0.20633122,0.11937942,0.00153097,0.11419582,0.01411626,White,White,0.26162544,0.2716392,0.16898496,0.6579083,0.70010863,1741.91,Urban
GA,GA-70,98000,84461,0.01605102,-0.02108943,0.65346136,0.34653864,0.17072969,0.06579368,0.00169309,0.10030665,0.01195818,White,White,0.30227527,0.29554067,0.19434734,0.65706607,0.80479822,1474.01,Urban
GA,GA-71,99887,79676,0.02563897,-0.0022404,0.13472062,0.86527938,0.8081229,0.04031327,0.00180732,0.02018174,0.0136553,Black,Black,0.80923934,0.83538077,0.86590347,0.55583712,0.33832838,1087.05,Urban
GA,GA-72,98868,80455,0.01592022,-0.01241908,0.28199615,0.71800385,0.61521347,0.06355105,0.0015288,0.03877944,0.01440557,Black,Black,0.82343792,0.84132456,0.85392801,0.57045797,0.42479339,1446.23,Urban
GA,GA-73,96216,83795,-0.01018542,-0.03890959,0.66249776,0.33750224,0.1632317,0.0719852,0.0013724,0.08952801,0.01321081,White,White,0.67808503,0.69284968,0.65899076,0.70603293,0.78898523,2700.91,Urban
GA,GA-74,100566,76582,0.02225404,0.00454205,0.70913531,0.29086469,0.10719229,0.07958789,0.00134496,0.07817764,0.01888172,White,White,-0.03460483,-0.05799852,-0.20780359,0.84137394,0.55671455,918.03,Suburban
GA,GA-75,99280,75535,0.03078163,-0.00830366,0.64015357,0.35984643,0.19130205,0.09602171,0.00144304,0.05351162,0.02020256,White,White,-0.09661869,-0.10725782,-0.24062244,0.81519033,0.48530372,769.73,Suburban
GA,GA-76,98097,77233,0.00659551,-0.02012051,0.63352453,0.36647547,0.2246967,0.07812723,0.00141131,0.04762213,0.01909805,White,White,-0.01293327,-0.0446893,-0.19406546,0.77342725,0.52192975,641.6,Suburban
GA,GA-77,98659,77337,-0.01867037,-0.01450675,0.44347466,0.55652534,0.30196413,0.16473357,0.00138356,0.05693265,0.02220153,Minority,White,0.21585026,0.24413971,0.15235665,0.6750427,0.45856603,1117.69,Urban
GA,GA-78,96692,76712,0.02686882,-0.03415489,0.38643237,0.61356763,0.32061477,0.21406038,0.00151215,0.067056,0.02141777,Minority,Minority,0.35039676,0.37298807,0.2978263,0.58409573,0.45741311,1379.76,Urban
GA,GA-79,98711,74785,0.01761708,-0.01398733,0.29098081,0.70901919,0.5119877,0.16492612,0.0016046,0.0256736,0.0223708,Black,Black,0.46335253,0.45991142,0.37933792,0.68309929,0.33487356,680.9,Suburban
GA,GA-80,96261,74031,0.04069145,-0.0384601,0.35531061,0.64468939,0.45213492,0.13865813,0.00131026,0.04939823,0.01880293,Black,Black,0.44528404,0.43964945,0.34237755,0.69852556,0.49063182,909.04,Suburban
GA,GA-81,96369,73322,0.01426807,-0.0373813,0.02004855,0.97995145,0.95308366,0.02569488,0.00092742,0.00606912,0.0108835,Black,Black,0.88665269,0.915337,0.93359661,0.70784516,0.41913246,532.9,Suburban
GA,GA-82,96546,74051,-0.03632465,-0.03561326,0.09065374,0.90934626,0.82187952,0.0751104,0.00090478,0.01328814,0.01442249,Black,Black,0.81745138,0.84146981,0.84928141,0.59643492,0.30463629,929.33,Suburban
GA,GA-83,101379,75877,0.08869687,0.01266301,0.22421814,0.77578186,0.69841981,0.06149426,0.00093572,0.01275749,0.01386454,Black,Black,0.51894951,0.49839397,0.42939457,0.64192888,0.31278487,185.91,Rural
GA,GA-84,99667,75552,0.03125408,-0.00443796,0.34495447,0.65504553,0.52385112,0.10048708,0.00183979,0.02250106,0.0211907,Black,Black,0.4143952,0.3518368,0.19684039,0.64936863,0.29573897,411.81,Suburban
GA,GA-85,97247,72034,0.02452518,-0.02861106,0.5497404,0.4502596,0.34379599,0.07256296,0.00149929,0.01593692,0.0234195,White,White,-0.04386054,-0.07767234,-0.1998722,0.68997978,0.26461451,247.85,Suburban
GA,GA-86,95688,69484,0.07715701,-0.04418373,0.69830465,0.30169535,0.19660641,0.06433136,0.001396,0.01925623,0.02243682,White,White,-0.28007191,-0.33470637,-0.45371301,0.78062572,0.27934883,187.49,Rural
GA,GA-87,104094,79380,0.02230676,0.03978283,0.63838498,0.36161502,0.2851222,0.03439153,0.00128496,0.02331822,0.01805241,White,White,-0.33438321,-0.30829336,-0.32733058,0.67598518,0.24508212,45.79,Rural
GA,GA-88,102658,78019,0.03482437,0.02543879,0.82341481,0.17658519,0.09184942,0.05250003,0.00098694,0.00784424,0.0238788,White,White,-0.67998167,-0.65265907,-0.63756521,0.66384424,0.15883198,36.39,Rural
GA,GA-89,100674,76767,0.0447484,0.00562085,0.67260672,0.32739328,0.21610848,0.07504527,0.00109422,0.0136517,0.02422916,White,White,-0.35179578,-0.33565799,-0.35197197,0.66443266,0.21774486,130.28,Rural
GA,GA-90,99009,77348,0.03576443,-0.01101064,0.77819724,0.22180276,0.14631277,0.04025961,0.00067229,0.0151523,0.01878523,White,White,-0.56813064,-0.52618312,-0.52085553,0.67973915,0.17495269,33.91,Rural
GA,GA-91,101077,75849,0.10249612,0.00964637,0.81457897,0.18542103,0.06460204,0.07248612,0.00109428,0.02398186,0.02301942,White,White,-0.60053641,-0.62360927,-0.67330112,0.75608977,0.23919461,62.64,Rural
GA,GA-92,100419,75140,0.03612862,0.00307368,0.60542986,0.39457014,0.09087038,0.26747405,0.00107799,0.01720788,0.02927868,White,White,-0.44457309,-0.41216538,-0.46683899,0.65590101,0.22888251,172.03,Rural
GA,GA-93,95582,73206,0.05921617,-0.04524255,0.66683059,0.33316941,0.06828675,0.2121684,0.0007513,0.03481955,0.02292162,White,White,-0.41286047,-0.43040627,-0.52395135,0.80015954,0.29069094,315.92,Suburban
GA,GA-94,98414,69529,0.04748308,-0.01695403,0.56445512,0.43554488,0.05547326,0.06794287,0.00093486,0.29740108,0.01055675,White,White,-0.17457496,-0.17926327,-0.34315024,0.83792009,0.68712298,730.13,Suburban
GA,GA-95,104939,75696,0.06889717,0.04822344,0.69769869,0.30230131,0.05112555,0.10972839,0.00104365,0.11774731,0.01951226,White,White,-0.37042412,-0.36406024,-0.51329459,0.80011334,0.52437045,452.4,Suburban
GA,GA-96,96711,73282,0.07512072,-0.0339651,0.85157337,0.14842663,0.03204061,0.07050845,0.00117355,0.01873584,0.0243989,White,White,-0.55224091,-0.57264174,-0.66552295,0.8460836,0.38875591,149.47,Rural
GA,GA-97,101656,77752,0.05548123,0.01542993,0.74475255,0.25524745,0.08624859,0.10857599,0.00131186,0.03561323,0.02178722,White,White,-0.29683144,-0.29316009,-0.41923718,0.78321362,0.42555482,632.59,Suburban
GA,GA-98,103481,77567,0.04784453,0.03365964,0.7292792,0.2707208,0.08575812,0.1299006,0.00150837,0.02828522,0.02840125,White,White,-0.33991125,-0.34987593,-0.46764587,0.76686462,0.38086358,515.56,Suburban
GA,GA-99,95838,74286,0.05231745,-0.04268539,0.76311822,0.23688178,0.11020919,0.08526506,0.00115769,0.01494225,0.02766336,White,White,-0.5031132,-0.49857782,-0.54345356,0.68267736,0.23000184,91.89,Rural
GA,GA-100,103818,79477,0.01392822,0.0370259,0.71789323,0.28210677,0.14706141,0.09357424,0.00072977,0.01650792,0.0268757,White,White,-0.42194547,-0.40846021,-0.44006095,0.63819415,0.22841666,109.44,Rural
GA,GA-101,95336,75240,0.00906268,-0.04769981,0.87667464,0.12332536,0.05937002,0.02723285,0.00079745,0.00740298,0.02611643,White,White,-0.66228297,-0.65171137,-0.64598614,0.61603544,0.14957489,30.9,Rural
GA,GA-102,101937,78802,0.00499328,0.01823681,0.88900028,0.11099972,0.03687724,0.02667445,0.00142128,0.01381945,0.02897135,White,White,-0.54469846,-0.55150298,-0.59574635,0.63463141,0.23252181,179.65,Rural
GA,GA-103,102191,81731,0.02778131,0.02077398,0.83132471,0.16867529,0.05393302,0.07290991,0.00126023,0.01586913,0.02529028,White,White,-0.62489216,-0.6092597,-0.63003203,0.69456234,0.23305225,39.76,Rural
GA,GA-104,101042,83643,0.034837,0.00929676,0.9072128,0.0927872,0.0145858,0.03324845,0.00076516,0.00938512,0.02972155,White,White,-0.6401388,-0.62603883,-0.64680498,0.72842267,0.26400356,36.11,Rural
GA,GA-105,101767,82181,0.06535517,0.0165387,0.89951449,0.10048551,0.00949124,0.0510702,0.00075443,0.0086638,0.02882661,White,White,-0.6481006,-0.65871282,-0.69005508,0.7584683,0.26734603,38.46,Rural
GA,GA-106,97517,73710,0.02199616,-0.02591406,0.80355447,0.19644553,0.0306607,0.12600733,0.0007733,0.01108398,0.0335911,White,White,-0.6659937,-0.65095632,-0.65651854,0.62248308,0.14503009,53.72,Rural
GA,GA-107,102864,76262,0.00713564,0.0274965,0.61473604,0.38526396,0.0439144,0.3088432,0.00078676,0.01587947,0.03716136,White,White,-0.44446118,-0.40728243,-0.44739786,0.59546093,0.18577075,136.74,Rural
HI,HI-1,100675,79260,0.05675689,0.03769332,0.28599546,0.71400454,0.01766339,0.0990916,0.31587181,0.46310876,0.0386702,Asian,Asian,0.31937581,0.41657512,0.42790895,0.51367439,0.28535945,55.97,Rural
HI,HI-2,99954,79451,-0.00574264,0.03026172,0.44630024,0.55369976,0.01509106,0.0820254,0.25021711,0.31584247,0.03386993,Minority,Minority,0.24663441,0.30898418,0.30244086,0.57614861,0.32718082,11.58,Rural
HI,HI-3,99794,79350,-0.00209431,0.02861254,0.39901701,0.60098299,0.01611846,0.08557026,0.20359168,0.3926276,0.02903592,Minority,Minority,0.28510681,0.37749949,0.39768257,0.54540435,0.31433216,69.16,Rural
HI,HI-4,92477,72146,-0.01465229,-0.0468064,0.28590636,0.71409364,0.0155518,0.08352507,0.30894298,0.46085715,0.02553156,Asian,Asian,0.23155042,0.31097955,0.34349208,0.53048531,0.32087669,60.88,Rural
HI,HI-5,92503,71894,-0.01865885,-0.04653841,0.3241717,0.6758283,0.01390937,0.07954767,0.27504381,0.44333324,0.02793001,Asian,Asian,0.15018077,0.23524211,0.28956852,0.5446853,0.31295233,51.59,Rural
HI,HI-6,100803,83168,-0.00660695,0.03901266,0.22642122,0.77357878,0.0142122,0.04656839,0.14238649,0.66733599,0.01792757,Asian,Asian,0.36856722,0.40082224,0.35006029,0.62470383,0.53747776,1205.87,Urban
HI,HI-7,100545,81302,-0.01738525,0.03635337,0.11865637,0.88134363,0.01827753,0.04509114,0.19572704,0.72441022,0.01428009,Asian,Asian,0.33890747,0.37451638,0.40443724,0.44849377,0.36922992,1180.82,Urban
HI,HI-8,101641,89552,-0.01696166,0.04765023,0.21954842,0.78045158,0.03203725,0.06339334,0.14200688,0.62090182,0.01968689,Asian,Asian,0.38524353,0.3876794,0.40108134,0.46212932,0.43408138,9007.44,Urban
HI,HI-9,98897,79612,-0.00916105,0.01936684,0.14538009,0.85461991,0.039793,0.06043059,0.16662061,0.68342712,0.01669346,Asian,Asian,0.27078076,0.29085177,0.34835099,0.40120893,0.32426241,2719.54,Urban
HI,HI-10,92936,74633,0.01478437,-0.04207532,0.32251149,0.67748851,0.02517653,0.0961371,0.24907213,0.47292753,0.02689159,Asian,Asian,0.28181645,0.3246081,0.28827608,0.50422736,0.4232123,819.23,Suburban
HI,HI-11,94476,77136,-0.05777129,-0.02620199,0.10323325,0.89676675,0.02613566,0.06472983,0.20148828,0.76341786,0.0174497,Asian,Asian,0.24061419,0.29531895,0.31572586,0.5133984,0.35008763,650.99,Suburban
HI,HI-12,97402,74760,-0.02238147,0.00395734,0.15814607,0.84185393,0.0402488,0.08231675,0.16792402,0.65330391,0.01781701,Asian,Asian,-0.0285061,0.05981117,0.26142361,0.31979901,0.24405079,1590.15,Urban
HI,HI-13,92421,68507,0.06978933,-0.04738361,0.17097523,0.82902477,0.05266615,0.10785759,0.26335995,0.59980732,0.02707752,Asian,Asian,-0.03771258,0.05669975,0.11431116,0.45379834,0.32433696,1037.13,Urban
HI,HI-14,98243,76640,-0.02838879,0.01262583,0.13397704,0.86602296,0.03727818,0.09038361,0.20985125,0.7009786,0.02415188,Asian,Asian,0.15227955,0.21669872,0.23216832,0.52234397,0.36469687,897.07,Suburban
HI,HI-15,92504,68494,-0.04582505,-0.0465281,0.23873624,0.76126376,0.05708529,0.13922387,0.39083715,0.38296785,0.03042602,Pacific,Pacific,-0.04736123,0.06638067,0.16442489,0.33819405,0.20570543,157.78,Rural
IA,IA-1,99266,76916,-0.00237745,-0.00434338,0.902127,0.097873,0.03974466,0.02510531,0.00672162,0.01367726,0.010882,White,White,-0.08563578,-0.0288729,-0.01226846,0.70540584,0.32030354,63.01,Rural
IA,IA-2,98537,82031,0.0195764,-0.01165539,0.82010459,0.17989541,0.03453572,0.04809158,0.01587205,0.07925053,0.01255623,White,White,0.10297621,0.17310631,0.12337419,0.62703045,0.52535756,66.45,Rural
IA,IA-3,99678,72050,0.0831678,-0.00021095,0.84477446,0.15522554,0.02821652,0.05555864,0.00133241,0.05419847,0.01188064,White,White,-0.04720382,-0.01977795,-0.09510614,0.84436606,0.5153041,65.42,Rural
IA,IA-4,101764,79044,-0.00817578,0.02071202,0.7564015,0.2435985,0.12212186,0.07199787,0.00122716,0.028326,0.02329083,White,White,0.0735722,0.15674265,0.14033322,0.59203929,0.28543151,613.54,Suburban
IA,IA-5,95283,78470,0.0061501,-0.04429362,0.76810246,0.23189754,0.07516248,0.0650822,0.0012234,0.07299605,0.01229769,White,White,0.43358568,0.49449197,0.43740964,0.69679894,0.536134,89.49,Rural
IA,IA-6,95385,72219,0.03534099,-0.04327054,0.80595134,0.19404866,0.08807931,0.04494662,0.00247857,0.04424044,0.0117836,White,White,0.19948063,0.23740953,0.17626026,0.76802719,0.48286934,117.65,Rural
IA,IA-7,97235,74310,0.00818635,-0.0247147,0.88669089,0.11330911,0.03971202,0.02554165,0.00127843,0.02762751,0.01500471,White,White,0.10524617,0.13418907,0.07731178,0.75932559,0.3869438,96.14,Rural
IA,IA-8,95250,73996,-0.01325984,-0.04462462,0.81819288,0.18180712,0.09435645,0.03573166,0.00317585,0.02842046,0.017082,White,White,0.11575398,0.16438274,0.12681953,0.64659372,0.29027882,170.7,Rural
IA,IA-9,102968,80599,0.00293295,0.03278837,0.77458777,0.22541223,0.12589486,0.04491371,0.00640206,0.03286641,0.0157198,White,White,0.10211572,0.18316702,0.15117755,0.59848827,0.30402711,504.83,Suburban
IA,IA-10,95676,73816,0.01847903,-0.04035176,0.81210036,0.18789964,0.05245475,0.05745367,0.00127344,0.0589845,0.0118538,White,White,0.14517193,0.1664185,0.08989758,0.7667852,0.4929816,779.87,Suburban
IA,IA-11,97989,77125,-0.00785802,-0.01715193,0.72409724,0.27590276,0.11954619,0.07164992,0.00145219,0.06909562,0.01524797,White,White,0.40403124,0.42470267,0.37697723,0.67365951,0.44791651,1253.41,Urban
IA,IA-12,101758,76217,0.04320053,0.02065184,0.8114069,0.1885931,0.0570214,0.06839681,0.00160069,0.04089639,0.01608565,White,White,0.01320945,0.05483871,0.01818469,0.72068414,0.36897013,643.08,Suburban
IA,IA-13,99030,73742,-0.01371302,-0.00671051,0.646443,0.353557,0.0970546,0.16659434,0.0013154,0.06913292,0.02558922,White,White,0.18319429,0.24186426,0.22746266,0.57211041,0.19978976,754.75,Suburban
IA,IA-14,97948,70755,0.0687916,-0.01756317,0.89162603,0.10837397,0.02945375,0.03336867,0.00142746,0.0252279,0.01433114,White,White,-0.11894593,-0.08494016,-0.13573216,0.85029259,0.42852199,98.77,Rural
IA,IA-15,102811,77914,0.00391009,0.03121363,0.88310188,0.11689812,0.03345997,0.03236902,0.00088559,0.02912185,0.01662089,White,White,-0.14098513,-0.07279752,-0.08095916,0.76428121,0.36617403,81.9,Rural
IA,IA-16,94738,72662,0.00560493,-0.04976007,0.95056563,0.04943437,0.011698,0.01460186,0.00276623,0.00487187,0.01153285,White,White,-0.31644531,-0.259274,-0.21006008,0.72450263,0.21016314,12.34,Rural
IA,IA-17,95142,72495,-0.01045805,-0.04570788,0.85299676,0.14700324,0.01649769,0.10047589,0.0004552,0.0111318,0.01644251,White,White,-0.21603786,-0.15388583,-0.14613021,0.67656306,0.21998647,18.48,Rural
IA,IA-18,101750,79750,-0.01103686,0.0205716,0.89360502,0.10639498,0.03774295,0.02865204,0.00114107,0.01784326,0.01620063,White,White,-0.23530093,-0.18353046,-0.16614575,0.67614957,0.25173429,16.02,Rural
IA,IA-19,96580,74500,0.00034169,-0.03128447,0.85071141,0.14928859,0.02177181,0.08680537,0.0013557,0.02115436,0.01608054,White,White,-0.20917841,-0.14636813,-0.11926057,0.67611711,0.21927796,19.75,Rural
IA,IA-20,104119,79607,-0.0072033,0.04433312,0.89127841,0.10872159,0.02757295,0.04591305,0.00438404,0.01104174,0.01773713,White,White,-0.37593813,-0.30393906,-0.26571028,0.62677869,0.18956798,13.59,Rural
IA,IA-21,102365,77021,0.02551653,0.02674017,0.93457628,0.06542372,0.00998429,0.02099427,0.00111658,0.01177601,0.01381441,White,White,-0.28832655,-0.25070306,-0.23375874,0.78970815,0.30963266,23.45,Rural
IA,IA-22,102653,78754,-0.00249384,0.02962886,0.92175636,0.07824364,0.01348503,0.03277294,0.00187927,0.00935825,0.01604998,White,White,-0.46473967,-0.43150963,-0.39730396,0.68042333,0.21085311,8.01,Rural
IA,IA-23,103997,79872,-0.00345202,0.04310943,0.87725361,0.12274639,0.02202274,0.06139824,0.00132712,0.01136819,0.02169722,White,White,-0.21850382,-0.19087153,-0.23496993,0.637391,0.22934602,29.19,Rural
IA,IA-24,101793,77976,-0.00673917,0.0210029,0.91145994,0.08854006,0.01066995,0.05408074,0.00141069,0.00729712,0.01333744,White,White,-0.40945589,-0.37435533,-0.35035174,0.70652878,0.2101705,8.04,Rural
IA,IA-25,101338,74971,0.00262488,0.01643916,0.91332649,0.08667351,0.00756292,0.0574222,0.00200077,0.00632244,0.01197796,White,White,-0.594652,-0.55115696,-0.56442011,0.75389016,0.2421958,9.77,Rural
IA,IA-26,101440,74966,0.00505718,0.01746224,0.72056666,0.27943334,0.05489155,0.15134861,0.00605608,0.03584292,0.03609636,White,White,-0.20648435,-0.13382285,-0.17508964,0.58013152,0.24271784,82.12,Rural
IA,IA-27,97549,74896,-0.00539216,-0.02156522,0.92814035,0.07185965,0.01061472,0.02507477,0.00149541,0.00708983,0.02478103,White,White,-0.32313353,-0.26179813,-0.25476204,0.74782407,0.23742782,12.53,Rural
IA,IA-28,95671,74772,-0.00210095,-0.04040191,0.94021826,0.05978174,0.01144814,0.02520997,0.00090943,0.00854598,0.01092655,White,White,-0.24589856,-0.18934438,-0.14972411,0.7253968,0.24334091,11.28,Rural
IA,IA-29,98243,76520,-0.0112578,-0.01460427,0.92222948,0.07777052,0.01655776,0.03208312,0.00211709,0.0125196,0.01144799,White,White,-0.221684,-0.17250568,-0.14682839,0.69630595,0.21361748,13.01,Rural
IA,IA-30,104402,81185,-0.00608226,0.04717166,0.90511794,0.09488206,0.0268153,0.03946542,0.0016875,0.01049455,0.01489191,White,White,-0.29912035,-0.23858135,-0.20934427,0.66489242,0.22380114,13.43,Rural
IA,IA-31,104250,80778,-0.01120384,0.04564707,0.90900988,0.09099012,0.01143876,0.05760232,0.00128748,0.00654881,0.01199584,White,White,-0.43495927,-0.38495645,-0.36779995,0.70336594,0.19930229,7.13,Rural
IA,IA-32,103761,80174,-0.00126252,0.04074231,0.87196597,0.12803403,0.01171203,0.07576022,0.00608676,0.02174022,0.01065183,White,White,-0.46614495,-0.41554721,-0.4267611,0.7068515,0.23782552,9.82,Rural
ID,ID-1,101061,80898,0.06493108,-0.0108792,0.90682094,0.09317906,0.00453658,0.03002546,0.00232391,0.0099508,0.0337462,White,White,-0.55116776,-0.47128978,-0.44746653,0.71714181,0.22536833,4.6,Rural
ID,ID-2,97991,73502,0.10610158,-0.04092641,0.88728198,0.11271802,0.00567332,0.04541373,0.00395908,0.01748252,0.03180866,White,White,-0.5645283,-0.48016171,-0.48557831,0.68836277,0.2645616,246.62,Suburban
ID,ID-3,102426,82036,0.01726124,0.00248055,0.86855771,0.13144229,0.00909357,0.04276171,0.00386416,0.02457458,0.04123799,White,White,-0.26398578,-0.17590321,-0.16568912,0.63566441,0.32936065,15.49,Rural
ID,ID-4,102429,79420,0.03943219,0.00250992,0.84905565,0.15094435,0.00580458,0.06732561,0.00246789,0.01303198,0.05674893,White,White,-0.53887549,-0.4953157,-0.48812671,0.63622865,0.22339019,3.48,Rural
ID,ID-5,104743,81947,0.04437528,0.02515788,0.82389837,0.17610163,0.01355754,0.10416489,0.00374632,0.01942719,0.03021465,White,White,-0.30184546,-0.25356167,-0.28745629,0.66046585,0.29635669,1.81,Rural
ID,ID-6,97700,68560,0.02864893,-0.04377453,0.82441657,0.17558343,0.00894107,0.12521879,0.00274212,0.01617561,0.02416861,White,White,-0.37298494,-0.35435864,-0.34448199,0.63409962,0.31754104,25.57,Rural
ID,ID-7,100556,74713,0.04666057,-0.01582182,0.8470815,0.1529185,0.01298302,0.09769384,0.00617028,0.0199296,0.01682438,White,White,-0.68763303,-0.68255726,-0.56867021,0.55262149,0.29771495,5.23,Rural
ID,ID-8,99285,69176,0.05680616,-0.02826156,0.80908118,0.19091882,0.00536313,0.12099572,0.00234185,0.0136319,0.05160749,White,White,-0.55708082,-0.54783445,-0.47966796,0.65666472,0.26349309,6.76,Rural
ID,ID-9,101212,74039,0.03258507,-0.00940131,0.84013831,0.15986169,0.01243939,0.07635165,0.00518646,0.0207053,0.04696174,White,White,-0.3307676,-0.299392,-0.26610644,0.62183544,0.27879587,22.01,Rural
ID,ID-10,103672,72996,0.03262212,0.01467561,0.67535207,0.32464793,0.0043427,0.28631706,0.00252069,0.00838402,0.03037153,White,White,-0.61331098,-0.58042568,-0.5332797,0.57287895,0.16311134,4.74,Rural
ID,ID-11,101959,74194,0.04195804,-0.00209015,0.7778257,0.2221743,0.01148341,0.15400167,0.00349085,0.02024422,0.03198372,White,White,-0.5098859,-0.47302573,-0.4750577,0.57375783,0.22423537,4.1,Rural
ID,ID-12,98702,71757,0.07884339,-0.03396759,0.78347757,0.21652243,0.00723274,0.15411737,0.00523991,0.01654194,0.03134189,White,White,-0.55921628,-0.50802568,-0.51239714,0.66771043,0.24590851,75.48,Rural
ID,ID-13,101414,73345,0.05098902,-0.00742426,0.64146159,0.35853841,0.01387961,0.28668621,0.00514009,0.01915604,0.04013907,White,White,-0.32950791,-0.24917145,-0.28258041,0.47703048,0.17621084,1028.85,Urban
ID,ID-14,105059,73708,0.14132059,0.02825068,0.81312748,0.18687252,0.01131492,0.11198242,0.00506051,0.02988821,0.02656428,White,White,-0.43184318,-0.35330727,-0.38651844,0.718448,0.37278115,417.13,Suburban
ID,ID-15,104661,76236,0.07615062,0.02435531,0.8200063,0.1799937,0.01862637,0.09082323,0.00562726,0.03405215,0.02804449,White,White,-0.34475178,-0.30928217,-0.34998821,0.68443058,0.33461678,61.85,Rural
ID,ID-16,103518,79432,0.03638981,0.01316835,0.80962333,0.19037667,0.02132642,0.08540639,0.00530013,0.04825511,0.02716789,White,White,-0.11428296,-0.09814832,-0.18901773,0.63489732,0.38578032,1291.68,Urban
ID,ID-17,106362,83626,0.03708091,0.04100362,0.85587018,0.14412982,0.01495946,0.06572119,0.0039581,0.02915361,0.02426279,White,White,0.02218273,0.10333107,0.06383286,0.75037724,0.50110281,261.95,Suburban
ID,ID-18,106356,86815,0.00161721,0.04094489,0.80745263,0.19254737,0.02493809,0.07792432,0.00555204,0.05504809,0.02377469,White,White,0.27502351,0.30353269,0.19848599,0.61376889,0.4850267,260.27,Suburban
IL,IL-1,100420,77882,0.00281816,0.00321967,0.74439537,0.25560463,0.08912201,0.11491744,0.00095016,0.03167613,0.02207185,White,White,0.01959218,0.05725757,0.0315367,0.62831029,0.3406542,61.41,Rural
IL,IL-2,103998,80964,-0.02066386,0.03896474,0.76175831,0.23824169,0.17878316,0.02107109,0.00086458,0.01709402,0.01835384,White,White,-0.18794085,-0.17701014,-0.17734082,0.58731142,0.23875573,69.16,Rural
IL,IL-3,99563,76849,0.00338479,-0.00534197,0.89523611,0.10476389,0.03699463,0.01834767,0.00079376,0.02576481,0.01729365,White,White,-0.21381195,-0.21889812,-0.2701194,0.75592841,0.40445837,47.1,Rural
IL,IL-4,96780,76339,-0.01790659,-0.0331448,0.70523586,0.29476414,0.21953392,0.0268801,0.00107416,0.02619893,0.02043516,White,White,0.17427356,0.18124564,0.12597411,0.57840512,0.28597753,717.96,Suburban
IL,IL-5,104637,87507,-0.00958552,0.0453485,0.58787297,0.41212703,0.13014959,0.085696,0.00118848,0.18232827,0.0173129,White,White,0.20862571,0.19565218,0.19511595,0.54850365,0.38448967,56.69,Rural
IL,IL-6,101228,78911,0.03831944,0.01129178,0.68203419,0.31796581,0.14414974,0.05665877,0.00163475,0.09767966,0.01644891,White,White,0.26072211,0.25701294,0.17147364,0.64979844,0.51196434,137.87,Rural
IL,IL-7,100161,80540,0.01611406,0.00063219,0.74980134,0.25019866,0.11385647,0.05555004,0.00111746,0.06543333,0.01504842,White,White,0.19827398,0.19271459,0.12148237,0.64305717,0.51930788,484.78,Suburban
IL,IL-8,101059,76436,-0.00815365,0.00960343,0.86662044,0.13337956,0.04627401,0.03907844,0.00115129,0.02585169,0.01839447,White,White,-0.22494644,-0.22670991,-0.26933843,0.7493551,0.37782122,28.5,Rural
IL,IL-9,101077,78722,-0.01227777,0.00978325,0.92214375,0.07785625,0.01787302,0.01982927,0.00118137,0.0104164,0.02186174,White,White,-0.22913829,-0.21616816,-0.23216005,0.64873276,0.24743972,102.53,Rural
IL,IL-10,97826,75692,-0.01339112,-0.02269501,0.75696243,0.24303757,0.11885008,0.03441579,0.00099086,0.0710511,0.01511388,White,White,0.03987191,0.0318655,-0.04525769,0.68311863,0.447016,174.51,Rural
IL,IL-11,99366,76446,-0.01016444,-0.00731004,0.68423462,0.31576538,0.22461607,0.05789708,0.00085027,0.01370902,0.01943856,White,White,0.0349607,0.08367966,0.11114777,0.52338675,0.19470909,81.03,Rural
IL,IL-12,95452,76828,-0.01773666,-0.04641183,0.85669287,0.14330713,0.06819128,0.03829333,0.0030718,0.01563232,0.01870412,White,White,-0.17758163,-0.14143827,-0.09760171,0.59730114,0.22791267,17.55,Rural
IL,IL-13,100861,78742,-0.00907189,0.00762536,0.73208707,0.26791293,0.11180818,0.10862056,0.00104138,0.02912042,0.02160219,White,White,0.11478029,0.1370745,0.09495097,0.61536361,0.24783941,137.01,Rural
IL,IL-14,99502,77575,-0.01752729,-0.00595137,0.78391234,0.21608766,0.06112794,0.11716403,0.00052852,0.01696423,0.01925878,White,White,-0.06626226,-0.01353275,-0.01306998,0.61222028,0.20653703,46.43,Rural
IL,IL-15,101635,80259,-0.0068382,0.01535781,0.85768574,0.14231426,0.03937253,0.07237818,0.00082234,0.0080614,0.01963643,White,White,-0.27286747,-0.24460971,-0.24132663,0.63885406,0.2109817,20.34,Rural
IL,IL-16,102879,80835,-0.00707627,0.02778566,0.87594483,0.12405517,0.05307107,0.03974763,0.00077937,0.00983485,0.01628008,White,White,-0.20135781,-0.17777287,-0.18055527,0.66694492,0.24568251,27.08,Rural
IL,IL-17,100791,76751,-0.01200504,0.00692604,0.79421766,0.20578234,0.02799964,0.13159438,0.00099022,0.02125054,0.02235801,White,White,-0.15157101,-0.14283715,-0.16463897,0.68088252,0.25006305,115.65,Rural
IL,IL-18,102124,79210,0.00185069,0.02024303,0.67651812,0.32348188,0.12239616,0.1312713,0.00090898,0.05095316,0.02171443,White,White,0.08937803,0.09982819,0.03578609,0.57957241,0.27667309,959.88,Suburban
IL,IL-19,99669,76285,-0.01578224,-0.004283,0.55628236,0.44371764,0.23549846,0.16561578,0.00103559,0.02482795,0.02497214,White,White,0.14638666,0.17501773,0.17899672,0.50711164,0.18252831,336.02,Suburban
IL,IL-20,99966,78917,-0.0046916,-0.0013159,0.84188451,0.15811549,0.02835891,0.09489717,0.00055755,0.01146774,0.01971692,White,White,-0.14241351,-0.09738229,-0.09563817,0.63398084,0.18970797,43.22,Rural
IL,IL-21,101106,77751,-0.00200779,0.01007297,0.87803372,0.12196628,0.01723451,0.07051999,0.00097748,0.010778,0.01839205,White,White,-0.30327706,-0.27425956,-0.25713858,0.65428242,0.22829559,23.11,Rural
IL,IL-22,100655,78632,-0.01837961,0.00556737,0.90418659,0.09581341,0.0214798,0.04594821,0.00127175,0.00816461,0.0157951,White,White,-0.28688782,-0.25573229,-0.23466059,0.66523729,0.22973356,14.2,Rural
IL,IL-23,98792,77208,-0.01220747,-0.01304444,0.90494508,0.09505492,0.04736556,0.01751114,0.00120454,0.00803026,0.01708372,White,White,-0.50854816,-0.49593576,-0.48973565,0.63863804,0.23643149,13.66,Rural
IL,IL-24,104958,80985,-0.00685989,0.04855536,0.92372662,0.07627338,0.02009014,0.02716552,0.00086436,0.00793974,0.01725011,White,White,-0.43371574,-0.4181941,-0.4057028,0.67058868,0.24618239,14.84,Rural
IL,IL-25,101265,78324,-0.02399644,0.01166142,0.82177877,0.17822123,0.1001098,0.04666513,0.00053623,0.00955007,0.01917675,White,White,-0.42209045,-0.40280214,-0.37161885,0.57098663,0.1617567,19.4,Rural
IL,IL-26,101596,81712,-0.00990196,0.01496819,0.77549197,0.22450803,0.12884276,0.04070394,0.00121157,0.02926131,0.02290973,White,White,-0.19711012,-0.19588246,-0.16304437,0.56944285,0.24709675,20.94,Rural
IL,IL-27,104957,82227,-0.00722201,0.04854537,0.90403395,0.09596605,0.0325927,0.01871648,0.0006324,0.01109125,0.02472424,White,White,-0.42698329,-0.41044034,-0.42279928,0.62995546,0.23731901,48.88,Rural
IL,IL-28,101652,79987,-0.01502184,0.01552764,0.91048545,0.08951455,0.04006901,0.01765287,0.00126271,0.00592596,0.02085339,White,White,-0.5754717,-0.56573358,-0.5665535,0.62900833,0.16593571,11.3,Rural
IL,IL-29,96330,75034,-0.01520814,-0.03764041,0.88306634,0.11693366,0.05792041,0.02064397,0.00111949,0.01096836,0.02180345,White,White,-0.52064545,-0.49540242,-0.46527555,0.59059603,0.16833144,19.99,Rural
IL,IL-30,100403,78665,-0.01496967,0.00304983,0.92202377,0.07797623,0.03025488,0.01685629,0.00095341,0.00933071,0.01693256,White,White,-0.58851085,-0.57363492,-0.56105024,0.64329878,0.17399924,13.23,Rural
IL,IL-31,98924,77963,-0.00601472,-0.01172573,0.90323615,0.09676385,0.0275387,0.03399048,0.00121853,0.01185178,0.01768788,White,White,-0.39662895,-0.38419459,-0.37178452,0.60013505,0.23642779,18.64,Rural
IL,IL-32,104216,81259,-0.0097106,0.04114261,0.94233254,0.05766746,0.00890978,0.02087153,0.00054148,0.00669464,0.01524754,White,White,-0.54687294,-0.53134417,-0.51662993,0.6644562,0.20751056,17.63,Rural
IL,IL-33,98601,77447,-0.01212969,-0.01495258,0.9002931,0.0997069,0.03024004,0.03883946,0.00122665,0.0080313,0.01935517,White,White,-0.40030416,-0.38039122,-0.36274614,0.6392207,0.22402313,14.18,Rural
IL,IL-34,95673,75884,-0.00453629,-0.04420399,0.89941226,0.10058774,0.04277582,0.02655369,0.00110695,0.00815719,0.01640662,White,White,-0.49140437,-0.47526715,-0.45279358,0.64042763,0.21465378,17.42,Rural
IL,IL-35,102520,80555,-0.0123293,0.02419917,0.90680901,0.09319099,0.03755198,0.02047049,0.00096828,0.0069766,0.020036,White,White,-0.4189403,-0.42118687,-0.41641853,0.71429841,0.26836224,29.7,Rural
IL,IL-36,102164,76817,-0.01417329,0.02064264,0.44861164,0.55138836,0.45978104,0.05329549,0.0013799,0.02147962,0.02076363,Black,Black,0.27190421,0.31638879,0.32914128,0.60145662,0.28256116,313.47,Suburban
IL,IL-37,103475,79850,-0.01206088,0.03373984,0.64345648,0.35654352,0.26946775,0.0358923,0.00251722,0.02963056,0.02071384,White,White,0.15749808,0.1232807,0.02169795,0.61633382,0.33061311,473.54,Suburban
IL,IL-38,99013,77019,-0.00285821,-0.0108366,0.89541542,0.10458458,0.03558862,0.02487698,0.00122048,0.01360703,0.02241005,White,White,-0.27786191,-0.28550951,-0.30740652,0.72607563,0.32803032,60.14,Rural
IL,IL-39,101846,80345,-0.00311254,0.01746575,0.76295974,0.23704026,0.13580185,0.05302135,0.00146867,0.02087249,0.02240339,White,White,0.03342274,0.03145574,-0.00401314,0.59373578,0.31028468,396.1,Suburban
IL,IL-40,96330,76173,-0.00912488,-0.03764041,0.84104604,0.15895396,0.09751487,0.02025652,0.0008927,0.01047615,0.02472005,White,White,-0.16757347,-0.16380858,-0.17196918,0.62201378,0.22715011,185.47,Rural
IL,IL-41,103801,82483,-0.01049123,0.03699666,0.92416619,0.07583381,0.02899992,0.01445146,0.00113963,0.00697113,0.0194828,White,White,-0.45204229,-0.43141271,-0.40458121,0.64386899,0.20834642,14.82,Rural
IL,IL-42,97856,75981,-0.01777101,-0.0223953,0.55908714,0.44091286,0.30036456,0.11433121,0.00076335,0.01019992,0.02025506,White,White,0.0465388,0.09507946,0.10451564,0.57228026,0.20937881,78.88,Rural
IL,IL-43,98995,76863,0.01291984,-0.01101642,0.86243056,0.13756944,0.0403315,0.05853271,0.00083265,0.01349154,0.01899483,White,White,-0.33559409,-0.30408247,-0.28879677,0.65716685,0.23478759,56.12,Rural
IL,IL-44,103821,78133,0.00692538,0.03719646,0.88588689,0.11411311,0.01722704,0.06222723,0.00028157,0.02009394,0.01122445,White,White,-0.24131873,-0.19812014,-0.21569407,0.76495158,0.43400438,484.69,Suburban
IL,IL-45,104737,79450,0.00175678,0.04634752,0.39000629,0.60999371,0.23005664,0.35914412,0.00089364,0.01441158,0.02565135,Minority,Minority,0.23010686,0.3531457,0.36544711,0.46625652,0.1550799,841.37,Suburban
IL,IL-46,103023,76983,0.00495035,0.02922425,0.622592,0.377408,0.10569866,0.19813465,0.00098723,0.05961056,0.0207968,White,White,0.06556977,0.13202766,0.09607608,0.66722304,0.34012615,1007.06,Urban
IL,IL-47,96229,73432,0.01992123,-0.03864942,0.49806624,0.50193376,0.15047936,0.24625504,0.00096688,0.09356956,0.02411755,Minority,White,0.20449564,0.28976862,0.27306853,0.60792965,0.32212768,767.72,Suburban
IL,IL-48,98760,71074,0.00623734,-0.01336413,0.58016996,0.41983004,0.08567127,0.08228044,0.00122408,0.24149478,0.00976447,White,White,0.17009511,0.24076734,0.16980191,0.7580714,0.65339951,961.31,Suburban
IL,IL-49,104379,81318,-0.0141791,0.04277102,0.42245259,0.57754741,0.49259697,0.05567033,0.00051649,0.02393074,0.0122851,Black,Black,0.39826555,0.43700554,0.43581892,0.6771461,0.39713883,690.54,Suburban
IL,IL-50,98215,74673,-0.02166675,-0.01880881,0.26921377,0.73078623,0.5394721,0.1764761,0.00172753,0.01284266,0.01846718,Black,Black,0.597771,0.62428492,0.60483557,0.59894199,0.30780837,752.44,Suburban
IL,IL-51,102633,77943,-0.03155905,0.02532806,0.17561551,0.82438449,0.45821947,0.36022478,0.00134714,0.00678701,0.02734049,Black,Black,0.56180353,0.65918398,0.66156313,0.51597399,0.17743603,1323.89,Urban
IL,IL-52,101083,77795,-0.02379233,0.00984319,0.12034192,0.87965808,0.76704158,0.10319429,0.00106691,0.00934507,0.01290571,Black,Black,0.73289133,0.79339364,0.79807712,0.56162527,0.21947765,1149.44,Urban
IL,IL-53,102374,79155,-0.02049348,0.02274059,0.46392521,0.53607479,0.34189881,0.15761481,0.00077064,0.02839997,0.01828059,Minority,Minority,0.27672474,0.35678457,0.36714019,0.56473374,0.25993658,1127.55,Urban
IL,IL-54,98246,78535,-0.01782261,-0.01849911,0.82265232,0.17734768,0.03970204,0.07184058,0.00068759,0.054307,0.00874769,White,White,-0.08429029,-0.02898551,-0.0634091,0.70208104,0.41613092,1063.47,Urban
IL,IL-55,97886,74461,-0.02565229,-0.0220956,0.18083292,0.81916708,0.63813271,0.17171405,0.00112811,0.00799076,0.01634413,Black,Black,0.59447403,0.71448587,0.75024513,0.52709157,0.20506959,1719.4,Urban
IL,IL-56,97817,76078,0.00388481,-0.02278492,0.39650096,0.60349904,0.52606535,0.06484135,0.00101212,0.00942454,0.01217172,Black,Black,0.38197711,0.4624486,0.50655477,0.67905415,0.38838389,2786.56,Urban
IL,IL-57,96382,76240,-0.06674483,-0.03712091,0.01024397,0.98975603,0.97005509,0.01937303,0.00099685,0.00360703,0.00905037,Black,Black,0.83988405,0.92071605,0.94457275,0.50540785,0.2614826,3204.87,Urban
IL,IL-58,100225,79373,-0.03556997,0.00127157,0.01647916,0.98352084,0.91310647,0.07048997,0.00086931,0.00540486,0.01369483,Black,Black,0.83046848,0.91005862,0.93557454,0.46749568,0.25678384,3932.38,Urban
IL,IL-59,96754,74327,-0.01687786,-0.03340454,0.01810917,0.98189083,0.84802293,0.13374682,0.00098215,0.00460129,0.01652159,Black,Black,0.79245402,0.89921923,0.93293024,0.47552216,0.15983049,3871.35,Urban
IL,IL-60,96778,70197,-0.04815144,-0.03316478,0.01924584,0.98075416,0.81164437,0.16798439,0.00139607,0.00774962,0.01779278,Black,Black,0.76121524,0.88882203,0.94010424,0.36378619,0.1530033,3578.58,Urban
IL,IL-61,98605,80496,0.00844785,-0.01491262,0.19668058,0.80331942,0.66572252,0.04874776,0.00157772,0.09128404,0.01244782,Black,Black,0.84143627,0.90350124,0.90921006,0.50696739,0.50684066,5580.46,Urban
IL,IL-62,100506,89867,0.03256522,0.00407883,0.4424761,0.5575239,0.25645676,0.07581203,0.00147996,0.21502888,0.01073809,Minority,Minority,0.69450874,0.7103581,0.70350648,0.52366215,0.73577079,6344.01,Urban
IL,IL-63,100897,79950,0.03599711,0.00798501,0.23500938,0.76499062,0.55574734,0.12546592,0.00130081,0.08427767,0.01302064,Black,Black,0.65925027,0.78091273,0.84848726,0.42548657,0.38314125,4199.7,Urban
IL,IL-64,99755,74111,0.00562378,-0.00342384,0.0208606,0.9791394,0.74733845,0.23684743,0.00132234,0.00491155,0.01798653,Black,Black,0.72880243,0.87578464,0.93962956,0.37574019,0.12362436,5190.54,Urban
IL,IL-65,98846,76394,-0.02756814,-0.01250497,0.34984423,0.65015577,0.51307694,0.09636882,0.00107338,0.04064455,0.01345655,Black,Black,0.80107844,0.83634294,0.82632556,0.62353257,0.45148348,4682.4,Urban
IL,IL-66,96783,76892,-0.00309972,-0.03311483,0.27186183,0.72813817,0.4913255,0.19567705,0.00127451,0.03996515,0.01936482,Black,Black,0.63838865,0.70063305,0.70912914,0.613711,0.32809625,1940.59,Urban
IL,IL-67,98397,80519,-0.01287641,-0.01699058,0.25425055,0.74574945,0.04434978,0.38946087,0.0014034,0.31155379,0.03827668,Hispanic,Hispanic,0.32029896,0.51598106,0.56450993,0.45176193,0.35448377,4612.53,Urban
IL,IL-68,101713,72691,-0.07295036,0.01613704,0.04559024,0.95440976,0.09054766,0.84860574,0.00188469,0.01825535,0.05973229,Hispanic,Hispanic,0.41215715,0.72999707,0.83124604,0.33877449,0.11045692,7093.71,Urban
IL,IL-69,98030,70923,-0.04845455,-0.020657,0.04623324,0.95376676,0.02845339,0.8738632,0.00112798,0.0558634,0.06370289,Hispanic,Hispanic,0.3765324,0.70883909,0.81272625,0.30021594,0.13118547,6187.04,Urban
IL,IL-70,95506,70458,-0.03269952,-0.04587236,0.13664878,0.86335122,0.06815408,0.77400721,0.00095092,0.02265179,0.05922677,Hispanic,Hispanic,0.33162683,0.58477589,0.65789113,0.46918074,0.15732972,4014.53,Urban
IL,IL-71,103938,77355,-0.04052416,0.03836532,0.18223774,0.81776226,0.07628466,0.7197337,0.00130567,0.02270054,0.05468296,Hispanic,Hispanic,0.39704433,0.59345072,0.64429274,0.45470209,0.18805998,6341.17,Urban
IL,IL-72,102400,77454,0.00707031,0.02300034,0.313967,0.686033,0.03859065,0.63333075,0.00112325,0.01398249,0.05248276,Hispanic,Hispanic,0.06551784,0.26382008,0.32975072,0.5574431,0.19348384,2941.23,Urban
IL,IL-73,97871,75859,-0.02629993,-0.02224545,0.64691072,0.35308928,0.06340711,0.24706363,0.00093595,0.03377318,0.02268683,White,White,0.00209216,0.12707237,0.1413868,0.58088842,0.24295428,2130.81,Urban
IL,IL-74,100038,80120,-0.02588017,-0.0005966,0.7931977,0.2068023,0.05183475,0.10914878,0.00072391,0.03352471,0.01139541,White,White,-0.11010009,-0.03032677,-0.03607052,0.62287463,0.30457188,805.42,Suburban
IL,IL-75,97915,74733,-0.02895368,-0.02180588,0.65443646,0.34556354,0.05664164,0.25053189,0.00082962,0.02824723,0.02231946,White,White,0.32045387,0.34735618,0.29888783,0.70853885,0.43072266,1618.18,Urban
IL,IL-76,97360,75121,-0.03691454,-0.02735046,0.37860252,0.62139748,0.05395296,0.53170219,0.0007854,0.03655436,0.03245431,Hispanic,Hispanic,0.09446731,0.26145586,0.34495595,0.51174664,0.17002266,1785,Urban
IL,IL-77,95258,74317,-0.03929329,-0.04834994,0.35963508,0.64036492,0.07559509,0.5290445,0.00169544,0.04139026,0.0400985,Hispanic,Hispanic,0.2398759,0.38198649,0.461945,0.52916271,0.24466875,5762.01,Urban
IL,IL-78,102972,81953,-0.01682011,0.02871475,0.36979732,0.63020268,0.04334192,0.52639928,0.00211097,0.06101058,0.04101131,Hispanic,Hispanic,0.5019528,0.60648654,0.63411283,0.54052505,0.33967974,7130.78,Urban
IL,IL-79,100064,80770,-0.00990366,-0.00033686,0.69281912,0.30718088,0.02289216,0.19497338,0.00132475,0.08615823,0.01629318,White,White,-0.07970891,0.00364679,0.08637664,0.60905197,0.33978392,1777.49,Urban
IL,IL-80,100863,79474,-0.048551,0.00764534,0.28918892,0.71081108,0.05964215,0.62230415,0.00239072,0.03534489,0.04402698,Hispanic,Hispanic,0.62537583,0.74150872,0.79885041,0.51146867,0.37114629,8457.07,Urban
IL,IL-81,97773,91712,0.01396091,-0.02322449,0.69947226,0.30052774,0.05843292,0.06864969,0.00119941,0.1603825,0.00865754,White,White,0.51182674,0.55236182,0.53696622,0.53288297,0.8681637,16195.27,Urban
IL,IL-82,98624,83324,-0.0140331,-0.0147228,0.54362489,0.45637511,0.08194518,0.3143152,0.00201623,0.0616389,0.02395468,White,White,0.70785599,0.7511474,0.76126011,0.57038102,0.64179753,8871.25,Urban
IL,IL-83,96701,84729,-0.01694915,-0.03393403,0.75788691,0.24211309,0.08815164,0.06271761,0.0009914,0.08027948,0.00794297,White,White,0.58821554,0.64130135,0.6060748,0.60750845,0.83336638,8599.32,Urban
IL,IL-84,100268,91045,-0.01066143,0.00170115,0.73717392,0.26282608,0.06891098,0.08993355,0.00136196,0.09330551,0.01178538,White,White,0.74183652,0.7488265,0.70631628,0.64044984,0.80864476,11669.92,Urban
IL,IL-85,99658,80194,0.0187441,-0.00439289,0.73675088,0.26324912,0.03816994,0.12959822,0.00138414,0.08493154,0.015051,White,White,0.72791578,0.73504139,0.69704821,0.70101504,0.7916812,7073.42,Urban
IL,IL-86,96911,86449,0.00159941,-0.03183608,0.53203623,0.46796377,0.18181818,0.13382457,0.00173513,0.14045275,0.01916737,White,White,0.76491244,0.77564977,0.76547759,0.56668878,0.56024162,13402.23,Urban
IL,IL-87,97176,76369,0.01140199,-0.02918866,0.45384907,0.54615093,0.10842096,0.1928924,0.00153204,0.2364572,0.01986408,Minority,White,0.49603808,0.58678691,0.6468757,0.5671333,0.49294466,7695.7,Urban
IL,IL-88,101404,80349,-0.01068991,0.01305006,0.41018557,0.58981443,0.05782275,0.34622708,0.00176729,0.18047518,0.03121383,Minority,White,0.48656781,0.55806873,0.59625176,0.56572147,0.47079538,5688.28,Urban
IL,IL-89,99378,78981,0.03359899,-0.00719016,0.68722857,0.31277143,0.02499335,0.19659159,0.00158266,0.08243755,0.02065054,White,White,0.21316781,0.251013,0.26815775,0.66200163,0.48418601,3633.37,Urban
IL,IL-90,104448,81327,-0.01083793,0.04346034,0.77300282,0.22699718,0.05779139,0.10543854,0.00090991,0.05358614,0.01157057,White,White,-0.04363221,0.00831354,0.00357112,0.70524822,0.44054511,648.93,Suburban
IL,IL-91,101764,79655,-0.012018,0.01664655,0.73778168,0.26221832,0.044291,0.07305254,0.00148139,0.13332496,0.01039483,White,White,0.09138528,0.12160644,0.08063946,0.76960524,0.59196198,1566.5,Urban
IL,IL-92,100906,78825,-0.00138743,0.00807492,0.68634317,0.31365683,0.06473834,0.08261338,0.0012052,0.15237552,0.01080875,White,White,0.23577695,0.26303063,0.20390971,0.72779646,0.61527219,1389.7,Urban
IL,IL-93,102361,81449,0.00201249,0.02261072,0.75827819,0.24172181,0.05168879,0.06655699,0.00089627,0.11009343,0.01111125,White,White,0.19280913,0.22201556,0.16008045,0.73586571,0.57659839,1191.82,Urban
IL,IL-94,104178,80834,-0.00890783,0.04076298,0.74988248,0.25011752,0.0391172,0.10888982,0.00070515,0.08830443,0.01380607,White,White,0.15323261,0.18805294,0.13652591,0.74894737,0.51557089,1503.36,Urban
IL,IL-95,100387,76040,-0.00529949,0.00288999,0.75758811,0.24241189,0.0466202,0.08278538,0.00110468,0.09763282,0.0121778,White,White,0.1561065,0.17938394,0.11701319,0.76101905,0.60390541,1282.77,Urban
IL,IL-96,104765,78999,0.00611846,0.04662725,0.56471601,0.43528399,0.0962797,0.10112786,0.0012785,0.22625603,0.01231661,White,White,0.28081711,0.32570923,0.26866307,0.69861303,0.62178195,1159.26,Urban
IL,IL-97,101399,78011,0.00460557,0.01300011,0.58867339,0.41132661,0.0332389,0.22417351,0.00099986,0.1413775,0.02104831,White,White,0.03865659,0.11962392,0.1090431,0.69162701,0.40779067,609.07,Suburban
IL,IL-98,96739,75289,-0.0269488,-0.0335544,0.55410485,0.44589515,0.05470919,0.15285101,0.00175324,0.23000704,0.01767855,White,White,0.14547555,0.24841206,0.2635423,0.64605989,0.42025879,2041.38,Urban
IL,IL-99,101838,80353,-0.00520434,0.01738582,0.584023,0.415977,0.0536881,0.18026707,0.00169253,0.17180441,0.01823205,White,White,0.01376147,0.12013308,0.13864349,0.61412691,0.36077984,1400.28,Urban
IL,IL-100,98388,76653,-0.00877139,-0.0170805,0.56433538,0.43566462,0.03334507,0.31034663,0.00121326,0.08350619,0.02498271,White,White,-0.01793664,0.0807756,0.11016144,0.60297928,0.29726118,946.02,Suburban
IL,IL-101,95708,76643,-0.02021775,-0.04385433,0.64435108,0.35564892,0.03428885,0.13602025,0.00080895,0.17790274,0.01476978,White,White,0.08189503,0.15197583,0.15613998,0.64820523,0.44150615,1106.26,Urban
IL,IL-102,96116,76493,-0.02418952,-0.03977832,0.59168813,0.40831187,0.03727138,0.19716837,0.00095434,0.16685187,0.02025022,White,White,0.1051582,0.20240273,0.24331797,0.6315595,0.38780463,1912.51,Urban
IL,IL-103,96045,76641,-0.02267687,-0.04048762,0.69153586,0.30846414,0.01983273,0.07849584,0.00076982,0.20245039,0.00914654,White,White,0.03529281,0.1230301,0.17242689,0.68234058,0.49979196,2153.97,Urban
IL,IL-104,97675,77050,-0.023742,-0.02420354,0.53884491,0.46115509,0.06687865,0.08767034,0.00177807,0.30118105,0.01082414,White,White,0.23933079,0.36699311,0.44010064,0.6646048,0.53222597,2215.22,Urban
IL,IL-105,95926,76928,-0.02206909,-0.04167646,0.45515287,0.54484713,0.27936512,0.17174501,0.00218386,0.08674345,0.02530938,Minority,White,0.68796172,0.75222792,0.75308758,0.62558933,0.53988909,6229.58,Urban
IL,IL-106,96035,73973,-0.0156922,-0.04058753,0.76750977,0.23249023,0.03927109,0.04820678,0.00128425,0.13153448,0.00694848,White,White,0.58981728,0.59293043,0.5552627,0.7711971,0.83082375,1860.04,Urban
IL,IL-107,97300,75513,-0.01862282,-0.02794988,0.73317177,0.26682823,0.01622237,0.05483824,0.00090051,0.18574285,0.00727027,White,White,0.29023373,0.31197969,0.2970516,0.7650278,0.68403725,1065.77,Urban
IL,IL-108,98777,77316,-0.03792381,-0.01319429,0.75761809,0.24238191,0.01660717,0.10323866,0.00082777,0.11305551,0.01033421,White,White,0.1713066,0.19590938,0.16663443,0.75057326,0.54804581,1621.52,Urban
IL,IL-109,104258,82452,-0.01842544,0.0415622,0.71715665,0.28284335,0.02371077,0.07634745,0.00070344,0.17160287,0.0096541,White,White,0.14061872,0.15882363,0.08999767,0.77135894,0.58079916,591.48,Suburban
IL,IL-110,101296,79528,-0.00529142,0.01197111,0.56025551,0.43974449,0.03284378,0.22960467,0.00110653,0.16902223,0.01947742,White,White,0.22386262,0.27592289,0.29053109,0.58001722,0.46576622,2024.24,Urban
IL,IL-111,100737,76155,0.00074451,0.00638657,0.72527083,0.27472917,0.01724115,0.06323945,0.0010111,0.18319217,0.00883724,White,White,0.18939364,0.20807106,0.16561009,0.7493827,0.68512763,591.29,Suburban
IL,IL-112,104066,77481,0.02211097,0.03964407,0.70725726,0.29274274,0.08436907,0.16569223,0.00107123,0.02592894,0.02077929,White,White,-0.07140876,-0.02692783,-0.05617467,0.70053885,0.31288621,125.6,Rural
IL,IL-113,99830,72676,0.02376039,-0.00267457,0.52848258,0.47151742,0.09060763,0.32669657,0.00094942,0.04476031,0.02992735,White,White,0.1658356,0.20890071,0.15919246,0.5998731,0.30796267,740.75,Suburban
IL,IL-114,97790,72900,-0.00221904,-0.02305466,0.37297668,0.62702332,0.1058299,0.47807956,0.00135802,0.03750343,0.03528121,Hispanic,Hispanic,0.2668006,0.35834908,0.35521412,0.51066435,0.24635814,1127,Urban
IL,IL-115,98772,75656,-0.00389787,-0.01324425,0.83419689,0.16580311,0.02130697,0.08319234,0.00074019,0.04413397,0.01317807,White,White,0.11022619,0.11436193,0.02963022,0.7601238,0.53676732,658.61,Suburban
IL,IL-116,103049,75779,0.02265912,0.029484,0.78428061,0.21571939,0.04612096,0.11368585,0.00068621,0.04005067,0.01702319,White,White,-0.04471946,-0.02397566,-0.10444266,0.77298805,0.46906233,130.29,Rural
IL,IL-117,100411,75552,0.0077382,0.00312975,0.61783937,0.38216063,0.03998571,0.26798761,0.00127065,0.06296326,0.02387759,White,White,0.01359692,0.07329165,0.0466317,0.6559195,0.35951456,362.65,Suburban
IL,IL-118,100952,77829,-0.00212973,0.00853447,0.80001028,0.19998972,0.01959424,0.11616493,0.00084801,0.04643513,0.01737142,White,White,0.02678771,0.05651511,-0.00955248,0.72970625,0.40030903,752.35,Suburban
IL,IL-119,104777,79632,0.01386755,0.04674713,0.79849809,0.20150191,0.01837201,0.1201527,0.00085393,0.04230711,0.01790737,White,White,-0.01220497,0.01326957,-0.04082935,0.72623113,0.39193737,356.67,Suburban
IL,IL-120,104500,81416,0.01075598,0.04397984,0.80828093,0.19171907,0.01153336,0.14085683,0.00073696,0.01540238,0.02133487,White,White,-0.17390088,-0.14977418,-0.17984814,0.69330247,0.27035822,92.08,Rural
IL,IL-121,99323,77342,0.01199118,-0.00773962,0.8056554,0.1943446,0.02406196,0.10862145,0.00156448,0.04105143,0.01859274,White,White,-0.03287997,-0.02687026,-0.08099319,0.70267787,0.39844095,386.81,Suburban
IL,IL-122,100092,77161,-0.02176997,-0.00005713,0.44208862,0.55791138,0.05599979,0.32673242,0.00156815,0.16837522,0.03199803,Minority,Minority,0.10632528,0.23344003,0.24619735,0.5889849,0.32110835,1157.56,Urban
IL,IL-123,104471,78841,-0.00138794,0.04369012,0.46710468,0.53289532,0.0698875,0.38991134,0.00162352,0.06354562,0.03858399,Minority,White,0.13919991,0.22442252,0.21147574,0.54750249,0.26689518,1264.38,Urban
IL,IL-124,97103,76659,0.01135907,-0.02991795,0.7610848,0.2389152,0.05727964,0.10781513,0.00268723,0.0621323,0.01130983,White,White,0.41742116,0.43598284,0.39763637,0.66436292,0.73227464,829.3,Suburban
IL,IL-125,104631,80901,0.00508454,0.04528856,0.70504691,0.29495309,0.02765108,0.14647532,0.00169343,0.10778606,0.01545098,White,White,0.21023671,0.21661716,0.14820602,0.73246866,0.54945444,506.16,Suburban
IL,IL-126,100674,75089,-0.00963506,0.00575719,0.59895591,0.40104409,0.0467978,0.28145268,0.00167801,0.05762495,0.02860605,White,White,0.15784368,0.20830056,0.15383839,0.6389965,0.3528432,881.92,Suburban
IL,IL-127,96500,70630,-0.01518135,-0.03594207,0.15639247,0.84360753,0.21585728,0.58739912,0.00191137,0.03427722,0.04869036,Hispanic,Hispanic,0.43284304,0.57326963,0.61092584,0.38273365,0.14576322,1586.78,Urban
IL,IL-128,99447,75168,-0.00829588,-0.00650083,0.4717566,0.5282434,0.15950937,0.25991113,0.00230151,0.09477437,0.02889527,Minority,White,0.18140573,0.23371376,0.17434444,0.58315183,0.35548127,470.09,Suburban
IN,IN-1,96360,70660,-0.01856579,-0.03434486,0.18688084,0.81311916,0.66197283,0.14493348,0.00097651,0.00510897,0.01828474,Black,Black,0.61462622,0.7169938,0.78180808,0.43929608,0.13277229,569.43,Suburban
IN,IN-2,97108,72190,-0.00952548,-0.02684891,0.32690123,0.67309877,0.25565868,0.40013852,0.00123286,0.01164981,0.02881285,Hispanic,Hispanic,0.286112,0.40672676,0.44813071,0.42550574,0.14612406,1167.5,Urban
IN,IN-3,103312,80435,0.00369754,0.03532341,0.58586436,0.41413564,0.24917014,0.12888668,0.00079567,0.0212221,0.02222913,White,White,0.10669377,0.16501871,0.17134877,0.56633126,0.2515401,443.14,Suburban
IN,IN-4,101274,80588,-0.00837332,0.01489995,0.71631012,0.28368988,0.09034844,0.1371296,0.00069489,0.0410607,0.01774458,White,White,0.00130567,0.04768979,0.02326567,0.63026029,0.35486351,947.26,Suburban
IN,IN-5,100646,76778,0.04827812,0.00860655,0.85125948,0.14874052,0.02283206,0.08404751,0.00066425,0.01598114,0.02008388,White,White,-0.32829118,-0.27527597,-0.25883673,0.72747879,0.31091987,143.93,Rural
IN,IN-6,95203,74244,0.01869689,-0.04593953,0.77393459,0.22606541,0.06714347,0.11293842,0.00105059,0.02091752,0.02252034,White,White,-0.01568799,0.03408456,0.0223544,0.58205393,0.27447774,481.45,Suburban
IN,IN-7,94777,74056,0.00431539,-0.05020862,0.77390083,0.22609917,0.11949066,0.0692584,0.00116128,0.01278762,0.0205115,White,White,0.00182441,0.0496503,0.04777755,0.54972729,0.25003384,246.18,Suburban
IN,IN-8,95652,75121,-0.01135366,-0.04143996,0.87947445,0.12052555,0.02969875,0.05047856,0.00086527,0.01151476,0.01874309,White,White,-0.30450116,-0.25312385,-0.24315816,0.66683886,0.26796198,46.67,Rural
IN,IN-9,95847,68426,0.02069966,-0.0394858,0.49943004,0.50056996,0.27834449,0.12601935,0.00172449,0.08077339,0.02082542,Minority,White,0.13352214,0.18865069,0.14721952,0.4543158,0.18002834,700.46,Suburban
IN,IN-10,96126,74881,0.00617939,-0.03668985,0.73525995,0.26474005,0.12027083,0.07952618,0.00134881,0.04049091,0.02434529,White,White,0.06605383,0.07313696,-0.03659017,0.47459836,0.25648384,923.52,Suburban
IN,IN-11,96011,72920,0.02345565,-0.0378423,0.82176358,0.17823642,0.06524959,0.0441717,0.00123423,0.04799781,0.01704608,White,White,-0.15754759,-0.16618317,-0.2741231,0.68878079,0.40717332,374.3,Suburban
IN,IN-12,97426,70976,0.02194486,-0.02366212,0.89479542,0.10520458,0.03126409,0.03209536,0.0009158,0.02264146,0.01616039,White,White,-0.37304119,-0.392386,-0.4717739,0.70902717,0.36572003,80.85,Rural
IN,IN-13,104020,76904,0.00197077,0.04241851,0.67960054,0.32039946,0.09882451,0.17937949,0.00102725,0.01713825,0.02685166,White,White,-0.24934399,-0.19152839,-0.23434672,0.47922948,0.1816791,450.29,Suburban
IN,IN-14,103027,73577,-0.00116474,0.03246733,0.80916591,0.19083409,0.02083532,0.14145725,0.00081547,0.01273496,0.02045476,White,White,-0.39294209,-0.36443065,-0.40092741,0.52468294,0.22048493,106.37,Rural
IN,IN-15,97945,77107,-0.00505386,-0.01846105,0.76392545,0.23607455,0.10604744,0.05326365,0.00151737,0.0528227,0.01922004,White,White,0.0745371,0.10269712,0.01700473,0.57998599,0.41846182,733.55,Suburban
IN,IN-16,99237,75039,0.0061469,-0.0055135,0.5841629,0.4158371,0.2349978,0.14169965,0.00149256,0.02222844,0.02158877,White,White,0.22966979,0.29001093,0.25279738,0.463057,0.25201966,613.43,Suburban
IN,IN-17,99101,76205,0.00007064,-0.0068764,0.89242176,0.10757824,0.03054918,0.0348796,0.00129913,0.01203333,0.02220327,White,White,-0.31227949,-0.27721458,-0.30231598,0.6189162,0.24050012,58.6,Rural
IN,IN-18,96867,71453,0.05061579,-0.02926405,0.8725036,0.1274964,0.03761913,0.04359509,0.00120359,0.02488349,0.01734007,White,White,-0.23308328,-0.24812464,-0.34493708,0.71843988,0.46421672,154.48,Rural
IN,IN-19,96151,69723,0.1048247,-0.03643932,0.87836152,0.12163848,0.0275232,0.04236765,0.00098963,0.02944509,0.01636476,White,White,-0.17159485,-0.20039184,-0.31655769,0.77712568,0.47537537,80.68,Rural
IN,IN-20,100770,75192,0.01610598,0.0098492,0.78068146,0.21931854,0.04070912,0.04080221,0.00101075,0.12196776,0.01049314,White,White,0.05180931,0.04618315,-0.09467681,0.79571909,0.73591191,778.39,Suburban
IN,IN-21,103938,74063,0.03789759,0.04159676,0.77863441,0.22136559,0.0742206,0.04292292,0.00093164,0.0856163,0.01371805,White,White,0.00740313,-0.00490882,-0.14201954,0.75642969,0.64742106,834.81,Suburban
IN,IN-22,103583,77882,0.00897831,0.03803919,0.43054878,0.56945122,0.39948897,0.1148404,0.00119411,0.04524794,0.01624252,Minority,Minority,0.42402336,0.44792491,0.3895576,0.61678957,0.45445417,681.36,Suburban
IN,IN-23,97618,79006,0.00038927,-0.02173803,0.69126395,0.30873605,0.19144116,0.06683037,0.00102524,0.03473154,0.01487229,White,White,0.4395895,0.42718079,0.32352344,0.65843547,0.57226534,1148.75,Urban
IN,IN-24,96570,75222,-0.02821787,-0.03224038,0.60068863,0.39931137,0.26000372,0.0954508,0.00168834,0.02993805,0.01928957,White,White,0.25987467,0.25427355,0.144094,0.66880357,0.46006278,873.67,Suburban
IN,IN-25,103520,76182,-0.00373841,0.03740785,0.40837731,0.59162269,0.35156599,0.21065344,0.00112888,0.02005723,0.02190806,Minority,White,0.26159714,0.29694036,0.23749042,0.43132186,0.22347789,1553.31,Urban
IN,IN-26,98269,75987,0.02458558,-0.01521414,0.37077395,0.62922605,0.51190335,0.08529091,0.00131601,0.0231487,0.01879269,Black,Black,0.70437187,0.73764465,0.73890313,0.50830029,0.3356307,1177.48,Urban
IN,IN-27,97252,78766,-0.02981944,-0.02540583,0.65746642,0.34253358,0.16185918,0.11959475,0.00114262,0.04037275,0.02511236,White,White,0.41033983,0.39137665,0.29644215,0.43555425,0.34552882,1480.93,Urban
IN,IN-28,103975,74469,0.02334215,0.04196755,0.29812405,0.70187595,0.54097678,0.13987028,0.00170541,0.01293156,0.01965919,Black,Black,0.49774759,0.52833018,0.4903881,0.41226325,0.17165796,1288.96,Urban
IN,IN-29,95066,69045,-0.00006311,-0.04731246,0.69273662,0.30726338,0.1233833,0.11685133,0.00146281,0.04289956,0.02563546,White,White,-0.14892656,-0.13468014,-0.20785626,0.47967073,0.1915059,534.18,Suburban
IN,IN-30,99541,73601,0.00582674,-0.00246702,0.760275,0.239725,0.10581378,0.05513512,0.00146737,0.05582805,0.02092363,White,White,-0.04424291,-0.05070466,-0.15366325,0.63337987,0.36605461,585.96,Suburban
IN,IN-31,102362,77111,-0.00797171,0.02580315,0.69451829,0.30548171,0.07450299,0.07651308,0.00220461,0.13462411,0.01905046,White,White,-0.17581821,-0.15639916,-0.23061531,0.49984183,0.24250468,1289.39,Urban
IN,IN-32,102984,75305,0.0553484,0.03203642,0.77009495,0.22990505,0.10724387,0.04981077,0.00187239,0.05109886,0.01735609,White,White,-0.09060514,-0.12155804,-0.24337674,0.62933243,0.44221452,513.3,Suburban
IN,IN-33,102564,78745,0.03584104,0.02782746,0.90673694,0.09326306,0.02974157,0.02095371,0.00080005,0.01575973,0.02038225,White,White,-0.42154926,-0.43561849,-0.48845846,0.61723637,0.29341259,95.58,Rural
IN,IN-34,100652,77486,0.0199996,0.00866668,0.92912268,0.07087732,0.01173115,0.01984875,0.00087758,0.01188602,0.02152647,White,White,-0.49520851,-0.50109431,-0.53035526,0.63064493,0.22006549,68.29,Rural
IN,IN-35,102133,75885,0.02541784,0.02350827,0.83874283,0.16125717,0.03326086,0.03560651,0.00104105,0.06758912,0.01921328,White,White,-0.28510726,-0.28196602,-0.37741648,0.64200899,0.37056281,561.1,Suburban
IN,IN-36,99017,77219,0.00081804,-0.00771819,0.86139422,0.13860578,0.06981442,0.02768749,0.00093241,0.014556,0.02208006,White,White,-0.37915472,-0.35755772,-0.36642852,0.61434353,0.20630089,69.06,Rural
IN,IN-37,97976,75611,0.00437862,-0.01815039,0.93081694,0.06918306,0.00825277,0.02798535,0.00133578,0.00866276,0.01780164,White,White,-0.45348161,-0.45139311,-0.45622366,0.59379526,0.20884993,48.56,Rural
IN,IN-38,101818,73548,0.01206074,0.02035155,0.90955566,0.09044434,0.00629521,0.05979768,0.00053027,0.00576494,0.01566324,White,White,-0.53031994,-0.51521341,-0.50932408,0.52384124,0.16991533,38.59,Rural
IN,IN-39,103223,76955,0.01701171,0.03443151,0.82207784,0.17792216,0.04997726,0.08667403,0.00098759,0.01963485,0.01937496,White,White,-0.22362232,-0.23217366,-0.27864621,0.62770539,0.29638083,32.69,Rural
IN,IN-40,100187,83133,0.01101939,0.00400676,0.67453358,0.32546642,0.05938677,0.07419436,0.03363285,0.1721699,0.01462716,White,White,0.20540127,0.21711276,0.14525688,0.38283415,0.47307517,760.88,Suburban
IN,IN-41,98061,74007,0.00197836,-0.01729858,0.83828557,0.16171443,0.01359331,0.11815099,0.0008783,0.00952613,0.02091694,White,White,-0.47113965,-0.44527351,-0.45086011,0.55226314,0.15987667,31.35,Rural
IN,IN-42,97735,75007,-0.00209751,-0.02056553,0.90551549,0.09448451,0.00735931,0.0524751,0.0010799,0.00545282,0.02193129,White,White,-0.53142756,-0.48987202,-0.45951318,0.62156576,0.17362909,16.77,Rural
IN,IN-43,97175,73685,-0.00028814,-0.02617748,0.86735428,0.13264572,0.00948633,0.08794191,0.00067856,0.01353057,0.01781909,White,White,-0.47216144,-0.45576892,-0.47279471,0.58379345,0.20952718,50.9,Rural
IN,IN-44,96098,74692,0.00038502,-0.03697045,0.89582552,0.10417448,0.03002999,0.03610828,0.00099074,0.01154073,0.02262625,White,White,-0.53384955,-0.51706893,-0.5313164,0.55572492,0.21285141,36.22,Rural
IN,IN-45,103336,81460,-0.00235155,0.03556392,0.87533759,0.12466241,0.05437024,0.0347287,0.00076111,0.00946477,0.02274736,White,White,-0.44503302,-0.43201637,-0.43448375,0.53848957,0.19706306,50.08,Rural
IN,IN-46,96579,70750,0.00255749,-0.03215019,0.93365371,0.06634629,0.00798587,0.03450177,0.00090459,0.00535689,0.01640989,White,White,-0.54627567,-0.52967331,-0.51231465,0.59295847,0.15906111,29.69,Rural
IN,IN-47,100072,78597,0.00729475,0.00285431,0.83299617,0.16700383,0.09100856,0.04099393,0.00078883,0.0076466,0.02404672,White,White,-0.23822797,-0.19439428,-0.20948199,0.51707821,0.1697319,120.16,Rural
IN,IN-48,101120,81741,0.00167128,0.01335666,0.84148714,0.15851286,0.08918413,0.02993602,0.00118667,0.01742088,0.01875436,White,White,-0.1258625,-0.09791212,-0.10549068,0.49518823,0.26572963,144.37,Rural
IN,IN-49,101838,79216,-0.00061863,0.02055197,0.89635932,0.10364068,0.04122904,0.02760806,0.00064381,0.01061654,0.01917542,White,White,-0.38572096,-0.36141807,-0.35397225,0.55082837,0.17859364,40.3,Rural
IN,IN-50,100488,78353,0.02194292,0.00702318,0.90278611,0.09721389,0.04556303,0.02090539,0.00079129,0.00987837,0.01645119,White,White,-0.38814211,-0.38609549,-0.42001747,0.60814448,0.24269533,59.69,Rural
IN,IN-51,103378,79744,0.03191201,0.03598482,0.91601876,0.08398124,0.02232143,0.02827799,0.00089035,0.01169994,0.01814557,White,White,-0.40448872,-0.42476636,-0.45723066,0.63848534,0.26312065,67.73,Rural
IN,IN-52,103126,79629,0.0009406,0.03345944,0.94897588,0.05102412,0.00906705,0.01385174,0.0006028,0.00639214,0.01807131,White,White,-0.58797163,-0.57487362,-0.5410522,0.60108274,0.17753413,24.5,Rural
IN,IN-53,102711,78667,-0.00071073,0.02930059,0.88953437,0.11046563,0.01608044,0.06137262,0.00072457,0.00982623,0.02232194,White,White,-0.45457212,-0.42556943,-0.38815874,0.54057161,0.15752035,50.82,Rural
IN,IN-54,101435,79256,0.0049687,0.01651338,0.93075603,0.06924397,0.01461088,0.01830776,0.00082013,0.01125467,0.02187847,White,White,-0.37058647,-0.37560622,-0.39391761,0.6426197,0.24029256,35.82,Rural
IN,IN-55,99912,77583,0.0107995,0.0012509,0.93376126,0.06623874,0.0093835,0.02688733,0.00074759,0.00648338,0.01853499,White,White,-0.52743975,-0.51175306,-0.49507637,0.59423833,0.18222504,20.46,Rural
IN,IN-56,104135,82026,0.00680847,0.04357096,0.92991247,0.07008753,0.01750664,0.01539756,0.0015361,0.00896057,0.0216151,White,White,-0.52310528,-0.51083169,-0.50770432,0.57284169,0.16911765,26.41,Rural
IN,IN-57,96228,74343,0.00809536,-0.03566767,0.95023069,0.04976931,0.006887,0.0098059,0.00134512,0.00652382,0.0207686,White,White,-0.59388584,-0.56895155,-0.54708421,0.65616377,0.21443513,32.1,Rural
IN,IN-58,104646,89256,0.00914512,0.04869186,0.79094963,0.20905037,0.05096576,0.04706686,0.00133324,0.09039168,0.01642467,White,White,0.41827991,0.42625241,0.36610762,0.48018897,0.54295051,180.26,Rural
IN,IN-59,98229,75711,0.00109947,-0.015615,0.94519951,0.05480049,0.00807016,0.01312887,0.00084532,0.00540212,0.02129149,White,White,-0.5021919,-0.47442344,-0.4475035,0.61662513,0.16540371,22.29,Rural
IN,IN-60,94867,73517,0.00132818,-0.0493067,0.92208605,0.07791395,0.01161636,0.04260239,0.00082974,0.0065155,0.01368391,White,White,-0.41763062,-0.38560715,-0.36790257,0.6475912,0.20173295,23.78,Rural
IN,IN-61,100292,76139,-0.00016951,0.005059,0.91440655,0.08559345,0.02938048,0.02855304,0.00119518,0.00661947,0.01679822,White,White,-0.56115946,-0.53576774,-0.52384654,0.53672527,0.15811531,22.41,Rural
IN,IN-62,96909,73588,0.01395123,-0.02884315,0.91766321,0.08233679,0.02250367,0.01690493,0.00059792,0.02079143,0.01708159,White,White,-0.37081198,-0.34416715,-0.3830513,0.66025451,0.28932449,42.9,Rural
IN,IN-63,103432,82330,-0.0008508,0.03652597,0.83819993,0.16180007,0.08202356,0.02707397,0.00095955,0.02502126,0.02049071,White,White,-0.16989923,-0.13755785,-0.14217351,0.49049902,0.25575725,109.83,Rural
IN,IN-64,97683,75082,0.01493607,-0.02108664,0.83371514,0.16628486,0.02513252,0.06048054,0.00123865,0.0563384,0.02049759,White,White,-0.28373137,-0.27030555,-0.32654665,0.62857835,0.33528469,52.46,Rural
IN,IN-65,99901,76083,0.02039019,0.00114066,0.90419673,0.09580327,0.02643166,0.02853463,0.00073604,0.01529908,0.02071422,White,White,-0.33866869,-0.32418365,-0.35788558,0.74584079,0.32534373,81.01,Rural
IN,IN-66,101676,79785,0.0163067,0.01892852,0.77738923,0.22261077,0.12417121,0.05645171,0.00210566,0.01590525,0.02571912,White,White,0.02053522,0.0286803,-0.03472541,0.54036277,0.22309146,868.74,Suburban
IN,IN-67,103545,80892,0.01240041,0.03765838,0.92530782,0.07469218,0.025157,0.01464916,0.0010137,0.01410523,0.01609553,White,White,-0.31700227,-0.29920012,-0.33958265,0.63801616,0.31350066,66.82,Rural
IN,IN-68,101813,79744,-0.0138391,0.02030144,0.75605688,0.24394312,0.15915931,0.03754514,0.00531701,0.01845907,0.02258477,White,White,0.04319357,0.08030896,-0.00501423,0.45942737,0.22260999,883.59,Suburban
KS,KS-1,100249,76249,0.01219962,-0.01043576,0.80768272,0.19231728,0.08406668,0.05106952,0.0031607,0.01769204,0.03495128,White,White,-0.25792916,-0.23478561,-0.26202184,0.60698753,0.334107,38.86,Rural
KS,KS-2,101996,78408,-0.00744147,0.00680899,0.89807163,0.10192837,0.0224977,0.02863228,0.00197684,0.00672125,0.04022549,White,White,-0.56985389,-0.55611833,-0.55850696,0.65604404,0.21947517,3.33,Rural
KS,KS-3,97307,77580,0.0086633,-0.03947643,0.77568961,0.22431039,0.06548079,0.08213457,0.00378964,0.0480794,0.02535447,White,White,-0.15836972,-0.13028703,-0.19093871,0.4984171,0.44710774,25.9,Rural
KS,KS-4,96947,72595,-0.00879862,-0.04303001,0.73018803,0.26981197,0.08408293,0.12396171,0.00708038,0.03067704,0.03033267,White,White,-0.28487506,-0.25190621,-0.28448328,0.54416487,0.24451824,10.92,Rural
KS,KS-5,100891,73698,0.00380609,-0.00409853,0.43206057,0.56793943,0.29988602,0.20008684,0.00335152,0.0449673,0.03304025,Minority,Minority,0.22636454,0.30783007,0.29752806,0.52305724,0.21402751,345.12,Suburban
KS,KS-6,103831,75388,-0.00725217,0.02492239,0.54970287,0.45029713,0.09384783,0.28885234,0.00187032,0.04393272,0.0330026,White,White,0.11272027,0.14941141,0.07733655,0.58855129,0.31852427,551.82,Suburban
KS,KS-7,104678,83276,-0.00119414,0.03328318,0.80773572,0.19226428,0.04683222,0.08366156,0.00148902,0.03403141,0.0241246,White,White,0.26044534,0.25572253,0.14961808,0.7516663,0.55437324,1262.35,Urban
KS,KS-8,100363,77730,0.02831721,-0.00931046,0.79566448,0.20433552,0.03768172,0.03977872,0.00097774,0.10577641,0.01542519,White,White,0.13545856,0.11825636,-0.00189352,0.80314544,0.70559802,1052,Urban
KS,KS-9,100587,78578,-0.0123177,-0.00709934,0.75792206,0.24207794,0.06056403,0.08081142,0.00137443,0.07582275,0.02249994,White,White,0.14916186,0.13732773,0.01176848,0.71998922,0.59080769,1452.58,Urban
KS,KS-10,100145,75448,0.02716062,-0.01146235,0.77530219,0.22469781,0.06845775,0.07981656,0.00151097,0.05067066,0.0218031,White,White,0.08121204,0.07745207,-0.04025277,0.79201502,0.54865952,627.92,Suburban
KS,KS-11,99003,72136,0.0142925,-0.0227351,0.73857713,0.26142287,0.06744205,0.10988965,0.00207941,0.05454974,0.02535489,White,White,0.01546972,0.01098597,-0.11681784,0.72035466,0.49873309,843.59,Suburban
KS,KS-12,103801,75056,0.04508627,0.02462626,0.84652793,0.15347207,0.02868525,0.05094863,0.00145225,0.03673257,0.03012417,White,White,-0.27105674,-0.26709834,-0.32257164,0.75084035,0.39787853,49.29,Rural
KS,KS-13,96917,79637,0.01220632,-0.04332614,0.75436041,0.24563959,0.0673933,0.06728028,0.00172031,0.06081344,0.05360574,White,White,0.51515754,0.51910199,0.44628183,0.58057197,0.55136371,513.37,Suburban
KS,KS-14,99655,76139,0.01714916,-0.01629917,0.81247455,0.18752545,0.06430345,0.06608965,0.00172054,0.0236147,0.03447642,White,White,-0.04474781,-0.03393727,-0.09198777,0.70354862,0.401322,56.44,Rural
KS,KS-15,101122,77675,-0.02233935,-0.00181832,0.71136144,0.28863856,0.1048085,0.13351786,0.00208561,0.01345349,0.04686192,White,White,0.03774417,0.08113974,0.03543902,0.55547841,0.25084643,159.22,Rural
KS,KS-16,96755,74038,0.00365873,-0.04492525,0.87880548,0.12119452,0.02644588,0.03816959,0.00243118,0.01130501,0.0388044,White,White,-0.41171968,-0.3906264,-0.38556613,0.60589238,0.25562126,12.58,Rural
KS,KS-17,101422,77175,-0.01457278,0.001143,0.8381989,0.1618011,0.03512796,0.04095886,0.0016197,0.00767088,0.07521866,White,White,-0.50846897,-0.49154579,-0.49096094,0.56227668,0.2046041,9.1,Rural
KS,KS-18,97397,73464,0.00727948,-0.03858803,0.8784847,0.1215153,0.02491016,0.03814113,0.00153817,0.01508222,0.03917565,White,White,-0.45014269,-0.45031512,-0.47091313,0.63851097,0.28059383,8.96,Rural
KS,KS-19,105316,81122,-0.00288655,0.03958092,0.53899066,0.46100934,0.20836518,0.17387392,0.00249008,0.05491729,0.0370553,White,White,0.19722461,0.23266845,0.16083859,0.51822864,0.39057398,1015.51,Urban
KS,KS-20,102640,76807,-0.01943687,0.01316596,0.51974429,0.48025571,0.15615764,0.19844545,0.00360644,0.08980952,0.04799042,White,White,0.10506794,0.12815263,0.04931132,0.39810524,0.1980159,1409.21,Urban
KS,KS-21,105637,81153,0.01203177,0.04274953,0.7292768,0.2707232,0.05691718,0.13985928,0.00184836,0.03144677,0.04644314,White,White,-0.13042961,-0.12525716,-0.2011236,0.5361853,0.26023139,1108.22,Urban
KS,KS-22,104291,76784,0.01406641,0.02946308,0.79249583,0.20750417,0.0344603,0.07508075,0.00250052,0.05412586,0.042587,White,White,-0.29857711,-0.30236593,-0.36236193,0.63523636,0.33112782,184.03,Rural
KS,KS-23,105940,77011,0.03740797,0.04574047,0.83807508,0.16192492,0.0350859,0.06174443,0.00142837,0.03017751,0.03302126,White,White,-0.34535237,-0.3524251,-0.40651481,0.76025867,0.40642271,60.76,Rural
KS,KS-24,103392,79848,-0.00867572,0.020589,0.8419998,0.1580002,0.0332632,0.08349614,0.00139014,0.00891694,0.03174782,White,White,-0.32035425,-0.31240473,-0.33459727,0.60241875,0.24073001,15.02,Rural
KS,KS-25,104611,77255,-0.00574509,0.03262182,0.71458158,0.28541842,0.02675555,0.20512588,0.00283477,0.01363019,0.04535629,White,White,-0.47350287,-0.45232125,-0.46498394,0.54848673,0.22489598,5.69,Rural
KS,KS-26,98921,76603,-0.00740995,-0.02354453,0.84606347,0.15393653,0.03418926,0.07168127,0.00174928,0.01877211,0.02700939,White,White,-0.37515114,-0.36642976,-0.38962655,0.59981198,0.29050397,11.45,Rural
KS,KS-27,99807,76506,-0.00837617,-0.01479877,0.90387682,0.09612318,0.01190756,0.05183907,0.00218284,0.00694063,0.02203749,White,White,-0.65448958,-0.64523286,-0.64462949,0.66052777,0.24086153,2.14,Rural
KS,KS-28,104726,81487,-0.00881348,0.03375699,0.85776872,0.14223128,0.02161081,0.0840134,0.00204941,0.00915483,0.02458061,White,White,-0.54142961,-0.53105514,-0.55733068,0.59159064,0.26313982,4.78,Rural
KS,KS-29,99533,70470,-0.01698934,-0.01750344,0.50428551,0.49571449,0.02961544,0.4227047,0.00167447,0.02636583,0.02999858,White,White,-0.51511541,-0.44947972,-0.48234699,0.51700225,0.17227802,3.92,Rural
KY,KY-1,97342,76621,0.00797189,-0.02784078,0.87110583,0.12889417,0.05772569,0.03603451,0.0010441,0.01034964,0.02137795,White,White,-0.5215224,-0.4677823,-0.47793883,0.58581726,0.22734769,20.64,Rural
KY,KY-2,99534,78183,-0.00228063,-0.00594917,0.86101838,0.13898162,0.07908369,0.02083573,0.00071627,0.01011729,0.02400778,White,White,-0.42654746,-0.38826843,-0.42286691,0.63924296,0.26309664,69.76,Rural
KY,KY-3,103312,78502,0.00325228,0.03178189,0.872844,0.127156,0.05593488,0.02937505,0.00112099,0.02267458,0.01700594,White,White,-0.31917107,-0.27899279,-0.322055,0.61920852,0.25410558,87.02,Rural
KY,KY-4,99052,73564,-0.00200905,-0.01076293,0.72031157,0.27968843,0.18359524,0.05896906,0.00328965,0.0157278,0.02219836,White,White,-0.41213691,-0.36443874,-0.38185227,0.48182128,0.18977303,24.94,Rural
KY,KY-5,98036,76521,-0.00889469,-0.02090977,0.88060794,0.11939206,0.06839952,0.02195476,0.00091478,0.0056063,0.01986383,White,White,-0.4629309,-0.41559664,-0.43007529,0.58796076,0.15191755,18.94,Rural
KY,KY-6,98152,76440,-0.00723368,-0.01975127,0.90045788,0.09954212,0.05748299,0.01647043,0.0012428,0.00531136,0.01771324,White,White,-0.53452754,-0.49631523,-0.51729789,0.60191593,0.15095192,23.59,Rural
KY,KY-7,100547,76036,0.06021065,0.00416771,0.88309485,0.11690515,0.05510548,0.02456731,0.00142038,0.01187595,0.02055605,White,White,-0.50411199,-0.45874389,-0.47979262,0.64059749,0.23536546,27.79,Rural
KY,KY-8,101621,78490,0.01915943,0.0148938,0.72717544,0.27282456,0.12104727,0.06844184,0.00603899,0.0583896,0.01927634,White,White,-0.14811248,-0.06390411,-0.14582649,0.50499905,0.31154118,142.31,Rural
KY,KY-9,95673,72316,0.0055188,-0.04450917,0.91939543,0.08060457,0.0227059,0.02458654,0.00121688,0.0063748,0.02335583,White,White,-0.56741967,-0.51484483,-0.50997165,0.62249959,0.15340883,17.79,Rural
KY,KY-10,97974,74999,0.03225345,-0.02152897,0.92377232,0.07622768,0.01637355,0.01957359,0.00068001,0.00873345,0.02489367,White,White,-0.51892252,-0.4909478,-0.50739198,0.66970091,0.18419315,88.93,Rural
KY,KY-11,102319,78071,0.01254899,0.02186475,0.91336092,0.08663908,0.03372571,0.02203123,0.00103752,0.005495,0.02132674,White,White,-0.57800786,-0.52898706,-0.53451719,0.592677,0.14339702,23.2,Rural
KY,KY-12,103302,78982,0.00853807,0.03168202,0.8962675,0.1037325,0.0527462,0.02209364,0.00149401,0.00754602,0.01776354,White,White,-0.46793703,-0.42189398,-0.3963773,0.64722377,0.19011081,27.27,Rural
KY,KY-13,100613,76365,0.01736356,0.00482685,0.74014274,0.25985726,0.1420677,0.05416094,0.00610227,0.03470176,0.02711975,White,White,-0.26506674,-0.20921269,-0.27291264,0.56973496,0.2440718,80.97,Rural
KY,KY-14,100251,77528,0.01161086,0.00121154,0.92054484,0.07945516,0.02940873,0.02301104,0.00074812,0.00672015,0.01586524,White,White,-0.67917912,-0.63553417,-0.62632653,0.62152751,0.17208636,19.9,Rural
KY,KY-15,99634,76348,0.00174639,-0.00495047,0.92298423,0.07701577,0.02868444,0.0226856,0.00110023,0.00482003,0.01861214,White,White,-0.71864547,-0.68604938,-0.68697411,0.57515978,0.147467,17.85,Rural
KY,KY-16,105346,81763,0.0115619,0.05209555,0.93471375,0.06528625,0.01599746,0.01845578,0.00040361,0.0055404,0.02162347,White,White,-0.6555637,-0.62612469,-0.65171051,0.61598234,0.16356702,31.1,Rural
KY,KY-17,99964,77145,-0.00003001,-0.00165474,0.93877763,0.06122237,0.01876985,0.01323482,0.00072591,0.00547022,0.02026055,White,White,-0.73627163,-0.70734554,-0.71782331,0.55808753,0.15162011,26.69,Rural
KY,KY-18,102669,80018,-0.0264442,0.02536022,0.94508736,0.05491264,0.01919568,0.00826064,0.0004624,0.0044615,0.02042041,White,White,-0.70361854,-0.65746263,-0.66495279,0.5376547,0.13118132,25.59,Rural
KY,KY-19,103388,80790,-0.02480946,0.03254091,0.95599703,0.04400297,0.01272435,0.0071296,0.00037133,0.00476544,0.01752692,White,White,-0.60929612,-0.55820882,-0.54368198,0.52511503,0.13203886,15.79,Rural
KY,KY-20,103630,81840,0.02976937,0.03495777,0.87744379,0.12255621,0.04879032,0.02629521,0.01044721,0.02253177,0.02174976,White,White,-0.33986641,-0.29894651,-0.33729279,0.60363373,0.30722625,71.29,Rural
KY,KY-21,100498,76930,0.02213974,0.00367834,0.66339529,0.33660471,0.19248668,0.07913688,0.0011179,0.04549591,0.02043416,White,White,0.12326977,0.15505177,0.05467602,0.65571698,0.43719219,210.14,Suburban
KY,KY-22,102696,81209,-0.02589195,0.02562987,0.9487249,0.0512751,0.01790442,0.01086087,0.00039404,0.00559051,0.01444421,White,White,-0.64607979,-0.58780826,-0.58944659,0.53002475,0.14488926,29.38,Rural
KY,KY-23,101519,79489,-0.01101272,0.01387512,0.95458491,0.04541509,0.01621608,0.01032847,0.00049063,0.00338412,0.01427871,White,White,-0.64424136,-0.58600293,-0.57979186,0.54722764,0.13516943,18.93,Rural
KY,KY-24,102498,79523,0.00505376,0.02365244,0.91397457,0.08602543,0.03268237,0.02360323,0.00088025,0.00728091,0.01839719,White,White,-0.38694309,-0.33648446,-0.34822624,0.57877441,0.20245887,39.24,Rural
KY,KY-25,97303,75924,-0.00951666,-0.02823028,0.93979506,0.06020494,0.02049418,0.00910121,0.00056636,0.00716506,0.01899268,White,White,-0.48092903,-0.42720524,-0.44135634,0.58570251,0.18237937,38.06,Rural
KY,KY-26,103636,78279,0.02883168,0.0350177,0.87858813,0.12141187,0.05021781,0.03823503,0.00104754,0.01021985,0.01986484,White,White,-0.33776117,-0.30445642,-0.33697298,0.64782107,0.25748126,37.29,Rural
KY,KY-27,102348,77422,0.00877399,0.02215438,0.93151817,0.06848183,0.02124719,0.01739816,0.00098163,0.0044561,0.02070471,White,White,-0.59805352,-0.55380105,-0.52648406,0.61543197,0.1724118,21.07,Rural
KY,KY-28,102569,76367,0.01996705,0.02436152,0.88582765,0.11417235,0.03721503,0.03687457,0.00086425,0.01642071,0.02044077,White,White,-0.31654386,-0.29179281,-0.35034949,0.70384705,0.33726859,52.53,Rural
KY,KY-29,98291,75070,0.01294116,-0.01836307,0.86294125,0.13705875,0.05101905,0.05199147,0.00111896,0.00787265,0.02323165,White,White,-0.42954084,-0.3941282,-0.42593593,0.69432326,0.26625464,42.67,Rural
KY,KY-30,100558,77051,0.02524911,0.00427756,0.87314895,0.12685105,0.05491168,0.03458748,0.00088253,0.01366627,0.02112886,White,White,-0.38193097,-0.34452965,-0.39988145,0.64395794,0.27380796,66.64,Rural
KY,KY-31,99888,82963,-0.01694898,-0.00241376,0.69558719,0.30441281,0.15023565,0.09445174,0.00144643,0.03977677,0.01996071,White,White,0.35887933,0.38700572,0.29069864,0.4807025,0.44547059,1633.88,Urban
KY,KY-32,100407,77786,-0.00518888,0.00276952,0.77627079,0.22372921,0.09787108,0.04827347,0.00115702,0.05905947,0.01824236,White,White,0.10053129,0.11946642,-0.01585624,0.71054067,0.51779357,1762.49,Urban
KY,KY-33,100189,78371,0.01849504,0.00059234,0.79515382,0.20484618,0.1133455,0.04968675,0.00085491,0.02197241,0.01880798,White,White,-0.02315785,0.00456121,-0.06705745,0.66356817,0.36652627,85.71,Rural
KY,KY-34,97684,73253,-0.01616437,-0.02442521,0.42762754,0.57237246,0.50174054,0.04480363,0.0015153,0.01123503,0.01893438,Black,Black,0.3803926,0.4499976,0.42443898,0.51049831,0.12639704,1105.97,Urban
KY,KY-35,97935,78046,-0.03274621,-0.02191846,0.41200062,0.58799938,0.46364964,0.08456551,0.00201163,0.03021295,0.01871973,Black,Black,0.59590793,0.67373426,0.67278624,0.37293461,0.20555441,1162.85,Urban
KY,KY-36,97086,74187,-0.01767505,-0.03039747,0.63656705,0.36343295,0.20010244,0.09489533,0.00281721,0.04667934,0.02349468,White,White,0.02803655,0.0766336,0.0138718,0.51923343,0.20184619,1176.8,Urban
KY,KY-37,98319,82326,-0.00552284,-0.01808344,0.84749654,0.15250346,0.06115929,0.03702354,0.00150621,0.0333552,0.01676263,White,White,0.4011577,0.39671904,0.29562592,0.71964155,0.57005973,1394.38,Urban
KY,KY-38,99349,79811,-0.01234034,-0.00779678,0.79103131,0.20896869,0.10133941,0.04151057,0.00111513,0.04841438,0.0146471,White,White,0.15765563,0.16303081,0.06464332,0.76951297,0.58386917,870.06,Suburban
KY,KY-39,98400,76830,0.01931911,-0.01727449,0.64004946,0.35995054,0.20055968,0.09441624,0.0014838,0.0499154,0.01802681,White,White,0.12216445,0.15856041,0.07330576,0.63793203,0.32844058,1313.93,Urban
KY,KY-40,97796,75691,0.0216471,-0.02330666,0.78939372,0.21060628,0.08933691,0.04077103,0.00134758,0.06230595,0.01590678,White,White,-0.04497993,-0.05714237,-0.16003121,0.79527197,0.56791547,405.97,Suburban
KY,KY-41,96400,74232,0.04466805,-0.03724858,0.73670385,0.26329615,0.1160416,0.10072475,0.00150878,0.02422136,0.02259134,White,White,-0.14442685,-0.11237557,-0.20260899,0.60801704,0.22563368,417.77,Suburban
KY,KY-42,99939,72034,0.0168903,-0.00190442,0.87550323,0.12449677,0.0324569,0.03828748,0.00179082,0.02761196,0.02018491,White,White,-0.39419491,-0.39060896,-0.45043098,0.74781402,0.37739316,174.18,Rural
KY,KY-43,100059,77255,0.01377187,-0.00070597,0.84051518,0.15948482,0.057938,0.05085755,0.00368908,0.02385606,0.02036114,White,White,-0.22820335,-0.21124942,-0.2826334,0.5953055,0.3479659,733.81,Suburban
KY,KY-44,98283,73751,0.03077847,-0.01844297,0.92812301,0.07187699,0.01743705,0.01636588,0.00085423,0.01263712,0.01845399,White,White,-0.39379067,-0.38729684,-0.43628736,0.7288843,0.35153868,149,Rural
KY,KY-45,99827,79578,0.00356617,-0.00302297,0.84348689,0.15651311,0.07703134,0.03792505,0.0020483,0.01573299,0.02187791,White,White,0.01814715,0.04406497,-0.0363797,0.5599964,0.38399028,1326.44,Urban
LA,LA-1,98344,72541,-0.00936509,-0.0076408,0.06520451,0.93479549,0.83940117,0.04780745,0.00097876,0.05616134,0.01108339,Black,Black,0.76087165,0.8047392,0.82837028,0.43124259,0.25496641,327.44,Suburban
LA,LA-2,95453,72025,-0.04346642,-0.036813,0.28118015,0.71881985,0.54107602,0.12422076,0.00184658,0.05103783,0.01907671,Black,Black,0.44650232,0.48049499,0.41947682,0.5143041,0.30305859,1506.05,Urban
LA,LA-3,96280,72026,-0.00049855,-0.02846799,0.28499431,0.71500569,0.5405548,0.10651709,0.0008608,0.06299114,0.0178269,Black,Black,0.29390098,0.34396768,0.34826901,0.48281637,0.1776454,453.37,Suburban
LA,LA-4,95431,79584,-0.06581719,-0.03703499,0.35850171,0.64149829,0.54255881,0.06861932,0.00125653,0.02441446,0.017981,Black,Black,0.78038535,0.81430952,0.79284474,0.60255667,0.38168568,2619.32,Urban
LA,LA-5,94964,77004,-0.01323659,-0.04174735,0.4681575,0.5318425,0.40705678,0.08780063,0.00088307,0.02849203,0.01694717,Minority,Minority,0.59775881,0.55641364,0.5442993,0.60057765,0.49200997,2165.87,Urban
LA,LA-6,94801,78892,-0.0239027,-0.04339213,0.62797242,0.37202758,0.20154135,0.12636262,0.00164782,0.0449602,0.01881053,White,White,0.19773291,0.17314025,0.15499338,0.61220423,0.42920835,1504.6,Urban
LA,LA-7,95995,77062,-0.03249128,-0.03134384,0.66009187,0.33990813,0.11563416,0.16691755,0.0008305,0.04796138,0.01629856,White,White,-0.32096812,-0.34919567,-0.4022259,0.6451662,0.43362845,2627.89,Urban
LA,LA-8,102019,82025,0.00241132,0.0294425,0.66235904,0.33764096,0.11019811,0.16875343,0.00097531,0.04084121,0.01987199,White,White,-0.34819645,-0.37760349,-0.4334402,0.63285326,0.35097519,1846.74,Urban
LA,LA-9,98145,74615,-0.04178511,-0.00964885,0.51472224,0.48527776,0.27959526,0.16216578,0.00100516,0.03010119,0.01841453,White,White,-0.16727305,-0.12710012,-0.14921711,0.66359653,0.27598126,131,Rural
LA,LA-10,94706,71797,-0.00957701,-0.04435075,0.39450116,0.60549884,0.53135925,0.05941752,0.00093319,0.00841261,0.01210357,Black,Black,0.1815227,0.21420213,0.20922289,0.66475403,0.19338498,63.37,Rural
LA,LA-11,94463,68168,0.02459164,-0.04680279,0.74847436,0.25152564,0.14263291,0.0710304,0.00085084,0.01967199,0.01780894,White,White,-0.52030794,-0.53311417,-0.5537682,0.69037397,0.3101907,220.68,Suburban
LA,LA-12,103347,76721,-0.04591328,0.04284294,0.66868263,0.33131737,0.16382737,0.09541064,0.0014859,0.03186872,0.04233521,White,White,-0.49140577,-0.47987846,-0.47500668,0.59044778,0.15416138,20.19,Rural
LA,LA-13,95277,71793,-0.03309298,-0.03858896,0.67445294,0.32554706,0.17622888,0.0585851,0.0010586,0.01624114,0.07814132,White,White,-0.54567281,-0.52512288,-0.5101497,0.52877306,0.17018391,31.32,Rural
LA,LA-14,102726,78952,0.01289839,0.03657662,0.69587851,0.30412149,0.23129243,0.04113892,0.00073462,0.00758689,0.02526852,White,White,-0.49139699,-0.46348669,-0.42009191,0.601862,0.19704703,49.92,Rural
LA,LA-15,103204,79619,0.00646293,0.04139997,0.63419536,0.36580464,0.30546729,0.03849584,0.00085407,0.01032417,0.01312501,White,White,-0.31651177,-0.28005145,-0.26830469,0.64575033,0.15526125,25.22,Rural
LA,LA-16,98139,74183,-0.04498721,-0.00970939,0.53857353,0.46142647,0.34769422,0.06574283,0.00106493,0.02652899,0.02356335,White,White,-0.2737768,-0.24057824,-0.22447459,0.58469091,0.11950437,41.84,Rural
LA,LA-17,98310,75677,-0.00152579,-0.00798389,0.49137783,0.50862217,0.42614004,0.0537812,0.00087213,0.01762755,0.0136369,Minority,White,0.00485222,0.08349627,0.05529845,0.59203657,0.2680496,398.26,Suburban
LA,LA-18,98782,74417,0.04983701,-0.00322108,0.78267063,0.21732937,0.11556499,0.05698967,0.00111534,0.02741309,0.01705256,White,White,-0.49753299,-0.53227892,-0.60853314,0.59829026,0.4439782,456.14,Suburban
LA,LA-19,102237,76724,0.00831402,0.03164227,0.75709035,0.24290965,0.16228299,0.04619154,0.00063865,0.02034565,0.01398519,White,White,-0.59519821,-0.56408186,-0.56956206,0.66223836,0.21295731,52.97,Rural
LA,LA-20,95226,71409,-0.01222355,-0.03910359,0.80020726,0.19979274,0.13824588,0.02961812,0.00120433,0.01674859,0.01390581,White,White,-0.64674172,-0.61646177,-0.59252804,0.6350912,0.17274388,11.82,Rural
LA,LA-21,100292,76390,-0.07045427,0.01201587,0.46644849,0.53355151,0.44496662,0.04872365,0.00166252,0.02544836,0.01722739,Minority,White,0.012271,0.116282,0.05674353,0.49784598,0.24422,179.1,Rural
LA,LA-22,99664,74265,-0.02429162,0.00567891,0.81792231,0.18207769,0.09215647,0.04766714,0.0012792,0.01887834,0.02069616,White,White,-0.68232841,-0.63139206,-0.65132766,0.55113016,0.23248599,63.53,Rural
LA,LA-23,102128,76261,-0.01680244,0.03054238,0.76719424,0.23280576,0.12707675,0.05082545,0.00486487,0.01978731,0.03114305,White,White,-0.71154184,-0.66960353,-0.66100374,0.54248161,0.18633252,14.46,Rural
LA,LA-24,102697,77540,-0.00986397,0.03628399,0.67531597,0.32468403,0.24856848,0.05007738,0.00096724,0.00793139,0.01822285,White,White,-0.47516752,-0.44085675,-0.41374756,0.6283332,0.14414216,21.01,Rural
LA,LA-25,102118,77240,-0.01266182,0.03044148,0.39770844,0.60229156,0.55138529,0.02559555,0.00089332,0.01297255,0.01597618,Black,Black,0.11933793,0.17340796,0.16130343,0.5171322,0.17287498,46.66,Rural
LA,LA-26,102541,78319,-0.02351255,0.03470984,0.75856433,0.24143567,0.15204484,0.03931358,0.00093209,0.01785007,0.02966075,White,White,-0.63580438,-0.62653091,-0.60881028,0.6080381,0.19266743,22.38,Rural
LA,LA-27,97941,75718,-0.01522345,-0.01170735,0.68959825,0.31040175,0.24412953,0.04075649,0.00120183,0.00902031,0.01691804,White,White,-0.56770533,-0.52598846,-0.50627402,0.61292908,0.14963108,9.52,Rural
LA,LA-28,95594,74846,-0.01424776,-0.03539021,0.63291291,0.36708709,0.26029447,0.05026321,0.0014296,0.00792294,0.04779147,White,White,-0.51385938,-0.45696448,-0.41323526,0.56042078,0.16369057,9.94,Rural
LA,LA-29,103299,79499,-0.00682485,0.04235859,0.65951773,0.34048227,0.26148757,0.03012617,0.00108177,0.02201286,0.0262519,White,White,-0.39681141,-0.36367693,-0.35717353,0.63846547,0.2571117,16.38,Rural
LA,LA-30,103759,78410,-0.04657909,0.04700031,0.35625558,0.64374442,0.58674914,0.02919271,0.00089274,0.01399056,0.01626068,Black,Black,0.33626209,0.31151496,0.23749592,0.50649897,0.23707918,494.31,Suburban
LA,LA-31,103958,78737,-0.00783009,0.04900835,0.36201532,0.63798468,0.53552967,0.06585214,0.00218449,0.02160357,0.02134956,Black,Black,0.28441343,0.31226756,0.28981,0.44605626,0.19670993,386.46,Suburban
LA,LA-32,102991,77864,-0.00733074,0.03925065,0.73412617,0.26587383,0.17608908,0.04003134,0.00178516,0.01733792,0.0290635,White,White,-0.55655181,-0.54876378,-0.57795866,0.65032423,0.2756062,33.81,Rural
LA,LA-33,99533,78915,-0.01714004,0.00435703,0.5719445,0.4280555,0.37264145,0.02564785,0.00087436,0.01272255,0.0179687,White,White,-0.29409129,-0.23709468,-0.22672805,0.52331458,0.23333441,21.12,Rural
LA,LA-34,103630,79617,-0.01986876,0.04569861,0.77703254,0.22296746,0.14601153,0.03510557,0.00071593,0.01413015,0.02341209,White,White,-0.6424443,-0.63312802,-0.64271424,0.62224075,0.27018815,31.3,Rural
LA,LA-35,103474,77277,-0.01152947,0.04412446,0.3772015,0.6227985,0.56712864,0.02784787,0.00075055,0.0162144,0.0150627,Black,Black,0.12862358,0.18760987,0.18072145,0.49188682,0.19316362,39.8,Rural
LA,LA-36,95917,76004,-0.02510504,-0.03213092,0.56186516,0.43813484,0.39663702,0.02503816,0.00105258,0.00534182,0.01217041,White,White,-0.20658491,-0.14234182,-0.10622577,0.59179722,0.16387694,9.85,Rural
LA,LA-37,98653,75728,0.03327826,-0.00452278,0.63156296,0.36843704,0.24776833,0.06848194,0.00143936,0.02641031,0.027163,White,White,-0.23158537,-0.25449738,-0.34297266,0.65860809,0.27528578,177.54,Rural
LA,LA-38,103518,78920,0.03070964,0.04456845,0.81445768,0.18554232,0.06563609,0.07506336,0.00136847,0.02118601,0.01917131,White,White,-0.48255539,-0.49637614,-0.55599568,0.63426893,0.47523042,337.15,Suburban
LA,LA-39,98210,76141,0.01002953,-0.00899296,0.75758133,0.24241867,0.16177881,0.04758277,0.00080115,0.00805085,0.02257654,White,White,-0.55784689,-0.54374499,-0.54951389,0.67457194,0.21053173,32.52,Rural
LA,LA-40,97775,74745,0.01344925,-0.01338241,0.55385645,0.44614355,0.37585123,0.04338752,0.00109706,0.01038197,0.01854305,White,White,-0.2110883,-0.14128814,-0.13491223,0.52390237,0.20606733,37.86,Rural
LA,LA-41,97988,73551,0.02796261,-0.01123309,0.81416976,0.18583024,0.10396867,0.04449973,0.00107408,0.00898696,0.02202553,White,White,-0.67003452,-0.66480048,-0.6633146,0.71215888,0.20856217,53.69,Rural
LA,LA-42,100248,73189,0.05344745,0.01157188,0.81154272,0.18845728,0.0849308,0.05931219,0.00117504,0.01303475,0.02386971,White,White,-0.63271251,-0.66746464,-0.72140266,0.55758964,0.24576554,239.1,Suburban
LA,LA-43,96373,75472,-0.01123759,-0.02752956,0.66541234,0.33458766,0.20170394,0.0615725,0.00094075,0.05509328,0.01445569,White,White,-0.30368491,-0.34276043,-0.37586191,0.66940745,0.52205815,581.64,Suburban
LA,LA-44,98668,77966,0.04232375,-0.00437142,0.53947875,0.46052125,0.30754431,0.08543468,0.00043609,0.05302311,0.01550676,White,White,0.01132909,-0.02526186,-0.07428186,0.56847364,0.47374333,984.19,Suburban
LA,LA-45,99014,80635,-0.02136062,-0.00088004,0.38131085,0.61868915,0.50506604,0.06774974,0.00117815,0.03949898,0.01230235,Black,Black,0.51538924,0.5714131,0.57206611,0.42433557,0.35114473,892.35,Suburban
LA,LA-46,94796,70377,-0.04121482,-0.04344258,0.34576637,0.65423363,0.57898177,0.05076943,0.000611,0.01440812,0.01415235,Black,Black,0.21987022,0.21162848,0.15536813,0.64222947,0.22207186,219.77,Suburban
LA,LA-47,95129,71688,-0.00146117,-0.04008238,0.33599766,0.66400234,0.61746736,0.02881933,0.00092066,0.00849515,0.01121527,Black,Black,0.1850378,0.23513303,0.24029796,0.592919,0.25741889,109.38,Rural
MA,MA-1,99262,81581,0.00705204,-0.01160426,0.86157316,0.13842684,0.0480504,0.04493693,0.00072321,0.02091173,0.01772472,White,White,0.37920243,0.46279742,0.39988587,0.6297366,0.35535874,84.88,Rural
MA,MA-2,98150,81301,-0.01003566,-0.02267694,0.88552416,0.11447584,0.01922486,0.05381238,0.0009102,0.01949546,0.01559636,White,White,0.13428684,0.18572553,0.12023921,0.71570429,0.38553761,38.9,Rural
MA,MA-3,102587,84958,-0.00528332,0.02150424,0.87273712,0.12726288,0.0254361,0.04278585,0.00104758,0.03322818,0.01751454,White,White,0.34307379,0.40193217,0.31446764,0.73487999,0.44072257,56.16,Rural
MA,MA-4,99946,87078,0.00145078,-0.00479337,0.7535428,0.2464572,0.05197639,0.07192402,0.00167666,0.11088909,0.01355107,White,White,0.59144133,0.6305668,0.56236346,0.57677311,0.56505956,271.13,Suburban
MA,MA-5,95765,76273,-0.00669347,-0.04642544,0.68235155,0.31764845,0.04882462,0.23047474,0.00199284,0.03626447,0.01611317,White,White,0.07133773,0.15474561,0.15114707,0.58897636,0.30421051,604,Suburban
MA,MA-6,104881,81472,-0.00019069,0.04434661,0.49608454,0.50391546,0.12972555,0.36761096,0.00346131,0.01963865,0.02271946,Minority,Minority,0.16601919,0.28759047,0.32843305,0.50128323,0.19524933,1249.79,Urban
MA,MA-7,104159,79127,-0.01182807,0.03715734,0.37178207,0.62821793,0.25290988,0.35056302,0.00302046,0.04338595,0.02188886,Minority,Minority,0.33326725,0.45584398,0.48964877,0.47512749,0.2178904,1858.03,Urban
MA,MA-8,104040,84034,-0.00487313,0.0359724,0.87763286,0.12236714,0.02754837,0.04734988,0.00116619,0.03011876,0.01335174,White,White,-0.00150971,0.06008508,-0.02251744,0.7496494,0.39173582,174.49,Rural
MA,MA-9,99493,79907,0.00516619,-0.00930409,0.88814497,0.11185503,0.02392782,0.046454,0.00123894,0.01455442,0.01853405,White,White,-0.05682835,0.02184747,-0.05077725,0.66559767,0.24636782,62.5,Rural
MA,MA-10,98372,77969,0.00658724,-0.02046639,0.86189383,0.13810617,0.02807526,0.04413292,0.00098757,0.04297862,0.01278713,White,White,0.06563356,0.12430697,0.02939819,0.76140048,0.42717792,237.55,Suburban
MA,MA-11,100256,78884,0.00239387,-0.00170656,0.68344658,0.31655342,0.07599767,0.1816845,0.00141981,0.03610365,0.01655596,White,White,0.08588202,0.16995016,0.10141856,0.60486488,0.30370949,296.8,Suburban
MA,MA-12,101967,78933,0.01180774,0.01533062,0.72755375,0.27244625,0.02640214,0.0403,0.00106419,0.17337489,0.00855156,White,White,0.2773427,0.33662164,0.22374238,0.80683094,0.63326261,339.97,Suburban
MA,MA-13,103347,82500,0.00610564,0.02907189,0.83052121,0.16947879,0.02712727,0.10447273,0.00099394,0.01876364,0.01635152,White,White,-0.07987775,-0.0009799,-0.0772067,0.68598189,0.29757017,164.57,Rural
MA,MA-14,102860,81151,0.00884698,0.02422262,0.8454979,0.1545021,0.02057892,0.05139801,0.00109672,0.02267378,0.01219948,White,White,0.02479381,0.10216634,0.01039838,0.77333971,0.38927589,256.99,Suburban
MA,MA-15,104779,82975,-0.01616736,0.04333095,0.44149443,0.55850557,0.174185,0.28746008,0.00157879,0.09394396,0.01921061,Minority,White,0.2665098,0.397427,0.46888324,0.37196954,0.24891539,2808.32,Urban
MA,MA-16,101739,82550,0.02192866,0.01306032,0.63741975,0.36258025,0.1354573,0.14213204,0.00163537,0.06619019,0.01422168,White,White,0.28800899,0.37510581,0.33152244,0.5289586,0.40506745,1711.17,Urban
MA,MA-17,103409,82205,0.00724308,0.02968926,0.84335503,0.15664497,0.03785658,0.06386473,0.00153275,0.02855057,0.0128581,White,White,0.11244234,0.15980727,0.05512899,0.76677041,0.46305889,125.44,Rural
MA,MA-18,104500,83024,0.00191388,0.04055283,0.7432911,0.2567089,0.03491761,0.08012141,0.00092744,0.06607728,0.01316487,White,White,0.30396476,0.36037301,0.25687604,0.77072853,0.49519362,341.25,Suburban
MA,MA-19,99298,76342,0.0015811,-0.01124579,0.76298761,0.23701239,0.02729821,0.0349349,0.00113961,0.15358518,0.00834403,White,White,0.49918445,0.53059299,0.42532526,0.84588741,0.73140588,355.9,Suburban
MA,MA-20,105239,81830,0.00361083,0.04791138,0.64164732,0.35835268,0.05876818,0.11460345,0.00120983,0.0942075,0.01229378,White,White,0.46760094,0.52515641,0.46547602,0.76121858,0.59689332,631.33,Suburban
MA,MA-21,102453,78465,0.01034621,0.02016994,0.78998279,0.21001721,0.02485184,0.03819537,0.00082839,0.11442044,0.00743006,White,White,0.40564006,0.44748497,0.34126297,0.82925766,0.67274932,395.59,Suburban
MA,MA-22,95655,76091,0.00780931,-0.04752076,0.76951282,0.23048718,0.04553758,0.05705011,0.00086738,0.10632006,0.00917323,White,White,0.08846042,0.1512186,0.04545738,0.72395556,0.4288502,588.43,Suburban
MA,MA-23,101288,78728,0.02219414,0.00856952,0.43410223,0.56589777,0.1023524,0.20389188,0.00227365,0.22585357,0.0122955,Minority,White,0.25437856,0.35686693,0.38311337,0.44030549,0.2804139,3654.56,Urban
MA,MA-24,97985,79504,0.0027045,-0.02431992,0.80242504,0.19757496,0.03826223,0.0360485,0.00070437,0.10437211,0.00739585,White,White,0.09119164,0.16352718,0.05774915,0.74501432,0.48026662,542.56,Suburban
MA,MA-25,98601,77840,0.004503,-0.01818613,0.88433967,0.11566033,0.01729188,0.02736382,0.00086074,0.05122045,0.00689877,White,White,0.15075023,0.20784965,0.09976089,0.81331184,0.55790498,745.14,Suburban
MA,MA-26,98107,72805,-0.01574811,-0.02310511,0.18783051,0.81216949,0.124909,0.74894581,0.00395577,0.0250807,0.02446261,Hispanic,Hispanic,0.15455982,0.442875,0.60426218,0.47005389,0.16236936,4306.77,Urban
MA,MA-27,102704,80864,0.01528665,0.02266926,0.66437475,0.33562525,0.06738474,0.23461615,0.00163237,0.03587505,0.01435744,White,White,0.06698534,0.16647245,0.09674723,0.61950214,0.29903664,927.89,Suburban
MA,MA-28,101594,82190,0.00630943,0.0116165,0.91943059,0.08056941,0.01360263,0.02681591,0.00060835,0.01769072,0.01080423,White,White,0.19806136,0.23725305,0.13027584,0.81563286,0.50931185,252.28,Suburban
MA,MA-29,105350,82755,0.00670147,0.04901665,0.82069966,0.17930034,0.02706785,0.05266147,0.00091837,0.0834874,0.00674279,White,White,0.18312608,0.24296225,0.13609648,0.74069596,0.59533904,485.25,Suburban
MA,MA-30,102886,83373,-0.00603581,0.02448151,0.90123901,0.09876099,0.01706788,0.03585093,0.0010435,0.02280115,0.01011119,White,White,0.31047458,0.35394059,0.25053992,0.80597185,0.53315736,304.71,Suburban
MA,MA-31,98501,81215,0.01619273,-0.01918188,0.81886351,0.18113649,0.04501631,0.09969833,0.00128055,0.02875085,0.00949332,White,White,0.4276304,0.48511884,0.38707346,0.7044558,0.57763214,1708.63,Urban
MA,MA-32,96100,78412,0.00449532,-0.0430897,0.80852421,0.19147579,0.03953477,0.07285875,0.00085446,0.03841249,0.00809825,White,White,-0.0168458,0.08957811,0.01697392,0.71282376,0.36524361,1006.42,Urban
MA,MA-33,98574,78116,0.01029683,-0.01845498,0.72842952,0.27157048,0.03936453,0.04139997,0.00071688,0.1606201,0.00642634,White,White,0.31061949,0.37546664,0.29048092,0.7641617,0.60758521,1084.36,Urban
MA,MA-34,104587,79228,0.00427395,0.04141912,0.41184935,0.58815065,0.15287525,0.38058515,0.00159035,0.07228505,0.02533195,Minority,Minority,0.22676809,0.39226129,0.37416531,0.53370117,0.23499115,3422.91,Urban
MA,MA-35,103259,82789,0.00259542,0.02819564,0.39067992,0.60932008,0.16805373,0.17490246,0.00105086,0.18142507,0.01244127,Minority,White,0.32214721,0.47612239,0.42996518,0.51579864,0.33210291,5451.19,Urban
MA,MA-36,101555,85048,-0.00125055,0.01122816,0.70062788,0.29937212,0.08138933,0.05269965,0.00139921,0.13405371,0.00766626,White,White,0.44261064,0.49310768,0.40555523,0.67718671,0.56748514,2814.85,Urban
MA,MA-37,96573,73683,0.00370704,-0.03837983,0.76242824,0.23757176,0.02748259,0.03734919,0.00082787,0.15565327,0.00640582,White,White,0.57629702,0.59494262,0.50626502,0.8304625,0.76493426,2356.58,Urban
MA,MA-38,100547,85577,-0.00101445,0.00119105,0.6728794,0.3271206,0.06439814,0.11417787,0.00100494,0.12555944,0.00935999,White,White,0.44696765,0.49469069,0.42148724,0.5985319,0.60351169,2318.81,Urban
MA,MA-39,101012,88330,0.0052865,0.00582126,0.64988113,0.35011887,0.08751274,0.09344504,0.00147175,0.14079022,0.00949847,White,White,0.73232537,0.7912198,0.75053716,0.65135181,0.69351631,7349.17,Urban
MA,MA-40,98436,88002,-0.00152383,-0.01982911,0.57629372,0.42370628,0.10257721,0.08844117,0.00214768,0.2232222,0.00976114,White,White,0.79524498,0.85271722,0.81493597,0.57340879,0.80344222,7296.04,Urban
MA,MA-41,96888,75751,0.01447032,-0.03524323,0.74047867,0.25952133,0.03881137,0.04576837,0.00104289,0.15826854,0.00506924,White,White,0.54953264,0.60267168,0.54710552,0.71497115,0.80731739,1026.9,Urban
MA,MA-42,96627,76874,-0.00704772,-0.03784213,0.68834717,0.31165283,0.03916799,0.0559487,0.00148295,0.20246117,0.00610089,White,White,0.66685962,0.7176489,0.68622374,0.70418793,0.84264162,2487.18,Urban
MA,MA-43,102973,80557,-0.02964855,0.02534781,0.38747719,0.61252281,0.08195439,0.45048847,0.0014648,0.05620865,0.02086721,Hispanic,White,0.17741816,0.38508308,0.3757356,0.51148991,0.23497298,5018.35,Urban
MA,MA-44,99166,82914,0.0003832,-0.01256018,0.62324818,0.37675182,0.05140266,0.2446149,0.0014111,0.06914393,0.01368888,White,White,0.37499409,0.48264881,0.40658903,0.63812138,0.51914877,4486.04,Urban
MA,MA-45,98010,88232,-0.03599633,-0.02407098,0.68981775,0.31018225,0.06507843,0.08195439,0.00120138,0.16161937,0.00644891,White,White,0.43994629,0.56547357,0.53087204,0.58467557,0.70163287,6705.04,Urban
MA,MA-46,99302,92260,-0.09485207,-0.01120596,0.62061565,0.37938435,0.06246477,0.09635812,0.00174507,0.20497507,0.00838933,White,White,0.62634123,0.69700021,0.66099097,0.46191539,0.7602019,7775.83,Urban
MA,MA-47,98740,89380,-0.0600871,-0.01680205,0.4823898,0.5176102,0.16051689,0.15146565,0.00200269,0.21199373,0.00996867,Minority,White,0.69159154,0.79385251,0.79202181,0.38438689,0.59845844,11537.87,Urban
MA,MA-48,101503,83079,0.0340187,0.01071037,0.58050771,0.41949229,0.20271067,0.15895714,0.00178144,0.06680389,0.01296356,White,White,0.56711095,0.63189931,0.59840563,0.6912744,0.58239984,2860.5,Urban
MA,MA-49,98403,75391,-0.03124905,-0.02015771,0.15219323,0.84780677,0.54743935,0.2680824,0.00319667,0.06293855,0.02208486,Black,Black,0.68251235,0.81223111,0.8724787,0.50099032,0.2950231,7569.1,Urban
MA,MA-50,99839,78473,0.08686986,-0.00585882,0.20844112,0.79155888,0.56820817,0.16029717,0.00220458,0.09240121,0.01512622,Black,Black,0.60608682,0.70250793,0.74917007,0.52586645,0.31216877,4899.28,Urban
MA,MA-51,97106,76228,0.00831051,-0.03307251,0.87696122,0.12303878,0.0297922,0.03240279,0.00085271,0.04175631,0.00783177,White,White,0.12281811,0.19060101,0.07855861,0.78529905,0.51934694,360.13,Suburban
MA,MA-52,102560,78367,0.0050897,0.02123539,0.83620657,0.16379343,0.03797517,0.04223717,0.00086771,0.06808988,0.00599742,White,White,0.33714608,0.39807394,0.28790556,0.84028088,0.68457994,545.98,Suburban
MA,MA-53,99022,78738,-0.00192886,-0.01399405,0.53857096,0.46142904,0.2665549,0.06451777,0.00118113,0.1096548,0.01117631,White,White,0.35469912,0.4365451,0.3629642,0.68813085,0.41838931,627.83,Suburban
MA,MA-54,100877,78624,0.00302348,0.00447701,0.76142145,0.23857855,0.09883751,0.04552045,0.00103022,0.0791743,0.00872507,White,White,0.28831835,0.35675209,0.26701155,0.79509627,0.61877968,734.64,Suburban
MA,MA-55,101636,86072,0.00483097,0.01203471,0.56755972,0.43244028,0.06936054,0.04637978,0.00120829,0.30302537,0.00724974,White,White,0.2478105,0.35192096,0.29971125,0.57374549,0.46866069,2372.86,Urban
MA,MA-56,96580,78264,0.00853179,-0.03831013,0.77121026,0.22878974,0.05165849,0.04009506,0.00113718,0.1092073,0.00882909,White,White,0.10392949,0.20180514,0.10967301,0.69941329,0.4296593,1222.4,Urban
MA,MA-57,98370,77758,0.00483887,-0.0204863,0.8523496,0.1476504,0.0474292,0.03226678,0.0007459,0.05000129,0.00868078,White,White,0.1268702,0.21148404,0.08724582,0.74381482,0.51244913,433.69,Suburban
MA,MA-58,99739,79680,0.01294378,-0.00685456,0.85515813,0.14484187,0.04120231,0.04642319,0.00115462,0.03453815,0.01291416,White,White,-0.0126095,0.07353447,0.00578408,0.71459972,0.35910691,281.47,Suburban
MA,MA-59,100516,80238,0.01483346,0.00088237,0.81706922,0.18293078,0.08461078,0.04719709,0.001346,0.02104988,0.01174007,White,White,-0.01055783,0.09222237,0.03466254,0.65447982,0.30101649,347.97,Suburban
MA,MA-60,101079,78482,-0.00080135,0.00648841,0.62069009,0.37930991,0.12336587,0.20112892,0.00196223,0.01419434,0.02533065,White,White,0.08136415,0.2380652,0.31614654,0.51657376,0.16407007,1951.31,Urban
MA,MA-61,98256,77911,-0.00200497,-0.02162145,0.78331686,0.21668314,0.06724339,0.09462079,0.00163007,0.02714636,0.01338707,White,White,-0.0160594,0.11424624,0.17418179,0.52357642,0.19342072,1647.56,Urban
MA,MA-62,99858,82552,0.00087124,-0.00566963,0.8876708,0.1123292,0.03429354,0.03275511,0.00084795,0.01890929,0.00904884,White,White,-0.05872739,0.04343133,0.04374573,0.68934311,0.30273008,198.72,Rural
MA,MA-63,98976,76795,0.00481935,-0.01445209,0.93605052,0.06394948,0.0106908,0.01660264,0.00095058,0.01759229,0.00687545,White,White,0.20802101,0.26218535,0.14818445,0.85568909,0.62854332,376.72,Suburban
MA,MA-64,101072,79736,0.01216954,0.00641871,0.86481639,0.13518361,0.05059195,0.02721481,0.00102839,0.02103191,0.00984499,White,White,-0.01282442,0.08533569,-0.02054088,0.7668535,0.38620225,479.68,Suburban
MA,MA-65,98390,74467,-0.01392418,-0.02028715,0.30307384,0.69692616,0.49537379,0.11057247,0.00226946,0.02708582,0.01348248,Black,Black,0.44801607,0.55506446,0.4921079,0.52234083,0.20743122,1973.56,Urban
MA,MA-66,97227,78250,0.00555401,-0.03186766,0.88672204,0.11327796,0.0461853,0.02539297,0.00072843,0.01651118,0.01019808,White,White,-0.0949195,-0.00698464,-0.10579612,0.7352109,0.35291745,198.52,Rural
MA,MA-67,102660,82617,0.03133645,0.02223113,0.91084159,0.08915841,0.02219882,0.02150889,0.00085939,0.01506954,0.01067577,White,White,0.07711424,0.14854145,0.03113923,0.7936623,0.46960858,225.11,Suburban
MA,MA-68,100852,85048,0.0027466,0.00422807,0.88631126,0.11368874,0.03226413,0.02097639,0.00111702,0.01757831,0.01529724,White,White,0.12860917,0.18300181,0.08796514,0.77436823,0.43278234,187.14,Rural
MA,MA-69,102250,85902,0.01725183,0.01814858,0.83170357,0.16829643,0.04516775,0.03654164,0.00153663,0.01913809,0.01728714,White,White,0.12885172,0.17740003,0.06932352,0.76362415,0.4139629,308.78,Suburban
MA,MA-70,101624,87974,0.01377627,0.01191522,0.8648237,0.1351763,0.04460409,0.03856821,0.00151181,0.01445882,0.01251506,White,White,0.36819808,0.40283214,0.29978715,0.78139878,0.50126592,127.19,Rural
MD,MD-1,102825,83279,0.0427328,0.03204459,0.78938268,0.21061732,0.13632488,0.03508688,0.00114074,0.02060543,0.01713517,White,White,-0.26793787,-0.23983155,-0.30680075,0.71330993,0.26801591,32.62,Rural
MD,MD-2,97420,77147,-0.01370355,-0.02220487,0.55272402,0.44727598,0.34855536,0.05375452,0.00133511,0.03149831,0.01939155,White,White,0.01642656,0.05205043,0.00820491,0.57660843,0.27545533,78.29,Rural
MD,MD-3,96511,75767,0.01236129,-0.03132841,0.74111421,0.25888579,0.16183827,0.06506791,0.0015706,0.0152969,0.01837211,White,White,-0.14779669,-0.12065084,-0.18825491,0.70904386,0.29578095,46.18,Rural
MD,MD-4,98969,77616,0.02484616,-0.0066577,0.82860493,0.17139507,0.07944238,0.04390847,0.00189394,0.0272753,0.01616935,White,White,-0.04118905,-0.02901402,-0.11588419,0.80163159,0.45947175,83,Rural
MD,MD-5,103725,80465,0.01190648,0.04107781,0.8283353,0.1716647,0.08311688,0.04195613,0.00139191,0.01816939,0.02510408,White,White,-0.30745206,-0.26610762,-0.33616824,0.65994204,0.26752351,115.65,Rural
MD,MD-6,99485,76405,0.02854702,-0.00147866,0.57413782,0.42586218,0.30496695,0.06490413,0.00273542,0.03867548,0.02393822,White,White,0.13551921,0.16591021,0.06484907,0.6345108,0.32407649,340.52,Suburban
MD,MD-7,104092,80447,0.00008646,0.04476135,0.82699168,0.17300832,0.06598133,0.03783858,0.00145437,0.05046801,0.01494151,White,White,-0.18146406,-0.17702125,-0.29949908,0.81453059,0.44231923,609.67,Suburban
MD,MD-8,101628,80461,-0.00432952,0.02003042,0.90348119,0.09651881,0.0259256,0.02401163,0.00085756,0.02117796,0.01718845,White,White,-0.32033775,-0.30755379,-0.39914082,0.85915889,0.46455158,77.55,Rural
MD,MD-9,98319,75471,-0.02131836,-0.01318169,0.57820885,0.42179115,0.29085344,0.05362325,0.00111301,0.05811504,0.02263121,White,White,-0.0007905,0.00737963,-0.03172805,0.63152189,0.28530058,724.09,Suburban
MD,MD-10,95179,73534,-0.01025436,-0.04469757,0.70941333,0.29058667,0.13414203,0.09795469,0.00138711,0.02710311,0.03406587,White,White,-0.25777509,-0.21853046,-0.23995362,0.52814117,0.15017991,1189.97,Urban
MD,MD-11,102334,80351,-0.01772627,0.02711648,0.59802616,0.40197384,0.24181404,0.04466653,0.00102052,0.09865465,0.01589277,White,White,0.13424778,0.13157947,0.04463474,0.67368932,0.37410431,1552.27,Urban
MD,MD-12,96888,78436,-0.02509083,-0.0275445,0.62137284,0.37862716,0.25081595,0.05344485,0.00123668,0.06755826,0.01209904,White,White,0.42008973,0.41468254,0.29775222,0.63008466,0.55207822,1522.75,Urban
MD,MD-13,103885,82063,-0.00723877,0.04268371,0.7138418,0.2861582,0.12263749,0.05612761,0.00104798,0.09632843,0.01108904,White,White,0.2408722,0.24723063,0.14590813,0.76399244,0.62974718,391.74,Suburban
MD,MD-14,104679,82129,0.03764843,0.05065301,0.25677897,0.74322103,0.61415578,0.06786884,0.00125412,0.06038062,0.01604792,Black,Black,0.65181869,0.68962964,0.60911283,0.62446411,0.43531413,716.37,Suburban
MD,MD-15,104417,80222,0.01145407,0.04802335,0.24824861,0.75175139,0.64145746,0.05227992,0.00145845,0.05548353,0.01328813,Black,Black,0.60286057,0.69363344,0.68358539,0.69375877,0.39247452,1360.47,Urban
MD,MD-16,104553,82301,-0.00366321,0.04938836,0.55493858,0.44506142,0.24050741,0.07165162,0.00187118,0.11736188,0.01772761,White,White,0.25830383,0.29180952,0.22897469,0.61608076,0.39019426,1392.1,Urban
MD,MD-17,95438,75043,0.01256313,-0.04209801,0.31783111,0.68216889,0.60169503,0.03975054,0.00106606,0.03354077,0.01307251,Black,Black,0.61795879,0.67054367,0.65906397,0.61750476,0.39907144,2819.4,Urban
MD,MD-18,98543,84117,-0.0241316,-0.01093343,0.32910113,0.67089887,0.51752916,0.04574581,0.00126015,0.10297562,0.01421829,Black,Black,0.81062,0.83723422,0.80612029,0.53066501,0.42034766,3074.02,Urban
MD,MD-19,95861,78072,0.01999771,-0.0378524,0.14751768,0.85248232,0.77128804,0.03206015,0.00121683,0.04858336,0.01371811,Black,Black,0.84762126,0.90113302,0.9083624,0.46501062,0.27560474,3489.08,Urban
MD,MD-20,95549,78195,-0.05580383,-0.04098391,0.31141377,0.68858623,0.56879596,0.06926274,0.00108703,0.04578298,0.01606241,Black,Black,0.76535983,0.80643438,0.79389678,0.58243443,0.3986863,4715.68,Urban
MD,MD-21,98520,76097,-0.02587292,-0.01116427,0.28370369,0.71629631,0.5495486,0.13678594,0.00127469,0.02386428,0.02114407,Black,Black,0.66464965,0.69971303,0.63218517,0.53804299,0.29110117,2223.28,Urban
MD,MD-22,101797,80176,-0.05228052,0.02172666,0.3675913,0.6324087,0.50637348,0.08089703,0.00145929,0.03694372,0.01862153,Black,Black,0.6516952,0.69458857,0.6325206,0.50048622,0.31056769,1969.28,Urban
MD,MD-23,101971,79998,0.0263114,0.02347308,0.8718093,0.1281907,0.04626366,0.03696342,0.00098752,0.02297557,0.01800045,White,White,-0.29824948,-0.28863697,-0.39418052,0.72989972,0.33520895,125.32,Rural
MD,MD-24,101740,78686,0.00402005,0.02115455,0.82081946,0.17918054,0.04835676,0.03348753,0.00106753,0.0770531,0.01494548,White,White,-0.10606685,-0.10343787,-0.22783841,0.84791748,0.5228784,170.84,Rural
MD,MD-25,99207,73695,-0.00161279,-0.00426892,0.54808332,0.45191668,0.10505462,0.03870005,0.00123482,0.29535247,0.00968858,White,White,0.35415738,0.37367673,0.25315084,0.84125532,0.71346652,455.57,Suburban
MD,MD-26,103320,80474,-0.00414247,0.03701286,0.47425255,0.52574745,0.28508587,0.08874916,0.0018391,0.14486667,0.01808037,Minority,White,0.58729492,0.62919578,0.55402286,0.76444605,0.63451405,1291.39,Urban
MD,MD-27,98970,73331,0.03977973,-0.00664767,0.43187738,0.56812262,0.26613574,0.09871678,0.00181369,0.19347888,0.01832786,Minority,Minority,0.41902018,0.45917845,0.3604746,0.71638646,0.57166604,966.95,Suburban
MD,MD-28,101240,77507,0.04313512,0.0161361,0.37459842,0.62540158,0.41560117,0.10780962,0.00273524,0.09806856,0.02113358,Black,Black,0.48971846,0.50907363,0.4471479,0.62278992,0.46206755,616.08,Suburban
MD,MD-29,101521,78979,-0.00532895,0.01895647,0.59605718,0.40394282,0.22983325,0.10000127,0.00248167,0.05374846,0.02675395,White,White,0.05642412,0.06528708,-0.04049336,0.60677008,0.26303384,1152.36,Urban
MD,MD-30,101893,79432,0.00708586,0.0226902,0.75751586,0.24248414,0.12360258,0.05145281,0.00176251,0.04265284,0.02242169,White,White,-0.1283982,-0.11891384,-0.24929577,0.72234423,0.35819046,808.14,Suburban
MD,MD-31,98782,75269,0.01585309,-0.00853461,0.71118256,0.28881744,0.14003109,0.05869614,0.00273685,0.07147697,0.01866638,White,White,0.14474119,0.13540019,0.00022327,0.78986303,0.52330546,534.26,Suburban
MD,MD-32,103038,82522,0.02447641,0.03418246,0.72354039,0.27645961,0.12643901,0.10197281,0.00130874,0.03165217,0.01697729,White,White,0.20727986,0.22600186,0.12988717,0.71109037,0.53037849,549.24,Suburban
MD,MD-33,102908,79127,0.0222043,0.03287766,0.77044498,0.22955502,0.14183528,0.03609387,0.00208526,0.02609729,0.02315265,White,White,-0.11326413,-0.06531259,-0.17413411,0.75813221,0.36355026,157.82,Rural
MD,MD-34,101215,76814,0.01081855,0.01588518,0.7140365,0.2859635,0.16681855,0.05168329,0.0026818,0.04559065,0.02335512,White,White,-0.13278764,-0.10360962,-0.19272669,0.68272956,0.36230065,124.43,Rural
MD,MD-35,99245,76794,0.02960351,-0.00388752,0.56020002,0.43979998,0.3429695,0.04353205,0.00289085,0.03174727,0.03028882,White,White,0.13507023,0.10130767,-0.01057896,0.76004202,0.28552537,81.59,Rural
MD,MD-36,98413,74056,0.01993639,-0.01223822,0.19329967,0.80670033,0.67353084,0.07276926,0.00167441,0.05865831,0.02527817,Black,Black,0.66554392,0.70169921,0.62681301,0.7203505,0.35669402,610.02,Suburban
MD,MD-37,94902,76491,-0.0041938,-0.04747779,0.07379953,0.92620047,0.73336732,0.13489169,0.00219634,0.06015087,0.0183551,Black,Black,0.79010628,0.84233998,0.8443621,0.67122328,0.3398851,789.48,Suburban
MD,MD-38,95161,75343,0.01393428,-0.04487823,0.11718408,0.88281592,0.78717333,0.07374275,0.00213689,0.025218,0.02138221,Black,Black,0.78026082,0.8130817,0.79554951,0.66056864,0.33403595,222.86,Suburban
MD,MD-39,97735,76180,-0.05671459,-0.01904324,0.02353636,0.97646364,0.86819375,0.10009189,0.00115516,0.01254923,0.01757679,Black,Black,0.86037747,0.91499413,0.93288939,0.51149096,0.21882492,2278.01,Urban
MD,MD-40,97051,76657,0.01402355,-0.02590849,0.0417183,0.9582817,0.88332442,0.05651147,0.00125233,0.02589457,0.01458445,Black,Black,0.85563304,0.8971589,0.90268365,0.75846476,0.47661783,811.23,Suburban
MD,MD-41,96662,72792,-0.00217252,-0.02981284,0.04952467,0.95047533,0.73166007,0.20356633,0.0017447,0.02068909,0.02042807,Black,Black,0.80008886,0.87310895,0.90489507,0.58650823,0.26329462,1861.51,Urban
MD,MD-42,99760,75772,-0.00936247,0.00128149,0.10317795,0.89682205,0.42767777,0.43970068,0.00225677,0.03919654,0.03894578,Hispanic,Black,0.68803802,0.79429042,0.84004033,0.53947341,0.28364952,3362.03,Urban
MD,MD-43,100697,79936,0.0068721,0.01068606,0.27420687,0.72579313,0.23854083,0.35863691,0.00152622,0.13076711,0.04190853,Hispanic,Hispanic,0.60870815,0.70140479,0.70474239,0.41471167,0.3227686,2365.97,Urban
MD,MD-44,99356,77359,-0.02255526,-0.00277342,0.20314378,0.79685622,0.55921095,0.17182228,0.00148658,0.06989491,0.02129035,Black,Black,0.66842255,0.7269633,0.69299645,0.70744228,0.41100982,822.35,Suburban
MD,MD-45,99142,77159,-0.0050937,-0.00492132,0.20998199,0.79001801,0.47238819,0.22410866,0.0018922,0.09591882,0.02297852,Black,Black,0.60487197,0.67600378,0.65646815,0.68840986,0.41226524,1105.64,Urban
MD,MD-46,97283,75739,-0.02128841,-0.02357992,0.35055916,0.64944084,0.53610425,0.06311147,0.00158439,0.04626414,0.01777156,Black,Black,0.55039006,0.57771967,0.43225471,0.80968917,0.50603434,337.31,Suburban
MD,MD-47,95276,74044,0.00460767,-0.04372399,0.36851062,0.63148938,0.32157906,0.22155745,0.00191778,0.08829885,0.02386419,Minority,Minority,0.7709737,0.83685015,0.81638363,0.69967622,0.59982292,3978.73,Urban
MD,MD-48,100033,76224,0.01825398,0.00402156,0.27360149,0.72639851,0.43057305,0.16633869,0.00153495,0.13121851,0.01849811,Black,Black,0.55930955,0.67148165,0.66853946,0.70059935,0.49589325,1719.17,Urban
MD,MD-49,100221,79045,0.00455992,0.0059085,0.38992979,0.61007021,0.26947941,0.17970776,0.0018091,0.14992726,0.01667405,Minority,Minority,0.50906968,0.57314503,0.51299069,0.77365536,0.52519739,707.04,Suburban
MD,MD-50,96069,73165,0.00648492,-0.03576472,0.34275952,0.65724048,0.1681405,0.35849108,0.00183148,0.12541516,0.02892093,Hispanic,Hispanic,0.54958427,0.64402805,0.64547005,0.71869338,0.45404155,2543.09,Urban
MD,MD-51,100037,77898,-0.00869678,0.00406171,0.72185422,0.27814578,0.05715166,0.0800534,0.00152764,0.12463735,0.0086395,White,White,0.68658342,0.71380753,0.65192783,0.86480204,0.88286016,1891.65,Urban
MD,MD-52,103599,81345,-0.0138901,0.03981316,0.58677239,0.41322761,0.08285697,0.09838343,0.00157354,0.2171123,0.0086545,White,White,0.52058197,0.57740714,0.51789861,0.79183995,0.79309452,1009.68,Urban
MD,MD-53,95042,75310,0.01289956,-0.04607262,0.49385208,0.50614792,0.1166379,0.16096136,0.0017262,0.21666445,0.01629266,Minority,White,0.53461238,0.57828733,0.50579962,0.76339972,0.63389457,1385.93,Urban
MD,MD-54,99884,76130,-0.01523768,0.00252606,0.40190464,0.59809536,0.19025351,0.25033495,0.00198345,0.15057139,0.02294759,Minority,Minority,0.38524832,0.46704188,0.44703324,0.73330652,0.49255645,573.07,Suburban
MD,MD-55,104535,80532,0.00403693,0.0492077,0.37568917,0.62431083,0.15987434,0.2066011,0.00203646,0.25153976,0.01702429,Minority,Minority,0.49342544,0.56783229,0.53680161,0.7112705,0.58912,1984.7,Urban
MD,MD-56,96452,73160,-0.00077759,-0.03192059,0.2997813,0.7002187,0.25713505,0.20721706,0.00198196,0.23156096,0.01943685,Minority,Minority,0.46524101,0.56522131,0.54700065,0.69737843,0.50031308,1703.16,Urban
MD,MD-57,97349,71226,0.05093016,-0.02291749,0.56532727,0.43467273,0.11675512,0.10608486,0.00148822,0.19939348,0.01554208,White,White,0.24169383,0.28232346,0.17536497,0.81822952,0.60707086,133.5,Rural
MD,MD-58,101436,79098,0.07439173,0.01810334,0.67863916,0.32136084,0.14847404,0.10263218,0.00201016,0.05576626,0.01941895,White,White,0.25521558,0.26266976,0.14744773,0.74109735,0.44745099,328.91,Suburban
MD,MD-59,99708,76478,0.0538372,0.00075957,0.84166688,0.15833312,0.04843223,0.05146578,0.001556,0.03543503,0.01962656,White,White,-0.12372654,-0.12392264,-0.24184079,0.78519986,0.41483464,94.36,Rural
MD,MD-60,104010,79680,0.00262475,0.04393833,0.60823293,0.39176707,0.19914659,0.1310241,0.00144327,0.04706325,0.02325552,White,White,0.08339194,0.12602821,0.03200304,0.58250597,0.26932252,436.71,Suburban
MD,MD-61,94832,74587,0.01045006,-0.04818037,0.84466462,0.15533538,0.07192942,0.0430638,0.00126027,0.01882366,0.01982919,White,White,-0.33674346,-0.33282509,-0.40925399,0.68539695,0.24620943,88.47,Rural
MD,MD-62,96912,79374,-0.00871925,-0.02730362,0.88448358,0.11551642,0.07139618,0.01316552,0.00099529,0.01113715,0.01616398,White,White,-0.44683689,-0.44212142,-0.48368969,0.61411144,0.22000173,34.93,Rural
ME,ME-1,97314,79186,0.02490906,0.00002716,0.92915414,0.07084586,0.0115677,0.01664436,0.00088399,0.01630339,0.01612659,White,White,0.17934809,0.19307791,0.10993312,0.79508487,0.3729671,109.04,Rural
ME,ME-2,99832,82323,0.02167642,0.02590286,0.91631743,0.08368257,0.01696974,0.01718839,0.00080172,0.02536351,0.01579146,White,White,0.26902564,0.27049582,0.16722475,0.76799808,0.42958436,172.34,Rural
ME,ME-3,95140,79924,0.00938617,-0.0223135,0.82983835,0.17016165,0.0767354,0.03180521,0.00148891,0.03907462,0.01448876,White,White,0.61108618,0.6171975,0.5311566,0.72920403,0.55312173,1048.18,Urban
ME,ME-4,95720,77437,0.02026745,-0.01635325,0.92206568,0.07793432,0.01488952,0.01887986,0.00100727,0.01959012,0.01669744,White,White,0.33017449,0.31539015,0.22066423,0.85039974,0.49291257,83.33,Rural
ME,ME-5,97873,77440,0.02456244,0.00577161,0.88607955,0.11392045,0.05374483,0.01647727,0.00127841,0.01309401,0.02222366,White,White,-0.02922173,0.00215643,-0.07028853,0.66848918,0.23341559,121.37,Rural
ME,ME-6,98371,78848,0.0218357,0.0108892,0.90797484,0.09202516,0.02523843,0.01709619,0.00109071,0.02291751,0.01705814,White,White,0.15769635,0.16420436,0.06069273,0.78628032,0.43058727,115.88,Rural
ME,ME-7,99453,82075,0.01665108,0.02200815,0.93622906,0.06377094,0.00904051,0.01191593,0.00110874,0.00908925,0.0222845,White,White,0.10296636,0.10617024,0.04312934,0.78235841,0.35661063,39.84,Rural
ME,ME-8,100033,81494,0.02767087,0.0279684,0.92117211,0.07882789,0.01227084,0.01741232,0.00103075,0.01536309,0.02425945,White,White,-0.00859934,0.0259845,-0.01343699,0.71617895,0.30789034,53.3,Rural
ME,ME-9,95085,78449,0.01647999,-0.0228787,0.93502785,0.06497215,0.0084386,0.01316779,0.00099428,0.0115489,0.02121123,White,White,0.08812124,0.09665285,0.04810797,0.7829376,0.35221897,15.84,Rural
ME,ME-10,94423,76303,0.02576703,-0.0296816,0.93820689,0.06179311,0.00676251,0.01103495,0.00077323,0.00798134,0.02432408,White,White,-0.11365659,-0.08546386,-0.14491092,0.7693205,0.24901939,23.99,Rural
ME,ME-11,99065,79908,0.01507091,0.01802095,0.93388647,0.06611353,0.00788407,0.01093758,0.00118887,0.00954848,0.02570456,White,White,-0.16937672,-0.1239105,-0.1373015,0.69807194,0.21434164,11.06,Rural
ME,ME-12,94333,76855,0.01345234,-0.03060647,0.94031618,0.05968382,0.00636263,0.01081257,0.00089779,0.00684406,0.02578882,White,White,-0.35097966,-0.32527209,-0.30780963,0.72807051,0.19196036,3.52,Rural
ME,ME-13,97517,80098,0.02163725,0.00211325,0.90815002,0.09184998,0.01801543,0.01677945,0.0010612,0.02221029,0.02890209,White,White,0.05597286,0.07630441,0.02370241,0.68655564,0.37120423,64.31,Rural
ME,ME-14,98200,79745,0.00192464,0.00913195,0.92887328,0.07112672,0.00911656,0.01221393,0.00086526,0.00739858,0.03804627,White,White,-0.24799719,-0.19566682,-0.17298688,0.68796141,0.22414735,4.11,Rural
MI,MI-1,99684,81343,0.00303961,-0.00091651,0.91072373,0.08927627,0.01548996,0.01381803,0.00108184,0.01558831,0.0371882,White,White,-0.24668275,-0.20979472,-0.23446185,0.70333125,0.25878388,5.91,Rural
MI,MI-2,99195,80885,0.02179545,-0.00581752,0.86138345,0.13861655,0.02105458,0.01666564,0.00100142,0.00907461,0.08405761,White,White,-0.00317299,0.01707525,-0.03598017,0.68755876,0.30741248,9.47,Rural
MI,MI-3,102725,83764,-0.00662935,0.02956193,0.86158732,0.13841268,0.03457333,0.01288143,0.00089537,0.00614823,0.07917482,White,White,-0.31843424,-0.29276443,-0.28728969,0.71544164,0.19770082,6.81,Rural
MI,MI-4,101536,82751,0.01046919,0.01764517,0.92361422,0.07638578,0.0061389,0.01381252,0.00165557,0.00662228,0.03916569,White,White,-0.20893487,-0.20677698,-0.2697994,0.825777,0.31786291,20.43,Rural
MI,MI-5,97228,79813,0.00700416,-0.02553179,0.91634195,0.08365805,0.00870785,0.02637415,0.00095223,0.0105246,0.02777743,White,White,0.07524576,0.05042523,-0.05180271,0.85336619,0.43884277,60.64,Rural
MI,MI-6,96368,77372,0.01528516,-0.03415114,0.90566355,0.09433645,0.015251,0.02939048,0.00111151,0.00801323,0.03309983,White,White,-0.20961633,-0.2006686,-0.22602599,0.77702573,0.25604231,22.28,Rural
MI,MI-7,101712,83305,0.01319412,0.01940913,0.93467379,0.06532621,0.00623012,0.01119981,0.00094832,0.00609807,0.0326391,White,White,-0.32605808,-0.31468984,-0.3315503,0.76915766,0.20725328,13.06,Rural
MI,MI-8,100840,84165,0.01309004,0.0106695,0.93906018,0.06093982,0.00613081,0.01574289,0.00081982,0.00607141,0.02350146,White,White,-0.36116321,-0.33686093,-0.33730756,0.77321338,0.1710643,11.35,Rural
MI,MI-9,99372,79747,0.00970092,-0.00404354,0.93528283,0.06471717,0.00629491,0.01637679,0.00048905,0.00476507,0.02831454,White,White,-0.38086157,-0.34268955,-0.32166228,0.73550407,0.1498055,20.05,Rural
MI,MI-10,99980,80002,0.00138028,0.00205015,0.84839129,0.15160871,0.03929902,0.0361866,0.00157496,0.0318367,0.03747406,White,White,-0.00973656,0.00350472,-0.05807905,0.65853415,0.4,148.39,Rural
MI,MI-11,103856,83217,-0.00816515,0.04089738,0.89784539,0.10215461,0.0215581,0.04488266,0.00032445,0.00805124,0.0219186,White,White,-0.14715234,-0.11555931,-0.12630823,0.74366747,0.20085959,90.64,Rural
MI,MI-12,97437,76163,0.02150107,-0.02343708,0.92064388,0.07935612,0.01645156,0.02196605,0.00055145,0.00840303,0.02518283,White,White,-0.38591923,-0.36440125,-0.34628439,0.72613628,0.21594358,18.51,Rural
MI,MI-13,95747,74835,0.01759846,-0.04037512,0.89105365,0.10894635,0.02163426,0.04568718,0.00101557,0.00688181,0.02637803,White,White,-0.38617067,-0.36537569,-0.36437481,0.73197451,0.17948156,18.75,Rural
MI,MI-14,99354,76594,0.01512773,-0.00422394,0.88023866,0.11976134,0.01466172,0.05807243,0.00065279,0.00750712,0.02970207,White,White,-0.24012564,-0.22564545,-0.2050082,0.76072966,0.20496155,44.88,Rural
MI,MI-15,99126,77029,-0.01099611,-0.00650907,0.67369432,0.32630568,0.23171792,0.05495333,0.00110348,0.01129445,0.0273793,White,White,0.17640711,0.19961011,0.19093639,0.64996695,0.20142573,572.41,Suburban
MI,MI-16,95746,75676,-0.00618303,-0.04038514,0.72581796,0.27418204,0.1764496,0.05140335,0.00077964,0.02045563,0.02013849,White,White,0.08647308,0.08716879,0.02294946,0.7693121,0.34263308,113.69,Rural
MI,MI-17,98552,77073,0.02934491,-0.01226199,0.77023082,0.22976918,0.02681873,0.14173576,0.0012845,0.04128553,0.02133043,White,White,0.0171997,0.0160043,-0.07220671,0.75639385,0.37626393,409,Suburban
MI,MI-18,99256,74842,-0.00308294,-0.00520615,0.83942172,0.16057828,0.02787205,0.07454371,0.00098875,0.03904225,0.01565966,White,White,-0.34537186,-0.36837949,-0.47522897,0.77498937,0.33304097,161.44,Rural
MI,MI-19,98392,74153,0.02456501,-0.01386559,0.91543161,0.08456839,0.01490162,0.03150243,0.00110582,0.01525225,0.01527922,White,White,-0.28021721,-0.29542279,-0.37889766,0.84794517,0.38098756,162.98,Rural
MI,MI-20,102936,79716,0.00791754,0.03167668,0.8589869,0.1410131,0.05449345,0.03619098,0.0010412,0.03142406,0.01481509,White,White,0.12664415,0.11731886,-0.00354193,0.86183177,0.49852577,587.74,Suburban
MI,MI-21,102306,81539,-0.01697848,0.0253625,0.7605563,0.2394437,0.09169845,0.1007616,0.00168018,0.02424607,0.02458946,White,White,0.15423278,0.15616191,0.03490308,0.70518459,0.3524793,520.43,Suburban
MI,MI-22,99337,72636,0.01647926,-0.00439432,0.52190374,0.47809626,0.16277053,0.28148576,0.00158324,0.02494631,0.03216036,White,White,0.19122971,0.20565565,0.118802,0.64828948,0.21617886,1515.57,Urban
MI,MI-23,96730,73303,-0.00097178,-0.030523,0.60852898,0.39147102,0.18240727,0.10201492,0.00106408,0.09456639,0.0190306,White,White,0.13158057,0.14666611,0.059819,0.74414439,0.32996239,1098.87,Urban
MI,MI-24,98370,77102,0.00547931,-0.01408609,0.73091489,0.26908511,0.15186376,0.05439548,0.00077819,0.04774195,0.01542113,White,White,0.29295251,0.30161583,0.20517471,0.77015268,0.56079514,447.45,Suburban
MI,MI-25,97433,73033,0.01312697,-0.02347717,0.91714704,0.08285296,0.01091288,0.03349171,0.00049293,0.01029672,0.01804664,White,White,-0.27668539,-0.27671721,-0.33165041,0.87047477,0.33025512,82.18,Rural
MI,MI-26,95364,75131,0.00391133,-0.04421374,0.78996686,0.21003314,0.08896461,0.05244174,0.00111805,0.04420279,0.02104324,White,White,0.13482185,0.14762011,0.07493215,0.79049476,0.39932595,150.54,Rural
MI,MI-27,101555,77870,-0.01939836,0.0178356,0.75893155,0.24106845,0.12170284,0.06247592,0.00107872,0.03242584,0.02468216,White,White,0.08176034,0.11730589,0.0648823,0.75830961,0.30194672,120.63,Rural
MI,MI-28,103997,83942,0.02254873,0.04231055,0.61513902,0.38486098,0.19300231,0.10813419,0.00169164,0.0634724,0.02800743,White,White,0.46500446,0.48972546,0.44390747,0.61761684,0.35812408,1108.53,Urban
MI,MI-29,100876,83319,-0.01289702,0.01103031,0.77587345,0.22412655,0.0726605,0.04293138,0.0011522,0.08814316,0.01620279,White,White,0.27592855,0.29852408,0.23616003,0.71361076,0.54566824,129.15,Rural
MI,MI-30,102145,79029,0.00889911,0.02374887,0.91877665,0.08122335,0.01185641,0.03044452,0.00098698,0.00764276,0.02216908,White,White,-0.32510831,-0.30438459,-0.30972321,0.77568759,0.22257415,41.48,Rural
MI,MI-31,104755,81048,0.00382798,0.04990761,0.89518557,0.10481443,0.03050044,0.04197513,0.00077732,0.00542888,0.01956865,White,White,-0.36336811,-0.33738874,-0.32382302,0.70398974,0.1785133,29.17,Rural
MI,MI-32,102113,80522,0.00284978,0.02342815,0.86181416,0.13818584,0.06641663,0.04231142,0.00100594,0.00553886,0.0174859,White,White,-0.31682215,-0.30258846,-0.29586619,0.63650115,0.16060081,46.33,Rural
MI,MI-33,99038,77737,-0.00310992,-0.00739105,0.82806128,0.17193872,0.06307164,0.04827817,0.00154367,0.02377246,0.02795323,White,White,-0.26634456,-0.25242449,-0.29492057,0.69581205,0.25146503,75.57,Rural
MI,MI-34,97768,75633,0.00159561,-0.02011963,0.83996404,0.16003596,0.04076263,0.07036611,0.00117674,0.00786694,0.03530205,White,White,-0.23292546,-0.19497668,-0.20751545,0.71227771,0.21470649,40.51,Rural
MI,MI-35,100510,74450,0.03289225,0.00736208,0.86346541,0.13653459,0.03254533,0.05292142,0.0012223,0.02960376,0.01743452,White,White,-0.31388443,-0.32116132,-0.40842343,0.85751905,0.35551838,127.69,Rural
MI,MI-36,97561,74409,0.005084,-0.02219429,0.88436883,0.11563117,0.021785,0.04979236,0.00069884,0.00963593,0.02507761,White,White,-0.2173339,-0.190113,-0.21792673,0.75833066,0.2403617,56.4,Rural
MI,MI-37,100701,79944,-0.00458784,0.00927638,0.67492245,0.32507755,0.20074052,0.06679676,0.00108826,0.03184729,0.02641849,White,White,0.40871343,0.42348411,0.37111208,0.61577007,0.35752184,606.21,Suburban
MI,MI-38,103160,79836,0.01056611,0.03392172,0.79480435,0.20519565,0.09309084,0.04133474,0.00101458,0.04798587,0.02055464,White,White,0.19386972,0.19240117,0.10717845,0.79741907,0.48816885,365.03,Suburban
MI,MI-39,102691,79846,-0.00621281,0.02922116,0.91770408,0.08229592,0.01988828,0.02355785,0.00062621,0.00771485,0.0235829,White,White,-0.33082979,-0.31302729,-0.32985733,0.7714945,0.23607206,34.66,Rural
MI,MI-40,101817,76825,0.00621704,0.02046149,0.86733485,0.13266515,0.03225513,0.06142532,0.00074195,0.01000976,0.02198503,White,White,-0.37431819,-0.34616633,-0.34122273,0.63924303,0.16495798,41.97,Rural
MI,MI-41,100639,77170,-0.00298095,0.00865498,0.73519502,0.26480498,0.14662434,0.05369962,0.00103667,0.03614099,0.02688869,White,White,-0.03290406,0.00029793,-0.02097667,0.65330632,0.22955915,180.17,Rural
MI,MI-42,99427,77835,-0.00107617,-0.0034923,0.8011306,0.1988694,0.12120511,0.03402068,0.00078371,0.0150061,0.024462,White,White,-0.00112285,0.01288912,-0.01297478,0.64918515,0.25485572,141.43,Rural
MI,MI-43,99423,78518,-0.0101385,-0.00353239,0.8571283,0.1428717,0.034629,0.06992027,0.00050944,0.00836751,0.02605772,White,White,-0.23042245,-0.19902949,-0.21090703,0.71303401,0.2248014,51.21,Rural
MI,MI-44,95097,72888,-0.00909598,-0.04688975,0.53442268,0.46557732,0.32721436,0.11118428,0.00107014,0.01360992,0.02149874,White,White,0.28649671,0.32178144,0.30886968,0.64952427,0.18665011,331.62,Suburban
MI,MI-45,95027,75716,-0.00625086,-0.04759132,0.88360452,0.11639548,0.03687464,0.03884252,0.00059433,0.01780337,0.01649585,White,White,-0.28666033,-0.26368062,-0.29174381,0.76430554,0.26947545,53.17,Rural
MI,MI-46,103235,81857,-0.00201482,0.03467341,0.91540125,0.08459875,0.02242936,0.02145204,0.00079407,0.01070159,0.02205065,White,White,-0.35270535,-0.32220917,-0.32819628,0.75589775,0.25709162,40.93,Rural
MI,MI-47,101256,75781,-0.01305602,0.01483887,0.3909951,0.6090049,0.53937003,0.04275478,0.00102928,0.00818147,0.02509864,Black,Black,0.541027,0.59896309,0.63200019,0.55616075,0.11846039,601.62,Suburban
MI,MI-48,100582,79032,-0.00357917,0.0080837,0.73384199,0.26615801,0.17662466,0.03237929,0.00064531,0.02965887,0.02337028,White,White,0.08303941,0.12968618,0.08677858,0.75942685,0.30956905,389.84,Suburban
MI,MI-49,100833,79260,-0.00653556,0.01059935,0.85092102,0.14907898,0.06932879,0.03382538,0.00089579,0.00915973,0.02876609,White,White,-0.11146193,-0.07007697,-0.06938908,0.74272645,0.19894341,199.82,Rural
MI,MI-50,103540,81836,-0.00545683,0.03773027,0.90449191,0.09550809,0.02581993,0.02625984,0.00069651,0.0093724,0.02533115,White,White,-0.17578167,-0.14395146,-0.16671262,0.81529999,0.27782687,144.06,Rural
MI,MI-51,98942,78487,-0.00634715,-0.00835321,0.93446048,0.06553952,0.00713494,0.02674328,0.00042045,0.00484157,0.01860181,White,White,-0.43685366,-0.41218547,-0.40067996,0.73228589,0.15404392,17.57,Rural
MI,MI-52,97279,76993,0.00004112,-0.02502064,0.90600444,0.09399556,0.01475459,0.03697739,0.0007663,0.00667593,0.02549582,White,White,-0.40449364,-0.36877325,-0.38309791,0.78653291,0.18837524,47.83,Rural
MI,MI-53,98615,78518,0.00863966,-0.01163057,0.90832675,0.09167325,0.02784075,0.0284266,0.000675,0.00508164,0.02084872,White,White,-0.45499698,-0.42053984,-0.42250708,0.78942142,0.1864785,44.91,Rural
MI,MI-54,101814,80364,-0.00385998,0.02043142,0.88924145,0.11075855,0.04107561,0.03087203,0.00067194,0.01034045,0.02198746,White,White,-0.2505318,-0.20564487,-0.22913885,0.73651689,0.20751799,160.88,Rural
MI,MI-55,99680,78067,0.00143459,-0.0009566,0.92692175,0.07307825,0.00731423,0.02382569,0.00139624,0.00726299,0.02390255,White,White,-0.28133184,-0.24843431,-0.2552373,0.78506212,0.21208318,54,Rural
MI,MI-56,94892,74478,0.01153943,-0.04894436,0.92297054,0.07702946,0.00798894,0.02492011,0.00122184,0.0133328,0.02153656,White,White,-0.26545911,-0.25126236,-0.32800542,0.84084975,0.35522856,130.57,Rural
MI,MI-57,98624,77811,-0.0016426,-0.01154037,0.88295999,0.11704001,0.03608744,0.03720554,0.00050121,0.01078254,0.02581897,White,White,-0.22050301,-0.17461893,-0.1712979,0.7129874,0.22877201,239.73,Suburban
MI,MI-58,95583,78055,-0.00590063,-0.04201881,0.61311895,0.38688105,0.18148741,0.02737813,0.00070463,0.16323106,0.01104349,White,White,0.27567279,0.30567225,0.24469658,0.78455713,0.57240474,1027.15,Urban
MI,MI-59,95579,78297,-0.00560793,-0.0420589,0.31061216,0.68938784,0.62996028,0.02109915,0.00097066,0.03230009,0.01278465,Black,Black,0.61900169,0.66164082,0.66106122,0.77821565,0.44399749,1030.24,Urban
MI,MI-60,102845,80723,0.01504205,0.03076463,0.8689345,0.1310655,0.05268635,0.03370787,0.00080522,0.00968745,0.02712981,White,White,-0.25868624,-0.22823288,-0.2340802,0.79262479,0.25020766,74.12,Rural
MI,MI-61,100655,78345,0.00984551,0.00881534,0.90684792,0.09315208,0.01555938,0.03300785,0.00056162,0.01673368,0.01890357,White,White,-0.35434657,-0.33373741,-0.38704988,0.87209197,0.36429282,151.87,Rural
MI,MI-62,104417,84152,-0.01395367,0.04652001,0.80630288,0.19369712,0.07689657,0.02373087,0.00091501,0.07463875,0.01267944,White,White,-0.16613413,-0.07943319,-0.10826407,0.74661713,0.30070591,1323.76,Urban
MI,MI-63,104573,84323,0.00903675,0.04808352,0.83999621,0.16000379,0.04061763,0.02432314,0.00067597,0.078057,0.01138479,White,White,-0.29664979,-0.22711018,-0.25028061,0.77756049,0.35798648,1119.71,Urban
MI,MI-64,104451,80068,0.01384381,0.04686077,0.85038967,0.14961033,0.06324624,0.02562822,0.00076185,0.03977869,0.01346356,White,White,-0.27090719,-0.21571574,-0.26304733,0.86679751,0.3590888,1010.46,Urban
MI,MI-65,103405,83596,-0.00707896,0.03637723,0.7406096,0.2593904,0.18845399,0.02604192,0.0008254,0.02341021,0.01838605,White,White,0.00148225,0.04979911,0.00642311,0.69073729,0.21134529,1403.24,Urban
MI,MI-66,96512,77822,0.00307734,-0.0327079,0.86745393,0.13254607,0.06485313,0.02438899,0.00079669,0.01604945,0.02085529,White,White,-0.24076226,-0.2111669,-0.24622389,0.80739467,0.26786462,756.7,Suburban
MI,MI-67,94839,75202,-0.01331731,-0.04947556,0.68171059,0.31828941,0.25392942,0.02236643,0.00070477,0.01757932,0.01999947,White,White,0.14968981,0.17015131,0.11392405,0.73388768,0.21426471,2222.75,Urban
MI,MI-68,97250,78048,0.00099743,-0.02531129,0.74065959,0.25934041,0.17480269,0.0215124,0.00099938,0.03668255,0.0226271,White,White,0.00409165,0.04659971,0.00331697,0.69482314,0.1867668,1603.72,Urban
MI,MI-69,96867,76046,-0.02065719,-0.02914991,0.6316966,0.3683034,0.19813008,0.02327539,0.00103884,0.12341215,0.01881756,White,White,0.07519185,0.16601723,0.13060566,0.66717818,0.20300345,1532.38,Urban
MI,MI-70,100615,84541,-0.01116136,0.00841444,0.83930874,0.16069126,0.04305603,0.03248128,0.00088714,0.06478513,0.0138631,White,White,0.2731248,0.2856553,0.19229489,0.81607709,0.56634772,1676,Urban
MI,MI-71,103590,84977,-0.00417994,0.03823139,0.67571225,0.32428775,0.23228638,0.0295374,0.00064723,0.04081104,0.0196053,White,White,0.43342568,0.45750357,0.42468162,0.74754306,0.40057371,1858.36,Urban
MI,MI-72,103436,81136,0.00922309,0.03668793,0.74663528,0.25336472,0.0426691,0.0379856,0.00076415,0.15265727,0.01278101,White,White,-0.00003199,0.03411317,-0.06147775,0.84719098,0.61318998,931.76,Suburban
MI,MI-73,101118,77720,0.00483593,0.01345576,0.72602934,0.27397066,0.04045291,0.02613227,0.00059187,0.19298765,0.00837622,White,White,0.08057722,0.12041579,0.01622042,0.89713489,0.71747334,990.13,Suburban
MI,MI-74,99406,79590,-0.00044263,-0.00370277,0.7498932,0.2501068,0.11462495,0.02211333,0.00085438,0.09670813,0.00879507,White,White,0.09668058,0.17403036,0.1433804,0.90823744,0.62343184,836.19,Suburban
MI,MI-75,100770,79205,0.00795872,0.00996793,0.66455401,0.33544599,0.09102961,0.03763651,0.00092166,0.18894009,0.01285272,White,White,0.09308785,0.12110835,0.03319758,0.7946563,0.57477887,826.41,Suburban
MI,MI-76,96864,76192,0.01659027,-0.02917998,0.90379567,0.09620433,0.01715403,0.02706321,0.00077436,0.01907024,0.02207581,White,White,-0.20925005,-0.19207331,-0.272281,0.8644458,0.38103909,192.25,Rural
MI,MI-77,101802,82702,-0.00351663,0.02031115,0.8484559,0.1515441,0.04713308,0.05349326,0.00061667,0.02123286,0.02251457,White,White,-0.13096825,-0.11666399,-0.18697602,0.78755907,0.30064751,604.55,Suburban
MI,MI-78,99714,76790,0.01092123,-0.00061584,0.87540044,0.12459956,0.02431306,0.03935408,0.00049486,0.0355515,0.01768459,White,White,-0.18203018,-0.17286776,-0.25880059,0.88192288,0.4869846,303.45,Suburban
MI,MI-79,96842,74755,0.01475599,-0.02940048,0.42302187,0.57697813,0.35731389,0.13850579,0.00121731,0.06846365,0.0220721,Minority,Minority,0.34276344,0.40563126,0.4099778,0.58161512,0.29484527,748.83,Suburban
MI,MI-80,102405,79279,0.02433475,0.02635473,0.90250886,0.09749114,0.01387505,0.02440747,0.00070637,0.03013408,0.01810063,White,White,-0.13227093,-0.12996992,-0.21898243,0.88720602,0.48589333,287.29,Suburban
MI,MI-81,96016,76200,0.01814281,-0.03767907,0.75330709,0.24669291,0.06759843,0.04448819,0.00175853,0.11304462,0.01667979,White,White,0.46857832,0.47272554,0.39196715,0.8919183,0.68328446,218.07,Suburban
MI,MI-82,97837,78857,-0.02038084,-0.01942808,0.57076734,0.42923266,0.27456028,0.0639512,0.00185145,0.06935339,0.02392939,White,White,0.52014563,0.56578842,0.51428506,0.68708655,0.39849723,878.93,Suburban
MI,MI-83,96406,84326,-0.02493621,-0.03377029,0.67293599,0.32706401,0.06593459,0.0490596,0.00179067,0.19590636,0.01018666,White,White,0.72121347,0.76733043,0.73066089,0.73098637,0.8158744,1057.13,Urban
MI,MI-84,102258,81033,-0.00848833,0.02488142,0.7984895,0.2015105,0.06135772,0.03264102,0.00065405,0.08723606,0.01416707,White,White,0.0743798,0.09166778,0.00132158,0.90254825,0.57847746,280.77,Suburban
MI,MI-85,102945,81498,-0.02097236,0.03176688,0.82044958,0.17955042,0.06732681,0.04909323,0.00083438,0.032737,0.02401286,White,White,-0.11175451,-0.05884346,-0.09587686,0.80577596,0.27425998,656.72,Suburban
MI,MI-86,102083,81210,-0.02196252,0.02312748,0.75339244,0.24660756,0.0741288,0.12580963,0.00131757,0.0156631,0.03173255,White,White,0.00400015,0.06873216,0.03730276,0.70597773,0.17643825,1947.98,Urban
MI,MI-87,101922,78952,-0.02226212,0.02151385,0.70996302,0.29003698,0.14617742,0.08940875,0.00120326,0.02460989,0.02821968,White,White,-0.00684601,0.06340572,0.04683476,0.67235264,0.18434522,1208.34,Urban
MI,MI-88,96036,68768,-0.03493482,-0.03747862,0.85186424,0.14813576,0.04872906,0.03305316,0.00061075,0.04683865,0.00898674,White,White,-0.07517743,0.43086085,0.37414543,0.58101137,0.32841806,1717.56,Urban
MI,MI-89,95467,72798,-0.0147276,-0.04318142,0.81590154,0.18409846,0.0895629,0.04390231,0.00108519,0.02609962,0.01921756,White,White,-0.05366293,0.17839773,0.10869398,0.62599501,0.25463704,2027.52,Urban
MI,MI-90,100118,80976,-0.02206396,0.00343325,0.69446503,0.30553497,0.19311895,0.0381718,0.00091385,0.04579135,0.02543964,White,White,0.10286164,0.14463379,0.11205046,0.68930961,0.21509006,1548.54,Urban
MI,MI-91,97809,75085,-0.01493728,-0.01970871,0.45146168,0.54853832,0.47038689,0.03559965,0.00125191,0.02172205,0.02489179,Black,Black,0.37077305,0.43466111,0.44523508,0.65298948,0.20386702,468.8,Suburban
MI,MI-92,98659,75585,0.00387192,-0.01118958,0.63572137,0.36427863,0.11462592,0.03365747,0.00085996,0.19686446,0.01551895,White,White,0.15733352,0.23694512,0.14262646,0.82476479,0.54228414,1054.93,Urban
MI,MI-93,95535,78430,-0.01762705,-0.04249989,0.85641974,0.14358026,0.05293893,0.03020528,0.00065026,0.03822517,0.01691955,White,White,0.0059047,0.01845479,-0.07321303,0.84011959,0.39088529,1033.43,Urban
MI,MI-94,99545,76557,-0.00852881,-0.00230964,0.26995572,0.73004428,0.68633828,0.02306778,0.00062698,0.00960069,0.01867889,Black,Black,0.63930307,0.65931269,0.64552598,0.66123761,0.18093426,1863.27,Urban
MI,MI-95,99883,71174,-0.03460048,0.00107797,0.1041251,0.8958749,0.84542108,0.04150392,0.00122236,0.00685644,0.01440133,Black,Black,0.80796594,0.8870207,0.91903464,0.53976515,0.11568781,1906.85,Urban
MI,MI-96,99672,76924,0.02349707,-0.00103678,0.04300348,0.95699652,0.93964172,0.01020488,0.00087099,0.00435495,0.01227185,Black,Black,0.87411097,0.92038992,0.94203745,0.6138569,0.23180928,2285.02,Urban
MI,MI-97,101870,80118,-0.03821537,0.02099268,0.12270651,0.87729349,0.82779151,0.01721211,0.00129809,0.02900721,0.01370479,Black,Black,0.85313356,0.90835327,0.93712995,0.52666435,0.20016152,1972.86,Urban
MI,MI-98,100636,72718,0.00447156,0.00862491,0.21165324,0.78834676,0.63036662,0.01167524,0.00086636,0.14138178,0.01184026,Black,Black,0.62209421,0.86493514,0.90646278,0.52809403,0.13775063,1525.09,Urban
MI,MI-99,102141,74367,0.00633438,0.02370878,0.22578563,0.77421437,0.74422795,0.01433431,0.00079336,0.01184665,0.01129533,Black,Black,0.61765929,0.65156565,0.64681757,0.61399831,0.21117166,2118.93,Urban
MI,MI-100,101448,81362,0.00046329,0.01676319,0.37109461,0.62890539,0.58003736,0.02131216,0.00081119,0.0216563,0.01258573,Black,Black,0.53049951,0.56258269,0.55933681,0.64941673,0.39851637,1581.09,Urban
MI,MI-101,99329,71888,0.0019229,-0.0044745,0.22905075,0.77094925,0.37653016,0.37718395,0.00169708,0.01375751,0.0331627,Hispanic,Hispanic,0.60394543,0.73136921,0.78603083,0.45166902,0.14588159,1430.69,Urban
MN,MN-1,95235,70289,0.015236,-0.04873328,0.84484059,0.15515941,0.03208183,0.05098949,0.00149383,0.04293702,0.02242172,White,White,-0.17229477,-0.15596443,-0.23352309,0.84481793,0.39102564,114.09,Rural
MN,MN-2,98650,72612,0.00637608,-0.01462212,0.87496557,0.12503443,0.03102793,0.03525588,0.00104666,0.0358343,0.01488735,White,White,-0.10715281,-0.09715442,-0.1598754,0.85373774,0.38603347,96.7,Rural
MN,MN-3,99643,73676,0.02023223,-0.00470342,0.69088984,0.30911016,0.10903143,0.07623921,0.0019545,0.10208209,0.01837776,White,White,0.12637893,0.15199913,0.05272724,0.73710564,0.43929377,728.33,Suburban
MN,MN-4,97969,72884,0.04785187,-0.02142437,0.75404753,0.24595247,0.08669941,0.06724384,0.00146809,0.07005653,0.01590198,White,White,0.14680378,0.15667237,0.03531719,0.78778636,0.45474249,1224.54,Urban
MN,MN-5,97137,73444,0.00992413,-0.02973491,0.7833996,0.2166004,0.05959643,0.08082348,0.00152497,0.05323784,0.0195387,White,White,0.14329477,0.15147395,0.06944826,0.81362352,0.43814714,514.03,Suburban
MN,MN-6,102176,79875,-0.00225102,0.02059777,0.75367762,0.24632238,0.07834742,0.07255086,0.00145227,0.07750861,0.0172144,White,White,0.30573228,0.29749405,0.19420441,0.82342042,0.51012015,858.05,Suburban
MN,MN-7,104248,77724,0.0327872,0.0412942,0.74285935,0.25714065,0.0791776,0.0457259,0.00123514,0.11328547,0.01505327,White,White,0.19650158,0.19676378,0.11207008,0.81091869,0.54313771,876.53,Suburban
MN,MN-8,104198,79012,0.04390679,0.04079477,0.83427834,0.16572166,0.04790412,0.04139877,0.00174657,0.05009366,0.01942743,White,White,0.07950994,0.08398386,0.01041295,0.83222498,0.43523878,237.5,Suburban
MN,MN-9,100457,77939,-0.00909842,0.00342733,0.88920823,0.11079177,0.02322329,0.02871476,0.00085965,0.03556628,0.0153325,White,White,0.01883998,0.02336903,-0.04213431,0.87754391,0.44972541,201.32,Suburban
MN,MN-10,101144,79228,-0.01820177,0.01028951,0.75545262,0.24454738,0.07730853,0.04913667,0.00135053,0.09865199,0.01664815,White,White,0.28049685,0.28093087,0.18161964,0.80640225,0.5034825,942.29,Suburban
MN,MN-11,98346,77860,-0.01761129,-0.01765866,0.69298741,0.30701259,0.09442589,0.05594657,0.00160545,0.13575649,0.01896995,White,White,0.35237105,0.35992999,0.27565854,0.76465911,0.44316963,1067.51,Urban
MN,MN-12,103895,72372,-0.0332836,0.03776822,0.36674404,0.63325596,0.17546841,0.11860941,0.00226607,0.32131211,0.03082684,Minority,Minority,0.375373,0.46835151,0.49702542,0.54111129,0.23085987,2305,Urban
MN,MN-13,103963,78624,-0.00560776,0.03844745,0.50151353,0.49848647,0.22068325,0.09620472,0.00180606,0.16278744,0.02963472,White,White,0.58337351,0.62532402,0.61599327,0.59156594,0.38700553,2403.22,Urban
MN,MN-14,103669,86247,-0.00194851,0.03551079,0.77026447,0.22973553,0.10344708,0.04710888,0.00163484,0.05703387,0.01814556,White,White,0.68339192,0.68781703,0.59795844,0.7661215,0.64575397,2240.29,Urban
MN,MN-15,101427,77973,0.0133495,0.01311629,0.68914881,0.31085119,0.1420107,0.07773204,0.00125685,0.06372719,0.02697087,White,White,0.20192443,0.23929717,0.12484736,0.66685827,0.27267249,1274.58,Urban
MN,MN-16,102790,76492,0.03389435,0.02673079,0.80366574,0.19633426,0.05749621,0.03829159,0.00147728,0.07595566,0.01957067,White,White,0.00593327,0.02770534,-0.05547818,0.80032695,0.374364,605.94,Suburban
MN,MN-17,99844,75623,0.00636994,-0.0026957,0.845867,0.154133,0.05724449,0.02911813,0.00105788,0.04093993,0.01924018,White,White,-0.09554342,-0.08776774,-0.16563194,0.81017338,0.31604415,501.29,Suburban
MN,MN-18,100961,76884,0.02425689,0.00846159,0.91814942,0.08185058,0.00989803,0.01758493,0.00096249,0.02356797,0.01921076,White,White,-0.3805378,-0.3632058,-0.37449161,0.82541665,0.24832378,56.94,Rural
MN,MN-19,99991,88932,0.00462042,-0.00122737,0.72665632,0.27334368,0.08430036,0.05932623,0.00136059,0.10948815,0.0203189,White,White,0.67231984,0.6934882,0.58982371,0.6491169,0.60809762,2639.26,Urban
MN,MN-20,101308,71435,-0.03725273,0.01192765,0.36396724,0.63603276,0.37735004,0.10867222,0.00201582,0.12876041,0.03866452,Black,Black,0.58454681,0.62575297,0.59298058,0.57099048,0.25942174,2194.15,Urban
MN,MN-21,98604,80666,-0.01597298,-0.0150816,0.4620782,0.5379218,0.301081,0.14566236,0.00162398,0.05954181,0.04826073,Minority,White,0.70151605,0.78741741,0.72949647,0.51175277,0.4106034,5823.37,Urban
MN,MN-22,101526,80208,0.00596891,0.01410517,0.74043736,0.25956264,0.10901656,0.08568971,0.00160832,0.03613106,0.03009675,White,White,0.77235399,0.75895437,0.68585132,0.82006345,0.58306512,2607.94,Urban
MN,MN-23,98756,81879,0.00555916,-0.01356333,0.79351238,0.20648762,0.06118785,0.06678147,0.0016732,0.05764604,0.01718389,White,White,0.7067765,0.6895417,0.61297304,0.80223179,0.67260668,2445.15,Urban
MN,MN-24,96584,77402,-0.01667978,-0.03525862,0.71286272,0.28713728,0.10087595,0.09056614,0.00143407,0.07306013,0.02125268,White,White,0.31248742,0.31178245,0.20343226,0.78328746,0.43649819,868.83,Suburban
MN,MN-25,98483,72103,-0.02836022,-0.01629022,0.46989723,0.53010277,0.28129204,0.06726488,0.00148399,0.1665534,0.01722536,Minority,Minority,0.34323228,0.35484007,0.29360465,0.70057631,0.31051808,1325.29,Urban
MN,MN-26,95932,77316,-0.02390235,-0.0417712,0.76343836,0.23656164,0.11551296,0.04907134,0.00164261,0.05045527,0.01896115,White,White,0.4746037,0.46201049,0.37530937,0.80349253,0.49985155,1378.78,Urban
MN,MN-27,97160,77253,-0.01360642,-0.02950517,0.79156796,0.20843204,0.07345993,0.03992078,0.00113911,0.07606177,0.01348815,White,White,0.44810535,0.44505345,0.34739765,0.82032232,0.64536441,1531,Urban
MN,MN-28,100043,77477,-0.01941165,-0.00070797,0.79131871,0.20868129,0.05453231,0.03537824,0.00107129,0.10166888,0.01155182,White,White,0.29465992,0.28269489,0.17056354,0.87731782,0.63978319,746.72,Suburban
MN,MN-29,99299,77135,-0.0147937,-0.0081395,0.78327607,0.21672393,0.06286381,0.0328126,0.00116679,0.1046088,0.01235496,White,White,0.30168209,0.28683934,0.18304821,0.8626626,0.64209979,939.06,Suburban
MN,MN-30,96860,73808,0.00197192,-0.03250176,0.81136191,0.18863809,0.06535877,0.02957674,0.00104325,0.07309506,0.01541838,White,White,0.13992794,0.11923698,0.01031176,0.86144383,0.49032563,901.89,Suburban
MN,MN-31,97019,73177,0.02991167,-0.03091357,0.90054252,0.09945748,0.01684956,0.02832857,0.00086093,0.03402709,0.01249026,White,White,-0.01815584,-0.03507271,-0.13008893,0.97374819,0.57269758,164.72,Rural
MN,MN-32,99028,71925,0.03108212,-0.01084642,0.87541189,0.12458811,0.02242614,0.04194647,0.00107056,0.04254432,0.01098366,White,White,-0.02501515,-0.01627258,-0.10805768,0.87262053,0.51995035,165.39,Rural
MN,MN-33,101453,71903,0.0587957,0.013376,0.89894719,0.10105281,0.02539532,0.02994312,0.00086227,0.02208531,0.01456128,White,White,-0.24461505,-0.24008595,-0.29971977,0.85564961,0.36435369,170.78,Rural
MN,MN-34,99385,75348,0.0121145,-0.00728048,0.92331581,0.07668419,0.00909115,0.03990816,0.00098211,0.00877263,0.01228964,White,White,-0.40649547,-0.39076702,-0.40136173,0.79357468,0.21354075,23.47,Rural
MN,MN-35,101655,76303,0.01519847,0.0153937,0.79835655,0.20164345,0.06986619,0.04635466,0.00114019,0.06689121,0.01342018,White,White,0.07848329,0.07931927,-0.01208971,0.76378271,0.46379552,79.39,Rural
MN,MN-36,101221,77739,0.00414934,0.01105863,0.80485985,0.19514015,0.04526685,0.06627304,0.00330593,0.06427919,0.01274778,White,White,0.06053264,0.07729166,-0.00385772,0.73037037,0.39795418,44.9,Rural
MN,MN-37,99300,78420,0.001571,-0.00812951,0.93018363,0.06981637,0.01389952,0.02373119,0.00079061,0.01488141,0.0117572,White,White,-0.14943408,-0.11064116,-0.12368446,0.73821136,0.28386792,16.45,Rural
MN,MN-38,99802,78704,0.00554097,-0.00311522,0.85962594,0.14037406,0.03492834,0.0553212,0.00167717,0.02218439,0.01860134,White,White,-0.0372379,-0.02651827,-0.05175437,0.75302717,0.30420936,31.74,Rural
MN,MN-39,101525,76469,0.01266683,0.01409518,0.87205273,0.12794727,0.03105834,0.06488904,0.00116387,0.01217487,0.01452876,White,White,-0.29270754,-0.25750084,-0.28492387,0.75959671,0.25139021,36.66,Rural
MN,MN-40,95937,73755,-0.00509709,-0.04172126,0.89955935,0.10044065,0.00978917,0.05633516,0.00107111,0.01610738,0.01267711,White,White,-0.32059271,-0.2901633,-0.30275484,0.7481166,0.2226518,12.05,Rural
MN,MN-41,98844,74935,-0.00697058,-0.01268433,0.83704544,0.16295456,0.01522653,0.10986855,0.00194836,0.02455461,0.01562688,White,White,-0.37039129,-0.33700828,-0.33207955,0.71247916,0.21709271,8.89,Rural
MN,MN-42,99326,75345,-0.00521515,-0.00786981,0.88707943,0.11292057,0.01582056,0.04820492,0.00311899,0.01927135,0.02582786,White,White,-0.38002633,-0.34208708,-0.34312583,0.7363654,0.21655197,6.75,Rural
MN,MN-43,103396,78739,0.0102325,0.03278389,0.79156454,0.20843546,0.11324756,0.03591613,0.00133352,0.03820216,0.01827557,White,White,-0.07156438,-0.0213414,-0.12088026,0.68004532,0.3032529,504.28,Suburban
MN,MN-44,96275,73120,0.01795897,-0.03834511,0.93343818,0.06656182,0.0145651,0.03086707,0.00053337,0.0083151,0.00893053,White,White,-0.47276647,-0.44897996,-0.45520882,0.80070974,0.24473983,22.23,Rural
MN,MN-45,103115,78539,0.00449983,0.02997709,0.87991953,0.12008047,0.02421727,0.06727868,0.00173162,0.00930748,0.01464241,White,White,-0.33667762,-0.29548714,-0.27589686,0.75015406,0.23778847,10.26,Rural
MN,MN-46,99087,77616,0.00971873,-0.01025709,0.9364564,0.0635436,0.01099,0.02311379,0.00094053,0.00798804,0.01422387,White,White,-0.34462016,-0.32648107,-0.356231,0.79716926,0.27288387,14.67,Rural
MN,MN-47,97765,74257,0.00877615,-0.02346205,0.91219683,0.08780317,0.00791845,0.01547329,0.00129281,0.0061543,0.0527627,White,White,-0.34614025,-0.31135657,-0.33349393,0.75957795,0.25523705,7.25,Rural
MN,MN-48,101064,76049,-0.00110821,0.00949042,0.84640166,0.15359834,0.03901432,0.04118397,0.00136754,0.01480624,0.05568778,White,White,-0.10192888,-0.06266556,-0.10031191,0.65956907,0.31012303,9.02,Rural
MN,MN-49,101082,76989,-0.00046497,0.00967022,0.84050968,0.15949032,0.01292392,0.02114588,0.0012859,0.01214459,0.10831417,White,White,-0.26407777,-0.2322094,-0.25847934,0.72660315,0.24941356,3.92,Rural
MN,MN-50,101428,78182,0.01554797,0.01312628,0.92358855,0.07641145,0.00761045,0.02643831,0.00135581,0.00621626,0.02953365,White,White,-0.47082977,-0.43664934,-0.42429852,0.75601536,0.16770264,8.77,Rural
MN,MN-51,96189,75843,0.02587614,-0.03920413,0.91591841,0.08408159,0.00715953,0.01038988,0.00063289,0.0073573,0.04844218,White,White,-0.31928267,-0.29468715,-0.31515596,0.7898178,0.26427627,12.3,Rural
MN,MN-52,101529,79098,0.02454471,0.01413513,0.91080685,0.08919315,0.01883739,0.01849604,0.00088498,0.01284483,0.02854687,White,White,-0.34056096,-0.30847809,-0.30023364,0.76901684,0.19799802,16.7,Rural
MN,MN-53,103921,82609,-0.00153001,0.03802792,0.91821714,0.08178286,0.01085838,0.0106647,0.00095631,0.00635524,0.04497089,White,White,-0.16104787,-0.12062672,-0.10567164,0.71731999,0.21809659,4.82,Rural
MN,MN-54,103675,84410,0.0010803,0.03557072,0.87224263,0.12775737,0.03734155,0.01908542,0.00145717,0.02111124,0.04300438,White,White,0.32880825,0.34051319,0.25159501,0.72586535,0.39773153,258.83,Suburban
MN,MN-55,102423,82021,0.00284116,0.02306496,0.9082552,0.0917448,0.01303325,0.01027786,0.00117043,0.00732739,0.05214518,White,White,-0.00325157,0.01869202,0.00869685,0.77932093,0.27655553,4.97,Rural
MN,MN-56,97183,71512,0.03474888,-0.02927543,0.89259145,0.10740855,0.03709867,0.0244015,0.00139837,0.01819275,0.01813682,White,White,-0.34786059,-0.32649428,-0.36783133,0.79232283,0.27265929,86.68,Rural
MN,MN-57,103566,81651,0.00691347,0.03448196,0.85768698,0.14231302,0.05244271,0.0413712,0.00127371,0.0304589,0.01359444,White,White,-0.009703,0.03992678,-0.03462952,0.69155535,0.35071957,33.42,Rural
MO,MO-1,101102,82721,-0.06047358,0.01842609,0.22853931,0.77146069,0.67228394,0.02762297,0.00116053,0.06297071,0.01283834,Black,Black,0.81908242,0.85421034,0.8763331,0.44320844,0.30233625,1513.07,Urban
MO,MO-2,100736,79851,-0.03667011,0.01473928,0.40033312,0.59966688,0.47356952,0.06647381,0.00115215,0.04414472,0.02234161,Black,Black,0.67193611,0.7036402,0.68268403,0.42172981,0.33520699,2190.15,Urban
MO,MO-3,99740,84975,-0.03266493,0.00470632,0.76341277,0.23658723,0.11903501,0.04308326,0.00128273,0.04975581,0.01932333,White,White,0.52174079,0.49598857,0.39961544,0.67311367,0.50837027,2118.45,Urban
MO,MO-4,99266,72888,-0.01633994,-0.0000684,0.14090111,0.85909889,0.83279827,0.0136648,0.0007683,0.00633849,0.01371968,Black,Black,0.75839192,0.77947532,0.76900578,0.4606488,0.1561976,886.41,Suburban
MO,MO-5,100014,77410,0.01218829,0.00746639,0.37695388,0.62304612,0.57067562,0.02079835,0.00082677,0.01582483,0.01767214,Black,Black,0.55375406,0.54131042,0.44164233,0.59794482,0.28632542,949.32,Suburban
MO,MO-6,101883,80431,0.01012927,0.0262933,0.37034228,0.62965772,0.51930226,0.05050292,0.0011687,0.04536808,0.0183387,Black,Black,0.61750637,0.65100601,0.63788434,0.54028703,0.34573926,1361.3,Urban
MO,MO-7,100793,79258,-0.0160031,0.01531346,0.57947463,0.42052537,0.26074339,0.05940094,0.00140049,0.0738979,0.02369477,White,White,0.28078981,0.26604348,0.16392132,0.5952032,0.3494055,579.54,Suburban
MO,MO-8,98198,77220,-0.01321819,-0.01082664,0.76263921,0.23736079,0.08256928,0.03315203,0.00104895,0.1034965,0.01162911,White,White,0.15333855,0.15449515,0.05496572,0.78138203,0.69160469,693.37,Suburban
MO,MO-9,100585,78951,-0.01475369,0.01321822,0.80392902,0.19607098,0.03668098,0.03042393,0.00060797,0.11060025,0.01338805,White,White,0.05909407,0.0399908,-0.08871586,0.81387607,0.6613171,842.36,Suburban
MO,MO-10,100805,76641,0.0002976,0.01543434,0.8673034,0.1326966,0.02571731,0.02505187,0.00065239,0.05735833,0.01688391,White,White,-0.14431801,-0.16328844,-0.26228894,0.81180402,0.59612898,299.33,Suburban
MO,MO-11,100544,79243,-0.0105327,0.01280522,0.80976238,0.19023762,0.08396956,0.03019825,0.00100955,0.05714069,0.0136542,White,White,0.40036503,0.38926253,0.30144917,0.7773589,0.69437266,1595.18,Urban
MO,MO-12,103206,82266,-0.02788598,0.03962022,0.88630783,0.11369217,0.0274597,0.02406827,0.00076581,0.03826611,0.01724892,White,White,0.13609631,0.1154412,0.00128588,0.73190775,0.45718862,1164.47,Urban
MO,MO-13,98831,80069,-0.00893444,-0.00445027,0.88020332,0.11979668,0.03359602,0.02685184,0.00108656,0.03333375,0.01870886,White,White,-0.07812939,-0.07709374,-0.15920912,0.64517048,0.35647296,990.03,Suburban
MO,MO-14,102592,83107,0.00447403,0.03343524,0.81924507,0.18075493,0.07442213,0.04412384,0.00146799,0.03395623,0.02167086,White,White,-0.03722027,-0.04637388,-0.15320776,0.63909655,0.41223282,203.89,Suburban
MO,MO-15,100277,77925,0.01629486,0.01011566,0.8640231,0.1359769,0.04799487,0.0275008,0.00114212,0.03172281,0.0205454,White,White,-0.12368186,-0.14604363,-0.25246524,0.76039389,0.41860302,826.65,Suburban
MO,MO-16,100710,74741,0.00705987,0.01447738,0.83991384,0.16008616,0.05090914,0.03414458,0.0010436,0.04658755,0.02093898,White,White,-0.19880598,-0.2011372,-0.29955098,0.75235372,0.4472122,559.37,Suburban
MO,MO-17,101683,74844,0.06361929,0.02427865,0.87563465,0.12436535,0.05013094,0.02608091,0.00158997,0.01899952,0.02227299,White,White,-0.30585233,-0.2999261,-0.35748535,0.74165668,0.40123719,157.12,Rural
MO,MO-18,102021,80908,0.02519089,0.02768341,0.80446927,0.19553073,0.08266179,0.03330944,0.00126069,0.05229396,0.02172838,White,White,0.09859371,0.10916792,0.05788312,0.64812232,0.53778423,94.51,Rural
MO,MO-19,102796,81407,0.01743258,0.03549018,0.76649428,0.23350572,0.12053018,0.04015625,0.00226025,0.04067218,0.02760205,White,White,0.02147707,0.06630877,-0.01214357,0.56377354,0.41030555,78.43,Rural
MO,MO-20,100355,77838,0.00281002,0.01090137,0.84289165,0.15710835,0.08687274,0.02524474,0.00181145,0.01440171,0.02444821,White,White,-0.38042041,-0.37683293,-0.39414104,0.69460574,0.32695339,39.18,Rural
MO,MO-21,95106,71643,0.05391879,-0.04197314,0.90006002,0.09993998,0.02428709,0.02477562,0.00082353,0.00769091,0.03220133,White,White,-0.53425366,-0.4999789,-0.48613842,0.69302832,0.18639094,34.8,Rural
MO,MO-22,96736,75756,0.00828027,-0.02555373,0.41312899,0.58687101,0.26247426,0.24417868,0.00357727,0.06135488,0.03272348,Minority,Minority,0.61310611,0.66705214,0.67117658,0.42681464,0.32862202,1139.94,Urban
MO,MO-23,98136,75823,-0.01115798,-0.01145118,0.38907719,0.61092281,0.50095617,0.0724846,0.00325759,0.01607692,0.02879074,Black,Black,0.49343944,0.52096717,0.48741314,0.5188351,0.20875323,699.91,Suburban
MO,MO-24,98726,82717,-0.02188886,-0.00550796,0.7314095,0.2685905,0.14142196,0.0658873,0.00170461,0.0372233,0.02513389,White,White,0.46330905,0.47745163,0.39438882,0.68419223,0.57960999,872.05,Suburban
MO,MO-25,99160,73793,0.03311819,-0.00113617,0.3886412,0.6113588,0.50321846,0.06573794,0.00220888,0.02417573,0.02725191,Black,Black,0.40286613,0.45467336,0.45650295,0.56730636,0.28307058,582.06,Suburban
MO,MO-26,99283,74980,0.00239719,0.00010284,0.7998933,0.2001067,0.09214457,0.04758602,0.00245399,0.02754068,0.02854094,White,White,0.01025699,-0.00709393,-0.11280953,0.72562704,0.40782274,661.97,Suburban
MO,MO-27,98290,72356,0.02519076,-0.0098999,0.85026812,0.14973188,0.0468655,0.04294046,0.00421527,0.01633589,0.03448228,White,White,-0.25002674,-0.24473091,-0.32367849,0.765699,0.32256399,146.52,Rural
MO,MO-28,98790,77112,-0.01498127,-0.00486327,0.75062247,0.24937753,0.0908808,0.09230729,0.00949269,0.01899834,0.03956583,White,White,-0.04283489,-0.05321872,-0.1145181,0.54497659,0.20665813,526.54,Suburban
MO,MO-29,98523,76308,0.02842991,-0.00755283,0.73544058,0.26455942,0.09862662,0.09407926,0.00672276,0.02770352,0.03789904,White,White,0.04369931,0.07373833,-0.01645615,0.55033709,0.25047241,609.23,Suburban
MO,MO-30,95923,69504,0.01872335,-0.03374329,0.81711844,0.18288156,0.06687385,0.05323435,0.00294947,0.0300846,0.02709197,White,White,-0.05573133,-0.0614913,-0.13669684,0.74658129,0.43445026,494,Suburban
MO,MO-31,97293,75992,0.01200497,-0.01994293,0.71481209,0.28518791,0.12124961,0.07902148,0.00957996,0.04705759,0.0300558,White,White,0.14668345,0.16211485,0.0449228,0.61807596,0.37500545,651.48,Suburban
MO,MO-32,96397,72391,0.03510483,-0.02896857,0.8844884,0.1155116,0.0252932,0.03501817,0.00223785,0.01562349,0.02916108,White,White,-0.26983596,-0.27349647,-0.30369081,0.75270926,0.3942046,58.05,Rural
MO,MO-33,102928,79829,-0.01258161,0.03681985,0.84924025,0.15075975,0.05332649,0.04930539,0.00463491,0.0140801,0.02774681,White,White,-0.33127879,-0.3000863,-0.31148934,0.59219328,0.23849946,47.26,Rural
MO,MO-34,101050,78377,-0.00439386,0.01790228,0.92465902,0.07534098,0.01976345,0.01735203,0.00111002,0.00979879,0.02320834,White,White,-0.56910966,-0.54573245,-0.52966752,0.63398373,0.20303343,6.89,Rural
MO,MO-35,97300,75807,-0.0056629,-0.01987242,0.90601132,0.09398868,0.03675122,0.01614627,0.0013851,0.00646378,0.02676534,White,White,-0.53717678,-0.51987207,-0.48967768,0.64049216,0.18526892,9.58,Rural
MO,MO-36,98338,76207,-0.00465741,-0.00941638,0.91162229,0.08837771,0.02522078,0.02481399,0.0009448,0.01389636,0.02089047,White,White,-0.55766941,-0.51278366,-0.48883502,0.60956502,0.20304858,6.43,Rural
MO,MO-37,101417,78158,-0.00111421,0.02159917,0.89924256,0.10075744,0.04699455,0.01717035,0.00108754,0.00620538,0.02374677,White,White,-0.54873775,-0.5225282,-0.49701116,0.61226247,0.18131246,11.34,Rural
MO,MO-38,94949,73379,0.01104804,-0.04355464,0.86434811,0.13565189,0.04277791,0.03466932,0.00378855,0.01711661,0.03356546,White,White,-0.4490562,-0.42085596,-0.41121791,0.63369788,0.25538886,21.54,Rural
MO,MO-39,99872,75522,0.02753525,0.00603599,0.84849448,0.15150552,0.05277932,0.04255714,0.00185376,0.01349276,0.03380472,White,White,-0.29691331,-0.29407811,-0.34423913,0.69251842,0.28492186,85.31,Rural
MO,MO-40,98889,75147,-0.00176966,-0.00386602,0.83633412,0.16366588,0.04817225,0.06724154,0.0056955,0.00923523,0.02755932,White,White,-0.48702676,-0.47404525,-0.46256888,0.61074824,0.20868152,15.79,Rural
MO,MO-41,96905,76655,0.02268201,-0.02385135,0.92601918,0.07398082,0.00754028,0.02035092,0.00142196,0.00637923,0.03100907,White,White,-0.59674077,-0.5817687,-0.5818929,0.67885919,0.20028911,15.77,Rural
MO,MO-42,99553,77885,-0.00616757,0.00282262,0.91193426,0.08806574,0.02867048,0.01224883,0.00111703,0.00450664,0.03145663,White,White,-0.61449055,-0.5946853,-0.56320228,0.63131169,0.15585852,13.6,Rural
MO,MO-43,95993,74293,0.01439688,-0.03303816,0.92520157,0.07479843,0.01282759,0.01619264,0.00115758,0.00818381,0.02642241,White,White,-0.45299882,-0.43266504,-0.45685007,0.68418018,0.2154572,45.44,Rural
MO,MO-44,96566,75298,0.01147402,-0.02726619,0.90949295,0.09050705,0.02940317,0.01468831,0.00106245,0.00798162,0.0278095,White,White,-0.46750285,-0.43122378,-0.40938813,0.61462479,0.17775071,38.2,Rural
MO,MO-45,99144,77099,0.02169572,-0.00129734,0.91098458,0.08901542,0.01121934,0.02075254,0.00054475,0.01147875,0.03316515,White,White,-0.38179712,-0.36010595,-0.3712016,0.63375788,0.22715695,96.14,Rural
MO,MO-46,100204,76356,-0.00093809,0.00938031,0.90880874,0.09119126,0.01262507,0.0201163,0.0011394,0.01321442,0.03037089,White,White,-0.34254216,-0.30989369,-0.33369856,0.70682926,0.23457737,272.27,Suburban
MO,MO-47,100666,78872,0.01038086,0.01403415,0.86668273,0.13331727,0.0634826,0.02123694,0.00063394,0.01870119,0.0231134,White,White,-0.49789744,-0.48516762,-0.5230887,0.64081377,0.30982452,36.92,Rural
MO,MO-48,96693,74974,-0.00248208,-0.02598688,0.89013525,0.10986475,0.04815003,0.01627231,0.00096033,0.0052018,0.03298477,White,White,-0.65854941,-0.63463697,-0.60438316,0.63850957,0.16969358,8.69,Rural
MO,MO-49,97995,74875,-0.03120567,-0.01287151,0.806798,0.193202,0.13439733,0.02803339,0.00085476,0.00428715,0.0224374,White,White,-0.61292094,-0.57477723,-0.52021756,0.53838574,0.13539953,13.49,Rural
MO,MO-50,101194,77614,0.00583039,0.01935283,0.89987631,0.10012369,0.03038112,0.01551267,0.00109516,0.00811709,0.03790553,White,White,-0.66622923,-0.64122428,-0.6271519,0.61232293,0.15304868,12.85,Rural
MO,MO-51,98593,77246,0.00502064,-0.0068477,0.76091966,0.23908034,0.08603682,0.06830127,0.00594206,0.04718691,0.03338684,White,White,-0.4617923,-0.42483295,-0.46583696,0.46085588,0.29193021,31.23,Rural
MO,MO-52,100166,76768,0.02062576,0.00899753,0.91370102,0.08629898,0.01710348,0.01753335,0.00130263,0.006448,0.03617393,White,White,-0.70192189,-0.67689063,-0.65220434,0.62824267,0.15662425,8.83,Rural
MO,MO-53,94652,74545,0.01977771,-0.04654639,0.92545442,0.07454558,0.00937689,0.01593668,0.00131464,0.00587565,0.03328191,White,White,-0.5850228,-0.55946686,-0.53310135,0.65052105,0.14840526,8.83,Rural
MO,MO-54,101863,76046,0.03187615,0.02609184,0.92370407,0.07629593,0.00817926,0.01731847,0.00111774,0.00607527,0.03572837,White,White,-0.63443796,-0.6155385,-0.59131479,0.65520326,0.17917156,17.53,Rural
MO,MO-55,100420,74755,0.04441346,0.01155613,0.90605311,0.09394689,0.0101933,0.02640626,0.00173901,0.01067487,0.03769648,White,White,-0.54710906,-0.53267069,-0.56046768,0.74615859,0.29895026,28.17,Rural
MO,MO-56,95695,77434,0.01833952,-0.03603999,0.8776119,0.1223881,0.01374073,0.04711109,0.0038097,0.01170029,0.04065398,White,White,-0.61091726,-0.60010883,-0.60880998,0.6533785,0.21434817,20.07,Rural
MO,MO-57,95838,72172,0.01553663,-0.03459951,0.83361969,0.16638031,0.00961592,0.0744333,0.00924181,0.01456243,0.05460566,White,White,-0.64734805,-0.62777582,-0.61172541,0.62411206,0.14337915,19.18,Rural
MO,MO-58,100889,76271,0.02353081,0.01628049,0.86254278,0.13745722,0.0109478,0.04098543,0.00730291,0.01186558,0.05850192,White,White,-0.63502514,-0.62568139,-0.62709488,0.69333175,0.21008646,17.83,Rural
MO,MO-59,99726,75515,0.00819245,0.0045653,0.80303251,0.19696749,0.03151692,0.07905714,0.00541614,0.01887042,0.06128584,White,White,-0.3929703,-0.39307525,-0.45971589,0.54778918,0.25477971,240.58,Suburban
MO,MO-60,98030,74320,0.02424768,-0.01251894,0.88474166,0.11525834,0.02579386,0.02826964,0.00157427,0.01146394,0.03961249,White,White,-0.43228587,-0.43399543,-0.4620462,0.75689414,0.26090866,66.5,Rural
MO,MO-61,100028,78896,0.01668533,0.00760742,0.85513841,0.14486159,0.03083807,0.0365798,0.00230683,0.03720087,0.03372795,White,White,-0.19286499,-0.22497875,-0.3081333,0.61716424,0.40020307,529.26,Suburban
MO,MO-62,100857,84228,0.00410482,0.01595815,0.80145557,0.19854443,0.06713919,0.05565845,0.0038467,0.03031059,0.04042599,White,White,0.09094851,0.11614676,-0.01305799,0.47764012,0.30426737,1174.29,Urban
MS,MS-1,97049,72393,0.05593051,-0.0168201,0.72164436,0.27835564,0.19688368,0.03595652,0.00111889,0.02268175,0.01997431,White,White,-0.3852813,-0.40973622,-0.48314195,0.65661268,0.32005251,108.76,Rural
MS,MS-2,98047,72716,0.0025702,-0.0067096,0.47183563,0.52816437,0.43876176,0.05334452,0.00125144,0.01857913,0.01716266,Minority,Minority,0.03685627,0.07037467,-0.07131578,0.45067682,0.21682622,64.6,Rural
MS,MS-3,101388,78370,-0.05076538,0.02713726,0.37513079,0.62486921,0.58694654,0.02446089,0.00053592,0.00766875,0.00976139,Black,Black,0.13375988,0.18610134,0.18951324,0.54892158,0.19371849,11.09,Rural
MS,MS-4,97297,73854,-0.04581847,-0.01430767,0.28565819,0.71434181,0.68432312,0.0165597,0.00039267,0.00911257,0.00855742,Black,Black,0.32315442,0.3746553,0.36763479,0.46457038,0.22573769,17.44,Rural
MS,MS-5,94830,73187,-0.0485184,-0.03930025,0.34458305,0.65541695,0.62394961,0.02264063,0.00062853,0.00576605,0.0076243,Black,Black,0.17115562,0.22019507,0.22590525,0.51200754,0.17988682,13.25,Rural
MS,MS-6,95024,74003,0.00088399,-0.03733488,0.54969393,0.45030607,0.40899693,0.0254314,0.00122968,0.00401335,0.01221572,White,White,-0.20962476,-0.1053057,-0.05179388,0.58182369,0.15855142,20.43,Rural
MS,MS-7,100449,76918,-0.00497765,0.01762448,0.64139733,0.35860267,0.30632622,0.02745781,0.00062404,0.01146676,0.01445695,White,White,-0.34557925,-0.27459807,-0.31049188,0.57834533,0.25396992,40.75,Rural
MS,MS-8,99478,78924,0.02832787,0.00778751,0.72168162,0.27831838,0.20337287,0.03570524,0.00091227,0.0229588,0.0155466,White,White,-0.36556337,-0.28658137,-0.30092497,0.54815218,0.31289278,24.06,Rural
MS,MS-9,97321,74809,-0.00326754,-0.01406453,0.7914021,0.2085979,0.15619778,0.03083854,0.00049459,0.00489246,0.01567993,White,White,-0.65742651,-0.59573485,-0.57165613,0.59667556,0.17336171,21.38,Rural
MS,MS-10,96558,75464,-0.00425651,-0.0217943,0.79975883,0.20024117,0.16443602,0.01501378,0.00035779,0.00307431,0.01531856,White,White,-0.60425083,-0.546954,-0.53199932,0.58562288,0.15500274,18.1,Rural
MS,MS-11,96788,75239,-0.01873166,-0.01946422,0.45659831,0.54340169,0.5053762,0.01606879,0.0008772,0.00939672,0.01430109,Black,Black,0.04188681,0.10210527,0.09425433,0.58088866,0.22295909,15.72,Rural
MS,MS-12,94800,76702,-0.0089346,-0.03960417,0.62562906,0.37437094,0.3182316,0.02267216,0.00059972,0.01990822,0.01271153,White,White,-0.24457446,-0.18032363,-0.19883828,0.52526264,0.29153974,14.63,Rural
MS,MS-13,103283,81581,-0.02542529,0.04633505,0.40779103,0.59220897,0.55876981,0.02317942,0.00085804,0.00485407,0.01037006,Black,Black,0.05465024,0.12809405,0.1438188,0.57065287,0.18154183,9.45,Rural
MS,MS-14,99271,77606,-0.03773509,0.00569045,0.36751024,0.63248976,0.59031518,0.01675128,0.00043811,0.01677705,0.01019251,Black,Black,0.26394609,0.27557527,0.20482987,0.59190316,0.33517174,50.51,Rural
MS,MS-15,97657,76196,-0.05992402,-0.0106606,0.25535461,0.74464539,0.7099454,0.02143157,0.00076119,0.00947556,0.00875374,Black,Black,0.57552254,0.58863806,0.56220915,0.45995473,0.30955181,636.95,Suburban
MS,MS-16,97441,75082,0.02015579,-0.01284884,0.33761754,0.66238246,0.60780214,0.0296609,0.00047948,0.01835327,0.00965611,Black,Black,0.22832634,0.3194035,0.31241406,0.58913978,0.36074076,53.98,Rural
MS,MS-17,100184,76208,0.02090154,0.01493983,0.76207222,0.23792778,0.16203023,0.02413132,0.00048551,0.03465515,0.01461789,White,White,-0.4328696,-0.43334048,-0.52733928,0.66712613,0.51154847,209.78,Suburban
MS,MS-18,99365,75604,0.00660192,0.00664274,0.70860007,0.29139993,0.2348553,0.02805407,0.00097878,0.01050209,0.0162293,White,White,-0.47301535,-0.44297835,-0.50143099,0.56490124,0.26677607,58.1,Rural
MS,MS-19,98568,75196,-0.0120323,-0.00143148,0.54654503,0.45345497,0.42430448,0.01160966,0.00071812,0.00639662,0.01236768,White,White,-0.21503816,-0.1564649,-0.15191366,0.57779341,0.16961077,20.75,Rural
MS,MS-20,94211,70652,-0.00827929,-0.04557119,0.56933986,0.43066014,0.34195776,0.01960313,0.000736,0.00506709,0.06723093,White,White,-0.32464685,-0.25274979,-0.25984977,0.5611309,0.16454703,12.49,Rural
MS,MS-21,94275,71738,-0.01779899,-0.04492282,0.55244083,0.44755917,0.40010873,0.01911121,0.00105941,0.0095347,0.02113245,White,White,-0.2681187,-0.21552015,-0.26355793,0.52454194,0.19505817,28.41,Rural
MS,MS-22,102640,77835,-0.01106781,0.03982097,0.6417036,0.3582964,0.30500418,0.03522837,0.00089934,0.00508769,0.01324597,White,White,-0.41938968,-0.37065072,-0.37951992,0.59440588,0.19289513,18.04,Rural
MS,MS-23,102855,77889,-0.01076272,0.04199908,0.5928565,0.4071435,0.35282261,0.04057056,0.00064194,0.00450641,0.01197858,White,White,-0.3181568,-0.25768311,-0.24572075,0.60739503,0.14396033,13.58,Rural
MS,MS-24,102547,77153,0.01168245,0.03887881,0.67814602,0.32185398,0.26626314,0.02375799,0.00116651,0.01509987,0.01567016,White,White,-0.43922158,-0.40256587,-0.43945005,0.58991104,0.26167806,27.44,Rural
MS,MS-25,103199,81055,0.00132753,0.04548406,0.61661835,0.38338165,0.32401456,0.02959719,0.001024,0.01247301,0.01600148,White,White,-0.31250315,-0.24205891,-0.25784125,0.50250912,0.23866591,21.82,Rural
MS,MS-26,98828,75884,0.02725948,0.00120252,0.80915608,0.19084392,0.12235781,0.02988772,0.00075115,0.00764324,0.02601339,White,White,-0.68187544,-0.65418994,-0.65895567,0.56742004,0.15662886,21.99,Rural
MS,MS-27,97624,75939,0.01571335,-0.01099491,0.79957598,0.20042402,0.10770487,0.0383729,0.00163289,0.0222152,0.02799615,White,White,-0.52497669,-0.50698716,-0.55836865,0.56648076,0.24992762,53.41,Rural
MS,MS-28,98322,75012,0.03343097,-0.00392364,0.77318296,0.22681704,0.11527489,0.04164667,0.002093,0.03719405,0.02804885,White,White,-0.57327403,-0.57575039,-0.64254021,0.52967958,0.22448089,45.21,Rural
MS,MS-29,102432,78268,0.01132459,0.03771377,0.60006644,0.39993356,0.27118363,0.07299279,0.0021848,0.03534011,0.02290847,White,White,-0.23252927,-0.17564954,-0.20271882,0.45444638,0.25927941,255.49,Suburban
MS,MS-30,99548,76122,-0.01607265,0.00849667,0.52029637,0.47970363,0.35401067,0.07047897,0.00321852,0.03550879,0.02333097,White,White,-0.0331659,0.01120982,-0.03731137,0.40990782,0.23817604,546.98,Suburban
MT,MT-1,98674,80259,0.03706143,0.00109664,0.88648002,0.11351998,0.00923261,0.04439378,0.00193125,0.02262675,0.02488194,White,White,0.12198265,0.17038013,0.09887216,0.69812514,0.57245524,21.79,Rural
MT,MT-2,97594,79111,0.03907002,-0.0098605,0.85750401,0.14249599,0.01152811,0.05327957,0.00281882,0.02119806,0.04780625,White,White,0.31244882,0.33182795,0.24393125,0.72893724,0.46925952,43.7,Rural
MT,MT-3,95022,74317,0.0579129,-0.03595471,0.90738324,0.09261676,0.0050325,0.02705976,0.00217985,0.01279653,0.03489107,White,White,-0.31018966,-0.27469601,-0.34221569,0.73078652,0.3512551,14.55,Rural
MT,MT-4,102609,80479,0.00367414,0.04101916,0.83804471,0.16195529,0.01604145,0.05771692,0.00337976,0.01473676,0.06940941,White,White,-0.14455386,-0.11308204,-0.16499772,0.58381971,0.34582814,880.41,Suburban
MT,MT-5,97883,76310,0.00491403,-0.00692845,0.85165771,0.14834229,0.01755995,0.03694142,0.00309265,0.01779583,0.06797274,White,White,-0.27661672,-0.25131976,-0.26942667,0.60285261,0.27591648,4.24,Rural
MT,MT-6,96875,74360,0.02698323,-0.01715511,0.81273534,0.18726466,0.00718128,0.02600861,0.00235342,0.01192846,0.13331092,White,White,-0.07839913,-0.04892221,-0.07387005,0.70246752,0.37579127,3.61,Rural
MT,MT-7,97409,76994,0.04112556,-0.01173742,0.84029924,0.15970076,0.00519521,0.02567733,0.00253266,0.00988389,0.11047614,White,White,-0.37847447,-0.33539503,-0.370841,0.7371008,0.27042804,3.21,Rural
MT,MT-8,98983,80256,0.03678409,0.00423159,0.90545255,0.09454745,0.00606808,0.03014105,0.00164474,0.00944478,0.03842703,White,White,-0.23132848,-0.16938451,-0.17344578,0.70013773,0.26948887,4.84,Rural
MT,MT-9,99371,79218,0.05519719,0.00816805,0.91485521,0.08514479,0.00464541,0.02712767,0.00147694,0.00802848,0.02976596,White,White,-0.37588225,-0.3536595,-0.38883385,0.79403171,0.3241356,1.62,Rural
MT,MT-10,102362,75415,0.03166214,0.03851322,0.81198701,0.18801299,0.00662998,0.03190347,0.00210833,0.01080687,0.13372671,White,White,-0.42972906,-0.40240777,-0.417542,0.67509783,0.29544998,1.54,Rural
MT,MT-11,97443,73404,-0.00172408,-0.01139247,0.77908561,0.22091439,0.0067435,0.02411313,0.0019345,0.0096725,0.17768786,White,White,-0.45695619,-0.42894263,-0.44041677,0.64913861,0.21576294,0.75,Rural
NC,NC-1,100720,79783,0.01878475,0.00339982,0.67570786,0.32429214,0.20882895,0.05949889,0.00266974,0.0351704,0.02224785,White,White,-0.20411942,-0.18626214,-0.2148952,0.7088344,0.2565656,55.04,Rural
NC,NC-2,99727,78212,0.05163095,-0.00649272,0.78276991,0.21723009,0.1152125,0.05846929,0.00159822,0.01857771,0.02428016,White,White,-0.29424997,-0.27400195,-0.29082282,0.77150991,0.39865529,55.19,Rural
NC,NC-3,99519,78032,0.01479115,-0.00856487,0.72930336,0.27069664,0.20526194,0.03325559,0.00073047,0.01148247,0.0201584,White,White,-0.34910842,-0.32827239,-0.30261508,0.67248465,0.19388588,82.77,Rural
NC,NC-4,103462,83622,0.02890916,0.03071636,0.8233838,0.1766162,0.07533903,0.05637272,0.00148286,0.02104709,0.02043721,White,White,-0.04615408,-0.0568237,-0.13380066,0.80488744,0.45203681,614.13,Suburban
NC,NC-5,101974,84748,0.07798066,0.0158925,0.67502478,0.32497522,0.20651815,0.07648558,0.00270213,0.02102704,0.02133384,White,White,0.12006271,0.17054604,0.13957687,0.66195928,0.35150017,382.51,Suburban
NC,NC-6,98409,84409,0.1204463,-0.01962299,0.85697023,0.14302977,0.0715682,0.03433283,0.00079375,0.00892085,0.02297148,White,White,-0.26236995,-0.27159179,-0.30834526,0.8546874,0.33568455,61.72,Rural
NC,NC-7,96496,78046,0.00667385,-0.03868081,0.63945622,0.36054378,0.27031494,0.04884299,0.00085847,0.005138,0.04086052,White,White,-0.30751843,-0.24570114,-0.19919434,0.72811463,0.18512387,18.6,Rural
NC,NC-8,102486,80244,0.06621392,0.02099318,0.79404068,0.20595932,0.10932905,0.05828473,0.00138328,0.01419421,0.02263098,White,White,-0.26762515,-0.23265596,-0.265703,0.81455322,0.38099201,42.07,Rural
NC,NC-9,104512,77932,0.06095951,0.04117674,0.756557,0.243443,0.10900529,0.07527075,0.00505569,0.02737001,0.03336242,White,White,-0.47841183,-0.44202193,-0.48562732,0.68003351,0.26368326,72.98,Rural
NC,NC-10,100064,79535,-0.03039055,-0.00313543,0.55957754,0.44042246,0.19663041,0.17367197,0.01005846,0.04831835,0.02883007,White,White,-0.12974031,-0.05291901,-0.11025475,0.37615919,0.24619653,184.72,Rural
NC,NC-11,99175,77928,-0.00959919,-0.01199189,0.51759316,0.48240684,0.36701827,0.04047326,0.0012704,0.01133097,0.06861462,White,White,-0.11965002,-0.06194899,0.01226139,0.60980002,0.14945911,28.91,Rural
NC,NC-12,100460,74679,0.02692614,0.00080963,0.40427697,0.59572303,0.31397046,0.15294795,0.00739164,0.03203042,0.11491852,Minority,Minority,0.04486889,0.1106282,0.13669738,0.4484331,0.19846958,66.06,Rural
NC,NC-13,101271,78092,0.02189176,0.00888903,0.37530093,0.62469907,0.44644778,0.11254674,0.00829791,0.05117041,0.03493316,Black,Black,0.24061743,0.2762357,0.24682738,0.57900838,0.29053403,930.9,Suburban
NC,NC-14,98550,71649,-0.00281076,-0.01821831,0.4611788,0.5388212,0.36314533,0.10015492,0.00582004,0.04012617,0.05194769,Minority,Minority,0.04940967,0.06659289,0.03847278,0.66338594,0.26060206,305.4,Suburban
NC,NC-15,101476,78484,0.00966731,0.01093129,0.42962897,0.57037103,0.44894501,0.07071505,0.00509658,0.02684624,0.03788033,Black,Black,0.10776822,0.14104762,0.16586209,0.62997114,0.26004322,97.12,Rural
NC,NC-16,101583,77504,0.00311076,0.01199726,0.28101775,0.71898225,0.23859414,0.07384135,0.00165153,0.01167682,0.4103014,Native,Native,-0.29229007,-0.20334618,-0.05992405,0.56308228,0.15031375,47.1,Rural
NC,NC-17,99024,80975,0.02195427,-0.01349619,0.858092,0.141908,0.01317691,0.04463106,0.00118555,0.00780488,0.07481321,White,White,-0.45647959,-0.44137152,-0.46014763,0.7282985,0.23444391,19.06,Rural
NC,NC-18,96712,80360,0.02255149,-0.03652896,0.84858138,0.15141862,0.02911896,0.05103285,0.00125684,0.01215779,0.05893479,White,White,-0.10922299,-0.12228962,-0.16141757,0.68641813,0.33838149,39.94,Rural
NC,NC-19,101343,82681,0.03101349,0.00960631,0.84062844,0.15937156,0.02616079,0.09684208,0.00529747,0.01015953,0.02267752,White,White,-0.22121968,-0.25539486,-0.32551112,0.77808541,0.32701742,67.7,Rural
NC,NC-20,101174,82155,-0.02167553,0.00792269,0.7926237,0.2073763,0.07354391,0.08365894,0.00298217,0.02525714,0.02156899,White,White,0.17746493,0.12834825,0.03411302,0.77531927,0.42976406,283.36,Suburban
NC,NC-21,101743,84696,0.04691232,0.01359122,0.86443279,0.13556721,0.04125342,0.04880986,0.00132238,0.01443988,0.02289364,White,White,0.26186325,0.22474982,0.15856304,0.74488293,0.46944101,113.49,Rural
NC,NC-22,100801,80974,0.01935497,0.00420676,0.80399881,0.19600119,0.07136859,0.0777904,0.00332205,0.01494307,0.02704572,White,White,0.22515296,0.20183246,0.14425604,0.71730755,0.36884562,189.72,Rural
NC,NC-23,96038,78652,0.00884025,-0.04324353,0.91700147,0.08299853,0.01252352,0.03490057,0.00049586,0.00645883,0.0255429,White,White,-0.33824151,-0.34840325,-0.35663436,0.75177927,0.25721931,25.2,Rural
NC,NC-24,104010,80347,0.04172676,0.03617568,0.61650093,0.38349907,0.25246742,0.09450259,0.00088367,0.01820852,0.02333628,White,White,-0.10656998,-0.12748552,-0.15011867,0.65311008,0.24688684,327.72,Suburban
NC,NC-25,101380,79483,0.02649438,0.00997491,0.77055471,0.22944529,0.12201351,0.05859115,0.0009436,0.02206761,0.02535133,White,White,-0.30560499,-0.34965256,-0.42833196,0.70996272,0.26939565,253.97,Suburban
NC,NC-26,104830,82925,0.06050749,0.04434475,0.84021706,0.15978294,0.06543262,0.05917395,0.00098885,0.00977992,0.02283992,White,White,-0.48098093,-0.48590636,-0.49008541,0.75377032,0.23711136,109.62,Rural
NC,NC-27,97002,76195,0.00820602,-0.0336399,0.71957478,0.28042522,0.11341952,0.10305138,0.00139117,0.04336243,0.02393858,White,White,-0.27219746,-0.25638792,-0.26729885,0.67866659,0.25852006,197.33,Rural
NC,NC-28,104585,83151,0.01539418,0.04190399,0.839581,0.160419,0.05375762,0.05432286,0.00087792,0.02784092,0.02390831,White,White,-0.54042066,-0.54277928,-0.5381892,0.75155468,0.21132704,84.61,Rural
NC,NC-29,101327,79143,0.0743632,0.00944691,0.73292647,0.26707353,0.1534564,0.07803596,0.00096029,0.01640069,0.02031765,White,White,-0.37367056,-0.36169975,-0.36453148,0.72080005,0.20804109,79.74,Rural
NC,NC-30,101302,77137,0.02735385,0.00919786,0.79891621,0.20108379,0.07774479,0.05998418,0.00133529,0.04213283,0.01790321,White,White,-0.17975793,-0.19431697,-0.26883702,0.82403445,0.51239572,402.8,Suburban
NC,NC-31,95801,72405,0.04125218,-0.04560459,0.75567986,0.24432014,0.10966094,0.07618258,0.00104965,0.04147504,0.01555141,White,White,0.02258065,0.00057731,-0.11859938,0.83105326,0.5629491,476.23,Suburban
NC,NC-32,96964,74917,0.02126562,-0.03401847,0.29722226,0.70277774,0.49261182,0.09797509,0.00178865,0.1098816,0.01731249,Black,Black,0.58534877,0.58940299,0.50837084,0.70550105,0.48590178,1030.51,Urban
NC,NC-33,97564,73774,0.02022262,-0.02804111,0.19714262,0.80285738,0.63816521,0.12554559,0.00126061,0.03575786,0.01949196,Black,Black,0.62859279,0.67028821,0.66304672,0.66956739,0.31914458,745.04,Suburban
NC,NC-34,98929,74403,0.0343883,-0.01444261,0.26513716,0.73486284,0.48534333,0.16250689,0.00126339,0.08178434,0.02157171,Black,Black,0.47889638,0.53747494,0.53672526,0.66048757,0.33150083,530.75,Suburban
NC,NC-35,103388,79310,0.15306419,0.02997915,0.38742908,0.61257092,0.30480393,0.23646451,0.00184088,0.06648594,0.02520489,Minority,Minority,0.34864288,0.37104869,0.33565902,0.67558065,0.42358955,747.97,Suburban
NC,NC-36,100380,77983,-0.02535366,0.00001264,0.24469436,0.75530564,0.48610595,0.20350589,0.00194914,0.06378313,0.02122257,Black,Black,0.621576,0.67165994,0.6469093,0.61646039,0.30693697,1152.5,Urban
NC,NC-37,103221,76772,0.0935081,0.02831545,0.27188298,0.72811702,0.41672745,0.23374407,0.00128953,0.06861877,0.0251003,Black,Black,0.44926591,0.52019313,0.52285956,0.62870242,0.27223864,1177,Urban
NC,NC-38,101059,86257,0.03922461,0.00677703,0.60887812,0.39112188,0.21322327,0.11077362,0.00141438,0.05603024,0.01728555,White,White,0.42522801,0.48329366,0.46121061,0.6834237,0.56311792,1871.14,Urban
NC,NC-39,100539,78355,-0.00018898,0.00159665,0.7914747,0.2085253,0.09329334,0.05189203,0.00095718,0.04728479,0.01303044,White,White,0.21285279,0.23393454,0.14038842,0.86224352,0.73399969,1252.32,Urban
NC,NC-40,101445,77246,-0.01709301,0.01062246,0.67628097,0.32371903,0.10237423,0.08466458,0.00139813,0.12009683,0.01444735,White,White,0.12009425,0.12672842,0.01980412,0.86415851,0.64991615,1183.94,Urban
NC,NC-41,100256,76118,0.02206352,-0.00122268,0.69699677,0.30300323,0.1195775,0.08404057,0.00131375,0.08142621,0.01710502,White,White,0.02704569,0.01146606,-0.08441878,0.83641139,0.52614657,569.6,Suburban
NC,NC-42,98810,72529,0.05396215,-0.01562812,0.62514305,0.37485695,0.16121827,0.15672352,0.00139255,0.03729543,0.02225317,White,White,-0.11761569,-0.10614218,-0.17007487,0.71690927,0.36296651,505.48,Suburban
NC,NC-43,101884,72592,0.04884967,0.0149959,0.74724488,0.25275512,0.09596099,0.07677155,0.00117093,0.05929028,0.01837668,White,White,-0.2512892,-0.24357348,-0.33284495,0.88164218,0.46422233,159.77,Rural
NC,NC-44,102225,79294,0.04285644,0.01839303,0.77094105,0.22905895,0.12452392,0.07059803,0.00068101,0.01418771,0.01978712,White,White,-0.49083058,-0.47815585,-0.45512755,0.76409414,0.21021353,37.68,Rural
NC,NC-45,97050,71945,0.03589902,-0.03316171,0.62718743,0.37281257,0.20094517,0.10747098,0.00143165,0.04899576,0.022545,White,White,-0.00667928,-0.04432346,-0.1854246,0.75899012,0.39204443,407.46,Suburban
NC,NC-46,97946,71759,0.05320279,-0.02423552,0.56744102,0.43255898,0.23767054,0.11138673,0.001296,0.06971948,0.02162795,White,White,0.02587379,0.02162324,-0.05531026,0.69472659,0.36610972,493.26,Suburban
NC,NC-47,101955,79514,0.01928302,0.01570322,0.81481249,0.18518751,0.08343185,0.06100812,0.00095581,0.01368312,0.02661167,White,White,-0.5258751,-0.54042987,-0.57011998,0.7383536,0.20867394,78.82,Rural
NC,NC-48,99331,78179,0.0309269,-0.01043778,0.6739022,0.3260978,0.20320035,0.08713337,0.00107446,0.01400632,0.02330549,White,White,-0.26792019,-0.25545967,-0.25515517,0.66661378,0.21648498,108.04,Rural
NC,NC-49,102639,81483,0.01703056,0.02251741,0.8742928,0.1257072,0.04559233,0.04564142,0.0006259,0.00942528,0.02387001,White,White,-0.54709381,-0.55010469,-0.56398374,0.77372845,0.21769678,65.94,Rural
NC,NC-50,103432,80292,0.0408771,0.03041749,0.73927664,0.26072336,0.13401086,0.08348279,0.00085936,0.01997708,0.02505854,White,White,-0.38967913,-0.39586883,-0.40315565,0.68261535,0.2077694,190.74,Rural
NC,NC-51,96975,73977,0.00167053,-0.03390888,0.48813821,0.51186179,0.35255552,0.13101369,0.00116252,0.01816781,0.02266921,Minority,White,0.10923296,0.12582383,0.13411545,0.6951065,0.26583004,425.99,Suburban
NC,NC-52,97995,76556,0.02808307,-0.02374737,0.51459063,0.48540937,0.32156853,0.13029678,0.00236428,0.01863995,0.02460944,White,White,0.1175816,0.1495828,0.15390872,0.66218189,0.23891974,264.49,Suburban
NC,NC-53,97469,75464,-0.00154921,-0.02898752,0.57229937,0.42770063,0.24277801,0.13598537,0.00115287,0.03670624,0.02352115,White,White,0.17271574,0.16783694,0.10676915,0.72744179,0.3554561,537.82,Suburban
NC,NC-54,95722,75579,0.04264432,-0.04639161,0.76105797,0.23894203,0.12184602,0.05830985,0.00099234,0.04186348,0.01872213,White,White,0.11089298,0.10122286,0.01963022,0.83121157,0.54010273,325.81,Suburban
NC,NC-55,96524,74875,0.00721064,-0.03840187,0.46474791,0.53525209,0.34354591,0.09839065,0.0013222,0.079399,0.02024708,Minority,Minority,0.20353758,0.24687702,0.20214643,0.62620763,0.29601998,808.06,Suburban
NC,NC-56,98776,80080,-0.00966834,-0.01596684,0.74122128,0.25877872,0.14193307,0.045005,0.00086164,0.05510739,0.01612138,White,White,0.21951181,0.19264547,0.1089423,0.8531889,0.5794973,640.68,Suburban
NC,NC-57,99846,79318,-0.01015564,-0.00530721,0.53284248,0.46715752,0.31194685,0.08569303,0.00163897,0.05684712,0.02081495,White,White,0.17855436,0.19567473,0.18734138,0.67976015,0.4283182,338.22,Suburban
NC,NC-58,98562,76282,0.00685863,-0.01809876,0.29204793,0.70795207,0.52839464,0.10985554,0.00162555,0.06355366,0.02270523,Black,Black,0.47468135,0.5055526,0.50270651,0.64969158,0.31631459,726.04,Suburban
NC,NC-59,96544,72752,0.06276931,-0.03820262,0.3602925,0.6397075,0.51212338,0.08166099,0.00107214,0.03876182,0.02333956,Black,Black,0.32471845,0.34443679,0.33491519,0.70422753,0.2989811,238.53,Suburban
NC,NC-60,95451,74434,0.02587715,-0.04909138,0.71491523,0.28508477,0.13542198,0.10690007,0.00090013,0.0197356,0.02592901,White,White,-0.30767916,-0.32223297,-0.37071225,0.74480817,0.25846683,120.54,Rural
NC,NC-61,99767,78337,0.00887067,-0.00609423,0.8303739,0.1696261,0.05226138,0.07560923,0.00070209,0.01683751,0.02495628,White,White,-0.62592765,-0.62030905,-0.61875663,0.74103692,0.16004855,55.49,Rural
NC,NC-62,98748,79800,0.02206627,-0.01624578,0.7404386,0.2595614,0.16676692,0.05531328,0.00093985,0.0185589,0.0202005,White,White,-0.24439332,-0.23926279,-0.25733982,0.7372053,0.27319254,49.86,Rural
NC,NC-63,95403,72765,0.03109965,-0.04956957,0.51975538,0.48024462,0.28219611,0.16326531,0.00156669,0.01864908,0.0294922,White,White,0.08125974,0.07986253,0.04015498,0.65174505,0.24340052,438.17,Suburban
NC,NC-64,96006,78453,-0.00638502,-0.04356232,0.65736173,0.34263827,0.10694301,0.08297962,0.00133838,0.13628542,0.0157674,White,White,0.69424905,0.70996876,0.67719432,0.74896294,0.73587906,407.14,Suburban
NC,NC-65,105159,83311,0.0127331,0.04762233,0.68549171,0.31450829,0.20176207,0.07562027,0.00092425,0.01495601,0.02472663,White,White,0.03118298,0.01800261,0.00187491,0.78118485,0.33367629,52.11,Rural
NC,NC-66,105122,85052,0.00494663,0.04725373,0.48210507,0.51789493,0.31142125,0.12266613,0.00119927,0.07313173,0.01920002,Minority,White,0.6285236,0.63372204,0.5901387,0.74640137,0.54434968,702.52,Suburban
NC,NC-67,102067,81888,0.03870987,0.01681899,0.49362544,0.50637456,0.32195193,0.09957503,0.00095252,0.07482171,0.01742624,Minority,White,0.69691164,0.70740969,0.67003962,0.77854783,0.62979066,847.2,Suburban
NC,NC-68,104272,81351,0.03596363,0.0387858,0.32547848,0.67452152,0.44643582,0.16843063,0.00120466,0.05323844,0.02463399,Black,Black,0.59493939,0.603757,0.61082194,0.75672969,0.41294367,395.06,Suburban
NC,NC-69,95456,73611,0.08773676,-0.04904157,0.72618223,0.27381777,0.10676393,0.0982326,0.0009917,0.04866121,0.01983399,White,White,0.13598132,0.12266833,0.0850768,0.89504174,0.5056505,51.08,Rural
NC,NC-70,98305,69102,0.07271248,-0.02065907,0.42851148,0.57148852,0.09302191,0.05198113,0.00186681,0.41496628,0.01094035,Minority,White,0.31887291,0.34630496,0.26283072,0.79617139,0.77271584,862.54,Suburban
NC,NC-71,99630,82794,0.01447355,-0.00745906,0.78477909,0.21522091,0.09644419,0.05269706,0.00099041,0.05302317,0.01244052,White,White,0.35283404,0.36418284,0.3045153,0.80407816,0.71473533,947.62,Suburban
NC,NC-72,103215,82869,0.01139369,0.02825568,0.68351253,0.31648747,0.16813284,0.07089503,0.00148427,0.06382363,0.01645971,White,White,0.30176328,0.3011404,0.21132566,0.78453018,0.62895644,796.11,Suburban
NC,NC-73,100949,84096,-0.00305105,0.00568118,0.57644834,0.42355166,0.17493103,0.11614108,0.00147451,0.11472603,0.01900209,White,White,0.4194547,0.46228937,0.37810934,0.60460173,0.53111547,953.02,Suburban
NC,NC-74,100070,77489,-0.01431998,-0.00307566,0.72823239,0.27176761,0.07035837,0.06390584,0.00131632,0.12061067,0.01435042,White,White,0.25140075,0.23973036,0.14117068,0.90340364,0.6729573,909.73,Suburban
NC,NC-75,100243,70863,0.05154475,-0.00135219,0.71109041,0.28890959,0.12831802,0.08479743,0.00173574,0.05703964,0.0196012,White,White,0.10472794,0.10197026,0.01970912,0.91004946,0.55672347,503.98,Suburban
NC,NC-76,97798,73741,0.05355938,-0.02570994,0.68383938,0.31616062,0.16431836,0.10837933,0.00153239,0.02522342,0.02134498,White,White,0.0246556,-0.01525436,-0.09549857,0.82672708,0.46323078,304.9,Suburban
NC,NC-77,100113,76400,0.02574091,-0.00264728,0.37646597,0.62353403,0.3659555,0.18887435,0.0013089,0.06451571,0.02397906,Minority,Minority,0.47076237,0.49267361,0.48326717,0.66869397,0.40352389,1212.54,Urban
NC,NC-78,100541,74889,0.06902657,0.00161657,0.25814205,0.74185795,0.54237605,0.16945079,0.00134866,0.02772103,0.02204596,Black,Black,0.5995993,0.65872614,0.67721411,0.64579089,0.29781009,707.11,Suburban
NC,NC-79,104237,76471,0.12481173,0.03843712,0.54867858,0.45132142,0.28065541,0.12280472,0.00167384,0.03453597,0.02305449,White,White,0.13817116,0.12696421,0.0540606,0.82634867,0.43501481,232.92,Suburban
NC,NC-80,105138,78542,0.03592421,0.04741312,0.76500471,0.23499529,0.11532683,0.05597005,0.00152784,0.0463319,0.01521479,White,White,0.0609181,0.04391077,-0.04123143,0.90510709,0.62163575,348.55,Suburban
NC,NC-81,103075,74970,0.01953917,0.02686096,0.60132053,0.39867947,0.20228091,0.15587568,0.00340136,0.02090169,0.0289049,White,White,-0.17768799,-0.14184762,-0.14131702,0.61188331,0.22861257,102.96,Rural
NC,NC-82,101459,77283,0.07183197,0.01076193,0.64328507,0.35671493,0.21118487,0.10810916,0.00257495,0.01425928,0.03005836,White,White,-0.2831467,-0.2712711,-0.27149321,0.67821926,0.21147525,78.07,Rural
NC,NC-83,104060,77558,0.08351912,0.0366738,0.72126666,0.27873334,0.12054205,0.12608628,0.00116042,0.00965729,0.02518115,White,White,-0.3663238,-0.39210012,-0.4361809,0.77636405,0.23773937,72.2,Rural
NC,NC-84,104258,76749,0.08041589,0.03864633,0.61036626,0.38963374,0.21481713,0.13993668,0.00143324,0.01686015,0.02410455,White,White,-0.04320094,-0.07564714,-0.14699198,0.7458359,0.29552495,204.08,Suburban
NC,NC-85,99644,79800,0.00821926,-0.00731959,0.84790727,0.15209273,0.07943609,0.0406015,0.00088972,0.00823308,0.02269424,White,White,-0.49005462,-0.47493423,-0.4919269,0.67591099,0.19115911,39.4,Rural
NC,NC-86,96948,77442,0.00135124,-0.03417787,0.81304718,0.18695282,0.06338938,0.06586865,0.0013042,0.03237261,0.0317528,White,White,-0.41008134,-0.39867461,-0.38504265,0.65945812,0.19608423,69.95,Rural
NC,NC-87,98458,79540,-0.0024579,-0.01913484,0.86828011,0.13171989,0.05310536,0.0477747,0.00086749,0.00793312,0.022957,White,White,-0.52454376,-0.51360758,-0.51168843,0.68149606,0.18200412,52.86,Rural
NC,NC-88,97601,82497,0.0129302,-0.0276725,0.86555875,0.13444125,0.03558917,0.05906881,0.00227887,0.01607331,0.01840067,White,White,-0.17862419,-0.16650501,-0.18220077,0.71744105,0.31822901,32.61,Rural
NC,NC-89,97133,77154,0.00782432,-0.03233485,0.8637919,0.1362081,0.04034788,0.07040465,0.00072582,0.00662312,0.01972678,White,White,-0.60880947,-0.58524099,-0.57515227,0.70572171,0.15654646,41.37,Rural
NC,NC-90,102821,81888,0.01311016,0.02433055,0.86327667,0.13672333,0.03542644,0.07350283,0.00040299,0.007034,0.02165152,White,White,-0.55947036,-0.5457828,-0.53492429,0.70892182,0.17940512,48.54,Rural
NC,NC-91,104154,83382,0.00357163,0.03761025,0.7443453,0.2556547,0.18147802,0.04797198,0.00088748,0.00700391,0.02025617,White,White,-0.3838841,-0.34449968,-0.31704225,0.6982928,0.15135056,55.1,Rural
NC,NC-92,99026,75080,0.01198675,-0.01347627,0.52073788,0.47926212,0.26913958,0.18435003,0.00109217,0.0061268,0.03040757,White,White,-0.25598076,-0.18095545,-0.13074513,0.68911553,0.15272431,24.11,Rural
NC,NC-93,97859,81071,0.01607415,-0.02510224,0.82799028,0.17200972,0.09806219,0.03747333,0.00205992,0.01226086,0.02189439,White,White,-0.41799181,-0.39923779,-0.40685668,0.79026918,0.28234424,25.35,Rural
NC,NC-94,102406,83401,0.01198172,0.0201962,0.76398365,0.23601635,0.15750411,0.05166605,0.00128296,0.00832124,0.01754176,White,White,-0.26477579,-0.22256978,-0.22934546,0.77335914,0.2739526,16.03,Rural
NC,NC-95,103209,81312,0.03260375,0.02819591,0.67857143,0.32142857,0.24772481,0.03521006,0.0022014,0.01437672,0.02308392,White,White,-0.27140719,-0.21918496,-0.20127501,0.70383018,0.24105887,32.07,Rural
NC,NC-96,104907,85131,-0.02215295,0.04511184,0.39644783,0.60355217,0.52985399,0.03481693,0.00170326,0.00695399,0.04081944,Black,Black,0.18843266,0.24477972,0.29484935,0.64207891,0.16565543,20.77,Rural
NC,NC-97,103570,81066,-0.00358212,0.03179229,0.50944909,0.49055091,0.39272938,0.07677695,0.00093751,0.0085856,0.0182814,White,White,-0.00651391,0.03722646,0.08905557,0.68157008,0.2132358,50.98,Rural
NC,NC-98,101248,80697,-0.02133375,0.00865989,0.42369605,0.57630395,0.52806176,0.03461095,0.00075591,0.00485768,0.01363124,Black,Black,0.11855897,0.16560977,0.21582612,0.67665517,0.16473661,18.61,Rural
NC,NC-99,101228,80095,0.07103766,0.00846065,0.49117922,0.50882078,0.40259692,0.06914289,0.00153568,0.02670579,0.01649291,Minority,White,0.21050512,0.24913239,0.22910063,0.56384606,0.33728512,148.84,Rural
NC,NC-100,101943,77543,-0.00221693,0.01558367,0.62022362,0.37977638,0.27458313,0.07349471,0.00137988,0.01777079,0.02156223,White,White,-0.16660573,-0.14624639,-0.16614281,0.76548195,0.28801423,58.88,Rural
NC,NC-101,104944,82218,0.00910009,0.04548044,0.43411418,0.56588582,0.47821645,0.05995038,0.00125277,0.01620083,0.01830499,Black,Black,0.16607054,0.17690116,0.17586376,0.68377816,0.22160565,124.7,Rural
NC,NC-102,104455,81190,0.06313724,0.04060889,0.63140781,0.36859219,0.25498214,0.08682104,0.00120705,0.008437,0.02311861,White,White,-0.17143401,-0.16357628,-0.14724763,0.76194047,0.21940779,50.66,Rural
NC,NC-103,97344,76420,-0.00522888,-0.03023281,0.43028003,0.56971997,0.47254645,0.06956294,0.00170113,0.01907878,0.01616069,Black,Black,0.11592918,0.1668218,0.17604444,0.60463359,0.16938904,74.37,Rural
NC,NC-104,95562,73571,0.01737092,-0.04798557,0.63529108,0.36470892,0.22071197,0.11635019,0.00186215,0.01122725,0.02114964,White,White,-0.37365672,-0.34898925,-0.35675854,0.68194625,0.18254668,51.65,Rural
ND,ND-1,95759,78108,0.05460583,-0.01671429,0.80840631,0.19159369,0.07663748,0.0335433,0.00153633,0.04684539,0.03304399,White,White,0.05035798,0.09793996,-0.00340404,0.53808338,0.3885933,1210.91,Urban
ND,ND-2,98561,72364,0.03677925,0.0120576,0.88088,0.11912,0.04499475,0.02385164,0.00121607,0.02465314,0.02197225,White,White,-0.20558553,-0.15830833,-0.22962265,0.74169139,0.45028245,11.5,Rural
ND,ND-3,96443,75861,-0.00710264,-0.00969074,0.84432053,0.15567947,0.03627687,0.044832,0.00184548,0.03394366,0.0380169,White,White,-0.25617284,-0.22020909,-0.2457342,0.58357349,0.32063524,5.86,Rural
ND,ND-4,97943,76602,-0.00746352,0.00571176,0.90660818,0.09339182,0.01373332,0.01935981,0.00152738,0.00796324,0.04950262,White,White,-0.44625467,-0.41445008,-0.39783028,0.64809661,0.2346765,1.87,Rural
ND,ND-5,96823,72854,-0.0139533,-0.00578878,0.81552145,0.18447855,0.04110962,0.04699811,0.00351388,0.02135778,0.07213056,White,White,-0.46111317,-0.43672317,-0.43400894,0.57461565,0.27823882,5,Rural
ND,ND-6,98458,75621,0.02175547,0.01099996,0.87933246,0.12066754,0.02472858,0.02717499,0.00367623,0.01446688,0.04961585,White,White,-0.42821882,-0.40186787,-0.45125993,0.69253704,0.37271152,23.28,Rural
ND,ND-7,98405,71979,-0.02827092,0.01045573,0.7331305,0.2668695,0.02791092,0.04911155,0.00233401,0.0139763,0.17499548,White,White,-0.51991013,-0.49677248,-0.4830065,0.62512887,0.22645863,2.69,Rural
ND,ND-8,96702,72704,0.00310231,-0.00703124,0.88147832,0.11852168,0.02096171,0.04620103,0.00266835,0.012489,0.03550011,White,White,-0.63591652,-0.62133041,-0.62179746,0.66100329,0.24814154,2.36,Rural
NE,NE-1,94774,68158,-0.00016882,-0.03365989,0.41814607,0.58185393,0.37772529,0.09919599,0.00240617,0.08314505,0.03286481,Minority,Minority,0.40958158,0.43948318,0.41756996,0.5173496,0.21652898,697.52,Suburban
NE,NE-2,94569,70312,0.01059544,-0.03575012,0.49954489,0.50045511,0.08426727,0.36363636,0.00281602,0.03201445,0.04293719,Minority,White,0.31235548,0.34477286,0.26195918,0.44650939,0.24369748,1729.74,Urban
NE,NE-3,96065,76546,-0.03662104,-0.02049652,0.7654221,0.2345779,0.07122515,0.08955399,0.00194654,0.05234761,0.02104617,White,White,0.28476763,0.27415349,0.16077004,0.65272008,0.47158813,1540.59,Urban
NE,NE-4,99078,76077,0.00727709,0.01022481,0.74396993,0.25603007,0.12162677,0.05866425,0.00160364,0.05625879,0.01926995,White,White,0.10661949,0.10847828,-0.00617327,0.68661063,0.42411726,1053.42,Urban
NE,NE-5,99561,75192,0.00165728,0.0151496,0.85386743,0.14613257,0.03266305,0.05168103,0.00203479,0.04025694,0.01542717,White,White,0.00293956,-0.01872355,-0.14162957,0.77338464,0.4855036,1256.08,Urban
NE,NE-6,100479,69714,0.07818549,0.02450976,0.8774995,0.1225005,0.02003902,0.03276243,0.00136271,0.05290186,0.01203489,White,White,-0.1885524,-0.19064134,-0.28942194,0.88424828,0.58850681,239.71,Suburban
NE,NE-7,95309,71215,0.0290109,-0.02820489,0.76518992,0.23481008,0.05483395,0.11590255,0.0028084,0.03968265,0.0240118,White,White,-0.05901522,-0.05486232,-0.17266133,0.67341536,0.36140656,734.05,Suburban
NE,NE-8,95295,66981,0.04218479,-0.02834764,0.84001433,0.15998567,0.04226572,0.05801645,0.0028217,0.03436796,0.01890088,White,White,-0.16804273,-0.16901903,-0.26397926,0.76981323,0.46454303,195.74,Rural
NE,NE-9,102122,75711,0.00030356,0.04126222,0.77613557,0.22386443,0.02088204,0.13653234,0.00257558,0.0120326,0.05439104,White,White,-0.37430513,-0.34048079,-0.37017699,0.64167823,0.2317793,14.94,Rural
NE,NE-10,93776,70928,0.0253583,-0.04383575,0.90886533,0.09113467,0.01405651,0.03617753,0.00093052,0.01574836,0.01976652,White,White,-0.33926657,-0.33217541,-0.3790821,0.75760376,0.34587581,11.46,Rural
NE,NE-11,99435,76845,0.02820938,0.01386487,0.81331251,0.18668749,0.04800573,0.06500098,0.00161364,0.04881254,0.02285119,White,White,0.08372834,0.12167428,0.05026247,0.64047461,0.37113256,259.42,Suburban
NE,NE-12,97127,75479,0.01220052,-0.00966809,0.72853376,0.27146624,0.07016521,0.10345924,0.00144411,0.0728547,0.02599399,White,White,0.04012094,0.10280903,0.02874159,0.47858634,0.31712687,157.15,Rural
NE,NE-13,97559,75590,-0.01618508,-0.00526331,0.86151607,0.13848393,0.03758434,0.04393438,0.00164043,0.03672443,0.01684085,White,White,0.09790185,0.11342978,0.02594079,0.76364235,0.48503378,163.25,Rural
NE,NE-14,101216,75150,0.01333781,0.03202441,0.84705256,0.15294744,0.01178975,0.11701929,0.00061211,0.00625416,0.01858949,White,White,-0.55971545,-0.54164711,-0.55543151,0.72363667,0.23465332,9.03,Rural
NE,NE-15,95754,73327,0.00247509,-0.02366755,0.90112782,0.09887218,0.00868711,0.05971879,0.00137739,0.00841436,0.01802883,White,White,-0.47266908,-0.45228828,-0.45650516,0.66592834,0.23591522,6.8,Rural
NE,NE-16,99050,75073,-0.00237254,0.00993931,0.8762671,0.1237329,0.01393311,0.07360835,0.00189149,0.01084278,0.02406991,White,White,-0.63806176,-0.6188398,-0.62740379,0.68302182,0.23886751,4.69,Rural
NE,NE-17,97495,72373,-0.00561054,-0.00591587,0.74715709,0.25284291,0.0240283,0.19675846,0.00124356,0.01553065,0.02347561,White,White,-0.40430505,-0.38078919,-0.41163512,0.60526111,0.23158564,22.35,Rural
NE,NE-18,102342,76986,0.00451428,0.04350539,0.8272673,0.1727327,0.01915933,0.12303536,0.00161068,0.01287247,0.01783441,White,White,-0.52586279,-0.50827675,-0.53426713,0.64241511,0.27898118,7.39,Rural
NE,NE-19,102301,78637,-0.01276625,0.04308735,0.91262383,0.08737617,0.0096138,0.05052329,0.00143698,0.00691786,0.01648079,White,White,-0.64815201,-0.64065998,-0.65405105,0.69053886,0.22052301,2.45,Rural
NE,NE-20,98197,75833,-0.00583521,0.0012419,0.8363773,0.1636227,0.00982422,0.10454551,0.00162199,0.00899345,0.0388749,White,White,-0.60532729,-0.59131122,-0.61323767,0.63840639,0.24002554,1.32,Rural
NH,NH-1,101881,82488,0.02117176,0.03542938,0.89011735,0.10988265,0.01808748,0.0246945,0.00140627,0.03849045,0.01893609,White,White,0.10019831,0.12369912,0.04199845,0.71606335,0.37016073,169.02,Rural
NH,NH-2,96302,80491,0.01031131,-0.0212707,0.92343243,0.07656757,0.01060988,0.02194034,0.00090693,0.02258638,0.01206346,White,White,0.06776604,0.11669536,0.0336252,0.81091364,0.46578675,210.21,Suburban
NH,NH-3,96690,79387,0.01174889,-0.0173274,0.90865003,0.09134997,0.01396954,0.02264854,0.00122186,0.03054656,0.01471274,White,White,0.12780067,0.16721774,0.09997881,0.7861219,0.46763965,120.01,Rural
NH,NH-4,99664,80268,0.00233786,0.01289773,0.75365027,0.24634973,0.03769871,0.10856132,0.00134549,0.07678029,0.01476304,White,White,0.12610468,0.19122999,0.11259404,0.69359837,0.41635867,615.07,Suburban
NH,NH-5,100212,83169,0.01489842,0.01846712,0.93815003,0.06184997,0.00669721,0.01368298,0.00075749,0.01165098,0.02024793,White,White,-0.14408622,-0.11457199,-0.17659861,0.78920284,0.32010812,45.59,Rural
NH,NH-6,94179,79181,0.00638147,-0.04284701,0.92892234,0.07107766,0.01246511,0.01768101,0.00080827,0.01267981,0.01924704,White,White,0.0169641,0.07616707,0.01273722,0.71784096,0.3172037,10.83,Rural
NH,NH-7,93868,77927,0.02233988,-0.04600774,0.89079523,0.10920477,0.01384629,0.02261091,0.00107793,0.03605939,0.02385566,White,White,0.17305383,0.21073146,0.15837322,0.72277038,0.40376472,28.74,Rural
NH,NH-8,95288,75315,0.0139262,-0.0315761,0.9151829,0.0848171,0.01297218,0.02905132,0.00082321,0.01805749,0.01367589,White,White,-0.13685933,-0.09206831,-0.16788659,0.7650284,0.38666686,185.65,Rural
NH,NH-9,94000,74964,0.01603191,-0.04466621,0.89105437,0.10894563,0.01458033,0.03909877,0.00082706,0.03497679,0.01168561,White,White,-0.15788024,-0.10904979,-0.17963322,0.78195742,0.4247257,299.62,Suburban
NH,NH-10,96748,78955,0.00077521,-0.01673794,0.7810525,0.2189475,0.05733646,0.09676398,0.00131721,0.04897727,0.01765563,White,White,0.08282181,0.13932684,0.06885184,0.60082438,0.34061053,1228.27,Urban
NH,NH-11,101534,82462,0.01324679,0.03190278,0.89477578,0.10522422,0.02419296,0.0229439,0.00080037,0.02923771,0.01874803,White,White,0.06657656,0.11072229,0.03860334,0.73834676,0.37507353,105.44,Rural
NH,NH-12,101758,82203,0.01131115,0.03417932,0.92010024,0.07989976,0.01453718,0.02047371,0.00113135,0.01364914,0.019537,White,White,0.03425846,0.07730279,0.0072335,0.78706097,0.38484902,44.48,Rural
NH,NH-13,102778,83242,0.01238592,0.0445457,0.91929555,0.08070445,0.01173686,0.02125129,0.00146561,0.01691454,0.01956945,White,White,0.07431472,0.14348866,0.08778813,0.74979052,0.36735612,44.51,Rural
NH,NH-14,102627,80628,0.01901059,0.04301107,0.88107109,0.11892891,0.02361463,0.03822493,0.00125267,0.03309024,0.01575135,White,White,-0.00805733,0.022846,-0.07350043,0.75074993,0.43704416,191.5,Rural
NJ,NJ-1,97411,77857,0.0452413,-0.02410779,0.54713128,0.45286872,0.21014167,0.21511232,0.00133578,0.01385874,0.03530832,White,White,-0.10244971,-0.02101155,-0.03884965,0.53854233,0.17752237,92.09,Rural
NJ,NJ-2,102219,78357,-0.00201528,0.02406018,0.53216688,0.46783312,0.16182345,0.28345904,0.00172288,0.0204066,0.02626441,White,White,-0.05495911,0.05010121,0.05067642,0.56540896,0.21561643,200.92,Suburban
NJ,NJ-3,99316,79253,-0.0027488,-0.00502294,0.50259296,0.49740704,0.2035128,0.1721449,0.00392414,0.12220358,0.01573442,White,White,0.03398291,0.15196089,0.17616023,0.55154338,0.28561007,303.81,Suburban
NJ,NJ-4,94903,74603,0.00071652,-0.04923368,0.56515154,0.43484846,0.15784888,0.19393322,0.00170234,0.08328083,0.01592429,White,White,0.01833838,0.13325789,0.12885653,0.64438801,0.32861077,586.44,Suburban
NJ,NJ-5,95518,78971,-0.00604075,-0.04307242,0.8688126,0.1311874,0.04235732,0.05990807,0.00126629,0.01243494,0.01370123,White,White,-0.19950228,-0.15970129,-0.19900661,0.6913532,0.35850383,146.63,Rural
NJ,NJ-6,95814,78579,0.02784562,-0.04010701,0.70306316,0.29693684,0.11914125,0.12640782,0.00137441,0.03787271,0.01963629,White,White,-0.20071648,-0.12634802,-0.14337732,0.65621702,0.25695901,49.06,Rural
NJ,NJ-7,95471,78860,0.02581936,-0.04354328,0.87863302,0.12136698,0.02364951,0.06501395,0.00081156,0.01771494,0.01408826,White,White,-0.29032972,-0.23914665,-0.31950842,0.73270723,0.34692737,207.9,Suburban
NJ,NJ-8,94969,78960,0.02267056,-0.04857247,0.86225937,0.13774063,0.02978723,0.07570922,0.00070922,0.0177305,0.01256332,White,White,-0.34295852,-0.28905405,-0.3587125,0.70518557,0.26793794,277.29,Suburban
NJ,NJ-9,98954,78928,0.02803323,-0.00864956,0.80368184,0.19631816,0.03901024,0.10054733,0.00046878,0.04440756,0.01274579,White,White,-0.32286176,-0.23243455,-0.31798779,0.66729404,0.35586724,910.43,Suburban
NJ,NJ-10,98652,81141,0.02741962,-0.01167508,0.85376074,0.14623926,0.02617666,0.08466743,0.00088734,0.02053216,0.013076,White,White,-0.27973922,-0.22954879,-0.32014918,0.71712019,0.37681081,1210.23,Urban
NJ,NJ-11,100453,84487,0.01947179,0.00636787,0.82230402,0.17769598,0.04920284,0.08523205,0.00089955,0.02938914,0.012641,White,White,-0.2872152,-0.23382908,-0.2927282,0.70521959,0.30315883,179.96,Rural
NJ,NJ-12,102869,52810,0.04043978,0.03057207,0.76917251,0.23082749,0.05205454,0.14898693,0.00054914,0.01130468,0.01052831,White,White,-0.70520906,-0.61987102,-0.41172301,0.61492213,0.32695099,1896.75,Urban
NJ,NJ-13,101484,70495,0.00662173,0.01669673,0.78543159,0.21456841,0.04708135,0.11019221,0.00100716,0.04122278,0.01140506,White,White,-0.4282729,-0.28023004,-0.32152835,0.69053759,0.39266409,562.74,Suburban
NJ,NJ-14,99845,82166,-0.00281436,0.00027674,0.63998491,0.36001509,0.19151474,0.12344522,0.00102232,0.03598812,0.01430032,White,White,0.13239854,0.2132633,0.14572301,0.66878434,0.46758096,1370.35,Urban
NJ,NJ-15,101643,79307,0.00686717,0.01828964,0.66634723,0.33365277,0.08096385,0.1698589,0.00128614,0.03698286,0.01622808,White,White,-0.01803432,0.07615376,0.0145884,0.63190894,0.50038042,1225.11,Urban
NJ,NJ-16,104064,81560,0.01093558,0.04254393,0.79069397,0.20930603,0.10549289,0.05321236,0.00121383,0.03661108,0.01417361,White,White,-0.10795237,-0.06117022,-0.07380441,0.73804344,0.34146241,320.57,Suburban
NJ,NJ-17,98807,77523,0.02098029,-0.01012225,0.7708551,0.2291449,0.11619777,0.06226539,0.00107065,0.03800163,0.01439573,White,White,-0.01392874,0.03098799,-0.00930967,0.69063492,0.41378554,288.28,Suburban
NJ,NJ-18,99799,78198,0.01075161,-0.0001841,0.75143866,0.24856134,0.13146116,0.06615259,0.00121486,0.03749457,0.01750684,White,White,0.047501,0.09852331,0.07557731,0.67891821,0.30647747,598.98,Suburban
NJ,NJ-19,103199,80566,0.00178296,0.03387811,0.54099744,0.45900256,0.29275377,0.12466797,0.00145223,0.03628081,0.02002085,White,White,0.1880665,0.25649954,0.23959157,0.63011752,0.24447832,353.45,Suburban
NJ,NJ-20,99535,78316,0.00128598,-0.00282893,0.7007508,0.2992492,0.15405537,0.07900046,0.00135349,0.05585066,0.01579498,White,White,0.11282062,0.16435659,0.13389452,0.66355467,0.28859482,1248.03,Urban
NJ,NJ-21,97892,77331,0.00380011,-0.01928899,0.79388602,0.20611398,0.09725724,0.06309242,0.00131901,0.03368636,0.01373317,White,White,0.32590997,0.34369973,0.28480199,0.75490288,0.46523744,1896.67,Urban
NJ,NJ-22,97658,70085,-0.01552356,-0.02163327,0.08733681,0.91266319,0.42001855,0.47556538,0.00392381,0.04998216,0.02481273,Hispanic,Hispanic,0.5844629,0.7341965,0.83632213,0.42038867,0.11668249,2687.19,Urban
NJ,NJ-23,97260,76747,0.01621427,-0.02562055,0.67958357,0.32041643,0.08589261,0.06165713,0.00114662,0.16525727,0.00948571,White,White,0.28913879,0.34418507,0.29587032,0.73953179,0.56250974,1114.05,Urban
NJ,NJ-24,98109,77408,0.02194498,-0.01711502,0.70118076,0.29881924,0.1197809,0.09867197,0.00142104,0.0718272,0.01498553,White,White,0.20502794,0.23160098,0.19604909,0.64316374,0.43017044,979.89,Suburban
NJ,NJ-25,99489,77874,0.00784006,-0.00328977,0.45852274,0.54147726,0.38092303,0.10251175,0.00145106,0.04172124,0.01935177,Minority,Minority,0.40106964,0.44023357,0.41603181,0.60921762,0.31563103,932.91,Suburban
NJ,NJ-26,97537,77884,0.02802014,-0.02284548,0.75733142,0.24266858,0.09081454,0.04986904,0.00156643,0.09276617,0.01087515,White,White,0.16808301,0.19001639,0.12154849,0.67845514,0.52579521,656.66,Suburban
NJ,NJ-27,98549,81008,0.0491938,-0.01270697,0.74998766,0.25001234,0.12695042,0.07473336,0.00230841,0.03579893,0.01812167,White,White,-0.03201882,0.00318336,-0.03585759,0.61870752,0.38688706,103,Rural
NJ,NJ-28,99961,79953,0.02089815,0.00143886,0.63137093,0.36862907,0.19617775,0.07724538,0.00150088,0.08625067,0.01478369,White,White,0.10893452,0.14988382,0.08954616,0.64204936,0.39526049,222.9,Suburban
NJ,NJ-29,98252,78214,0.00279893,-0.0156824,0.83497839,0.16502161,0.03032705,0.08696653,0.00120183,0.03434168,0.01098269,White,White,-0.19696344,-0.12474789,-0.21940402,0.73234235,0.40704925,900.96,Suburban
NJ,NJ-30,100573,80475,-0.00060652,0.00757006,0.83326499,0.16673501,0.0330786,0.05499845,0.00105623,0.06795899,0.00755514,White,White,-0.18604614,-0.11057606,-0.20049858,0.79181376,0.60556187,358.68,Suburban
NJ,NJ-31,102414,80348,-0.00188451,0.02601374,0.73673271,0.26326729,0.05064221,0.12440882,0.0010579,0.07885697,0.01086524,White,White,-0.22356578,-0.10841945,-0.14857074,0.73974685,0.5122602,358.32,Suburban
NJ,NJ-32,99174,78661,-0.0006655,-0.00644553,0.69453732,0.30546268,0.06011874,0.09453223,0.00088989,0.14298064,0.00863198,White,White,-0.12638573,0.00975081,-0.02769447,0.7251681,0.51591368,750.48,Suburban
NJ,NJ-33,99810,81315,0.02155095,-0.0000739,0.63188834,0.36811166,0.06805632,0.10059645,0.00092234,0.19410933,0.00849782,White,White,-0.04757566,0.05718326,0.01455954,0.74901889,0.43953249,555.15,Suburban
NJ,NJ-34,100864,80819,0.00148715,0.01048539,0.67062201,0.32937799,0.09975377,0.14218191,0.00103936,0.08183719,0.01340031,White,White,0.04573753,0.09091725,0.02744501,0.66732215,0.38969601,664.57,Suburban
NJ,NJ-35,96505,72277,0.01000984,-0.03318437,0.11765845,0.88234155,0.47708123,0.40804129,0.00291932,0.01308853,0.02697954,Black,Black,0.64964244,0.76923395,0.81901348,0.35370066,0.15763762,4206.72,Urban
NJ,NJ-36,98575,77401,0.00201877,-0.01244649,0.47513598,0.52486402,0.09698841,0.13697497,0.00133073,0.28646917,0.01124016,Minority,White,0.36412992,0.45142454,0.40942653,0.66884542,0.61706437,593.99,Suburban
NJ,NJ-37,103459,84463,-0.00202979,0.03648286,0.69002995,0.30997005,0.13956407,0.09221789,0.00114843,0.06845601,0.01122385,White,White,0.24061128,0.27060181,0.20172531,0.72302163,0.55737588,197.84,Rural
NJ,NJ-38,97468,79638,0.01536915,-0.02353675,0.84472237,0.15527763,0.03548557,0.06135262,0.00076597,0.04119893,0.01052261,White,White,-0.13426546,-0.10862325,-0.20497949,0.80981395,0.51564281,107.54,Rural
NJ,NJ-39,95695,76709,0.00990647,-0.04129919,0.79831571,0.20168429,0.05792019,0.09781121,0.00106897,0.02911001,0.01490047,White,White,-0.20547052,-0.15963695,-0.25468474,0.69568582,0.34766436,120.16,Rural
NJ,NJ-40,103876,81570,0.00061612,0.04066049,0.44444036,0.55555964,0.11445384,0.08102243,0.00191247,0.35678558,0.00875322,Minority,White,0.43266333,0.53411247,0.49657805,0.67351954,0.75596435,453.74,Suburban
NJ,NJ-41,103393,82419,0.01635507,0.03582166,0.5135709,0.4864291,0.14889771,0.15279244,0.00122545,0.18147515,0.01339497,White,White,0.18482173,0.25541816,0.19218931,0.68636953,0.53250589,507.42,Suburban
NJ,NJ-42,95549,75497,0.02488775,-0.04276186,0.6034412,0.3965588,0.05426706,0.16194021,0.00121859,0.17170219,0.01198723,White,White,0.05340991,0.11735773,0.02087654,0.70625643,0.54559815,632.67,Suburban
NJ,NJ-43,97601,75737,0.00222334,-0.02220431,0.59455748,0.40544252,0.07201236,0.16977171,0.00106949,0.15433672,0.01064209,White,White,0.06535725,0.1418424,0.04435185,0.75201965,0.58294938,354.93,Suburban
NJ,NJ-44,95422,72276,0.00946323,-0.04403418,0.73707731,0.26292269,0.03993027,0.09902319,0.00095467,0.11330179,0.00669655,White,White,0.15744942,0.21019386,0.11561053,0.77673035,0.71450027,1087.85,Urban
NJ,NJ-45,104179,81431,0.00905173,0.04369604,0.71252963,0.28747037,0.0497108,0.13878007,0.00090874,0.08771844,0.01343469,White,White,0.11698307,0.1874722,0.09668383,0.75379424,0.69201183,386.26,Suburban
NJ,NJ-46,101319,80772,0.01320582,0.01504371,0.63170406,0.36829594,0.04206903,0.25787402,0.00077997,0.06387114,0.01512901,White,White,-0.07632007,0.01730861,-0.04829533,0.7001301,0.43494254,363.13,Suburban
NJ,NJ-47,96285,76020,0.00824635,-0.03538839,0.75056564,0.24943436,0.04550118,0.12140226,0.00093396,0.07153381,0.01003683,White,White,-0.11168293,-0.04117837,-0.16203047,0.75231185,0.50926709,278.42,Suburban
NJ,NJ-48,102119,82156,0.0091364,0.02305835,0.84137495,0.15862505,0.02694873,0.0852281,0.00036516,0.0283972,0.01351088,White,White,-0.26016384,-0.19853636,-0.30501172,0.73865905,0.4170366,95.76,Rural
NJ,NJ-49,101256,82161,0.00544165,0.01441256,0.85129198,0.14870802,0.02138484,0.08087779,0.00073027,0.02907706,0.01296235,White,White,-0.23596976,-0.16959323,-0.26403467,0.73020186,0.40846836,186.27,Rural
NJ,NJ-50,94879,73955,0.00679813,-0.04947411,0.36676357,0.63323643,0.13608275,0.13635319,0.00156852,0.3601244,0.01123656,Minority,Minority,0.23612843,0.38090867,0.34635767,0.71000334,0.59178938,555.64,Suburban
NJ,NJ-51,96023,75068,0.00413443,-0.03801318,0.60160121,0.39839879,0.07679704,0.12379443,0.00129216,0.18362018,0.01025737,White,White,-0.02074106,0.10247497,0.04931368,0.72319183,0.45963941,1063.46,Urban
NJ,NJ-52,101252,80958,-0.00406906,0.01437248,0.37869019,0.62130981,0.17171867,0.16650609,0.00144519,0.27874948,0.01338966,Minority,Minority,0.13168568,0.25312741,0.24584884,0.64889879,0.43864165,1369.89,Urban
NJ,NJ-53,98683,78053,0.02293201,-0.01136452,0.32707263,0.67292737,0.13061638,0.33820609,0.00190896,0.20392554,0.01901272,Hispanic,Hispanic,0.28331688,0.43766164,0.47071114,0.42186537,0.39398896,2425.53,Urban
NJ,NJ-54,100961,77348,0.0034964,0.01145716,0.32313699,0.67686301,0.07656307,0.07573564,0.00109893,0.52227595,0.00818379,Asian,Asian,0.17325587,0.29579573,0.28756484,0.68929531,0.61393985,1424.49,Urban
NJ,NJ-55,97965,74947,0.01076915,-0.01855765,0.31159353,0.68840647,0.12043177,0.51916688,0.00248175,0.07905587,0.01933366,Hispanic,Hispanic,-0.0215912,0.2000849,0.28329489,0.56377675,0.2507358,2302.75,Urban
NJ,NJ-56,101412,81342,0.00650811,0.01597541,0.59876816,0.40123184,0.03804922,0.08642522,0.00116791,0.26892626,0.00726562,White,White,-0.06550142,0.03359691,-0.03147958,0.70437163,0.5965025,790.23,Suburban
NJ,NJ-57,104078,82527,0.00847441,0.04268419,0.77820592,0.22179408,0.03069299,0.08282138,0.00096938,0.10079126,0.00613133,White,White,-0.09248739,-0.01172599,-0.09578088,0.76600237,0.62132201,710.57,Suburban
NJ,NJ-58,103914,84247,-0.00006736,0.04104119,0.7182689,0.2817311,0.04591261,0.14747113,0.00071219,0.08384868,0.00810711,White,White,-0.16242922,-0.04638614,-0.08997389,0.67860735,0.4908944,1103.98,Urban
NJ,NJ-59,94970,76511,-0.0025587,-0.04856245,0.79863026,0.20136974,0.02607468,0.08695482,0.00092797,0.07533557,0.01101802,White,White,-0.1098885,-0.02892638,-0.11711928,0.76055513,0.55863232,401.77,Suburban
NJ,NJ-60,99687,75275,0.0100013,-0.00130615,0.7952441,0.2047559,0.01575556,0.07756891,0.00075722,0.10359349,0.00632348,White,White,0.01963123,0.09517589,0.00120866,0.81835804,0.67579204,1101.81,Urban
NJ,NJ-61,95209,74493,0.00561922,-0.04616808,0.64189924,0.35810076,0.04262145,0.1444968,0.00320836,0.16918368,0.0073564,White,White,-0.02464362,0.10956872,0.09426802,0.71315495,0.53173439,1756.66,Urban
NJ,NJ-62,101282,80390,0.00078,0.01467303,0.54906083,0.45093917,0.07267073,0.29911681,0.00089563,0.08710039,0.01262595,White,White,-0.07037217,0.10347508,0.08375569,0.58593806,0.31439669,3595.56,Urban
NJ,NJ-63,99234,74852,-0.00688272,-0.00584444,0.30211618,0.69788382,0.1811842,0.45746273,0.00164324,0.08185486,0.02442153,Hispanic,Hispanic,0.05766202,0.31474362,0.39329415,0.5377062,0.25103391,3447.91,Urban
NJ,NJ-64,99465,73661,-0.01486955,-0.00353021,0.08810632,0.91189368,0.30731323,0.6190793,0.00286447,0.02405615,0.0201735,Hispanic,Hispanic,0.32724026,0.62029506,0.8212833,0.44042716,0.11716626,7658.77,Urban
NJ,NJ-65,97082,69326,-0.02589563,-0.02740381,0.17344142,0.82655858,0.11920492,0.69949225,0.00209157,0.04441335,0.04115339,Hispanic,Hispanic,-0.0029025,0.32974408,0.5349285,0.48690606,0.16724787,7408.57,Urban
NJ,NJ-66,100210,80236,0.00516914,0.00393342,0.54891819,0.45108181,0.06045915,0.26652625,0.00143327,0.12894461,0.0124757,White,White,-0.04129839,0.10103973,0.10511069,0.60305846,0.42438415,2872.46,Urban
NJ,NJ-67,102010,79879,0.00615626,0.02196635,0.54719013,0.45280987,0.05959013,0.18908599,0.00115174,0.20910377,0.00886341,White,White,0.05419885,0.1707386,0.11205811,0.70095251,0.51980616,2481.81,Urban
NJ,NJ-68,100276,75981,0.01458973,0.00459463,0.67601111,0.32398889,0.01909688,0.06830655,0.00093444,0.23046551,0.00465906,White,White,0.03771314,0.14596029,0.07011572,0.79086623,0.66301378,834.62,Suburban
NJ,NJ-69,104500,84979,0.00184689,0.04691191,0.32320926,0.67679074,0.10846209,0.19340072,0.00143565,0.38210617,0.01102625,Asian,Asian,0.19682303,0.33779834,0.39541432,0.57107151,0.56667264,3271.97,Urban
NJ,NJ-70,96153,76734,0.0118561,-0.03671081,0.32806839,0.67193161,0.25356426,0.32198243,0.00144656,0.11552897,0.01713712,Minority,Minority,0.27654339,0.47236457,0.5267065,0.61969002,0.45843371,3379.14,Urban
NJ,NJ-71,103656,83197,-0.01064097,0.03845647,0.30094835,0.69905165,0.05321105,0.52423765,0.00179093,0.12912725,0.02724858,Hispanic,Hispanic,0.01872234,0.26768856,0.34105672,0.52923229,0.34365511,3907.08,Urban
NJ,NJ-72,104540,84040,-0.01638607,0.04731264,0.2104712,0.7895288,0.06200619,0.623703,0.00198715,0.12254879,0.0302594,Hispanic,Hispanic,0.16842214,0.37624028,0.50134853,0.48453867,0.42345311,13027.99,Urban
NJ,NJ-73,96341,78147,0.00162963,-0.03482737,0.54251603,0.45748397,0.0550501,0.21405812,0.00121566,0.18989852,0.01051864,White,White,-0.04297754,0.09561718,0.05333085,0.60749782,0.47402793,1589.34,Urban
NJ,NJ-74,103060,83495,-0.00636522,0.03248556,0.43838553,0.56161447,0.04930834,0.36920774,0.00190431,0.11221031,0.01756991,Minority,White,-0.05567645,0.13386451,0.14851994,0.53367219,0.35215065,2309.87,Urban
NJ,NJ-75,103648,81720,-0.03545655,0.03837632,0.19422418,0.80577582,0.07200196,0.66459863,0.00231278,0.09776065,0.03477729,Hispanic,Hispanic,0.23534024,0.45418722,0.5820813,0.54107894,0.35312742,16026.74,Urban
NJ,NJ-76,104539,89255,-0.03696228,0.04730262,0.54731948,0.45268052,0.05110078,0.11386477,0.0020391,0.28045488,0.00686796,White,White,0.44602923,0.5738239,0.55720046,0.56007898,0.8192736,17069.07,Urban
NJ,NJ-77,101312,81567,-0.01405559,0.01497358,0.24160506,0.75839494,0.13889195,0.27056285,0.00262361,0.35743622,0.01673471,Asian,Asian,0.35355118,0.56012475,0.61175737,0.45732612,0.48309192,7658.42,Urban
NJ,NJ-78,100368,78627,0.05179938,0.00551631,0.2359622,0.7640378,0.37309067,0.22464293,0.00330675,0.17886985,0.01547814,Black,Black,0.61369675,0.75216323,0.79480997,0.48153946,0.48038815,7185.35,Urban
NJ,NJ-79,101382,78907,0.00564203,0.01567486,0.39154955,0.60845045,0.18817088,0.27590708,0.00250928,0.15143143,0.01679192,Minority,Minority,0.1447224,0.29066853,0.30916218,0.50163744,0.37949876,4592.49,Urban
NJ,NJ-80,104598,77756,0.00364252,0.0478937,0.39918463,0.60081537,0.25348526,0.29933381,0.00191625,0.05055558,0.01952261,Minority,Minority,0.25923973,0.35897547,0.33706534,0.73100258,0.41601503,1944,Urban
NJ,NJ-81,104497,79968,0.00682316,0.04688185,0.59052371,0.40947629,0.15712535,0.1827481,0.00088786,0.06597639,0.01266757,White,White,0.21534937,0.2981954,0.24760108,0.73300741,0.51494214,2214.92,Urban
NJ,NJ-82,98823,77894,0.00985601,-0.00996196,0.3154415,0.6845585,0.27968778,0.31515906,0.00174596,0.09745295,0.01665083,Minority,Minority,0.23271611,0.39455488,0.41204008,0.55793263,0.27367512,2010.87,Urban
NJ,NJ-83,102042,82433,0.02266714,0.02228694,0.42180923,0.57819077,0.11935754,0.19767569,0.00135868,0.26268606,0.01146386,Minority,Minority,0.01429237,0.15571334,0.14125838,0.63748904,0.38128497,1694.02,Urban
NJ,NJ-84,99470,79924,0.01126973,-0.00348012,0.36592263,0.63407737,0.343689,0.18176017,0.00120114,0.09499024,0.00997197,Minority,Minority,0.33423251,0.43374833,0.43162111,0.65906777,0.42211845,2262.56,Urban
NJ,NJ-85,101914,76949,0.00298291,0.0210046,0.522242,0.477758,0.17229594,0.11083965,0.00127357,0.1893072,0.00909693,White,White,0.37925422,0.46259087,0.40682686,0.73082598,0.66015212,1120.37,Urban
NJ,NJ-86,101901,79571,0.00172717,0.02087436,0.49071898,0.50928102,0.23441957,0.19083586,0.00153322,0.08549597,0.0144902,Minority,White,0.54663049,0.61010535,0.57200034,0.67601341,0.59360287,3061.9,Urban
NJ,NJ-87,104590,79666,-0.00209389,0.04781356,0.02730148,0.97269852,0.81009465,0.16633194,0.00204604,0.01289132,0.01723445,Black,Black,0.79968203,0.89662704,0.92590042,0.48615727,0.20839978,6576.66,Urban
NJ,NJ-88,97296,73501,-0.02198446,-0.02525989,0.25607815,0.74392185,0.6053251,0.1079305,0.00138774,0.03605393,0.01161889,Black,Black,0.80540061,0.84571776,0.83642379,0.5749274,0.44096772,4114.87,Urban
NJ,NJ-89,96628,70206,-0.01724138,-0.03195212,0.0168789,0.9831211,0.85572458,0.13748113,0.00156682,0.00619605,0.01269122,Black,Black,0.59148004,0.9053974,0.95511128,0.34725862,0.18071161,5477.63,Urban
NJ,NJ-90,95778,71914,-0.00863455,-0.04046767,0.06582863,0.93417137,0.66101176,0.25548572,0.00240565,0.0442473,0.01859165,Black,Black,0.57754037,0.80409567,0.91304696,0.35610798,0.20038766,7631.23,Urban
NJ,NJ-91,101595,78038,-0.00889808,0.01780876,0.15621877,0.84378123,0.19140675,0.61049745,0.00261411,0.06232861,0.02232246,Hispanic,Hispanic,0.3051779,0.39786058,0.53290294,0.43451483,0.20635516,6405.54,Urban
NJ,NJ-92,99770,77674,0.04576526,-0.00047463,0.18481088,0.81518912,0.19820017,0.52139712,0.00203414,0.0132348,0.01860339,Hispanic,Hispanic,0.4653021,0.50404579,0.6631058,0.5122019,0.13170153,2254.66,Urban
NJ,NJ-93,100855,76513,-0.0044916,0.01039522,0.14708612,0.85291388,0.19429378,0.63969522,0.00188203,0.02931528,0.02373453,Hispanic,Hispanic,0.11102951,0.37877169,0.55497487,0.46852482,0.15199567,7215.42,Urban
NM,NM-1,96617,71093,-0.00366395,-0.04182483,0.49661711,0.50338289,0.01173111,0.2142405,0.00187079,0.01237815,0.27462619,Minority,White,-0.45521962,-0.45084002,-0.50424591,0.60540478,0.17785556,25.86,Rural
NM,NM-2,97946,71251,-0.02895473,-0.0286448,0.07340248,0.92659752,0.0078034,0.08752158,0.0014877,0.01434366,0.83652159,Native,Native,0.24350577,0.37918644,0.38695399,0.5117685,0.11384289,3.97,Rural
NM,NM-3,103377,78897,0.01863084,0.02521579,0.32799726,0.67200274,0.01809955,0.49738266,0.00231948,0.01181287,0.16222417,Hispanic,Hispanic,-0.12726227,-0.05660515,-0.05126623,0.54054369,0.19436424,7.12,Rural
NM,NM-4,100959,78273,-0.01559049,0.00123588,0.32477355,0.67522645,0.0485097,0.50474621,0.00328338,0.03698593,0.10907976,Hispanic,Hispanic,0.16578625,0.21939888,0.18499614,0.48734619,0.2305577,54.95,Rural
NM,NM-5,102766,74129,-0.02260475,0.01915635,0.12525462,0.87474538,0.03325284,0.79712393,0.00237424,0.01589122,0.06034076,Hispanic,Hispanic,0.18344336,0.34923521,0.3603414,0.48485137,0.13863858,1710.66,Urban
NM,NM-6,101388,78976,-0.00559238,0.00549038,0.40440134,0.59559866,0.0447731,0.45886092,0.00326682,0.03813817,0.07801104,Hispanic,Hispanic,0.11732809,0.1604802,0.07244578,0.65058279,0.39114485,1470.49,Urban
NM,NM-7,99733,82022,-0.03851283,-0.01092267,0.37855697,0.62144303,0.04059886,0.48644266,0.00259686,0.03513691,0.08619639,Hispanic,Hispanic,0.40662135,0.45787626,0.40688159,0.58239642,0.38241036,869.02,Suburban
NM,NM-8,98607,81531,-0.00870121,-0.0220895,0.53200623,0.46799377,0.03835351,0.31432216,0.00274742,0.05854215,0.0739596,White,White,0.33654577,0.32829444,0.24052087,0.6833539,0.48224312,1702.41,Urban
NM,NM-9,100810,82255,0.02235889,-0.00024179,0.55116406,0.44883594,0.04270865,0.3046137,0.00350131,0.04687861,0.07122971,White,White,0.18436049,0.16352225,0.06535934,0.61527563,0.40875007,1948.92,Urban
NM,NM-10,97179,72710,0.01645417,-0.03625134,0.47447394,0.52552606,0.04062715,0.40423601,0.0042085,0.03683125,0.06424151,Minority,Minority,0.00327783,0.01924088,-0.05235344,0.66884558,0.33638689,153.2,Rural
NM,NM-11,96711,74930,0.05524708,-0.04089261,0.49327372,0.50672628,0.02148672,0.29466168,0.00289604,0.03061524,0.17265448,Minority,White,0.17512746,0.1946632,0.14489226,0.70988153,0.39562971,10.06,Rural
NM,NM-12,100546,84081,0.02199988,-0.00285995,0.66768949,0.33231051,0.01585376,0.2440147,0.00205754,0.03713086,0.03773742,White,White,0.27243435,0.26058807,0.19935232,0.7688616,0.55740208,28,Rural
NM,NM-13,100821,81720,0.01298341,-0.0001327,0.39766275,0.60233725,0.0132281,0.5227117,0.0022883,0.02103524,0.06036466,Hispanic,Hispanic,0.52514437,0.58148315,0.55939792,0.64419143,0.37410598,55.45,Rural
NM,NM-14,105747,85199,-0.00860545,0.04871968,0.27137642,0.72862358,0.01131469,0.62189697,0.00181927,0.00947194,0.10493081,Hispanic,Hispanic,0.32361265,0.42622334,0.45991238,0.55121565,0.25457906,3.37,Rural
NM,NM-15,100135,76049,-0.01195386,-0.00693594,0.49185394,0.50814606,0.04497101,0.42222777,0.00299807,0.01868532,0.03495115,Minority,White,-0.3686682,-0.33427449,-0.33445187,0.50885106,0.19887615,1.59,Rural
NM,NM-16,102219,75268,-0.01240474,0.01373162,0.44910188,0.55089812,0.02128395,0.4918292,0.00183345,0.01379072,0.03301536,Hispanic,Hispanic,-0.52468831,-0.48346528,-0.41980641,0.52141415,0.19006126,4.32,Rural
NM,NM-17,99707,71360,-0.01607711,-0.01118052,0.3809417,0.6190583,0.03977018,0.54513733,0.00186379,0.0121917,0.03133408,Hispanic,Hispanic,-0.57441068,-0.53726782,-0.41241401,0.4976087,0.14245388,6.99,Rural
NM,NM-18,103153,80829,0.0133491,0.02299433,0.5418476,0.4581524,0.0363236,0.33650051,0.0037734,0.020265,0.07399572,White,White,-0.32175101,-0.29671024,-0.31902171,0.52084287,0.20730587,2.69,Rural
NM,NM-19,103136,80995,0.00056236,0.02282574,0.44715106,0.55284894,0.014754,0.48216557,0.00228409,0.01398852,0.05523798,Hispanic,Hispanic,-0.09265233,-0.04301609,-0.02403065,0.59496202,0.18895226,1.33,Rural
NM,NM-20,104515,78734,0.04076927,0.03650163,0.26534915,0.73465085,0.015292,0.6969543,0.00190515,0.01129118,0.03146036,Hispanic,Hispanic,0.05201091,0.16368773,0.19527494,0.51477026,0.27168914,19.73,Rural
NM,NM-21,101450,78687,-0.00279941,0.00610525,0.36507937,0.63492063,0.03430046,0.55652141,0.00240192,0.02774283,0.04390814,Hispanic,Hispanic,0.16278392,0.21748149,0.17343841,0.55626123,0.35370821,846.45,Suburban
NV,NV-1,98362,78873,-0.00616092,-0.01784025,0.58253141,0.41746859,0.04498371,0.26285294,0.01200664,0.07160879,0.03921494,White,White,0.22415111,0.25808648,0.21329255,0.65302946,0.31751891,1506.15,Urban
NV,NV-2,98733,79454,0.04253897,-0.01413576,0.74884839,0.25115161,0.01984796,0.11601681,0.00619226,0.08331865,0.02435371,White,White,-0.0616598,-0.04757952,-0.10191108,0.85539059,0.48134106,118.72,Rural
NV,NV-3,96474,77544,0.02731306,-0.03669222,0.63404003,0.36595997,0.04033839,0.19578562,0.01146446,0.09664191,0.03229134,White,White,0.12667942,0.16578599,0.1241766,0.68908466,0.345452,477.93,Suburban
NV,NV-4,96219,74502,0.01041374,-0.03923844,0.56028026,0.43971974,0.03916673,0.27360339,0.01361037,0.09070897,0.03795871,White,White,0.02344235,0.07137321,0.04449214,0.68266507,0.23901184,1231.83,Urban
NV,NV-5,97295,73474,0.02966237,-0.02849441,0.63864768,0.36135232,0.02087813,0.23333424,0.01067044,0.04815309,0.05807497,White,White,-0.19543235,-0.16858307,-0.18123904,0.7694548,0.22685603,6.41,Rural
NV,NV-6,99859,82128,0.00012017,-0.00289247,0.73217417,0.26782583,0.01940873,0.16804257,0.00591759,0.03381307,0.04461329,White,White,-0.20278539,-0.18949058,-0.21616836,0.78565077,0.27892866,107.81,Rural
NV,NV-7,101112,79512,0.03155906,0.00961892,0.75423835,0.24576165,0.01907888,0.12793038,0.00703039,0.03027216,0.06466948,White,White,-0.45665507,-0.42319235,-0.43271701,0.72118479,0.17800258,3.4,Rural
NV,NV-8,97481,72899,0.00858629,-0.02663717,0.68915897,0.31084103,0.02311417,0.20293831,0.00496577,0.01790148,0.06684591,White,White,-0.58065186,-0.5703669,-0.54595253,0.61859509,0.16471195,0.61,Rural
NV,NV-9,98763,84787,0.08929457,-0.0138362,0.72982887,0.27017113,0.05345159,0.14452687,0.00732424,0.03508793,0.03311828,White,White,-0.37865445,-0.38908919,-0.40093946,0.69357325,0.17334238,1.41,Rural
NV,NV-10,103507,70772,-0.05332007,0.03353337,0.14014017,0.85985983,0.197889,0.62646244,0.00798338,0.0308314,0.03614424,Hispanic,Hispanic,0.37407333,0.51650979,0.62177553,0.42044521,0.0593228,3147.18,Urban
NV,NV-11,103166,75000,-0.02869162,0.03012843,0.25436,0.74564,0.12598667,0.51162667,0.01238667,0.09578667,0.03408,Hispanic,Hispanic,0.13985015,0.2495406,0.30312552,0.56469988,0.12789754,1132.69,Urban
NV,NV-12,99810,73564,-0.03970544,-0.00338175,0.20995324,0.79004676,0.15491273,0.56923223,0.00852319,0.0573922,0.03647164,Hispanic,Hispanic,0.32666854,0.4418436,0.53511785,0.47399935,0.10942849,3030.95,Urban
NV,NV-13,104004,79747,-0.0131245,0.03849599,0.30564159,0.69435841,0.13185449,0.47581727,0.01474664,0.07250429,0.03348088,Hispanic,Hispanic,0.17028283,0.26698663,0.31686252,0.56487952,0.13361135,3057.82,Urban
NV,NV-14,100825,73530,-0.01621622,0.00675319,0.2373181,0.7626819,0.17662179,0.50223038,0.01338229,0.07320821,0.03383653,Hispanic,Hispanic,0.2574632,0.36807953,0.42609117,0.52570106,0.12444259,3259.43,Urban
NV,NV-15,99411,74427,0.01731197,-0.00736582,0.29345533,0.70654467,0.28282747,0.33502627,0.01722493,0.07424725,0.0295726,Hispanic,Hispanic,0.2363946,0.32677175,0.35439278,0.58341737,0.14298261,1822.73,Urban
NV,NV-16,97985,70960,0.11925295,-0.02160465,0.30477734,0.69522266,0.27989008,0.28828918,0.02133596,0.1143743,0.02941094,Minority,Minority,0.22271302,0.3059386,0.31742576,0.62264333,0.1956968,927.16,Suburban
NV,NV-17,101698,77985,0.11053315,0.01547023,0.47307816,0.52692184,0.17282811,0.22441495,0.01974739,0.10963647,0.02656921,Minority,Minority,0.02429712,0.05582647,0.06186369,0.7145869,0.2568066,1687.69,Urban
NV,NV-18,105106,85855,-0.04698114,0.04949963,0.36992604,0.63007396,0.20446101,0.27265739,0.01593384,0.13801176,0.03030691,Minority,Minority,0.1623327,0.24180566,0.26047806,0.4641188,0.22553997,2099.49,Urban
NV,NV-19,105080,85633,0.01807195,0.04924002,0.46440041,0.53559959,0.11225812,0.25459811,0.02485023,0.14468721,0.02649679,Minority,Minority,0.01244296,0.08306004,0.0967758,0.60335993,0.29419451,1429.61,Urban
NV,NV-20,101372,83373,0.03317484,0.01221506,0.47553764,0.52446236,0.11650055,0.19536301,0.01432118,0.1947393,0.02263323,Minority,White,0.00466274,0.08223114,0.08493459,0.59189035,0.2903165,2197.43,Urban
NV,NV-21,99069,79303,0.03343124,-0.01078075,0.48395395,0.51604605,0.1392255,0.24721637,0.01552274,0.11205125,0.02674552,Minority,White,0.07116234,0.1335341,0.12068018,0.6401186,0.28057263,2285.09,Urban
NV,NV-22,100477,80589,0.04750341,0.00327835,0.61714378,0.38285622,0.10217275,0.153073,0.01289258,0.10676395,0.02402313,White,White,-0.06749153,-0.0384319,-0.06595656,0.74548621,0.36296227,1449.31,Urban
NV,NV-23,95946,69572,0.06248306,-0.04196438,0.57573449,0.42426551,0.12638705,0.16779739,0.01719082,0.11057609,0.02851722,White,White,-0.09197595,-0.07812691,-0.09990767,0.75421314,0.35372584,1568.06,Urban
NV,NV-24,100131,78138,0.05375957,-0.00017651,0.56479562,0.43520438,0.08237989,0.12584146,0.01290025,0.2121247,0.01659884,White,White,-0.05063753,0.00885384,-0.0095917,0.78830474,0.45306065,1018.09,Urban
NV,NV-25,97185,78824,-0.0076555,-0.02959278,0.39592002,0.60407998,0.14623719,0.20342789,0.01847153,0.23674262,0.0240409,Minority,Minority,0.05113433,0.15441415,0.18392976,0.60131121,0.30077748,1780.51,Urban
NV,NV-26,98819,75246,0.07740414,-0.01327703,0.35802568,0.64197432,0.11625867,0.16193552,0.02426707,0.34787231,0.02025357,Minority,Minority,-0.00157551,0.09744149,0.11877353,0.6648031,0.35016377,1526.68,Urban
NV,NV-27,100280,75609,0.08741524,0.00131128,0.44280443,0.55719557,0.09726355,0.18042826,0.02839609,0.25723128,0.02372733,Minority,Minority,-0.01521634,0.05755622,0.07693023,0.70314176,0.36458155,1073.94,Urban
NV,NV-28,102339,79310,0.01613266,0.02187071,0.46867986,0.53132014,0.13253058,0.25107805,0.01777834,0.1240575,0.03106796,Minority,White,0.00156088,0.05185251,0.07649282,0.66453377,0.21557933,1781.46,Urban
NV,NV-29,101018,80459,0.05842523,0.00868032,0.59612971,0.40387029,0.07412471,0.13155769,0.01876732,0.17606483,0.01877975,White,White,-0.05905636,-0.02799174,-0.06956661,0.80026754,0.42797032,1058.25,Urban
NV,NV-30,100743,80656,0.01198098,0.0059344,0.56614511,0.43385489,0.09986858,0.18804553,0.01885787,0.12470244,0.02655723,White,White,0.03266471,0.0813532,0.0422922,0.68896926,0.32509705,1831.2,Urban
NV,NV-31,102345,81601,0.03516537,0.02193062,0.70618007,0.29381993,0.05529344,0.1334665,0.01245083,0.07692308,0.02725457,White,White,-0.20680025,-0.1951228,-0.2070684,0.74064711,0.30760055,18.07,Rural
NY,NY-1,101493,82187,0.0068182,0.01487092,0.69977004,0.30022996,0.04196527,0.21659143,0.0011559,0.02287466,0.02339786,White,White,0.1674858,0.23432639,0.12623786,0.67429984,0.50057191,172.62,Rural
NY,NY-2,98184,80151,0.00411472,-0.01821716,0.78765081,0.21234919,0.04724832,0.13269953,0.00071116,0.02072338,0.01411087,White,White,-0.11729067,-0.07274978,-0.17191527,0.73123756,0.36993418,234.56,Suburban
NY,NY-3,95027,78159,-0.01406969,-0.04978532,0.6817641,0.3182359,0.08757789,0.12106091,0.00089561,0.10517023,0.01132307,White,White,-0.0077538,0.06759459,0.01723491,0.71320658,0.49955124,1059.31,Urban
NY,NY-4,96693,77302,-0.02243182,-0.03312629,0.69277638,0.30722362,0.11103206,0.14440765,0.00115133,0.04847223,0.01516132,White,White,-0.12725585,-0.0431851,-0.11181444,0.69465628,0.35245282,745.54,Suburban
NY,NY-5,98358,76355,0.04795746,-0.01647726,0.69935171,0.30064829,0.08818021,0.17507694,0.00115251,0.02760788,0.02164888,White,White,-0.24063712,-0.14870253,-0.22180283,0.62788928,0.24328307,465.96,Suburban
NY,NY-6,98234,78855,-0.0046318,-0.01771719,0.73011223,0.26988777,0.06367383,0.17088327,0.00117938,0.02810221,0.01317608,White,White,-0.11869326,-0.03366115,-0.114508,0.69506465,0.37371178,981.71,Suburban
NY,NY-7,100214,79896,0.03028519,0.00208166,0.74997497,0.25002503,0.03888805,0.13214679,0.00087614,0.06967808,0.01081406,White,White,-0.25580044,-0.16597668,-0.24400009,0.70694384,0.33355381,1375.05,Urban
NY,NY-8,100077,79945,-0.00829361,0.00071174,0.84711989,0.15288011,0.01906311,0.0728751,0.00081306,0.05187316,0.00597911,White,White,-0.26571465,-0.17934084,-0.24454069,0.81512428,0.51988312,791.58,Suburban
NY,NY-9,95686,77090,-0.03238718,-0.0431957,0.8188481,0.1811519,0.03015955,0.10063562,0.00077831,0.04090025,0.00802958,White,White,-0.2967414,-0.20881363,-0.28154241,0.77357494,0.3792016,866.53,Suburban
NY,NY-10,96392,73044,-0.43303386,-0.03613611,0.22301626,0.77698374,0.17449756,0.57514649,0.0009994,0.03881222,0.03469142,Hispanic,Hispanic,0.13255075,0.36623797,0.38226447,0.88013899,0.20728484,1893.45,Urban
NY,NY-11,96262,73942,-0.17640398,-0.03743604,0.38443645,0.61556355,0.14814314,0.4329204,0.00128479,0.0415055,0.02589868,Hispanic,Hispanic,0.03019239,0.189776,0.17574666,0.70098242,0.27721458,1425.48,Urban
NY,NY-12,96990,78803,-0.00885658,-0.03015646,0.81635217,0.18364783,0.03248607,0.11354898,0.0007487,0.03190234,0.00884484,White,White,-0.27324478,-0.19187427,-0.24890877,0.7153013,0.39365387,1443.08,Urban
NY,NY-13,95651,74329,-0.12204786,-0.04354568,0.36051877,0.63948123,0.30408051,0.30609856,0.00193733,0.03542359,0.0243781,Minority,Minority,0.18101527,0.32338952,0.30970844,0.61444968,0.26325861,1669.05,Urban
NY,NY-14,95355,75495,-0.01517487,-0.04650551,0.66641499,0.33358501,0.09370157,0.12167693,0.00105967,0.1125505,0.00980197,White,White,-0.09544033,0.01258068,-0.07369358,0.73340695,0.46005393,1133.63,Urban
NY,NY-15,95698,76944,0.01042864,-0.04307571,0.82288418,0.17711582,0.03983417,0.08894781,0.00084477,0.03922333,0.01002027,White,White,0.00263131,0.0894917,-0.00548291,0.79534518,0.59594476,786.38,Suburban
NY,NY-16,99347,78040,-0.01484695,-0.00658783,0.64425935,0.35574065,0.05339569,0.17220656,0.00094823,0.12703742,0.01415941,White,White,0.05735577,0.20339852,0.13398898,0.69236948,0.56838567,1065.68,Urban
NY,NY-17,100541,79782,-0.01060264,0.00535147,0.68253491,0.31746509,0.04039758,0.14649921,0.00071445,0.12527888,0.00764583,White,White,-0.07500432,0.05777836,-0.00287896,0.73522472,0.57203141,638.41,Suburban
NY,NY-18,98626,79419,0.00215967,-0.01379741,0.60263917,0.39736083,0.02690792,0.12058827,0.00105768,0.24292676,0.00863773,White,White,-0.10699515,0.0319873,-0.0290704,0.7127142,0.49561223,1944.83,Urban
NY,NY-19,96789,77416,-0.0014981,-0.03216635,0.82822672,0.17177328,0.04006924,0.08932262,0.00060711,0.03571613,0.00707864,White,White,-0.32838847,-0.23488565,-0.29939129,0.77725977,0.46116594,1995.5,Urban
NY,NY-20,95165,75434,0.00088268,-0.0484054,0.78053663,0.21946337,0.01761805,0.11428534,0.00072911,0.08033513,0.00723812,White,White,-0.27767462,-0.16916136,-0.23603636,0.77649766,0.4142411,2512.85,Urban
NY,NY-21,95649,75884,0.00016728,-0.04356568,0.70039798,0.29960202,0.04172158,0.12681198,0.00110695,0.12565231,0.00772231,White,White,-0.13022364,-0.00619757,-0.06156202,0.75671755,0.49016883,2628.43,Urban
NY,NY-22,98053,80062,-0.03735735,-0.01952708,0.79287302,0.20712698,0.03812046,0.11903275,0.00109915,0.04075591,0.00759411,White,White,-0.05892152,0.0726058,0.03447507,0.74064239,0.51766946,1425.7,Urban
NY,NY-23,96457,75485,0.01565464,-0.03548615,0.21167119,0.78832881,0.40748493,0.35907796,0.00186792,0.0351593,0.02061337,Black,Black,0.41826444,0.53321173,0.52920837,0.61897957,0.31721479,3566.52,Urban
NY,NY-24,97168,75723,0.01138235,-0.02837657,0.39084558,0.60915442,0.32165921,0.25871928,0.00136022,0.03454697,0.01737913,Minority,Minority,0.25264202,0.37334151,0.36691034,0.67815302,0.37814927,3283.46,Urban
NY,NY-25,96381,71410,-0.01597825,-0.03624611,0.65756897,0.34243103,0.09168184,0.1761378,0.00086823,0.06854782,0.01016664,White,White,-0.27316006,-0.09270653,-0.05970149,0.72962824,0.50472344,2422.15,Urban
NY,NY-26,97583,77761,0.01176434,-0.02422681,0.26334538,0.73665462,0.37400496,0.19013387,0.00174895,0.17384036,0.01463459,Black,Black,0.30278688,0.46084508,0.42561033,0.66827474,0.3867869,4085.54,Urban
NY,NY-27,96526,76367,-0.00291113,-0.03479619,0.66772297,0.33227703,0.07150995,0.14975055,0.00142732,0.10541202,0.01056739,White,White,-0.19202467,-0.08375753,-0.15634584,0.75568231,0.49725527,3235.83,Urban
NY,NY-28,98028,76200,-0.01405721,-0.01977707,0.32002625,0.67997375,0.26086614,0.35552493,0.00124672,0.0674147,0.01812336,Hispanic,Hispanic,0.21503911,0.36627462,0.3648674,0.54928638,0.3498735,2908.48,Urban
NY,NY-29,97515,77971,-0.01996616,-0.02490677,0.50800939,0.49199061,0.02606097,0.09449667,0.0010645,0.36291698,0.00648959,White,White,-0.03586464,0.12299007,0.09068491,0.70752664,0.58450816,2376.96,Urban
NY,NY-30,97552,73845,0.00859029,-0.02453679,0.70991943,0.29008057,0.02288577,0.09847654,0.0011646,0.15927957,0.00735324,White,White,-0.05014024,0.13388206,0.14842765,0.76160239,0.70678611,1168.9,Urban
NY,NY-31,100567,83374,0.01134567,0.00561146,0.48302828,0.51697172,0.02497181,0.11607935,0.00129537,0.37563269,0.00644086,Minority,White,-0.06154352,0.09443089,0.12138332,0.53430915,0.45772701,4875.37,Urban
NY,NY-32,103664,86411,-0.07642962,0.03657965,0.23810626,0.76189374,0.02471908,0.1469836,0.00133085,0.59219312,0.0076032,Asian,Asian,-0.03512906,0.17059351,0.23318624,0.4777209,0.32590164,9741.35,Urban
NY,NY-33,97160,80631,-0.10803829,-0.02845656,0.11717578,0.88282422,0.04504471,0.20585135,0.00203396,0.63842691,0.01189369,Asian,Asian,-0.02738973,0.26957787,0.39087601,0.38840468,0.24852801,7962.62,Urban
NY,NY-34,97780,78238,-0.07715279,-0.02225692,0.23441295,0.76558705,0.07029832,0.17768859,0.00168716,0.5219842,0.01026355,Asian,Asian,-0.08124532,0.18670804,0.30715684,0.44545387,0.34797523,7899.24,Urban
NY,NY-35,99177,80353,-0.04102766,-0.00828774,0.28626187,0.71373813,0.13718218,0.13689595,0.00263836,0.44038182,0.01103879,Asian,Asian,0.08784977,0.31625167,0.39461494,0.48772784,0.47698152,6054.84,Urban
NY,NY-36,100609,83587,-0.0179805,0.00603143,0.22227141,0.77772859,0.14737938,0.14876715,0.0045342,0.44276024,0.0168208,Asian,Asian,0.18194895,0.43955224,0.48644762,0.52896907,0.40049939,6323.69,Urban
NY,NY-37,100481,79349,-0.05789154,0.00475151,0.09053674,0.90946326,0.18959281,0.28585111,0.004915,0.41227993,0.02875903,Asian,Asian,0.28857584,0.62462898,0.72737695,0.46785843,0.33222012,16903.97,Urban
NY,NY-38,101660,80623,-0.01178438,0.01654082,0.01778649,0.98221351,0.74869454,0.12914429,0.00403111,0.10613597,0.02127185,Black,Black,0.72284565,0.88011546,0.92382075,0.49073043,0.22838259,7998.87,Urban
NY,NY-39,97063,79102,0.04471323,-0.0294265,0.01102374,0.98897626,0.91130439,0.07208414,0.00219969,0.02261637,0.01537256,Black,Black,0.84462835,0.92048132,0.93789037,0.54392249,0.28629868,7652.91,Urban
NY,NY-40,100975,80201,0.01990592,0.00969122,0.02335382,0.97664618,0.52554208,0.15653171,0.00885276,0.20614456,0.04673258,Black,Black,0.52235973,0.77389877,0.86833473,0.41685816,0.21056365,10773.85,Urban
NY,NY-41,99961,80541,0.0799912,-0.00044819,0.35950634,0.64049366,0.47511205,0.12439627,0.00184999,0.04552961,0.01340932,Black,Black,0.14660008,0.28474085,0.30922373,0.51081951,0.33022564,1988.81,Urban
NY,NY-42,95811,70589,0.05811441,-0.04194578,0.19886951,0.80113049,0.52690929,0.25322642,0.00298913,0.0432787,0.02180226,Black,Black,0.34450867,0.51633484,0.60318775,0.40222881,0.26869937,8951.86,Urban
NY,NY-43,99783,80313,0.00105228,-0.00222809,0.14563022,0.85436978,0.15386052,0.26125285,0.00852913,0.34532392,0.04514836,Asian,Asian,0.1126525,0.42908921,0.5404571,0.40238885,0.22628931,11591.44,Urban
NY,NY-44,95456,74687,-0.04931068,-0.04549557,0.11619157,0.88380843,0.11512044,0.50206863,0.00483351,0.26352645,0.03687389,Hispanic,Hispanic,0.12448889,0.49227964,0.61714872,0.40960478,0.26782662,15483.39,Urban
NY,NY-45,104086,86313,0.02981189,0.04079941,0.44746446,0.55253554,0.04937843,0.16433214,0.00156407,0.33534925,0.01010277,Minority,Minority,0.16851571,0.29048875,0.39060744,0.52627379,0.58017482,20025.96,Urban
NY,NY-46,104976,85720,-0.00405807,0.04969889,0.51440737,0.48559263,0.06135091,0.29288381,0.0020182,0.13807746,0.0174755,White,White,0.10084473,0.2329908,0.28209065,0.50642383,0.41545887,7148.79,Urban
NY,NY-47,100507,81288,-0.0492503,0.00501149,0.43430765,0.56569235,0.02934012,0.25052898,0.00163616,0.28817292,0.0145655,Minority,White,-0.12974838,0.06785725,0.1225295,0.50941863,0.31211974,9017.18,Urban
NY,NY-48,100614,83275,-0.05424692,0.00608143,0.34470129,0.65529871,0.061423,0.40937856,0.00278595,0.19507655,0.03053738,Hispanic,Hispanic,0.37778851,0.54855106,0.63395937,0.54300897,0.39280535,11300.93,Urban
NY,NY-49,100270,82428,-0.07205545,0.00264163,0.08697287,0.91302713,0.02658077,0.2874266,0.00208667,0.60218615,0.02183724,Asian,Asian,0.16689888,0.47424419,0.61413762,0.54495881,0.33182312,25242.54,Urban
NY,NY-50,99770,81525,-0.04445224,-0.00235808,0.19547378,0.80452622,0.04457528,0.48727384,0.00231831,0.27546151,0.0334008,Hispanic,Hispanic,0.25791008,0.52531102,0.65071944,0.55055489,0.33474983,20845.39,Urban
NY,NY-51,99733,75489,-0.10694554,-0.00272806,0.04126429,0.95873571,0.10373697,0.72233041,0.00206653,0.153784,0.05611414,Hispanic,Hispanic,0.12985327,0.53027402,0.74272111,0.42886977,0.14977545,34212.42,Urban
NY,NY-52,99235,77535,-0.13205018,-0.00770777,0.07555298,0.92444702,0.11715999,0.66618946,0.00294061,0.15937319,0.04339975,Hispanic,Hispanic,0.19727922,0.54473684,0.71877788,0.50739894,0.19825486,12509.41,Urban
NY,NY-53,103601,90102,-0.05866739,0.03594969,0.60414863,0.39585137,0.03825664,0.20355819,0.00193114,0.13685601,0.01630374,White,White,0.37733206,0.51058246,0.57037827,0.5359753,0.55027695,13095.35,Urban
NY,NY-54,102525,87795,-0.1050378,0.02519032,0.37236745,0.62763255,0.13086167,0.23157355,0.00267669,0.26328379,0.01808759,Minority,Minority,0.56583842,0.69930901,0.74252253,0.60740651,0.57487386,13315.47,Urban
NY,NY-55,102537,89827,0.040678,0.02531031,0.66101506,0.33898494,0.05894664,0.17194162,0.00221537,0.10408897,0.01490643,White,White,0.68359454,0.73984388,0.76368754,0.57659801,0.67140447,12128.44,Urban
NY,NY-56,103872,70325,0.00230091,0.03865953,0.49571276,0.50428724,0.12157839,0.31286171,0.00241735,0.08129399,0.01800213,Minority,White,0.19812912,0.29361428,0.71617597,0.42724935,0.29442274,26743.16,Urban
NY,NY-57,101795,84707,-0.05337197,0.01789074,0.26970616,0.73029384,0.17956013,0.50011215,0.00365967,0.0856954,0.03593564,Hispanic,Hispanic,0.62477931,0.78336304,0.86090706,0.42676693,0.38541533,25992.29,Urban
NY,NY-58,102257,78682,-0.07340329,0.02251047,0.06434763,0.93565237,0.34600036,0.49250146,0.00477873,0.13616837,0.02996873,Hispanic,Hispanic,0.48650254,0.74284703,0.8623415,0.36663708,0.19787221,15566.11,Urban
NY,NY-59,100016,75534,0.02580587,0.00010178,0.01703868,0.98296132,0.76382821,0.24645855,0.00313766,0.03360076,0.0191437,Black,Black,0.7641219,0.88475166,0.94189914,0.38870442,0.15330837,14536.41,Urban
NY,NY-60,104942,83639,-0.13042442,0.04935891,0.0622676,0.9377324,0.84032569,0.0946568,0.00148256,0.0310262,0.00956492,Black,Black,0.80144435,0.84987479,0.87582622,0.54169979,0.2804427,8675.01,Urban
NY,NY-61,102449,82171,-0.07567668,0.02443036,0.33326843,0.66673157,0.51082499,0.08420246,0.00158207,0.08271775,0.00918816,Black,Black,0.24974764,0.40735779,0.40745757,0.57447251,0.35758048,4895.28,Urban
NY,NY-62,99755,77248,-0.0437973,-0.00250807,0.33651357,0.66348643,0.5005437,0.08710905,0.00163111,0.0851802,0.01141777,Black,Black,0.23422551,0.35521958,0.43794104,0.54561273,0.39968192,15912.33,Urban
NY,NY-63,103468,81781,-0.07672904,0.03461977,0.58857192,0.41142808,0.06214157,0.0797618,0.00092931,0.26990377,0.0079236,White,White,-0.32451141,-0.15225319,-0.03366139,0.46029932,0.43001542,17118.56,Urban
NY,NY-64,102882,74323,-0.04838553,0.02876011,0.69309635,0.30690365,0.03755231,0.09672645,0.00111675,0.16001776,0.00922998,White,White,-0.56838522,-0.44176443,-0.3150322,0.49637643,0.4119381,15140.12,Urban
NY,NY-65,100839,75842,-0.02228305,0.0083313,0.01580918,0.98419082,0.84887002,0.16763798,0.0026898,0.01575644,0.01505762,Black,Black,0.81815011,0.90352413,0.94356011,0.3984837,0.16428721,16776.48,Urban
NY,NY-66,101767,83161,0.06887301,0.01761076,0.15595051,0.84404949,0.65549957,0.18037301,0.00247712,0.04698116,0.01923979,Black,Black,0.8314206,0.90872391,0.93517455,0.41320619,0.37206759,21698.93,Urban
NY,NY-67,100713,83179,0.00735754,0.00707137,0.25921206,0.74078794,0.57617908,0.12771252,0.00215199,0.06267207,0.01383763,Black,Black,0.84412748,0.91333678,0.92796261,0.51352082,0.46018605,26451.35,Urban
NY,NY-68,104677,84241,-0.02635727,0.04670906,0.2560867,0.7439133,0.61328807,0.1058392,0.00172125,0.04113199,0.01240489,Black,Black,0.62276711,0.73672341,0.78885968,0.54949509,0.38865301,23096.56,Urban
NY,NY-69,96873,77809,-0.10786287,-0.03132639,0.04690974,0.95309026,0.86660926,0.08293385,0.00208202,0.02839003,0.01062859,Black,Black,0.85135538,0.91807404,0.93616318,0.52168733,0.28665165,19888.38,Urban
NY,NY-70,101620,80097,-0.05256839,0.01614084,0.28378092,0.71621908,0.39068879,0.18285329,0.00161055,0.16256539,0.01865238,Black,Black,0.60594361,0.71721541,0.75818441,0.54526316,0.39867091,26652.76,Urban
NY,NY-71,99628,77681,0.02328663,-0.003778,0.2997258,0.7002742,0.4589668,0.19464219,0.00214982,0.07211545,0.01835713,Black,Black,0.72425558,0.83658891,0.91055515,0.46094018,0.46105704,25293.63,Urban
NY,NY-72,100742,85091,0.00622382,0.00736135,0.41566088,0.58433912,0.28981913,0.13529045,0.00325534,0.17262695,0.01445511,Minority,Minority,0.84854415,0.90771666,0.90849468,0.61928681,0.67779323,16695.73,Urban
NY,NY-73,95766,77860,0.02932147,-0.04239575,0.6205497,0.3794503,0.12441562,0.15497046,0.00206781,0.10315952,0.013383,White,White,0.80383283,0.84615711,0.84570842,0.64480096,0.73704269,13402.16,Urban
NY,NY-74,101920,80943,0.03114207,0.01914067,0.64042598,0.35957402,0.08644355,0.1286955,0.0019767,0.13935733,0.01345391,White,White,0.775493,0.81728975,0.81431855,0.68171371,0.76060817,15827.11,Urban
NY,NY-75,100006,74756,-0.1733596,0.00000178,0.12304029,0.87695971,0.03472631,0.3276125,0.00155171,0.52558992,0.03005779,Asian,Asian,0.19390882,0.51738454,0.61901949,0.4220312,0.23661061,19715.39,Urban
NY,NY-76,101518,81596,-0.0313639,0.0151209,0.46668954,0.53331046,0.06854503,0.31697632,0.00269621,0.15517918,0.02753811,Minority,White,0.26447565,0.40337298,0.41663727,0.50241124,0.45412498,12292.39,Urban
NY,NY-77,100029,79016,-0.06439133,0.00023177,0.50035436,0.49964564,0.02880429,0.14783082,0.0012276,0.32359269,0.01479447,White,White,-0.13582056,0.07764616,0.0738727,0.44454095,0.41556262,13303.37,Urban
NY,NY-78,102830,80082,-0.15373918,0.02824014,0.30938288,0.69061712,0.01913039,0.14779851,0.00122375,0.52639794,0.01540921,Asian,Asian,-0.20731133,0.12083353,0.12087728,0.41011947,0.2850371,20621.31,Urban
NY,NY-79,101681,80895,-0.07461571,0.01675081,0.38224859,0.61775141,0.0420916,0.14538599,0.00137215,0.4342172,0.01405526,Asian,Asian,-0.2294994,0.06917746,0.12105289,0.40630737,0.30763648,16209.8,Urban
NY,NY-80,99948,81698,-0.0151879,-0.00057818,0.62487454,0.37512546,0.12750618,0.12459301,0.00183603,0.12904845,0.0097432,White,White,-0.27693603,-0.17741095,-0.02577418,0.40810718,0.4346485,13077.3,Urban
NY,NY-81,101544,58187,-0.03767825,0.01538089,0.71581281,0.28418719,0.02039975,0.09991923,0.00094523,0.11750047,0.00974444,White,White,-0.8025619,-0.70555655,-0.48702263,0.48397555,0.20159445,25406.36,Urban
NY,NY-82,97510,77679,0.06004512,-0.02495676,0.8215734,0.1784266,0.01454705,0.09321696,0.00100413,0.06511412,0.00617928,White,White,-0.59426704,-0.49409278,-0.51236921,0.65207434,0.38838348,2492.85,Urban
NY,NY-83,101697,81988,-0.02163289,0.0169108,0.69426014,0.30573986,0.03878616,0.12505489,0.00132946,0.14099624,0.00809875,White,White,-0.42481257,-0.30671778,-0.3240018,0.58470731,0.32942086,4313.56,Urban
NY,NY-84,100064,78966,0.02898145,0.00058175,0.67776005,0.32223995,0.03241902,0.11365651,0.00162095,0.17159284,0.00816807,White,White,-0.42377457,-0.27999823,-0.29056654,0.57044441,0.38061001,2008.42,Urban
NY,NY-85,97156,73833,-0.04333237,-0.02849656,0.38148253,0.61851747,0.22813647,0.28575298,0.00207224,0.12186962,0.02781954,Minority,Minority,0.0032658,0.17416522,0.1676187,0.54463175,0.31727345,4920.84,Urban
NY,NY-86,99320,76927,-0.03157471,-0.00685782,0.35128108,0.64871892,0.26933326,0.2686183,0.00237888,0.13389317,0.02393178,Minority,Minority,0.18541705,0.33882188,0.35853598,0.49452901,0.34701638,5974.35,Urban
NY,NY-87,102317,88679,-0.07721102,0.02311044,0.25049899,0.74950101,0.10751136,0.21283506,0.00354086,0.45161763,0.0128328,Asian,Asian,0.47650544,0.64213279,0.70552498,0.45933765,0.39349,33345.61,Urban
NY,NY-88,98612,89092,-0.02946903,-0.01393741,0.55635747,0.44364253,0.08893054,0.18211512,0.00389485,0.17683967,0.01380595,White,White,0.67358041,0.76145606,0.77218036,0.50430665,0.67305702,39254.92,Urban
NY,NY-89,103507,88064,-0.09044799,0.03500974,0.67002407,0.32997593,0.04672738,0.08082758,0.00419013,0.19010038,0.00734693,White,White,0.61050841,0.7243722,0.72156986,0.54435405,0.84372946,21168.47,Urban
NY,NY-90,97810,89406,-0.0930273,-0.02195694,0.65229403,0.34770597,0.0724448,0.14259669,0.00322126,0.13405141,0.01005525,White,White,0.68404986,0.79379721,0.7984205,0.6041102,0.77848317,22819.66,Urban
NY,NY-91,95444,87415,-0.10104354,-0.04561556,0.62834754,0.37165246,0.05574558,0.09393125,0.00640622,0.21269805,0.00588,White,White,0.56714873,0.65235857,0.64072774,0.52637856,0.82709288,42432.93,Urban
NY,NY-92,98554,89289,-0.13269883,-0.01451737,0.65871496,0.34128504,0.0678135,0.0897871,0.00615977,0.17706548,0.00631657,White,White,0.6492349,0.73175927,0.73538453,0.55962803,0.8357442,21642.47,Urban
NY,NY-93,99801,88788,-0.04938828,-0.0020481,0.51601568,0.48398432,0.09791864,0.16275848,0.00333378,0.22401676,0.01315493,White,White,0.64392412,0.71864441,0.73520344,0.54963068,0.73873697,33359.84,Urban
NY,NY-94,99373,86091,-0.09855796,-0.00632785,0.71562649,0.28437351,0.04048042,0.07428186,0.00227666,0.15549825,0.00767792,White,White,0.5527541,0.63891656,0.60842375,0.63244443,0.79839874,43055.33,Urban
NY,NY-95,100215,86131,-0.06101881,0.00209166,0.72201646,0.27798354,0.04972658,0.09320686,0.00133518,0.12825812,0.00698935,White,White,0.60798826,0.67792164,0.66264081,0.62032179,0.76873882,66124.33,Urban
NY,NY-96,98910,84300,-0.07628147,-0.01095758,0.7888019,0.2111981,0.02618031,0.06548043,0.00116251,0.10644128,0.00548043,White,White,0.59122167,0.67151981,0.65524621,0.70408937,0.83717736,21082.95,Urban
NY,NY-97,102390,87093,0.00091806,0.02384039,0.69297188,0.30702812,0.08694155,0.12618695,0.00153859,0.09078801,0.00977116,White,White,0.75042625,0.80343306,0.80470584,0.69343948,0.80264296,43164.39,Urban
NY,NY-98,100456,80869,0.01510114,0.00450152,0.13112565,0.86887435,0.35650249,0.49064536,0.0033882,0.09205011,0.03571208,Hispanic,Hispanic,0.62956373,0.78644764,0.87160767,0.43272069,0.29794151,18812.27,Urban
NY,NY-99,100128,84245,-0.00956775,0.00122171,0.36638376,0.63361624,0.33827527,0.22447623,0.00210101,0.1018102,0.02010802,Minority,Minority,0.78535437,0.85377212,0.87907713,0.58103264,0.55436058,28572,Urban
NY,NY-100,97625,79303,0.05092958,-0.02380683,0.12897368,0.87102632,0.65615424,0.22690188,0.00311464,0.04267178,0.0239083,Black,Black,0.79526354,0.89097745,0.92720253,0.46436685,0.38659822,34528.96,Urban
NY,NY-101,102086,88346,0.00742511,0.02080057,0.27927693,0.72072307,0.27348154,0.36647952,0.00273923,0.12949087,0.02598873,Hispanic,Hispanic,0.69658656,0.82680882,0.88775312,0.46016764,0.48077876,27216.29,Urban
NY,NY-102,97130,81920,0.0715227,-0.02875654,0.21608887,0.78391113,0.22871094,0.58647461,0.00283203,0.05452881,0.02879639,Hispanic,Hispanic,0.54993276,0.73531735,0.84588048,0.47946511,0.37596959,30374.47,Urban
NY,NY-103,99828,82667,0.0233702,-0.00177811,0.20713223,0.79286777,0.18263636,0.67304971,0.00352015,0.03431841,0.02836682,Hispanic,Hispanic,0.46765046,0.68996641,0.82640574,0.49704832,0.36224018,21612.17,Urban
NY,NY-104,103369,79837,-0.06486471,0.03362982,0.07739519,0.92260481,0.27369515,0.7131781,0.00488495,0.04129664,0.03353082,Hispanic,Hispanic,0.32614256,0.64415065,0.81936017,0.42333237,0.19069318,26901.38,Urban
NY,NY-105,102043,77631,-0.09547936,0.0203706,0.06810424,0.93189576,0.27549561,0.64653296,0.00392884,0.09451121,0.03507619,Hispanic,Hispanic,0.37229598,0.67057019,0.82352438,0.43973137,0.19091419,28515.22,Urban
NY,NY-106,101010,74764,-0.02386892,0.0100412,0.07107699,0.92892301,0.38024985,0.61431973,0.00477503,0.02600182,0.03195388,Hispanic,Hispanic,0.45270523,0.73660578,0.88156074,0.3244044,0.13205002,16128.06,Urban
NY,NY-107,96444,71144,-0.05016383,-0.03561614,0.01650174,0.98349826,0.36315079,0.70622962,0.00435736,0.02000169,0.03487293,Hispanic,Hispanic,0.37098255,0.69193241,0.89392525,0.3873823,0.1510471,39591.33,Urban
NY,NY-108,100316,74658,-0.03889709,0.0031016,0.01563128,0.98436872,0.42055774,0.66074634,0.00467465,0.02100244,0.0302044,Hispanic,Hispanic,0.41601987,0.71249154,0.9029874,0.3927091,0.15524491,28372.7,Urban
NY,NY-109,103136,77442,-0.0293302,0.03129996,0.02896361,0.97103639,0.43766948,0.60901061,0.00377056,0.02772397,0.03684047,Hispanic,Hispanic,0.52441215,0.75826392,0.89741741,0.39389603,0.1508953,23908.03,Urban
NY,NY-110,99064,72388,-0.02312646,-0.00941767,0.02025198,0.97974802,0.35762834,0.72002266,0.00379897,0.0145328,0.04082168,Hispanic,Hispanic,0.47390644,0.72236235,0.87491079,0.36042475,0.14088681,24025.11,Urban
NY,NY-111,98459,70888,0.00286414,-0.01546732,0.01840932,0.98159068,0.53248787,0.55687846,0.00399221,0.01118666,0.0239956,Hispanic,Hispanic,0.52060603,0.77666627,0.90709694,0.35085754,0.13397993,23607.01,Urban
NY,NY-112,101680,76264,-0.09398112,0.01674081,0.02714256,0.97285744,0.36693591,0.53481328,0.00376324,0.12902549,0.03708172,Hispanic,Hispanic,0.49153055,0.74962422,0.85301186,0.4582665,0.19615882,27653.64,Urban
NY,NY-113,102122,78747,-0.08955955,0.02116055,0.02690896,0.97309104,0.40550116,0.56482152,0.00331441,0.08025703,0.02688356,Hispanic,Hispanic,0.51648224,0.74807953,0.86730815,0.40573751,0.18804296,7634.62,Urban
NY,NY-114,102389,81040,-0.04924357,0.02383039,0.33715449,0.66284551,0.14737167,0.44301579,0.00333169,0.11187068,0.02425962,Hispanic,Hispanic,0.07387004,0.26318372,0.30043808,0.46908151,0.27657994,4173.79,Urban
NY,NY-115,103310,81317,-0.06474688,0.03303986,0.25637935,0.74362065,0.24708241,0.43508737,0.00387373,0.11124365,0.02447213,Hispanic,Hispanic,0.26522731,0.4830003,0.5740989,0.43590771,0.28200342,13149.76,Urban
NY,NY-116,100396,80701,-0.03121638,0.00390156,0.03780622,0.96219378,0.7359884,0.25800176,0.00254024,0.02346935,0.01628233,Black,Black,0.73342258,0.83520245,0.88271214,0.52341409,0.26560154,12550.32,Urban
NY,NY-117,98891,76195,-0.00986945,-0.01114757,0.02627469,0.97372531,0.71658245,0.26018768,0.00314981,0.0370628,0.01893825,Black,Black,0.71391953,0.85172976,0.91067441,0.41195482,0.22956098,15734.6,Urban
NY,NY-118,97663,80717,-0.00589783,-0.02342685,0.57137902,0.42862098,0.12983634,0.24486787,0.00225479,0.07643991,0.01341725,White,White,0.24891313,0.34906895,0.36422257,0.54626198,0.51172797,4165.36,Urban
NY,NY-119,98451,77723,-0.01573372,-0.01554731,0.25782587,0.74217413,0.52928991,0.1780168,0.00160828,0.03916473,0.01441015,Black,Black,0.54039681,0.6407862,0.63590475,0.55035581,0.40901124,5172.11,Urban
NY,NY-120,97262,72207,0.00404063,-0.02743662,0.12730068,0.87269932,0.31467863,0.55990416,0.00238204,0.05172629,0.03473347,Hispanic,Hispanic,0.37042912,0.59210578,0.68734738,0.3974951,0.25274511,10102.82,Urban
NY,NY-121,99874,79734,-0.02815548,-0.00131814,0.60514962,0.39485038,0.10780846,0.19798329,0.00171821,0.09802594,0.01158853,White,White,0.02324595,0.12739133,0.0896129,0.68965805,0.51570602,2670.03,Urban
NY,NY-122,98057,75832,0.0286874,-0.01948708,0.47179291,0.52820709,0.18308893,0.25896719,0.0014242,0.08433115,0.01846186,Minority,White,0.33314195,0.466597,0.44950776,0.64003704,0.53694077,2231.03,Urban
NY,NY-123,98357,73493,-0.01506756,-0.01648726,0.5856204,0.4143796,0.04457567,0.30393371,0.00088444,0.05578763,0.01762073,White,White,0.31791841,0.40796925,0.36867925,0.70132288,0.58265797,1950.2,Urban
NY,NY-124,104378,81774,-0.00441664,0.04371924,0.55632597,0.44367403,0.12706973,0.19320322,0.00110059,0.12276518,0.01214322,White,White,0.44315563,0.51601735,0.49009231,0.73203018,0.62772782,1252.21,Urban
NY,NY-125,99670,78717,0.02588542,-0.00335802,0.56503678,0.43496322,0.10080415,0.23691198,0.00158797,0.09313109,0.01704841,White,White,0.22667384,0.33315122,0.30338257,0.68963697,0.56963882,766.94,Suburban
NY,NY-126,104762,81336,-0.01824135,0.04755901,0.63365545,0.36634455,0.07550162,0.21323891,0.0011557,0.07535409,0.01235615,White,White,0.27283292,0.3500095,0.29958002,0.71591266,0.59115108,638.67,Suburban
NY,NY-127,98024,77163,-0.01947482,-0.01981706,0.79724739,0.20275261,0.03872322,0.10664438,0.00066094,0.04823555,0.00890323,White,White,0.09189528,0.16016294,0.09774566,0.81365151,0.63559334,215.76,Suburban
NY,NY-128,102728,80728,-0.00316369,0.0272202,0.56534288,0.43465712,0.13779606,0.25257655,0.00106531,0.04738133,0.01741651,White,White,0.11726871,0.20113399,0.13385705,0.68739049,0.4386436,440.07,Suburban
NY,NY-129,104728,83633,0.00594874,0.04721903,0.64498464,0.35501536,0.10153887,0.14782442,0.00115983,0.10378678,0.01058195,White,White,0.04505313,0.13008353,0.05261864,0.75497448,0.52738531,866,Suburban
NY,NY-130,96861,68486,0.010035,-0.03144639,0.39742429,0.60257571,0.22462985,0.30371171,0.00175218,0.08058581,0.0162369,Minority,Minority,0.00780582,0.19526265,0.36123876,0.68247829,0.35326142,1390.49,Urban
NY,NY-131,101988,60468,0.01693336,0.01982063,0.77679103,0.22320897,0.06457961,0.09937488,0.00125686,0.03926044,0.01061719,White,White,-0.47766658,-0.3260404,-0.18055736,0.67039797,0.36575696,736.83,Suburban
NY,NY-132,97668,78270,0.00449482,-0.02337686,0.76681998,0.23318002,0.03765172,0.15787658,0.00126485,0.02754568,0.01401559,White,White,-0.13562681,-0.07851675,-0.15769207,0.75354481,0.42826235,163.81,Rural
NY,NY-133,95918,77581,-0.00141788,-0.04087584,0.69234735,0.30765265,0.10859618,0.14249623,0.00135342,0.04847836,0.01705314,White,White,-0.01100605,0.03908603,-0.06363114,0.70087188,0.39206471,320.19,Suburban
NY,NY-134,98069,79236,0.00780063,-0.01936709,0.59784694,0.40215306,0.20553789,0.13868696,0.00131253,0.05154223,0.02014236,White,White,0.19414739,0.23870801,0.15900777,0.56673357,0.3659954,538.48,Suburban
NY,NY-135,101924,82806,0.01648287,0.01918067,0.80500205,0.19499795,0.05376422,0.09161172,0.00123179,0.03067411,0.01607371,White,White,0.00765913,0.04270334,-0.05427809,0.7254315,0.40910134,64.55,Rural
NY,NY-136,102099,65676,0.05727774,0.02093056,0.65829222,0.34170778,0.08459711,0.15207991,0.00187283,0.04596809,0.01574396,White,White,-0.28685322,-0.16968362,-0.09338111,0.58900229,0.34228902,234.26,Suburban
NY,NY-137,95582,74482,0.00421628,-0.04423564,0.50715609,0.49284391,0.19107972,0.2668967,0.00153057,0.04536667,0.02336135,White,White,0.06368653,0.14562153,0.05768686,0.60800745,0.28846449,216.34,Suburban
NY,NY-138,96019,76875,0.00066653,-0.0398659,0.7742439,0.2257561,0.06398699,0.11859512,0.00126179,0.02690081,0.0211252,White,White,-0.16660975,-0.11208355,-0.19478748,0.68813414,0.31286218,42.32,Rural
NY,NY-139,101530,78480,-0.00432385,0.01524089,0.5112895,0.4887105,0.1895897,0.27045107,0.00173293,0.03383028,0.02493629,White,White,0.08672847,0.16178515,0.0659698,0.59346585,0.32085616,363.27,Suburban
NY,NY-140,98267,76889,0.00334802,-0.01738721,0.68610594,0.31389406,0.11217469,0.16164861,0.00120954,0.02818349,0.02103032,White,White,-0.20978958,-0.13098438,-0.16758829,0.61505983,0.2820312,73.86,Rural
NY,NY-141,96517,78231,0.00183387,-0.03488619,0.77611177,0.22388823,0.07972543,0.10019046,0.00121435,0.02451714,0.02167939,White,White,0.10659021,0.14031123,0.03037092,0.67913155,0.3100145,158.76,Rural
NY,NY-142,104488,86904,0.00197152,0.04481917,0.80693639,0.19306361,0.06190739,0.08127359,0.00084001,0.0256605,0.02024073,White,White,0.17810918,0.18661355,0.09675471,0.68688966,0.38137738,28.94,Rural
NY,NY-143,97085,79747,-0.00525313,-0.02920652,0.85956839,0.14043161,0.04415213,0.04420229,0.00135428,0.0227344,0.02090361,White,White,0.07283451,0.09696621,-0.01206181,0.71601923,0.34969333,42.33,Rural
NY,NY-144,102832,85013,0.01714447,0.02826014,0.88837001,0.11162999,0.02925435,0.03812358,0.00109395,0.01720913,0.01857363,White,White,-0.13109331,-0.11057626,-0.17986134,0.59520575,0.2971728,16.24,Rural
NY,NY-145,103245,83566,-0.00393239,0.0323899,0.73578968,0.26421032,0.12336357,0.06303999,0.00107699,0.06208267,0.02004404,White,White,0.1380873,0.17828289,0.09516901,0.55928287,0.37502094,396.82,Suburban
NY,NY-146,98886,79742,-0.01101268,-0.01119757,0.90504377,0.09495623,0.02740087,0.02371398,0.00104086,0.00827669,0.02417797,White,White,-0.207055,-0.15665188,-0.19285292,0.64913409,0.24318812,31.32,Rural
NY,NY-147,102543,81787,-0.00467121,0.02537031,0.9037133,0.0962867,0.02077347,0.03000477,0.00094147,0.00939025,0.0228765,White,White,-0.3529436,-0.31618895,-0.33565266,0.60419777,0.20312926,28.11,Rural
NY,NY-148,104195,83167,0.00388694,0.04188934,0.85870598,0.14129402,0.02909808,0.06984742,0.00121442,0.01607609,0.01886566,White,White,-0.13452603,-0.10307952,-0.17618081,0.67939384,0.31108191,64.07,Rural
NY,NY-149,104449,81160,0.01907151,0.0444292,0.60645638,0.39354362,0.16824791,0.08223263,0.004793,0.09073435,0.02897979,White,White,0.23717775,0.29501763,0.21862768,0.51605388,0.32646681,1354.94,Urban
NY,NY-150,104542,84737,0.00268791,0.04535914,0.91179768,0.08820232,0.01633289,0.0232248,0.00060186,0.01524718,0.02100617,White,White,-0.03425349,0.00630622,-0.08098527,0.68150169,0.34965489,41.3,Rural
NY,NY-151,99086,80452,0.01712654,-0.00919768,0.88875354,0.11124646,0.02366629,0.03363496,0.00108139,0.02819072,0.01727738,White,White,0.08355208,0.10884548,0.021366,0.68900563,0.45419927,141.49,Rural
NY,NY-152,95209,75829,0.00496802,-0.04796543,0.84194701,0.15805299,0.04225296,0.0376505,0.00079125,0.05488665,0.01668227,White,White,0.05029065,0.10361906,0.01494061,0.6706475,0.44377376,399.73,Suburban
NY,NY-153,98571,79018,0.00542756,-0.01434738,0.8466805,0.1533195,0.03492875,0.03354932,0.00161988,0.06184667,0.01336404,White,White,0.18213696,0.22507545,0.15243431,0.77552772,0.53307807,86.63,Rural
NY,NY-154,98899,80340,0.00358952,-0.01106757,0.75339806,0.24660194,0.08709236,0.04335325,0.00099577,0.09947722,0.01477471,White,White,0.12441726,0.19809283,0.11556187,0.65999579,0.39840849,657.85,Suburban
NY,NY-155,99231,81592,0.01277826,-0.00774777,0.49476664,0.50523336,0.31364595,0.10465487,0.00172811,0.08919992,0.01834739,Minority,White,0.60276174,0.65275031,0.61319006,0.42141039,0.429616,1762.43,Urban
NY,NY-156,102356,83754,-0.01458635,0.02350041,0.87715214,0.12284786,0.04541873,0.03313275,0.00120591,0.01444707,0.02467942,White,White,0.02340363,0.09026716,0.0424449,0.5951061,0.28913284,20.66,Rural
NY,NY-157,99994,85482,-0.00935056,-0.00011821,0.72752158,0.27247842,0.05833977,0.06482066,0.00164947,0.12564049,0.01801549,White,White,0.53377351,0.52984083,0.47003792,0.57079766,0.59911863,90.79,Rural
NY,NY-158,98009,79361,-0.01449867,-0.01996706,0.84085382,0.15914618,0.04775645,0.03038016,0.00154988,0.01541059,0.0641499,White,White,-0.04825317,0.02208702,0.00910625,0.5032082,0.24791146,18.11,Rural
NY,NY-159,99340,76851,-0.02184417,-0.00665783,0.79944308,0.20055692,0.07670687,0.06588073,0.00344823,0.02684415,0.0233699,White,White,-0.20233993,-0.15987572,-0.18223292,0.49414996,0.26079921,44.07,Rural
NY,NY-160,99701,79267,-0.01119347,-0.00304804,0.9269305,0.0730695,0.01487378,0.01800245,0.00104709,0.00826321,0.02116896,White,White,-0.32351071,-0.27143264,-0.28737758,0.62270945,0.2322085,7.04,Rural
NY,NY-161,99621,78717,0.00532016,-0.00384799,0.90472198,0.09527802,0.02116442,0.02825311,0.00146093,0.01230992,0.02428954,White,White,-0.19765658,-0.15810451,-0.18030228,0.56989901,0.22435368,72.87,Rural
NY,NY-162,102524,81998,-0.0053646,0.02518032,0.87733847,0.12266153,0.05011098,0.03764726,0.00090246,0.0125247,0.0165004,White,White,-0.33208754,-0.29097135,-0.32533191,0.60545338,0.25590519,47.28,Rural
NY,NY-163,97232,74918,-0.02152584,-0.0277366,0.70012547,0.29987453,0.11836942,0.08689501,0.00132144,0.09004512,0.01230679,White,White,0.02831102,0.0952939,0.04472261,0.51199417,0.3031759,494.62,Suburban
NY,NY-164,100385,80406,-0.01041988,0.00379156,0.91564062,0.08435938,0.01916524,0.01940154,0.00068403,0.01288461,0.02054573,White,White,-0.20885704,-0.17465343,-0.20875556,0.6438187,0.26097603,40.63,Rural
NY,NY-165,104004,83140,-0.01225914,0.03997945,0.87791677,0.12208323,0.05052923,0.02618475,0.00104643,0.01772913,0.02292519,White,White,0.06154416,0.08754827,0.00984914,0.70432352,0.36642856,117.87,Rural
NY,NY-166,100307,79335,-0.01143489,0.00301161,0.86786412,0.13213588,0.03859583,0.02512132,0.00085712,0.04434361,0.01750804,White,White,0.13771209,0.15043826,0.06987605,0.74444926,0.44380968,158.6,Rural
NY,NY-167,103444,81902,-0.00663161,0.03437978,0.87532661,0.12467339,0.04278284,0.02720324,0.00097678,0.0290347,0.01870528,White,White,0.03809156,0.06800525,-0.01649692,0.71540877,0.3672544,218.49,Suburban
NY,NY-168,99489,77914,-0.01147866,-0.00516792,0.73061324,0.26938676,0.12869317,0.05169803,0.00142465,0.06555946,0.02738917,White,White,0.19818879,0.23131963,0.16225192,0.56843965,0.28099832,1237.78,Urban
NY,NY-169,99442,79676,-0.01767865,-0.00563789,0.48530298,0.51469702,0.34251217,0.09942768,0.0021964,0.067285,0.02208946,Minority,White,0.62059925,0.66094802,0.65347643,0.39847502,0.3286548,2279.99,Urban
NY,NY-170,100331,77276,0.00145518,0.00325159,0.91522594,0.08477406,0.02494953,0.02214142,0.00150111,0.00689735,0.02106734,White,White,-0.40288752,-0.35627088,-0.33161499,0.58780574,0.18683991,13.36,Rural
NY,NY-171,100352,81215,-0.02198262,0.00346158,0.87812596,0.12187404,0.03786246,0.03700055,0.00126824,0.01876501,0.01950379,White,White,-0.09152334,-0.05787057,-0.08525378,0.60398117,0.25392824,43.16,Rural
NY,NY-172,102534,80550,-0.00069245,0.02528031,0.89494724,0.10505276,0.03225326,0.03608939,0.00074488,0.00757294,0.02088144,White,White,-0.24510018,-0.21093517,-0.26157745,0.6310968,0.24314831,50.28,Rural
NY,NY-173,103415,83127,-0.01081081,0.0340898,0.90141591,0.09858409,0.02540691,0.03918101,0.00099847,0.00978022,0.01793641,White,White,-0.1136699,-0.10567742,-0.14724165,0.61661216,0.26398594,34.02,Rural
NY,NY-174,102294,81247,0.00200403,0.02288045,0.89735006,0.10264994,0.02574864,0.02947801,0.00118158,0.02752102,0.01240661,White,White,0.13837389,0.13804254,0.03720404,0.76343324,0.5339832,230.02,Suburban
NY,NY-175,102146,80230,-0.00778298,0.02140054,0.85625078,0.14374922,0.03393992,0.03097345,0.0010096,0.06117412,0.01059454,White,White,0.27057726,0.27374882,0.17876134,0.7950216,0.64464884,368.12,Suburban
NY,NY-176,101981,84103,0.00483423,0.01975063,0.73653734,0.26346266,0.09223214,0.04500434,0.00086798,0.11042412,0.01385206,White,White,0.16666667,0.17601292,0.09816476,0.62218422,0.44703443,270.51,Suburban
NY,NY-177,104489,84247,-0.00275627,0.04482917,0.81973245,0.18026755,0.07874464,0.06598455,0.00097333,0.024535,0.01448123,White,White,0.14626633,0.14795843,0.06009558,0.71907213,0.40464526,767.87,Suburban
NY,NY-178,100217,82201,0.00352236,0.00211166,0.50184304,0.49815696,0.28941254,0.1545115,0.00183696,0.05884357,0.01650831,White,White,0.63471541,0.66343794,0.64043359,0.42275059,0.40788013,2646.93,Urban
NY,NY-179,102992,75642,-0.0301771,0.02986004,0.23854472,0.76145528,0.54053304,0.19182465,0.00244573,0.04476349,0.02080855,Black,Black,0.63430992,0.68464437,0.70713056,0.36405563,0.16691843,2510.94,Urban
NY,NY-180,100113,80563,-0.00317641,0.00107172,0.84880156,0.15119844,0.06489331,0.04282363,0.00093095,0.02370815,0.01422489,White,White,-0.14205376,-0.11502827,-0.18158217,0.68713853,0.33171717,161.89,Rural
NY,NY-181,96926,77674,-0.01579556,-0.03079642,0.79657286,0.20342714,0.09633854,0.06345753,0.00084971,0.02940495,0.01501146,White,White,-0.04171219,-0.02177744,-0.09594896,0.68859163,0.30687999,787.66,Suburban
NY,NY-182,97483,78263,-0.01520265,-0.02522675,0.86837969,0.13162031,0.04652262,0.03194357,0.00148218,0.02951586,0.0183995,White,White,-0.02623112,-0.00484256,-0.08362347,0.64830143,0.31678243,149.52,Rural
NY,NY-183,97488,80855,0.00490317,-0.02517675,0.74680601,0.25319399,0.09449014,0.05730011,0.00133572,0.08396512,0.01839095,White,White,0.11940007,0.15624182,0.10403874,0.53672168,0.32416875,255.42,Suburban
NY,NY-184,101855,80083,-0.02176624,0.01849071,0.92668856,0.07331144,0.0108887,0.01874305,0.00099896,0.00680544,0.02282632,White,White,-0.28718475,-0.25752442,-0.27671815,0.65583374,0.20316817,20.03,Rural
NY,NY-185,102524,80759,-0.01855175,0.02518032,0.86324744,0.13675256,0.06437673,0.02651098,0.00091631,0.01734791,0.02155797,White,White,-0.19622559,-0.16184923,-0.20046443,0.58333545,0.23149685,65.09,Rural
NY,NY-186,101191,79488,-0.00939807,0.01185109,0.91450282,0.08549718,0.02020431,0.01559984,0.00077999,0.01849336,0.02065721,White,White,-0.31760719,-0.29845561,-0.34009391,0.63296813,0.25382437,26.88,Rural
NY,NY-187,100683,80931,0.00319816,0.00677139,0.90061905,0.09938095,0.02682532,0.03048276,0.00132211,0.01461739,0.0176323,White,White,-0.29141021,-0.25973893,-0.28908386,0.59507344,0.28034142,24.32,Rural
NY,NY-188,101055,79118,-0.00577903,0.01049117,0.90809929,0.09190071,0.01701256,0.0174423,0.00094795,0.00837989,0.04079982,White,White,-0.34843094,-0.31837363,-0.34639359,0.59706918,0.20287766,23.03,Rural
NY,NY-189,103103,81970,-0.02005761,0.03096998,0.83873368,0.16126632,0.04142979,0.08683665,0.00114676,0.01055264,0.01949494,White,White,-0.16435478,-0.14855603,-0.1848477,0.56013363,0.25198476,59.8,Rural
NY,NY-190,98731,79024,-0.01353172,-0.01274748,0.87686019,0.12313981,0.04321472,0.04254404,0.00075926,0.00874418,0.02233499,White,White,-0.36381812,-0.3333263,-0.36744371,0.60543545,0.20953184,43.11,Rural
NY,NY-191,102780,83553,-0.02507297,0.02774017,0.88572523,0.11427477,0.04129116,0.02986129,0.00083779,0.00613982,0.0333082,White,White,-0.34284958,-0.30374368,-0.36710235,0.66189463,0.23242429,37.79,Rural
NY,NY-192,97428,78628,0.00500883,-0.02577672,0.93272117,0.06727883,0.02076868,0.01630462,0.00053416,0.01040342,0.01217124,White,White,-0.26409138,-0.23092743,-0.32456584,0.73196574,0.31944716,98.35,Rural
NY,NY-193,100873,81299,-0.01241165,0.00867128,0.88542294,0.11457706,0.04341997,0.02829063,0.00081182,0.01075044,0.0267039,White,White,-0.19379128,-0.1517497,-0.23919534,0.66445298,0.28185237,125.63,Rural
NY,NY-194,97805,78164,-0.01095036,-0.02200694,0.79134896,0.20865104,0.1320045,0.03080702,0.00065247,0.02027788,0.02667468,White,White,-0.04266361,0.01919897,-0.06311588,0.57739476,0.26537148,724.94,Suburban
NY,NY-195,102179,82519,-0.01584474,0.02173052,0.86623687,0.13376313,0.03437996,0.02273416,0.00067863,0.06390044,0.00768308,White,White,-0.01465081,0.01073393,-0.11766184,0.73665544,0.46022944,442.16,Suburban
NY,NY-196,103107,84135,-0.00816627,0.03100998,0.87675759,0.12324241,0.04484459,0.03419504,0.00064183,0.02755096,0.01495216,White,White,0.09285627,0.12255145,-0.00631767,0.70223598,0.38092341,796.52,Suburban
NY,NY-197,102769,84296,0.01118041,0.02763017,0.74351096,0.25648904,0.08752491,0.03622948,0.00081854,0.12320869,0.00907516,White,White,0.23478714,0.26036264,0.13936335,0.63250507,0.53848414,1196.82,Urban
NY,NY-198,99015,80975,0.00528203,-0.00990764,0.82442729,0.17557271,0.10158691,0.03244211,0.00069157,0.02976227,0.01062056,White,White,0.0210757,0.06815329,-0.02892036,0.64146796,0.29587289,1061.65,Urban
NY,NY-199,103714,83116,0.00174518,0.03707962,0.93517494,0.06482506,0.01349921,0.02325665,0.00058954,0.01209153,0.01050339,White,White,-0.02204762,0.00231423,-0.1224948,0.74778177,0.42682416,344.77,Suburban
NY,NY-200,100716,79576,0.00531197,0.00710137,0.68055695,0.31944305,0.14666482,0.13402282,0.00126923,0.03101438,0.0197924,White,White,0.22531408,0.30324111,0.27323501,0.45454193,0.26008048,1684.79,Urban
NY,NY-201,99077,79025,0.01403959,-0.00928768,0.57232521,0.42767479,0.20835179,0.12528947,0.00218918,0.08726352,0.02068966,White,White,0.54447318,0.59269589,0.53499941,0.46582159,0.44260341,3304.56,Urban
NY,NY-202,98511,70680,-0.03655429,-0.01494735,0.0979485,0.9020515,0.75147142,0.06291737,0.00138653,0.09342105,0.01601585,Black,Black,0.7644181,0.87773796,0.9036552,0.43635372,0.16746266,3104.32,Urban
OH,OH-1,97574,76412,-0.00417119,-0.02421336,0.87983563,0.12016437,0.04741402,0.0361985,0.00095535,0.00663508,0.02151495,White,White,-0.2838729,-0.2354447,-0.18970249,0.57803961,0.15677793,53.66,Rural
OH,OH-2,101877,81318,-0.01151388,0.0188187,0.92836764,0.07163236,0.02655009,0.01368701,0.00065176,0.00491896,0.01880273,White,White,-0.49000957,-0.44865006,-0.41783008,0.60204248,0.16482083,73.95,Rural
OH,OH-3,102206,78419,-0.00839481,0.02210885,0.80860506,0.19139494,0.13165177,0.02587383,0.00089264,0.01141305,0.01785282,White,White,-0.4410388,-0.39520346,-0.37527011,0.605749,0.1914499,98.03,Rural
OH,OH-4,95397,73972,0.00088053,-0.0459844,0.94127508,0.05872492,0.01427567,0.01423512,0.00060834,0.01039583,0.01135565,White,White,-0.24122727,-0.23106588,-0.25387593,0.74271641,0.39350634,92.01,Rural
OH,OH-5,102571,80781,-0.01224518,0.02575903,0.83534494,0.16465506,0.06151199,0.07269036,0.00054468,0.0069447,0.02100742,White,White,-0.14679167,-0.10668777,-0.04741723,0.60353367,0.20512293,120.38,Rural
OH,OH-6,96887,75384,0.01223074,-0.03108369,0.87058262,0.12941738,0.04901571,0.04007482,0.00076939,0.0169532,0.01770933,White,White,-0.20330752,-0.17709201,-0.17907043,0.72594581,0.31782727,63.79,Rural
OH,OH-7,100415,80561,-0.00984913,0.004198,0.85391194,0.14608806,0.03850498,0.05371085,0.00078202,0.03160338,0.01787465,White,White,-0.02154835,0.00054835,-0.01903057,0.65065769,0.43595109,204.73,Suburban
OH,OH-8,102507,79611,-0.01450633,0.025119,0.835475,0.164525,0.07019131,0.03994423,0.00040195,0.0328221,0.01789954,White,White,0.05151313,0.07674502,0.02931758,0.70635388,0.40882494,957.97,Suburban
OH,OH-9,102021,78391,-0.01684947,0.02025876,0.45216925,0.54783075,0.44882703,0.06542843,0.00149252,0.02044878,0.02015537,Minority,Minority,0.51040496,0.5647667,0.58685218,0.43497278,0.19361148,1403.65,Urban
OH,OH-10,99490,78032,0.00453312,-0.00505244,0.6566665,0.3433335,0.23322483,0.07198329,0.00076892,0.02082479,0.02172186,White,White,0.25436147,0.27841022,0.26530109,0.55344076,0.23879394,1028.66,Urban
OH,OH-11,96786,74494,0.00472176,-0.03209374,0.6586705,0.3413295,0.13150052,0.19239133,0.00107391,0.00809461,0.02431068,White,White,0.00731642,0.06838029,0.1462541,0.55370437,0.18006387,534.22,Suburban
OH,OH-12,98425,75514,0.02658877,-0.01570295,0.88979527,0.11020473,0.02542575,0.03786053,0.00092698,0.02641894,0.01459332,White,White,-0.05912401,-0.05975077,-0.1117549,0.77740498,0.44056187,554.01,Suburban
OH,OH-13,99359,80405,0.00083535,-0.00636251,0.79303526,0.20696474,0.12085069,0.04895218,0.00136807,0.01387973,0.02284684,White,White,-0.04153476,0.00463327,0.05353855,0.5938487,0.18939438,171.98,Rural
OH,OH-14,101777,80128,0.01799031,0.01781865,0.92321036,0.07678964,0.01711012,0.02041733,0.00048672,0.01229283,0.01793381,White,White,-0.28437336,-0.27113531,-0.27397635,0.75656987,0.34791288,98.66,Rural
OH,OH-15,99087,76919,0.00370382,-0.00908264,0.92352995,0.07647005,0.01397574,0.02017707,0.00071504,0.01721291,0.01609485,White,White,-0.23010723,-0.21564761,-0.22972116,0.74328471,0.35713143,251.53,Suburban
OH,OH-16,99994,82054,-0.01732104,-0.0000122,0.87446072,0.12553928,0.0436298,0.03620786,0.00073123,0.03150364,0.01071246,White,White,0.34046758,0.33507044,0.26079008,0.72968032,0.55849227,1871.84,Urban
OH,OH-17,97169,78728,-0.00557791,-0.02826355,0.87013515,0.12986485,0.04037953,0.03405396,0.00086373,0.03794076,0.0129814,White,White,0.07126566,0.07807156,0.02883918,0.70095383,0.42652765,907.31,Suburban
OH,OH-18,103638,84308,0.0093981,0.03642954,0.77992599,0.22007401,0.07931632,0.07738293,0.00130474,0.04705366,0.01705651,White,White,0.10450454,0.12729382,0.12168289,0.59980545,0.28333598,1071.47,Urban
OH,OH-19,102009,83500,-0.01527316,0.02013876,0.84488623,0.15511377,0.05020359,0.05467066,0.00099401,0.03257485,0.01614371,White,White,-0.05022941,-0.03325047,-0.02576464,0.57595337,0.24127507,1626.21,Urban
OH,OH-20,97749,78583,-0.01046558,-0.02246328,0.87376405,0.12623595,0.02784317,0.02602344,0.00082715,0.05662802,0.00998944,White,White,-0.11684095,-0.10841992,-0.15166965,0.72328004,0.46660774,639.11,Suburban
OH,OH-21,102244,80377,-0.02735613,0.02248887,0.47605658,0.52394342,0.47685283,0.02092638,0.00073404,0.0181644,0.01127188,Black,Black,0.29717443,0.3362281,0.36416805,0.61340002,0.26426796,680.66,Suburban
OH,OH-22,99287,77740,-0.01845156,-0.00708254,0.33013892,0.66986108,0.61566761,0.0251222,0.00083612,0.02393877,0.01251608,Black,Black,0.69998039,0.71762691,0.71437262,0.62514645,0.34138817,930.94,Suburban
OH,OH-23,98650,77954,-0.01675621,-0.01345285,0.29425046,0.70574954,0.66517433,0.01876748,0.00107756,0.01706134,0.01243041,Black,Black,0.67265983,0.68052686,0.67765605,0.56161348,0.25785173,1660.98,Urban
OH,OH-24,98378,76939,-0.0155116,-0.01617298,0.73517982,0.26482018,0.13930516,0.02286227,0.00054589,0.09099416,0.00851324,White,White,0.30425288,0.31467387,0.28329148,0.75542445,0.59671214,506.64,Suburban
OH,OH-25,99659,75272,-0.02848714,-0.00336236,0.49811351,0.50188649,0.21180519,0.26000372,0.0029493,0.0266633,0.02732756,Minority,White,0.2486633,0.29200463,0.42040494,0.38877499,0.13446347,2552.73,Urban
OH,OH-26,99265,78821,-0.02088349,-0.00730255,0.36572741,0.63427259,0.51500235,0.09388361,0.00142094,0.02297611,0.01615052,Black,Black,0.66310323,0.7081209,0.77404269,0.42803473,0.27470536,1719.91,Urban
OH,OH-27,101176,81328,-0.01171226,0.01180836,0.21870696,0.78129304,0.67835186,0.03718277,0.00111893,0.06363122,0.01327956,Black,Black,0.77163592,0.80397062,0.85017896,0.41442313,0.20302598,1725.9,Urban
OH,OH-28,96442,78408,-0.01261898,-0.0355339,0.70263238,0.29736762,0.21147077,0.02508673,0.00094378,0.04901286,0.01114682,White,White,0.30142259,0.30426206,0.29663719,0.73061873,0.52853078,627.52,Suburban
OH,OH-29,103152,84807,-0.00150264,0.03156931,0.90226043,0.09773957,0.039301,0.01734527,0.00077824,0.01930265,0.01479831,White,White,-0.09525282,-0.09623277,-0.12240293,0.69389239,0.29515952,921.8,Suburban
OH,OH-30,98608,77384,-0.00175442,-0.01387287,0.85405252,0.14594748,0.04242479,0.06563372,0.00081412,0.01325855,0.01919001,White,White,-0.21551773,-0.19688028,-0.20118685,0.70153606,0.27490282,263.9,Suburban
OH,OH-31,101209,81214,-0.00658044,0.01213838,0.9368828,0.0631172,0.02005812,0.01153742,0.00051715,0.00512227,0.0169552,White,White,-0.31156709,-0.2622723,-0.22073751,0.6561545,0.19604397,72.45,Rural
OH,OH-32,100768,80575,-0.00379089,0.00772817,0.78375427,0.21624573,0.15839901,0.02112318,0.00089358,0.01129383,0.02101148,White,White,0.00222101,0.0739701,0.11268721,0.55790312,0.20446924,494.1,Suburban
OH,OH-33,100751,79625,-0.01064009,0.00755816,0.61849922,0.38150078,0.28334066,0.0811303,0.00101727,0.00723391,0.01735636,White,White,0.08691047,0.18044618,0.26381269,0.54506207,0.2036787,357.65,Suburban
OH,OH-34,95669,77808,-0.00837262,-0.04326427,0.86631195,0.13368805,0.06726815,0.03168055,0.00098962,0.01769741,0.01363613,White,White,-0.12184874,-0.06241864,-0.04535077,0.69583344,0.32495736,493.06,Suburban
OH,OH-35,98273,79322,-0.00432469,-0.01722303,0.93656237,0.06343763,0.01382971,0.01167394,0.00050427,0.00758932,0.02004488,White,White,-0.40539402,-0.36497605,-0.33199671,0.69299971,0.23510931,62.05,Rural
OH,OH-36,95712,78946,0.00355232,-0.04283425,0.83289844,0.16710156,0.08163808,0.02352241,0.00110202,0.03792466,0.01841765,White,White,0.03137331,0.05619631,0.06685082,0.60932967,0.38306086,356.2,Suburban
OH,OH-37,101819,79453,-0.00187588,0.01823867,0.82056058,0.17943942,0.08783809,0.01793513,0.00085585,0.05702743,0.0114659,White,White,0.07196228,0.07960635,0.01799486,0.79513618,0.52099498,518.1,Suburban
OH,OH-38,102154,83691,-0.00594201,0.02158883,0.83825023,0.16174977,0.08460886,0.01890287,0.00057354,0.0372561,0.01622636,White,White,0.10251563,0.10947169,0.06601499,0.71721922,0.41976456,367.61,Suburban
OH,OH-39,103974,80985,-0.00569373,0.0397897,0.49715379,0.50284621,0.42742483,0.02801753,0.00124714,0.0291412,0.02274495,Minority,White,0.47006209,0.52207056,0.56174554,0.47189952,0.1868589,1411.07,Urban
OH,OH-40,100661,79609,-0.00308958,0.00665811,0.76915927,0.23084073,0.11233654,0.02044995,0.00099235,0.0701177,0.02277381,White,White,-0.02135279,0.01492275,0.02503824,0.58272523,0.19568772,752.32,Suburban
OH,OH-41,104345,83393,-0.00748479,0.04349988,0.86527646,0.13472354,0.06309882,0.01551689,0.00074347,0.02764021,0.0194141,White,White,-0.08051099,-0.0553344,-0.06656581,0.7037078,0.37076484,342.93,Suburban
OH,OH-42,100762,79952,0.00298724,0.00766816,0.8956749,0.1043251,0.03502101,0.02101261,0.00057535,0.02525265,0.01635982,White,White,-0.1713853,-0.16231414,-0.19763902,0.76213974,0.42200499,455.51,Suburban
OH,OH-43,99708,76959,-0.01834356,-0.00287234,0.72108525,0.27891475,0.20774698,0.03342039,0.00096155,0.00809522,0.02796294,White,White,0.02306102,0.08057929,0.11143823,0.50023126,0.16071905,697.11,Suburban
OH,OH-44,98849,78573,0.00083966,-0.01146275,0.89706388,0.10293612,0.04708997,0.01884871,0.00087816,0.00828529,0.02127957,White,White,-0.28303554,-0.25476917,-0.22892478,0.63115346,0.19010974,217.56,Suburban
OH,OH-45,103009,80796,0.00216486,0.03013924,0.91325066,0.08674934,0.0357691,0.01443141,0.00077974,0.00825536,0.01948116,White,White,-0.37041838,-0.33821446,-0.32688949,0.66629531,0.23878793,136.56,Rural
OH,OH-46,100675,78405,-0.02387882,0.00679812,0.41580256,0.58419744,0.50917671,0.0413494,0.00168357,0.02166954,0.01765194,Black,Black,0.6273078,0.65060533,0.6330744,0.61057801,0.34151306,1365.04,Urban
OH,OH-47,99514,73727,0.06117732,-0.00481243,0.43750593,0.56249407,0.46776622,0.06062908,0.00118003,0.01958577,0.01829723,Black,Black,0.48091881,0.51553535,0.50367185,0.45687633,0.28899778,1859.88,Urban
OH,OH-48,101037,85883,-0.01944832,0.01041829,0.60006055,0.39993945,0.29514572,0.03246277,0.00136232,0.05942969,0.01308757,White,White,0.50995069,0.54451422,0.5039678,0.48657485,0.46727169,2125.19,Urban
OH,OH-49,100059,76991,-0.01202291,0.00063783,0.88224598,0.11775402,0.03987479,0.02415867,0.00109104,0.03388708,0.01374187,White,White,0.10378101,0.08281743,-0.03010812,0.84271411,0.64486022,541.89,Suburban
OH,OH-50,100476,78577,-0.01746686,0.00480803,0.76624203,0.23375797,0.1044835,0.04645125,0.00271072,0.06300826,0.01664609,White,White,0.07321008,0.05533842,-0.04230304,0.7640311,0.50543203,784.31,Suburban
OH,OH-51,99921,75850,0.00005004,-0.00074224,0.44129202,0.55870798,0.46142386,0.04669743,0.00195122,0.036559,0.01723138,Black,Black,0.4221982,0.42452325,0.36450595,0.67235547,0.30543528,1072.06,Urban
OH,OH-52,103189,80410,-0.0003198,0.03193932,0.8841562,0.1158438,0.06394727,0.01324462,0.0008581,0.01770924,0.01581893,White,White,-0.30275961,-0.32097372,-0.4091923,0.75418607,0.34190829,925.61,Suburban
OH,OH-53,100569,76976,0.0114051,0.00573807,0.80655009,0.19344991,0.12259665,0.02082467,0.00129911,0.02535855,0.02074673,White,White,-0.31629256,-0.32198763,-0.37008639,0.71143405,0.27573776,304.23,Suburban
OH,OH-54,95970,73889,-0.00809628,-0.04025413,0.85085737,0.14914263,0.07195929,0.03156085,0.00197594,0.01802704,0.02399545,White,White,-0.3841509,-0.37001237,-0.39440711,0.68439963,0.23436467,225.37,Suburban
OH,OH-55,99622,79077,-0.00847202,-0.00373238,0.81705173,0.18294827,0.06244546,0.04881318,0.00203599,0.04729567,0.02010698,White,White,-0.31974766,-0.29072647,-0.29116051,0.55712198,0.27088801,204.8,Suburban
OH,OH-56,98689,72887,0.01381106,-0.01306283,0.78263614,0.21736386,0.10348896,0.05681397,0.00111131,0.03391551,0.02298078,White,White,-0.25222087,-0.22244742,-0.26138716,0.64087072,0.31969946,623.66,Suburban
OH,OH-57,96076,73229,0.0289042,-0.03919408,0.68901665,0.31098335,0.13702222,0.07024539,0.00177525,0.08582665,0.01954144,White,White,-0.0961069,-0.08437121,-0.17055075,0.68215084,0.44543343,697.33,Suburban
OH,OH-58,104454,81234,0.01002355,0.04458993,0.90320555,0.09679445,0.02386932,0.02313071,0.00080016,0.02289682,0.02012704,White,White,-0.24209227,-0.25692911,-0.32886111,0.72423293,0.3884093,558.84,Suburban
OH,OH-59,104147,79581,0.01471958,0.04151978,0.92515802,0.07484198,0.01628529,0.01560674,0.00082934,0.0088212,0.02721755,White,White,-0.48238847,-0.48949705,-0.50784495,0.68093014,0.21512222,105.71,Rural
OH,OH-60,99886,74287,0.0256993,-0.00109226,0.73925451,0.26074549,0.04431462,0.0350667,0.00181728,0.16261257,0.01344784,White,White,-0.04544695,-0.04628585,-0.15727901,0.78656819,0.63304718,847.84,Suburban
OH,OH-61,98354,74466,0.03221018,-0.01641299,0.88072409,0.11927591,0.04932452,0.02402439,0.00095346,0.02164746,0.01842452,White,White,-0.41637079,-0.42193105,-0.47323962,0.75437717,0.33653689,137.33,Rural
OH,OH-62,98761,75188,0.02706534,-0.01234279,0.90674044,0.09325956,0.02876789,0.01834069,0.0010507,0.02096079,0.02024259,White,White,-0.44193809,-0.43376722,-0.47021316,0.74975303,0.34628959,136.29,Rural
OH,OH-63,104266,79233,-0.02958779,0.04270984,0.37643406,0.62356594,0.56472682,0.02729923,0.00128734,0.01652089,0.02068583,Black,Black,0.43209784,0.48223586,0.50962825,0.51466844,0.1858908,588.9,Suburban
OH,OH-64,96878,75877,-0.00220896,-0.03117369,0.77094508,0.22905492,0.1524968,0.02361717,0.00179237,0.02858574,0.02129763,White,White,-0.12834833,-0.13416769,-0.18162619,0.68701526,0.27508052,433.23,Suburban
OH,OH-65,101308,80053,0.02267343,0.01312842,0.62622263,0.37377737,0.27644186,0.05536332,0.00193622,0.02019912,0.02530823,White,White,0.18176278,0.22879028,0.24088921,0.43779938,0.19539682,658.57,Suburban
OH,OH-66,102657,81714,-0.00292235,0.02661907,0.84166728,0.15833272,0.06216805,0.03130431,0.00143182,0.0414984,0.01939692,White,White,0.02609043,0.00527388,-0.09937248,0.74422784,0.45198355,1134.26,Urban
OH,OH-67,100771,79029,0.01652261,0.00775817,0.83497197,0.16502803,0.08310873,0.0194359,0.00115148,0.03806198,0.01954979,White,White,-0.24583989,-0.25412646,-0.30171426,0.73119299,0.43740772,118.2,Rural
OH,OH-68,99862,79041,0.01063468,-0.00133227,0.8134386,0.1865614,0.07017877,0.03221113,0.00211283,0.05956402,0.02101441,White,White,-0.09654535,-0.09304367,-0.16127708,0.69242085,0.45288678,377.11,Suburban
OH,OH-69,99533,78244,-0.00920298,-0.00462242,0.84981596,0.15018404,0.06625428,0.0291524,0.00115025,0.02988089,0.02272379,White,White,-0.31540066,-0.30584742,-0.34629549,0.69311769,0.26923698,197.64,Rural
OH,OH-70,104487,81604,0.00438332,0.04491994,0.89838733,0.10161267,0.04603941,0.02281751,0.00109063,0.00823489,0.02093035,White,White,-0.48634248,-0.4556778,-0.42733208,0.62185899,0.19305801,36.09,Rural
OH,OH-71,104289,80918,-0.00745045,0.04293985,0.80784251,0.19215749,0.12407623,0.03126622,0.00152006,0.01061569,0.02348056,White,White,-0.21847375,-0.14900121,-0.11181439,0.58248048,0.17372411,266.47,Suburban
OH,OH-72,102379,78603,0.01399701,0.02383894,0.90585601,0.09414399,0.03291223,0.01644975,0.00094144,0.01938857,0.0185998,White,White,-0.43885677,-0.43367301,-0.44900427,0.71009023,0.25425312,108.55,Rural
OH,OH-73,103545,79093,0.00061809,0.03549949,0.92612494,0.07387506,0.02268216,0.01545017,0.00161835,0.01060777,0.01916731,White,White,-0.61437774,-0.59869135,-0.57205047,0.68010667,0.19151171,40.64,Rural
OH,OH-74,104073,79229,-0.00356481,0.04077975,0.95430966,0.04569034,0.00762347,0.01084199,0.00070681,0.00547779,0.01650911,White,White,-0.64882509,-0.63225447,-0.60782662,0.70669725,0.18117601,34.95,Rural
OH,OH-75,103918,79088,-0.00897823,0.03922967,0.94050931,0.05949069,0.01012796,0.02006626,0.00474155,0.00724509,0.01483158,White,White,-0.6155654,-0.59823974,-0.59333827,0.71424544,0.19414987,37.48,Rural
OH,OH-76,99879,75700,0.00125151,-0.00116226,0.89833554,0.10166446,0.01365918,0.06672391,0.00104359,0.0044782,0.01622193,White,White,-0.54625818,-0.51275415,-0.49166401,0.69904522,0.20577601,25.26,Rural
OH,OH-77,99141,76420,-0.01181146,-0.00854261,0.90192358,0.09807642,0.01035069,0.0580738,0.00069354,0.00620256,0.01886941,White,White,-0.44886019,-0.42445206,-0.39296304,0.68073742,0.16757421,37.32,Rural
OH,OH-78,95975,69909,0.02119302,-0.04020413,0.40916048,0.59083952,0.41094852,0.08114835,0.00101561,0.08400921,0.02061251,Black,Black,0.38579626,0.45629037,0.41668314,0.54562591,0.27795542,2138.25,Urban
OH,OH-79,95766,69439,0.0190151,-0.04229422,0.32454384,0.67545616,0.54787655,0.07729086,0.00142571,0.03810539,0.02263857,Black,Black,0.56160098,0.64234341,0.66437591,0.48958646,0.18988136,1236.67,Urban
OH,OH-80,102759,77136,0.00898218,0.02763912,0.43622952,0.56377048,0.46424497,0.06364084,0.00210019,0.02139079,0.02359469,Black,Black,0.57255731,0.60709708,0.61178554,0.54629851,0.28757151,1506.46,Urban
OH,OH-81,95175,71613,0.01112687,-0.04820451,0.44713949,0.55286051,0.41206206,0.05679136,0.00149414,0.07322693,0.02010808,Minority,Minority,0.34507493,0.40841532,0.34728706,0.58257716,0.29178518,1565.53,Urban
OH,OH-82,97278,74159,0.03788112,-0.0271735,0.61056649,0.38943351,0.30001753,0.04649469,0.00109225,0.02397551,0.02281584,White,White,0.1056275,0.1222301,0.12414424,0.62905065,0.25462717,420.56,Suburban
OH,OH-83,103906,76048,0.02112486,0.03910967,0.61338891,0.38661109,0.22189933,0.11587418,0.0016437,0.02925784,0.02789028,White,White,0.13547605,0.17782833,0.17375785,0.42667226,0.18998273,1347.16,Urban
OH,OH-84,96736,90596,-0.08248222,-0.03259376,0.7859177,0.2140823,0.08554462,0.04554285,0.00190958,0.06863438,0.01160095,White,White,0.63624079,0.66743557,0.57653717,0.49096827,0.67821552,3845.25,Urban
OH,OH-85,96238,79185,0.00290945,-0.037574,0.82285786,0.17714214,0.03868157,0.03080129,0.00140178,0.09155774,0.01129002,White,White,0.39271353,0.40266618,0.31829394,0.80081542,0.71314571,1557.29,Urban
OH,OH-86,96947,75787,-0.00909775,-0.03048366,0.74672437,0.25327563,0.08164989,0.05391426,0.00137227,0.09836779,0.01679708,White,White,0.33153339,0.34065726,0.23433865,0.73384883,0.57271475,1521.49,Urban
OH,OH-87,104442,81089,0.02194519,0.04446992,0.73834922,0.26165078,0.14260874,0.03480127,0.00106056,0.06613721,0.01572346,White,White,0.19208921,0.19101841,0.07952126,0.80409406,0.55638223,685.28,Suburban
OH,OH-88,101342,77745,-0.0050522,0.01346844,0.76812657,0.23187343,0.09977491,0.07538748,0.0009261,0.03430446,0.02443887,White,White,-0.09517621,-0.07984815,-0.11397388,0.62840849,0.28763503,429.68,Suburban
OH,OH-89,98002,74467,0.04415216,-0.01993316,0.77894906,0.22105094,0.06025488,0.05152618,0.00114145,0.09072475,0.01506708,White,White,0.1347368,0.15534609,0.05706128,0.71984972,0.55583689,728.53,Suburban
OH,OH-90,100531,77194,-0.02210264,0.00535805,0.76667876,0.23332124,0.06348939,0.03294297,0.00130839,0.12090318,0.01358914,White,White,0.17324675,0.16981489,0.06035821,0.8079013,0.64420132,969.48,Suburban
OH,OH-91,95334,68932,0.05098915,-0.04661443,0.60035977,0.39964023,0.29662566,0.04067777,0.00118958,0.04748158,0.02010677,White,White,0.13937708,0.14532004,0.07012436,0.7011732,0.38164348,618.76,Suburban
OH,OH-92,102297,79267,0.01848539,0.0230189,0.92782621,0.07217379,0.0233893,0.01236328,0.00070647,0.00731704,0.02349023,White,White,-0.41221548,-0.40334716,-0.39177079,0.65189435,0.23600073,85.66,Rural
OH,OH-93,96048,73655,0.01602324,-0.03947409,0.83652162,0.16347838,0.06340371,0.02166859,0.00096395,0.0494739,0.02142421,White,White,-0.18855304,-0.17189691,-0.19996871,0.69888481,0.33530699,172.65,Rural
OH,OH-94,97404,75272,0.02633362,-0.02591344,0.92334467,0.07665533,0.023714,0.01482623,0.00094325,0.00852907,0.02318259,White,White,-0.42252887,-0.40818518,-0.40052802,0.69449725,0.26596365,61.15,Rural
OH,OH-95,99944,73152,0.04418474,-0.00051223,0.76968504,0.23031496,0.05431157,0.02764108,0.0010526,0.13220418,0.01144193,White,White,0.04252306,0.03113339,-0.08359158,0.82119269,0.66660092,675.48,Suburban
OH,OH-96,99247,72485,0.07564964,-0.00748256,0.8603987,0.1396013,0.03668345,0.02724702,0.00096572,0.05293509,0.01680348,White,White,-0.11808975,-0.11857088,-0.19714913,0.84450702,0.51905269,160.58,Rural
OH,OH-97,96055,75256,-0.00582999,-0.03940409,0.8903609,0.1096391,0.05724461,0.02192516,0.00091687,0.00817211,0.01809822,White,White,-0.45629597,-0.42958724,-0.38487491,0.54257212,0.14906237,42.43,Rural
OH,OH-98,101498,76492,0.04561666,0.01502851,0.88930869,0.11069131,0.02721853,0.01747895,0.00066674,0.04101082,0.02001516,White,White,-0.37118221,-0.37548445,-0.40634171,0.72737806,0.31117438,45.53,Rural
OH,OH-99,96820,75411,-0.00367693,-0.03175372,0.90177826,0.09822174,0.02034186,0.04145284,0.0007426,0.01761016,0.01514368,White,White,-0.41393991,-0.40446705,-0.42055954,0.66959886,0.26814939,39.84,Rural
OH,OH-100,97094,76180,-0.00631347,-0.02901359,0.91825939,0.08174061,0.02315568,0.02891835,0.00103702,0.00753479,0.01747178,White,White,-0.44381689,-0.41603923,-0.38023175,0.60670667,0.17047608,39.34,Rural
OH,OH-101,97671,75191,0.00895865,-0.02324331,0.93898206,0.06101794,0.01147744,0.01501509,0.00109056,0.0073679,0.01997579,White,White,-0.48921386,-0.47711723,-0.42463019,0.67214196,0.21162766,40.48,Rural
OH,OH-102,96029,76361,-0.00303033,-0.0396641,0.82323437,0.17676563,0.09316274,0.05305064,0.00044525,0.00914079,0.02134598,White,White,-0.14816176,-0.12152142,-0.09735429,0.65403831,0.24085523,99.48,Rural
OH,OH-103,97054,74899,-0.01147815,-0.02941361,0.89752867,0.10247133,0.01646217,0.05603546,0.00080108,0.00560755,0.02014713,White,White,-0.40937487,-0.378869,-0.33015258,0.64701733,0.17409428,48.1,Rural
OH,OH-104,96916,76790,0.00354947,-0.03079368,0.82049746,0.17950254,0.12656596,0.01836177,0.00110691,0.01002735,0.01939055,White,White,-0.37199741,-0.3445836,-0.32024676,0.57948439,0.18067989,164.64,Rural
OH,OH-105,99317,76017,-0.00271857,-0.00678253,0.94572267,0.05427733,0.009169,0.01304971,0.00111817,0.00684058,0.01967981,White,White,-0.53754133,-0.52480946,-0.50544059,0.67127139,0.1983596,43.48,Rural
OH,OH-106,98044,74551,-0.0041614,-0.01951314,0.92047055,0.07952945,0.02344704,0.0209521,0.00103285,0.01240761,0.01727676,White,White,-0.35442049,-0.33020008,-0.31137827,0.59625269,0.25086362,104.03,Rural
OH,OH-107,97764,75719,-0.00442903,-0.02231327,0.92919875,0.07080125,0.01122572,0.03012454,0.00046224,0.00483366,0.02430037,White,White,-0.43721634,-0.40468636,-0.36143944,0.6194266,0.19383396,57.75,Rural
OH,OH-108,101952,81484,-0.01387908,0.01956873,0.9071106,0.0928894,0.04491679,0.01214962,0.00083452,0.00640617,0.01984439,White,White,-0.48175182,-0.43829252,-0.40022924,0.61755513,0.1700938,35.18,Rural
OH,OH-109,101883,74259,0.00140357,0.0188787,0.95698838,0.04301162,0.01234867,0.00887435,0.00079452,0.00445737,0.0143013,White,White,-0.57892716,-0.55304729,-0.50556718,0.52335222,0.16621764,31.47,Rural
OH,OH-110,100770,77841,0.00309616,0.00774817,0.91680477,0.08319523,0.04172608,0.00810627,0.00055241,0.00494598,0.02308552,White,White,-0.45676512,-0.40620849,-0.34324782,0.59086522,0.16154828,48.1,Rural
OH,OH-111,104935,83888,-0.01180731,0.04940016,0.9251502,0.0748498,0.03358049,0.00984646,0.00052451,0.00599609,0.01794059,White,White,-0.49023156,-0.45317586,-0.40762365,0.58937034,0.16544055,38.43,Rural
OH,OH-112,101073,80938,-0.00925074,0.01077831,0.93490079,0.06509921,0.02677358,0.00869802,0.0008525,0.00641232,0.01964467,White,White,-0.49687605,-0.46216273,-0.44260792,0.63580997,0.16834879,20.52,Rural
OH,OH-113,103281,84536,-0.01079579,0.03285937,0.89959307,0.10040693,0.04142614,0.01654916,0.00075707,0.01776758,0.02063026,White,White,-0.14620039,-0.11435046,-0.04690054,0.54181231,0.25683984,29.82,Rural
OH,OH-114,104148,81446,-0.01835849,0.04152978,0.93901481,0.06098519,0.02314417,0.0081772,0.00041745,0.00478845,0.01982909,White,White,-0.5416623,-0.49612326,-0.48339867,0.59792149,0.16700633,33.37,Rural
OH,OH-115,101485,79024,-0.01298714,0.01489851,0.93012249,0.06987751,0.02792822,0.00898461,0.00056945,0.00449231,0.02373962,White,White,-0.5303614,-0.48075226,-0.42180928,0.56395732,0.16935403,32.82,Rural
OH,OH-116,100567,76656,0.0079549,0.00571807,0.94104832,0.05895168,0.01527604,0.00815331,0.00092622,0.00502244,0.02569923,White,White,-0.5513145,-0.50954732,-0.42173975,0.58678827,0.15407069,25.04,Rural
OH,OH-117,100328,79154,0.00168447,0.00332796,0.87885641,0.12114359,0.07396973,0.01245673,0.00053061,0.00806024,0.02164136,White,White,-0.40127306,-0.37439193,-0.32700286,0.57756057,0.18629233,60.03,Rural
OH,OH-118,99546,76391,-0.00119543,-0.00449242,0.94564805,0.05435195,0.01350944,0.00849577,0.00071998,0.00395335,0.02263356,White,White,-0.62664236,-0.59308051,-0.54738195,0.62816412,0.1503848,30.47,Rural
OK,OK-1,101043,76799,0.03403501,0.02080547,0.70306905,0.29693095,0.01911483,0.04316462,0.00138023,0.01877629,0.21497676,White,White,-0.55627576,-0.55474806,-0.56703853,0.63429181,0.24857905,46.04,Rural
OK,OK-2,95981,73697,0.00753274,-0.03033432,0.70325793,0.29674207,0.04537498,0.04693542,0.0017097,0.01438322,0.19277583,White,White,-0.44481523,-0.4517411,-0.46321333,0.55725869,0.20608694,15.84,Rural
OK,OK-3,97940,72703,0.0121503,-0.01054316,0.45381896,0.54618104,0.30621845,0.10718952,0.00452526,0.02064564,0.13383217,Minority,White,0.00510219,0.1099489,0.08556367,0.49511462,0.23093439,235.7,Suburban
OK,OK-4,100840,81502,-0.000238,0.01875462,0.63543226,0.36456774,0.10830409,0.10986233,0.00231896,0.03712792,0.11902775,White,White,0.20211519,0.14209328,0.05314672,0.510397,0.43361681,1511.34,Urban
OK,OK-5,101626,74290,-0.01051896,0.02669533,0.43614215,0.56385785,0.1470319,0.28505855,0.00244986,0.03703056,0.11670481,Minority,White,0.08816992,0.09859632,-0.04167416,0.4089899,0.17212278,1290.58,Urban
OK,OK-6,99749,79023,0.02539374,0.00773259,0.64471103,0.35528897,0.10279286,0.09299824,0.00170836,0.07009352,0.09712362,White,White,-0.10687559,-0.16625252,-0.26980703,0.54213277,0.43312405,1284.5,Urban
OK,OK-7,101392,72952,0.04596023,0.0243313,0.72494243,0.27505757,0.03554392,0.05710604,0.00138447,0.05599572,0.12709727,White,White,-0.38663457,-0.42879522,-0.4849935,0.73157982,0.47181317,299.29,Suburban
OK,OK-8,95688,70802,0.02524873,-0.0332944,0.62499647,0.37500353,0.07674924,0.14133782,0.00272591,0.04128414,0.12355583,White,White,-0.30553985,-0.31254643,-0.395,0.53105581,0.28779075,512.79,Suburban
OK,OK-9,102862,76891,0.06701211,0.03918225,0.7059994,0.2940006,0.04632532,0.05992899,0.00110546,0.02181009,0.16730176,White,White,-0.47185839,-0.48378419,-0.51185645,0.60927358,0.27511786,67.42,Rural
OK,OK-10,100364,77223,0.01163764,0.01394574,0.69039017,0.30960983,0.03283996,0.04340676,0.00288774,0.0145682,0.2205172,White,White,-0.51555449,-0.50936551,-0.4908613,0.55530513,0.23031496,18.98,Rural
OK,OK-11,98938,76432,0.01536316,-0.00046068,0.61874607,0.38125393,0.00923697,0.03238172,0.00132144,0.01057149,0.33029359,White,White,-0.59637793,-0.57226872,-0.52843514,0.55207068,0.15976681,19.42,Rural
OK,OK-12,103045,79287,0.00289194,0.04103104,0.59837048,0.40162952,0.11309546,0.04780103,0.00128647,0.00962327,0.24623204,White,White,-0.39453831,-0.350561,-0.30461893,0.50054314,0.18662957,26.38,Rural
OK,OK-13,96431,74366,0.01105454,-0.02578811,0.72397332,0.27602668,0.04294974,0.03841809,0.00154641,0.00633354,0.19075922,White,White,-0.56542957,-0.55418782,-0.53668999,0.5396073,0.16861007,15.69,Rural
OK,OK-14,96010,73241,0.00986356,-0.03004134,0.70085062,0.29914938,0.04844281,0.04612171,0.00174766,0.01073169,0.19945113,White,White,-0.47935792,-0.46070862,-0.45910598,0.50308123,0.19406983,26.09,Rural
OK,OK-15,98197,73280,0.03452244,-0.00794677,0.77457697,0.22542303,0.05468068,0.0648881,0.00133734,0.00865175,0.09766648,White,White,-0.57047964,-0.56430684,-0.56673055,0.61161821,0.24393693,14.62,Rural
OK,OK-16,97199,78347,0.01613185,-0.01802925,0.74702286,0.25297714,0.04654933,0.05325028,0.00183798,0.03880174,0.11523096,White,White,-0.3167123,-0.29682396,-0.32962138,0.47556982,0.34238429,29.95,Rural
OK,OK-17,97920,74701,0.01598243,-0.01074521,0.56835919,0.43164081,0.02104389,0.04386822,0.001004,0.00958488,0.36525615,White,White,-0.4911846,-0.46324185,-0.42573952,0.50823149,0.21234541,18.91,Rural
OK,OK-18,99199,75453,0.01033277,0.00217612,0.68772613,0.31227387,0.04498164,0.04727446,0.00429406,0.00792546,0.21294051,White,White,-0.66991041,-0.6511462,-0.6057666,0.5271057,0.14964328,6.89,Rural
OK,OK-19,96327,75413,0.00654022,-0.02683879,0.68977497,0.31022503,0.05309429,0.03320382,0.00111387,0.00712079,0.22054553,White,White,-0.61154329,-0.58366664,-0.53415448,0.53394611,0.16528511,8.88,Rural
OK,OK-20,94404,72185,0.02502013,-0.04626625,0.67983653,0.32016347,0.03362194,0.05157581,0.00130221,0.01149823,0.23089284,White,White,-0.54492691,-0.51796213,-0.51351517,0.51691043,0.25472102,16.07,Rural
OK,OK-21,96457,72406,0.05621158,-0.02552544,0.78533547,0.21466453,0.02610281,0.06040936,0.00164351,0.00784465,0.11860896,White,White,-0.61730934,-0.61664738,-0.6056867,0.61489014,0.24155454,22.28,Rural
OK,OK-22,102875,78578,0.01054678,0.03931358,0.71247677,0.28752323,0.0492886,0.07374838,0.00162895,0.00991372,0.15296902,White,White,-0.59872419,-0.5781298,-0.55725686,0.56276449,0.17905235,16.47,Rural
OK,OK-23,98099,74859,0.00583084,-0.00893683,0.72811552,0.27188448,0.04503133,0.12494156,0.0023778,0.01227641,0.0930683,White,White,-0.63208341,-0.63140769,-0.59608224,0.53612037,0.19474984,7.6,Rural
OK,OK-24,94193,70802,-0.00978841,-0.04839792,0.70376543,0.29623457,0.03163752,0.1619587,0.00388407,0.01189232,0.09624022,White,White,-0.61006599,-0.61865096,-0.61273254,0.5294352,0.21837757,3.37,Rural
OK,OK-25,102022,76213,-0.01169356,0.03069599,0.76077572,0.23922428,0.03184496,0.10495585,0.02287011,0.01473502,0.06857098,White,White,-0.60152696,-0.60173485,-0.59957435,0.52298339,0.21312525,9.88,Rural
OK,OK-26,96257,72742,-0.01237313,-0.02754598,0.761747,0.238253,0.04261637,0.10570235,0.00191086,0.00956806,0.08590635,White,White,-0.65466387,-0.65734987,-0.63836778,0.52982946,0.20643436,4.2,Rural
OK,OK-27,101524,77093,0.01512943,0.02566486,0.53968583,0.46031417,0.21396236,0.12407093,0.01088296,0.04646336,0.09196685,White,White,-0.14838374,-0.11918993,-0.15982314,0.35519588,0.2295028,86.3,Rural
OK,OK-28,99814,75831,0.04373134,0.00838927,0.69271142,0.30728858,0.04471786,0.10663185,0.00266382,0.01338503,0.15014967,White,White,-0.5035515,-0.5069585,-0.5233814,0.53019977,0.23236231,14.28,Rural
OK,OK-29,101137,73063,0.08781158,0.02175512,0.73035599,0.26964401,0.04675417,0.08529625,0.00195722,0.05422717,0.08511832,White,White,-0.35524714,-0.3787496,-0.48601577,0.62342985,0.35677703,433.18,Suburban
OK,OK-30,98988,74784,0.02061866,0.00004445,0.65864356,0.34135644,0.07048299,0.10557071,0.00224647,0.07703519,0.0961703,White,White,-0.26504691,-0.28355453,-0.38104024,0.53526569,0.30251988,694.47,Suburban
OK,OK-31,99895,81286,0.02021122,0.00920759,0.69186576,0.30813424,0.0669488,0.08498388,0.00298944,0.05382231,0.09674483,White,White,0.15751356,0.17870187,0.10164429,0.44145167,0.45537177,743.68,Suburban
OK,OK-32,96645,72632,0.00474934,-0.02362614,0.73890296,0.26109704,0.04949609,0.06855105,0.00245071,0.03269909,0.11204428,White,White,-0.29442807,-0.29819641,-0.37044013,0.58875827,0.31614844,86.38,Rural
OK,OK-33,100372,69134,0.00362651,0.01402657,0.28663176,0.71336824,0.08364915,0.55477768,0.00250239,0.01418983,0.09156132,Hispanic,Hispanic,0.12195286,0.20372645,0.06809395,0.28737118,0.06172883,1542.3,Urban
OK,OK-34,97215,72633,0.01196317,-0.01786761,0.53380695,0.46619305,0.21422769,0.13186843,0.00567235,0.04215715,0.09311195,White,White,0.01383163,0.03006524,-0.11437807,0.43871344,0.19152515,752.36,Suburban
OK,OK-35,99158,75646,-0.01352387,0.00176191,0.48203474,0.51796526,0.13571108,0.26613436,0.00245882,0.04744468,0.08510695,Minority,White,0.15711448,0.14533897,0.01534266,0.43464496,0.25316054,713.5,Suburban
OK,OK-36,99932,80525,-0.00299203,0.00958139,0.63837318,0.36162682,0.13158646,0.1091959,0.00230984,0.05086619,0.0786588,White,White,0.15263003,0.11766777,-0.0065743,0.54179172,0.42469442,1340.98,Urban
OK,OK-37,96894,73501,0.04213883,-0.02111057,0.67439899,0.32560101,0.12199834,0.06769976,0.00201358,0.07439355,0.06486987,White,White,-0.126139,-0.18940626,-0.2802413,0.6244561,0.50099125,476.61,Suburban
OK,OK-38,97831,74306,0.03262769,-0.01164435,0.70198907,0.29801093,0.10086669,0.06383065,0.00254354,0.0635884,0.07304928,White,White,-0.12021677,-0.16040589,-0.25048803,0.57739974,0.5211618,639.52,Suburban
OK,OK-39,102921,77187,0.0370867,0.03977831,0.78535246,0.21464754,0.04986591,0.04573309,0.00185264,0.03031599,0.08763134,White,White,-0.38479814,-0.45416391,-0.48436661,0.71924447,0.44546004,122.63,Rural
OK,OK-40,101969,78890,-0.010513,0.03016055,0.36113576,0.63886424,0.4733553,0.08232983,0.00335911,0.0350488,0.07364685,Black,Black,0.42531728,0.49984509,0.4529557,0.4619537,0.27984934,438.16,Suburban
OR,OR-1,96432,77353,0.01374025,-0.04415877,0.85310201,0.14689799,0.01039391,0.05760604,0.00536501,0.02342508,0.04182126,White,White,-0.01903902,0.00223367,-0.02849015,0.73008094,0.22255731,24.22,Rural
OR,OR-2,103721,85643,-0.02508653,0.02809035,0.78713964,0.21286036,0.03128102,0.0593627,0.00561634,0.08924255,0.02338778,White,White,0.74011872,0.72068398,0.64834255,0.80650106,0.71348178,856.82,Suburban
OR,OR-3,103849,86500,0.00237845,0.02935909,0.66290173,0.33709827,0.11643931,0.11547977,0.01328324,0.06443931,0.03872832,White,White,0.79839838,0.8071253,0.7476249,0.67927503,0.53133837,1458.94,Urban
OR,OR-4,101696,92444,-0.0153005,0.0080184,0.7357319,0.2642681,0.05969019,0.08204967,0.00565748,0.08597637,0.03113236,White,White,0.83230618,0.84668135,0.78883016,0.64388704,0.65005011,4465.64,Urban
OR,OR-5,101776,84190,-0.01244891,0.00881136,0.75425823,0.24574177,0.03275924,0.07612543,0.00692481,0.09788573,0.02875638,White,White,0.76748978,0.76376589,0.70071421,0.74309443,0.55850842,2945.07,Urban
OR,OR-6,102046,83284,-0.01905023,0.01148762,0.70098698,0.29901302,0.0780342,0.09345132,0.00763652,0.0902094,0.03423227,White,White,0.71356225,0.71073604,0.66178839,0.75298558,0.52816984,1187.63,Urban
OR,OR-7,101281,79459,-0.02096148,0.00390489,0.57211895,0.42788105,0.09690532,0.16947105,0.0157188,0.12094288,0.04159378,White,White,0.36667576,0.36084314,0.32012377,0.52775617,0.26513214,2449.52,Urban
OR,OR-8,100419,77097,-0.03994264,-0.00463932,0.56002179,0.43997821,0.07436087,0.14866986,0.01469577,0.1754543,0.04020909,White,White,0.28437613,0.30022636,0.27336151,0.54073918,0.23369462,2042.28,Urban
OR,OR-9,97869,75731,-0.00842964,-0.02991511,0.72039191,0.27960809,0.04065706,0.13868825,0.01121073,0.05910393,0.04053822,White,White,0.07540571,0.1002376,0.03958916,0.63404878,0.25598634,174.7,Rural
OR,OR-10,100153,75789,0.0131998,-0.00727594,0.63465674,0.36534326,0.02798559,0.07530117,0.0077188,0.234823,0.01926401,White,White,0.48563322,0.49141886,0.40262545,0.78648875,0.63990513,1943.05,Urban
OR,OR-11,98747,77248,-0.02627928,-0.02121231,0.56476543,0.43523457,0.04352216,0.19719604,0.01401978,0.15987469,0.03413681,White,White,0.38137683,0.39522839,0.30479665,0.63230158,0.36491546,2385.55,Urban
OR,OR-12,100680,77888,-0.00238379,-0.00205227,0.57070409,0.42929591,0.03611596,0.20923634,0.01125976,0.15209018,0.03479355,White,White,0.32295931,0.326134,0.23191294,0.64114909,0.41167705,1923.9,Urban
OR,OR-13,100402,79129,0.01221091,-0.00480783,0.68024365,0.31975635,0.0341215,0.13738326,0.00960457,0.11731476,0.02882635,White,White,0.44489073,0.45667435,0.36200783,0.71402164,0.51083881,1845.53,Urban
OR,OR-14,98340,77790,0.00070165,-0.02524653,0.715439,0.284561,0.02731714,0.12993958,0.01473197,0.08813472,0.02983674,White,White,0.33224818,0.32561853,0.23776122,0.70942659,0.44426834,1223.78,Urban
OR,OR-15,102050,77120,0.03716805,0.01152727,0.71220176,0.28779824,0.01611774,0.17219917,0.00829876,0.06371888,0.0340638,White,White,0.07204748,0.08279096,0.01085717,0.73615719,0.37667197,63.95,Rural
OR,OR-16,104453,80641,-0.00324548,0.03534599,0.80911695,0.19088305,0.01645565,0.06373929,0.00559269,0.08019494,0.02044866,White,White,0.35284885,0.34570796,0.25451135,0.8295789,0.6429009,607.71,Suburban
OR,OR-17,102619,83391,-0.00406357,0.01716724,0.77496373,0.22503627,0.02660959,0.09120888,0.00822631,0.0640117,0.03575925,White,White,0.29205678,0.27851937,0.20696665,0.70733715,0.34436756,1639.04,Urban
OR,OR-18,101130,77805,0.04688025,0.00240816,0.77185271,0.22814729,0.02023006,0.07793844,0.00650344,0.09023842,0.03142472,White,White,0.01995034,0.03713953,-0.00786108,0.72604193,0.32681126,489.59,Suburban
OR,OR-19,101341,79371,0.00306885,0.00449961,0.81245039,0.18754961,0.00726966,0.11545779,0.00419549,0.02057427,0.03581913,White,White,-0.25609067,-0.21507732,-0.21577703,0.78236449,0.25597092,20.62,Rural
OR,OR-20,99038,74167,-0.00954179,-0.0183279,0.65456335,0.34543665,0.01159545,0.27063249,0.00671458,0.02394596,0.04946944,White,White,-0.08963736,-0.05246749,-0.09682003,0.71490115,0.23649786,122.01,Rural
OR,OR-21,97065,73199,0.02813579,-0.03788442,0.54646921,0.45353079,0.02560144,0.33220399,0.02293747,0.0407246,0.04904439,White,White,0.10702493,0.14304959,0.08704876,0.53041648,0.16216432,1436.8,Urban
OR,OR-22,97913,75763,-0.0009294,-0.02947898,0.73842113,0.26157887,0.02296636,0.14353972,0.01341024,0.04275174,0.04149783,White,White,0.13983268,0.14670855,0.06752479,0.6661171,0.35497604,552.59,Suburban
OR,OR-23,97322,75111,0.02159841,-0.03533702,0.73167712,0.26832288,0.01477813,0.17258457,0.00837427,0.03464206,0.04111249,White,White,0.0825098,0.08716224,0.03050001,0.68051522,0.31204658,206.29,Suburban
OR,OR-24,97833,76877,0.01164229,-0.03027195,0.81106183,0.18893817,0.01303381,0.08985782,0.00459175,0.02502699,0.05281163,White,White,-0.16484393,-0.13644146,-0.16664878,0.73793049,0.28941267,29.63,Rural
OR,OR-25,100914,78332,0.02884634,0.00026715,0.85369964,0.14630036,0.00760864,0.06427769,0.00454476,0.0156258,0.04535822,White,White,-0.37922326,-0.35703413,-0.36177438,0.73418356,0.20227371,17.6,Rural
OR,OR-26,105176,87715,0.0200426,0.04251242,0.77833894,0.22166106,0.01715784,0.07852705,0.00719375,0.08411332,0.0306219,White,White,0.36528451,0.36849198,0.2950343,0.66094818,0.51253123,57.91,Rural
OR,OR-27,96359,80998,0.01164396,-0.04488235,0.83377367,0.16622633,0.00851873,0.06992765,0.00527174,0.02071656,0.05444579,White,White,0.10481752,0.08217743,0.02736898,0.72972804,0.26985356,13.43,Rural
OR,OR-28,105544,84212,0.01770825,0.04616006,0.80089536,0.19910464,0.01877405,0.09739705,0.00585427,0.03524438,0.04228613,White,White,0.15430872,0.1621009,0.07603601,0.73117803,0.32330358,143.55,Rural
OR,OR-29,105809,84936,-0.04233099,0.04878676,0.80486484,0.19513516,0.02047424,0.08758359,0.00674626,0.03346049,0.04737685,White,White,0.16547712,0.16891458,0.10255202,0.74749365,0.28474303,57.7,Rural
OR,OR-30,101485,86227,0.03659654,0.00592695,0.76510838,0.23489162,0.02993262,0.09196655,0.00722512,0.06917787,0.03780718,White,White,0.58010162,0.59656928,0.52671998,0.57621536,0.46968153,1325.25,Urban
OR,OR-31,102465,81326,-0.00850046,0.01564078,0.83012813,0.16987187,0.01267737,0.07571994,0.00563166,0.02062071,0.04900032,White,White,-0.05503,-0.03524222,-0.07678348,0.7127851,0.22326273,12.87,Rural
OR,OR-32,105709,82201,-0.00785174,0.04779555,0.73951655,0.26048345,0.00849138,0.15737035,0.00608265,0.02003625,0.06962202,White,White,-0.05232672,-0.01633613,-0.05340198,0.7267849,0.26382967,8.03,Rural
OR,OR-33,96126,72339,0.00023927,-0.04719186,0.66998438,0.33001562,0.01289761,0.24396245,0.00340066,0.01367174,0.06025795,White,White,-0.39637685,-0.34903793,-0.35873662,0.58746564,0.17440101,5.1,Rural
OR,OR-34,100654,80169,0.01817116,-0.00230999,0.84676122,0.15323878,0.01198718,0.07225985,0.00750914,0.01344659,0.03992815,White,White,-0.4619153,-0.45475799,-0.46485053,0.70909023,0.21875172,1.98,Rural
OR,OR-35,99662,77796,0.01334511,-0.01214276,0.76516787,0.23483213,0.0119672,0.12965962,0.00469176,0.0183557,0.068911,White,White,-0.45456581,-0.43971895,-0.46485999,0.64995302,0.19456824,1.2,Rural
OR,OR-36,99001,79710,0.04012081,-0.01869465,0.86243884,0.13756116,0.00708819,0.06590139,0.00441601,0.01733785,0.03324551,White,White,-0.12169013,-0.13925702,-0.22687163,0.80932842,0.33739158,12.88,Rural
OR,OR-37,99252,78457,0.04139967,-0.01620671,0.84641268,0.15358732,0.0093427,0.07643677,0.0050346,0.02950661,0.02668978,White,White,0.34298502,0.31113996,0.16379469,0.76398627,0.48160087,763.97,Suburban
OR,OR-38,100864,81417,0.00939879,-0.00022845,0.85822371,0.14177629,0.00723436,0.04911751,0.00431114,0.01864475,0.05239692,White,White,-0.38424216,-0.38400316,-0.38936776,0.69046593,0.19256249,9.83,Rural
OR,OR-39,98712,82046,-0.00247184,-0.02155924,0.84986471,0.15013529,0.00804427,0.05406723,0.00444872,0.01786803,0.05871097,White,White,-0.19782331,-0.20263566,-0.24377439,0.69309285,0.20833718,8.86,Rural
OR,OR-40,102379,83848,-0.00477637,0.01478834,0.84947763,0.15052237,0.0100062,0.06493894,0.0046632,0.01854546,0.04740721,White,White,-0.2970564,-0.26843229,-0.31129138,0.7195571,0.19025988,19.87,Rural
OR,OR-41,103766,80363,0.00742054,0.02853639,0.7805831,0.2194169,0.01236888,0.12310392,0.00715503,0.02379204,0.04706146,White,White,-0.2934182,-0.26898481,-0.32428683,0.68409291,0.21830641,32.72,Rural
OR,OR-42,105204,85570,-0.00766131,0.04278996,0.79816524,0.20183476,0.01565969,0.10808695,0.0064976,0.02795372,0.03862335,White,White,0.19464737,0.22050414,0.1494131,0.69666456,0.38933735,33.63,Rural
PA,PA-1,98803,78866,-0.04657753,-0.01217516,0.71896635,0.28103365,0.0726422,0.06365227,0.00122993,0.13468415,0.0086983,White,White,-0.13359655,-0.07089633,-0.0225956,0.67360413,0.31250268,2306.71,Urban
PA,PA-2,103706,80650,-0.05153029,0.03684466,0.56014879,0.43985121,0.19031618,0.14120273,0.00182269,0.09804092,0.01122133,White,White,0.07449284,0.14848844,0.14885046,0.54371837,0.25467499,3887.42,Urban
PA,PA-3,100145,77594,-0.00498277,0.00124205,0.49967781,0.50032219,0.15844009,0.13439183,0.00131453,0.18105781,0.01065804,Minority,White,0.10938638,0.21593877,0.25334494,0.5740434,0.27588362,4345.38,Urban
PA,PA-4,101306,73982,-0.04242592,0.01284964,0.34726014,0.65273986,0.33198616,0.28650212,0.00301425,0.04745749,0.02042389,Minority,Minority,0.3306979,0.43540556,0.51894725,0.52519655,0.15208169,4479.03,Urban
PA,PA-5,99424,73171,0.01384977,-0.00596645,0.11493625,0.88506375,0.51393312,0.24564377,0.00224133,0.13856583,0.01475995,Black,Black,0.64178409,0.73488519,0.80725102,0.55325043,0.17051028,7439.3,Urban
PA,PA-6,100503,72324,-0.0094823,0.00482131,0.06613296,0.93386704,0.26060506,0.67931807,0.00382999,0.04511642,0.02309054,Hispanic,Hispanic,0.55534492,0.69494532,0.87586261,0.50313622,0.08661493,7023.94,Urban
PA,PA-7,102675,86572,-0.02515705,0.0265368,0.6959294,0.3040706,0.09597791,0.12814767,0.00169801,0.07490875,0.0128217,White,White,0.5930167,0.60153065,0.60191775,0.71889667,0.60261235,7162.58,Urban
PA,PA-8,98392,78154,-0.03064274,-0.01628431,0.16264043,0.83735957,0.71762162,0.07045065,0.00353149,0.05310029,0.0132047,Black,Black,0.87537077,0.92302676,0.92726833,0.54541558,0.12481336,7092.95,Urban
PA,PA-9,98403,76716,0.05119763,-0.01617433,0.09928828,0.90071172,0.82987903,0.05053705,0.00168153,0.02550967,0.01626779,Black,Black,0.88022897,0.92612916,0.93973767,0.59026875,0.23709752,5777.94,Urban
PA,PA-10,99803,81940,0.05783393,-0.00217724,0.28323163,0.71676837,0.65533317,0.03264584,0.00122041,0.02728826,0.01431535,Black,Black,0.792954,0.82249663,0.82087636,0.71983573,0.40404985,2807.51,Urban
PA,PA-11,101261,84654,-0.00720909,0.01239973,0.39475985,0.60524015,0.51018263,0.04263236,0.00186642,0.05146833,0.01332483,Black,Black,0.74041428,0.77415015,0.76217225,0.64272871,0.43238196,3083.07,Urban
PA,PA-12,100847,78186,0.03918808,0.00826059,0.09729363,0.90270637,0.85003709,0.03155296,0.00143248,0.02566956,0.01653749,Black,Black,0.88111693,0.92946756,0.94267235,0.66535543,0.24967961,7730.98,Urban
PA,PA-13,102025,84395,-0.05396716,0.02003815,0.2749452,0.7250548,0.50170034,0.05586824,0.00144558,0.16780615,0.01146987,Black,Black,0.81312536,0.87793175,0.88407234,0.61159162,0.3309273,6464.74,Urban
PA,PA-14,97204,77522,-0.03783795,-0.02816184,0.49268595,0.50731405,0.25401821,0.08174454,0.00188334,0.16840381,0.01167411,Minority,White,0.29054432,0.34702639,0.40950477,0.67902755,0.29549523,2215.11,Urban
PA,PA-15,99535,85161,-0.05314713,-0.00485668,0.58428154,0.41571846,0.21057761,0.07745329,0.00115076,0.11922124,0.01350383,White,White,0.74936521,0.76971549,0.77181388,0.77037619,0.63249439,11964.34,Urban
PA,PA-16,99765,88475,-0.03740791,-0.00255716,0.53594801,0.46405199,0.25982481,0.06244702,0.00139022,0.13532636,0.01078271,White,White,0.76705815,0.79149237,0.79879345,0.67415874,0.64787127,9523.5,Urban
PA,PA-17,103231,81136,0.01905435,0.03209564,0.73809406,0.26190594,0.07832528,0.04382765,0.00122017,0.12758825,0.00802357,White,White,0.4609164,0.50263805,0.47019455,0.85677517,0.72994026,950.54,Suburban
PA,PA-18,98502,78513,0.00704554,-0.01518454,0.6137837,0.3862163,0.18600741,0.13711105,0.00156662,0.05669125,0.01770407,White,White,0.30191229,0.34998078,0.30939404,0.67216249,0.4081825,1489.97,Urban
PA,PA-19,98306,77694,0.01510589,-0.01714413,0.67653873,0.32346127,0.19696502,0.04091693,0.00051484,0.07753494,0.00915129,White,White,0.45898953,0.48447166,0.45314453,0.85332037,0.6298394,877.56,Suburban
PA,PA-20,99331,77392,0.00667465,-0.00689626,0.76100889,0.23899111,0.12259665,0.04098615,0.00074943,0.064632,0.00916115,White,White,0.35494277,0.38730826,0.35272337,0.86592982,0.54992582,1256.06,Urban
PA,PA-21,101969,80921,0.00690406,0.01947826,0.78182425,0.21817575,0.05628947,0.039001,0.00082797,0.10987259,0.00884814,White,White,0.1231841,0.16065899,0.11061872,0.83991848,0.48983881,845.63,Suburban
PA,PA-22,101809,81682,0.01306368,0.01787859,0.73892657,0.26107343,0.06251071,0.04415906,0.00110183,0.14164687,0.00947577,White,White,0.16904009,0.19833805,0.13513617,0.81334796,0.51121828,683.73,Suburban
PA,PA-23,102473,80454,0.01523328,0.02451722,0.79415567,0.20584433,0.07079822,0.03563527,0.00083277,0.08614861,0.00896164,White,White,0.09458726,0.12433237,0.03756716,0.79455496,0.51615232,499.61,Suburban
PA,PA-24,102807,78883,0.01814079,0.02785652,0.81596795,0.18403205,0.09577476,0.04507942,0.00111558,0.02797814,0.01436304,White,White,0.01247042,0.03348436,-0.03593871,0.75885829,0.36402786,403.48,Suburban
PA,PA-25,101201,79507,0.0055039,0.01179986,0.87862704,0.12137296,0.02702907,0.04461242,0.00098105,0.03251286,0.01292968,White,White,-0.13427917,-0.10739683,-0.17082974,0.77566175,0.34228477,244.29,Suburban
PA,PA-26,98478,78282,0.01091614,-0.01542449,0.88471168,0.11528832,0.02170358,0.03150149,0.00065149,0.04693288,0.00734524,White,White,0.04561246,0.06913505,-0.00543632,0.86509314,0.56716397,357.54,Suburban
PA,PA-27,96877,77420,-0.00040257,-0.03143116,0.88823301,0.11176699,0.0140403,0.03253681,0.00076208,0.04684836,0.00905451,White,White,0.02012411,0.05020042,-0.01424133,0.89370131,0.55794095,160.23,Rural
PA,PA-28,100112,79631,0.00163817,0.00091212,0.85744245,0.14255755,0.02256659,0.04750662,0.00092929,0.05865806,0.00867753,White,White,-0.05981465,-0.01502112,-0.05677966,0.83314642,0.47369145,774.84,Suburban
PA,PA-29,103275,82320,0.00707819,0.03253555,0.81218416,0.18781584,0.06439504,0.04590622,0.00076531,0.06285228,0.01039845,White,White,0.1129818,0.15449516,0.11348346,0.81865155,0.48225739,940.1,Suburban
PA,PA-30,96145,75848,-0.00853919,-0.03874964,0.76535967,0.23464033,0.092659,0.08323225,0.0009229,0.04073937,0.01764054,White,White,0.01763875,0.09654301,0.10775239,0.68497834,0.23323814,944.99,Suburban
PA,PA-31,98575,79681,0.00007101,-0.01445469,0.74604987,0.25395013,0.06456997,0.06795848,0.0010793,0.10883398,0.01209824,White,White,-0.08802475,-0.02092387,-0.00035788,0.73637025,0.32035701,1147.8,Urban
PA,PA-32,100714,77291,0.00067518,0.00693087,0.42209313,0.57790687,0.38074291,0.06531161,0.0015267,0.12742751,0.01376616,Minority,Minority,0.42697473,0.46366588,0.39891241,0.69046145,0.32746746,4187.08,Urban
PA,PA-33,98045,75167,-0.00083635,-0.01975359,0.4894302,0.5105698,0.44127077,0.03295329,0.00101108,0.02780475,0.01383586,Minority,White,0.35165465,0.36887648,0.33442332,0.67222819,0.20711058,2158.35,Urban
PA,PA-34,98800,76433,0.00483806,-0.01220516,0.5578873,0.4421127,0.35043764,0.05769759,0.00105975,0.02751429,0.01464027,White,White,0.22270447,0.26360816,0.27366838,0.65420623,0.23150265,1652.2,Urban
PA,PA-35,101521,79861,0.00080771,0.01499919,0.83526377,0.16473623,0.05251625,0.02554438,0.00080139,0.07275141,0.0074254,White,White,0.15806717,0.18438895,0.14126619,0.8680267,0.54450106,1224.79,Urban
PA,PA-36,98661,77465,0.01207164,-0.01359487,0.84407152,0.15592848,0.03895953,0.02648938,0.00083909,0.07791906,0.00551217,White,White,0.277695,0.31417742,0.24912863,0.85080801,0.66066633,1129.18,Urban
PA,PA-37,97502,77758,0.00792804,-0.02518246,0.85233674,0.14766326,0.04105044,0.02604234,0.00064302,0.06664266,0.00893799,White,White,0.03138493,0.04717952,-0.03029753,0.84639264,0.54966148,432.81,Suburban
PA,PA-38,103587,78889,0.02229044,0.0356549,0.75755809,0.24244191,0.04970275,0.14721951,0.00096338,0.02914221,0.0152366,White,White,0.07279477,0.09632296,0.02383955,0.7941227,0.49599017,168.54,Rural
PA,PA-39,100278,76236,0.02696504,0.00257177,0.71235374,0.28764626,0.15716984,0.07779789,0.00102314,0.04038774,0.01508474,White,White,0.18160432,0.21926972,0.16272215,0.73464872,0.43093803,277.45,Suburban
PA,PA-40,104294,79835,0.02489117,0.04272343,0.8582326,0.1417674,0.03043778,0.03305568,0.0010647,0.05898415,0.01098516,White,White,0.00191777,0.01694725,-0.06989665,0.82394731,0.50023431,187.08,Rural
PA,PA-41,102938,82713,0.03305873,0.02916625,0.80767231,0.19232769,0.05613386,0.05022185,0.00082212,0.07380944,0.00899496,White,White,0.20946208,0.24162534,0.16163906,0.77719663,0.63411548,699.07,Suburban
PA,PA-42,104903,81028,0.02189642,0.04881217,0.77531224,0.22468776,0.03866565,0.04614454,0.00062941,0.12345115,0.00889816,White,White,0.26877844,0.29047026,0.20362255,0.88945147,0.70505398,489.37,Suburban
PA,PA-43,101397,80884,0.02179552,0.01375945,0.72439543,0.27560457,0.10314772,0.12203897,0.00096434,0.04261659,0.01405717,White,White,0.0578426,0.0819848,0.03816323,0.71227153,0.34821203,536.36,Suburban
PA,PA-44,96535,78310,0.02348371,-0.03485045,0.65556123,0.34443877,0.08855829,0.19853148,0.00182608,0.05429702,0.0135998,White,White,0.18485489,0.21552844,0.17376049,0.68551611,0.37020615,1021.43,Urban
PA,PA-45,101653,81952,0.01086048,0.01631892,0.89903846,0.10096154,0.02179324,0.0447091,0.00065892,0.01765668,0.0123731,White,White,-0.24903681,-0.22852886,-0.2841575,0.75905287,0.28856092,152.65,Rural
PA,PA-46,102914,83619,0.01618827,0.0289263,0.72725098,0.27274902,0.07833148,0.15479735,0.0009926,0.03811335,0.01259283,White,White,0.11741669,0.1468886,0.09298876,0.70223816,0.35740912,828.36,Suburban
PA,PA-47,102095,75077,-0.00538714,0.020738,0.29288597,0.70711403,0.16973241,0.55943898,0.00242418,0.02191084,0.0226301,Hispanic,Hispanic,0.22348837,0.38509847,0.49387315,0.48679508,0.13559376,3489.8,Urban
PA,PA-48,104250,84029,0.01289209,0.04228353,0.83832962,0.16167038,0.04659106,0.08393531,0.00114246,0.02318247,0.01207916,White,White,-0.16806228,-0.13422399,-0.1848545,0.70255619,0.2885022,146.4,Rural
PA,PA-49,95714,74317,0.02796874,-0.04305875,0.80723119,0.19276881,0.04351629,0.06396921,0.00078044,0.0739131,0.00967477,White,White,-0.01035238,0.00001734,-0.08744826,0.83390056,0.48684329,326.43,Suburban
PA,PA-50,103068,74179,0.00253231,0.03046598,0.27513178,0.72486822,0.15420806,0.60216503,0.00440826,0.01283382,0.03323043,Hispanic,Hispanic,0.26029873,0.39678119,0.52106691,0.44172749,0.12544445,2644.8,Urban
PA,PA-51,104261,82399,0.00594661,0.0423935,0.83874804,0.16125196,0.0466996,0.07926067,0.00088593,0.02561924,0.0128521,White,White,-0.09143495,-0.06825031,-0.14128609,0.74167305,0.36579214,278.44,Suburban
PA,PA-52,100605,79163,0.01317032,0.00584109,0.77536223,0.22463777,0.05886588,0.13016182,0.00142743,0.02915503,0.01443856,White,White,-0.09170882,-0.06454776,-0.14073171,0.70281456,0.3282846,319.51,Suburban
PA,PA-53,103865,83340,0.01064844,0.03843433,0.92439405,0.07560595,0.01474682,0.03609311,0.00095992,0.00819534,0.01219102,White,White,-0.35026287,-0.33666509,-0.3633451,0.70746158,0.22051006,84.19,Rural
PA,PA-54,104256,84276,-0.00110305,0.04234351,0.91767526,0.08232474,0.02559448,0.03619061,0.00078314,0.00813992,0.01098771,White,White,-0.41079722,-0.38768288,-0.41895144,0.65623871,0.19749196,79.45,Rural
PA,PA-55,103542,83946,0.01214,0.035205,0.88467586,0.11532414,0.04031163,0.051414,0.00069092,0.00744526,0.01261525,White,White,-0.38294333,-0.35878926,-0.38887041,0.65355577,0.17103954,61.2,Rural
PA,PA-56,95109,76187,-0.00335405,-0.04910749,0.64883773,0.35116227,0.16049982,0.15324137,0.00156195,0.03431032,0.01813958,White,White,0.01360432,0.09164555,0.03749587,0.65579705,0.27095771,131.57,Rural
PA,PA-57,99131,78659,-0.00746487,-0.00889584,0.69268615,0.30731385,0.14534891,0.13014404,0.00133488,0.02368451,0.01783648,White,White,-0.04851478,0.00839838,-0.0534705,0.67186471,0.26515001,73.36,Rural
PA,PA-58,99535,80308,0.01016728,-0.00485668,0.91323405,0.08676595,0.01941276,0.02937441,0.00058525,0.02260049,0.00973751,White,White,0.00550168,0.05215248,-0.00584288,0.7674566,0.34815791,163.54,Rural
PA,PA-59,101291,81274,-0.00249775,0.01269967,0.7634914,0.2365086,0.06885351,0.10932155,0.00142727,0.05023747,0.01403893,White,White,0.10062703,0.17131791,0.13488098,0.61383506,0.24477188,486.17,Suburban
PA,PA-60,98847,81474,0.01953524,-0.01173525,0.87441392,0.12558608,0.03477183,0.05496232,0.00061369,0.01391855,0.01710975,White,White,-0.33607167,-0.29628366,-0.3578512,0.71613606,0.24382186,31.24,Rural
PA,PA-61,100332,78347,0.00506319,0.00311166,0.89967708,0.10032292,0.01794581,0.04989342,0.00112321,0.01871163,0.01028757,White,White,-0.37627512,-0.38177805,-0.43811968,0.71380902,0.23849928,117.64,Rural
PA,PA-62,99836,76977,0.01273088,-0.00184731,0.80765683,0.19234317,0.03402315,0.13836601,0.00133806,0.01692713,0.0101329,White,White,-0.21517766,-0.22759693,-0.25612591,0.67830492,0.26877545,255.4,Suburban
PA,PA-63,101049,75451,0.00246415,0.01028017,0.90131344,0.09868656,0.01974792,0.04645399,0.00106029,0.02176247,0.00987396,White,White,-0.38943366,-0.39279276,-0.42303929,0.64969563,0.21013266,198.12,Rural
PA,PA-64,98816,72360,0.01329744,-0.01204519,0.90262576,0.09737424,0.02237424,0.04754008,0.00074627,0.01399945,0.01232725,White,White,-0.39688477,-0.38413261,-0.40229109,0.65783364,0.23327449,101.62,Rural
PA,PA-65,101611,80053,0.01000876,0.01589901,0.8763819,0.1236181,0.03342785,0.06100958,0.000762,0.01765081,0.01201704,White,White,-0.23255046,-0.24123077,-0.30149411,0.71115668,0.29356351,251.57,Suburban
PA,PA-66,96798,77233,0.01785161,-0.032221,0.76415522,0.23584478,0.06323722,0.10859348,0.00084161,0.06069944,0.01035827,White,White,0.13827037,0.14181155,0.07250719,0.7636244,0.46457343,741.99,Suburban
PA,PA-67,97799,76127,-0.00215749,-0.02221308,0.60539625,0.39460375,0.1242923,0.24579978,0.00181276,0.03643911,0.01590763,White,White,0.11388487,0.13262953,0.13115367,0.6261591,0.30513691,806.09,Suburban
PA,PA-68,104784,83146,0.00873225,0.04762242,0.86046232,0.13953768,0.03845044,0.04628004,0.00125081,0.03984557,0.01258028,White,White,-0.20858692,-0.20819432,-0.28168379,0.74976065,0.36050157,90.63,Rural
PA,PA-69,101508,80015,0.01564409,0.01486922,0.63863026,0.36136974,0.18091608,0.08443417,0.00126226,0.08972068,0.0154846,White,White,0.08211615,0.10592135,0.01481195,0.71590038,0.32262708,693.28,Suburban
PA,PA-70,95318,73477,0.0090539,-0.04701793,0.46307008,0.53692992,0.33870463,0.14355513,0.00172843,0.05823591,0.01740681,Minority,White,0.40172505,0.4437632,0.41976818,0.63415306,0.31540209,1416.5,Urban
PA,PA-71,96899,75971,0.03689409,-0.03121121,0.81407379,0.18592621,0.03552671,0.03793553,0.00139527,0.09689224,0.01195193,White,White,-0.04847622,-0.0533567,-0.15014538,0.79494988,0.46669062,412.48,Suburban
PA,PA-72,102445,81250,0.03773732,0.02423727,0.88024615,0.11975385,0.04409846,0.03209846,0.00107077,0.02573538,0.01432615,White,White,-0.20209396,-0.22017181,-0.25064391,0.67382601,0.29793172,92.61,Rural
PA,PA-73,101072,80661,0.02073769,0.01051012,0.84871251,0.15128749,0.05757429,0.0458462,0.00121496,0.03060959,0.01444316,White,White,-0.16734602,-0.16548096,-0.25722672,0.71287435,0.33611541,293.04,Suburban
PA,PA-74,104498,79830,0.00879443,0.04476301,0.63756733,0.36243267,0.16319679,0.17770262,0.00116498,0.02289866,0.01676062,White,White,0.03433978,0.05390529,0.03919783,0.58000102,0.24864073,829.6,Suburban
PA,PA-75,97032,76392,0.01693256,-0.02988149,0.83671065,0.16328935,0.06611949,0.05459996,0.00086396,0.02837994,0.0138758,White,White,-0.17228287,-0.17541694,-0.24495351,0.72662882,0.29888469,374.34,Suburban
PA,PA-76,97257,76584,0.00915101,-0.02763195,0.92030973,0.07969027,0.0251358,0.02091821,0.00061371,0.01109892,0.01758853,White,White,-0.4278734,-0.42946163,-0.4742135,0.77503472,0.27377592,89.8,Rural
PA,PA-77,101495,80068,0.02144933,0.01473925,0.90007244,0.09992756,0.02806365,0.0402408,0.00131139,0.01217715,0.01561173,White,White,-0.35956412,-0.36627442,-0.42021099,0.7121131,0.22883684,171.93,Rural
PA,PA-78,103852,83005,0.02179063,0.03830435,0.88948859,0.11051141,0.01987832,0.05861093,0.00099994,0.01280646,0.01599904,White,White,-0.33645507,-0.34100821,-0.36227337,0.72730543,0.24383211,77.31,Rural
PA,PA-79,97655,76440,0.01309713,-0.02365278,0.84954212,0.15045788,0.05133438,0.07039508,0.00103349,0.01390633,0.016719,White,White,-0.33920739,-0.34319004,-0.38184274,0.68287437,0.24083551,155.37,Rural
PA,PA-80,102369,80599,-0.00264729,0.02347743,0.90819985,0.09180015,0.04119158,0.02310202,0.00057073,0.00813906,0.01409447,White,White,-0.55645993,-0.54568268,-0.55622715,0.69214302,0.19734032,28.15,Rural
PA,PA-81,99305,77349,0.00404813,-0.00715621,0.94403289,0.05596711,0.01135115,0.0198839,0.00069813,0.005779,0.01469961,White,White,-0.53889832,-0.54294657,-0.55592436,0.67011428,0.16166695,32.38,Rural
PA,PA-82,98606,78792,-0.00537493,-0.01414475,0.9006625,0.0993375,0.04006752,0.0299269,0.00072342,0.01604224,0.01101635,White,White,-0.38753333,-0.39274537,-0.3987745,0.63985068,0.21020312,46.75,Rural
PA,PA-83,100284,81413,0.00869531,0.00263176,0.77539214,0.22460786,0.09174211,0.11016668,0.0013757,0.01992311,0.01288492,White,White,-0.01005137,0.05279052,-0.00807018,0.59850541,0.23430324,612.85,Suburban
PA,PA-84,103477,84261,0.00537317,0.03455513,0.89410285,0.10589715,0.04514544,0.03676671,0.00081888,0.00992155,0.01109647,White,White,-0.16946683,-0.13990674,-0.19853961,0.66166762,0.27722693,210.43,Suburban
PA,PA-85,98399,77557,0.00625006,-0.01621432,0.71801385,0.28198615,0.03575435,0.23750274,0.00184381,0.01787073,0.01134649,White,White,-0.32653832,-0.27572954,-0.31569757,0.64471932,0.23722065,96.18,Rural
PA,PA-86,98135,80437,0.00749987,-0.01885378,0.91751308,0.08248692,0.01940649,0.02697763,0.001007,0.01767843,0.01453311,White,White,-0.31278282,-0.30120977,-0.32786056,0.62637852,0.25540981,50.6,Rural
PA,PA-87,99809,79553,-0.01185264,-0.00211725,0.91246088,0.08753912,0.0305331,0.03311,0.00104333,0.007517,0.0132616,White,White,-0.40204213,-0.39036829,-0.43283103,0.61410656,0.19242011,68.34,Rural
PA,PA-88,98401,77864,-0.00329265,-0.01619433,0.94030617,0.05969383,0.00741036,0.01379328,0.00073205,0.00819377,0.01964965,White,White,-0.46585566,-0.43391574,-0.44418047,0.69637753,0.19967977,19.28,Rural
PA,PA-89,101503,81631,-0.00617716,0.01481923,0.94352636,0.05647364,0.01057196,0.01305876,0.00088202,0.00637013,0.01776286,White,White,-0.50915899,-0.50094633,-0.52125579,0.70262726,0.20148391,10.05,Rural
PA,PA-90,102035,80959,-0.00425344,0.02013813,0.88422535,0.11577465,0.06250077,0.0185773,0.00103756,0.0121296,0.01705802,White,White,-0.3808904,-0.37934028,-0.41722436,0.65484308,0.25083867,100.39,Rural
PA,PA-91,96148,77472,-0.00137288,-0.03871965,0.91806072,0.08193928,0.03802664,0.0176709,0.00073575,0.00775764,0.01354038,White,White,-0.35798446,-0.33338819,-0.34698628,0.65261479,0.2345425,20.77,Rural
PA,PA-92,99474,86565,0.00888674,-0.00546656,0.77346503,0.22653497,0.03745163,0.04321608,0.00333853,0.13042223,0.00993473,White,White,0.26001837,0.29003612,0.22053102,0.61044302,0.63919678,183.26,Rural
PA,PA-93,97755,78181,-0.00092067,-0.02265299,0.95999028,0.04000972,0.00731636,0.00785357,0.00066512,0.00465586,0.0147862,White,White,-0.66878582,-0.66399545,-0.66174612,0.71617289,0.16553599,19.64,Rural
PA,PA-94,97012,79783,-0.01587432,-0.03008144,0.92982214,0.07017786,0.03253826,0.01359939,0.0005515,0.00500107,0.0113558,White,White,-0.5400311,-0.52997122,-0.52665701,0.68340248,0.1830038,33.39,Rural
PA,PA-95,98130,78654,-0.01588709,-0.01890377,0.9257889,0.0742111,0.02808503,0.01228164,0.00095354,0.01062883,0.01413787,White,White,-0.38990996,-0.38703899,-0.41447972,0.67441646,0.24925116,112.96,Rural
PA,PA-96,99659,80738,-0.01714848,-0.00361694,0.9081845,0.0918155,0.05014987,0.01517253,0.00068122,0.00838515,0.01231143,White,White,-0.357463,-0.33520681,-0.33461425,0.67886272,0.23561312,107.36,Rural
PA,PA-97,98261,78366,-0.01114379,-0.01759404,0.96031442,0.03968558,0.00879208,0.00552536,0.00051043,0.00325396,0.01306689,White,White,-0.55457075,-0.54362592,-0.53484159,0.70237494,0.17825277,30.35,Rural
PA,PA-98,97336,78776,-0.00822923,-0.02684212,0.92950899,0.07049101,0.02894283,0.01158982,0.00072357,0.00589012,0.01539809,White,White,-0.4718098,-0.4588969,-0.44756667,0.64593204,0.19872753,21.1,Rural
PA,PA-99,100822,81524,-0.02600623,0.00801064,0.92359305,0.07640695,0.02450812,0.02563662,0.00036799,0.00489426,0.01383642,White,White,-0.55674074,-0.54390683,-0.53560045,0.65009695,0.15568264,25.34,Rural
PA,PA-100,97533,78804,-0.01268289,-0.02487253,0.93594234,0.06405766,0.01545607,0.01502462,0.00081214,0.00807066,0.01491041,White,White,-0.46879726,-0.45551259,-0.45397273,0.64750222,0.21470563,15.79,Rural
PA,PA-101,99328,83044,-0.00382571,-0.00692625,0.91582775,0.08417225,0.03399403,0.01715958,0.00052984,0.01270411,0.01217427,White,White,-0.32563565,-0.31711597,-0.3263053,0.67487613,0.31638328,60.57,Rural
PA,PA-102,97864,79927,-0.01409098,-0.02156321,0.93530346,0.06469654,0.01767863,0.00958375,0.00056301,0.01674028,0.01141041,White,White,-0.28827455,-0.2903927,-0.31010724,0.75502635,0.30832259,117.29,Rural
PA,PA-103,100060,82176,0.00509694,0.00039223,0.92445483,0.07554517,0.03138386,0.01360495,0.0006693,0.01152405,0.0117796,White,White,-0.24597621,-0.25807118,-0.3093738,0.73273105,0.34701553,310.26,Suburban
PA,PA-104,98474,79389,-0.01221642,-0.01546448,0.946907,0.053093,0.01483833,0.00898109,0.0003401,0.00728061,0.0119286,White,White,-0.37127239,-0.36315627,-0.37230032,0.73391764,0.26537142,119.35,Rural
PA,PA-105,101290,82495,-0.02126567,0.01268967,0.89844233,0.10155767,0.05881569,0.01115219,0.0016001,0.00495788,0.01574641,White,White,-0.34056741,-0.29381656,-0.26911315,0.62609752,0.19134274,64.04,Rural
PA,PA-106,100518,82212,-0.02571679,0.00497128,0.9231864,0.0768136,0.03235537,0.01233397,0.00076631,0.0064954,0.01606821,White,White,-0.39931068,-0.3677862,-0.3421181,0.66482852,0.22278952,36.1,Rural
PA,PA-107,95870,76416,0.01568791,-0.04149907,0.89038945,0.10961055,0.05251518,0.01938076,0.00107307,0.01714301,0.01211788,White,White,-0.17262324,-0.15851574,-0.20182123,0.75070709,0.40562652,301.74,Suburban
PA,PA-108,100531,81321,-0.00029842,0.00510125,0.92995659,0.07004341,0.02219599,0.01403082,0.00088538,0.00998512,0.01380947,White,White,-0.31434434,-0.28966437,-0.30684969,0.77525409,0.29820467,72.51,Rural
PA,PA-109,100442,81362,-0.0110412,0.00421143,0.84315774,0.15684226,0.10261547,0.01997247,0.00086035,0.00905828,0.01817802,White,White,-0.11790184,-0.08464936,-0.0952667,0.67866211,0.25411441,333.82,Suburban
PA,PA-110,101846,81192,-0.00648037,0.01824852,0.94070844,0.05929156,0.01085082,0.01118337,0.00052961,0.00684797,0.01716918,White,White,-0.30474967,-0.29718737,-0.30382236,0.70135526,0.23759216,28.46,Rural
PA,PA-111,96597,76976,-0.01620133,-0.03423058,0.92152099,0.07847901,0.0340106,0.01314695,0.00057161,0.00565111,0.01545936,White,White,-0.38294321,-0.36037644,-0.36277357,0.64136382,0.20307225,32.2,Rural
PA,PA-112,96905,77557,-0.00478819,-0.03115122,0.91112343,0.08887657,0.02386632,0.0193793,0.00050286,0.02732184,0.01202986,White,White,-0.0070672,-0.00318027,-0.06906341,0.75576525,0.39776865,275.51,Suburban
PA,PA-113,98053,76329,-0.01044333,-0.01967361,0.70434566,0.29565434,0.170918,0.0665409,0.0010612,0.03959177,0.01650749,White,White,0.24497322,0.27953242,0.27254572,0.53977993,0.22238257,1924.34,Urban
PA,PA-114,97782,78013,-0.01061545,-0.02238304,0.86065143,0.13934857,0.09261277,0.01545896,0.00089729,0.00835758,0.01542051,White,White,-0.17715494,-0.12041823,-0.1039918,0.66517712,0.23574208,152.84,Rural
PA,PA-115,98940,80071,-0.01418031,-0.01080545,0.93643142,0.06356858,0.01839617,0.01012851,0.00079929,0.00684393,0.0146495,White,White,-0.44944274,-0.42461758,-0.41234929,0.69098821,0.22797207,48.8,Rural
PA,PA-116,96339,76768,0.04770654,-0.03681005,0.91646259,0.08353741,0.01804137,0.01841913,0.00063829,0.02813672,0.01034285,White,White,-0.24212955,-0.25219921,-0.31939313,0.78527754,0.500133,133.74,Rural
PA,PA-117,97424,78557,-0.01134217,-0.0259623,0.94657383,0.05342617,0.0125514,0.01225861,0.00067467,0.00684853,0.01369706,White,White,-0.40660421,-0.40024688,-0.41893226,0.75894304,0.27336449,73.56,Rural
PA,PA-118,97505,76063,-0.00584585,-0.02515247,0.88395146,0.11604854,0.02320445,0.01861615,0.00068364,0.05770217,0.00986025,White,White,-0.01419395,-0.01818547,-0.09526369,0.82715278,0.5412777,376.73,Suburban
PA,PA-119,98304,79975,-0.01731364,-0.01716413,0.86594561,0.13405439,0.03378556,0.0230447,0.00071272,0.0627071,0.00969053,White,White,0.22288385,0.22042948,0.15411765,0.80997225,0.51303181,1203.9,Urban
PA,PA-120,98236,79181,-0.01261248,-0.01784399,0.87968073,0.12031927,0.07085033,0.01597605,0.00087142,0.01324813,0.01337442,White,White,-0.18445144,-0.15386726,-0.16594916,0.70747254,0.29311812,282.08,Suburban
PA,PA-121,98324,79662,-0.01771694,-0.01696417,0.79076599,0.20923401,0.11993171,0.01749893,0.00072808,0.05770631,0.01110944,White,White,0.09950712,0.10603421,0.07076645,0.72772198,0.29302488,1103.32,Urban
PA,PA-122,100793,82227,-0.01545742,0.0077207,0.6275311,0.3724689,0.32159753,0.0227176,0.00105805,0.01591935,0.01607744,White,White,0.40712764,0.40155275,0.38098138,0.65704856,0.30114501,1053.81,Urban
PA,PA-123,99944,81582,-0.01667934,-0.00076753,0.70486137,0.29513863,0.23013655,0.01908509,0.00096835,0.03157559,0.01358143,White,White,0.19998974,0.18680122,0.12948486,0.75093734,0.36940396,568.07,Suburban
PA,PA-124,98140,78875,-0.02061341,-0.01880379,0.82985737,0.17014263,0.09113154,0.02743582,0.00084945,0.0337496,0.01217116,White,White,0.05031221,0.05472548,0.00953966,0.73866385,0.43474604,482.34,Suburban
PA,PA-125,101552,77892,-0.00535686,0.01530913,0.87116777,0.12883223,0.0173702,0.018577,0.00075746,0.07729934,0.00721512,White,White,0.01162173,-0.00331591,-0.10724343,0.90054652,0.64589679,416.36,Suburban
PA,PA-126,100247,81021,-0.01527228,0.00226184,0.88432629,0.11567371,0.05419583,0.01669937,0.00077758,0.02579578,0.01216968,White,White,0.02038825,0.01712963,-0.01925967,0.74280919,0.38764037,344.39,Suburban
PA,PA-127,104319,85647,-0.01959375,0.04297338,0.89599169,0.10400831,0.04164769,0.01780564,0.00073558,0.02733312,0.01129053,White,White,0.10338515,0.08773288,0.0138985,0.78967486,0.44011015,956.67,Suburban
PA,PA-128,100161,82827,0.04178273,0.00140202,0.51654654,0.48345346,0.40713777,0.02749104,0.00114697,0.0371135,0.01400509,White,White,0.66083758,0.68182701,0.68414744,0.67401818,0.42267062,1913.12,Urban
PA,PA-129,103484,86938,0.00002899,0.03462512,0.72162921,0.27837079,0.18447629,0.03808461,0.00109273,0.04246705,0.01517173,White,White,0.35206678,0.35401381,0.31596471,0.5876547,0.34050404,2015.3,Urban
PA,PA-130,102720,91393,-0.02409463,0.0269867,0.71021851,0.28978149,0.09058681,0.03806637,0.00096287,0.14651013,0.00837044,White,White,0.63118584,0.65195625,0.61334377,0.70708967,0.66513558,2530.24,Urban
RI,RI-1,96237,79416,-0.00720097,-0.03533146,0.86432205,0.13567795,0.04110003,0.04808855,0.00232951,0.0252468,0.01550065,White,White,0.25468822,0.29551106,0.18482412,0.6687396,0.52309669,303.53,Suburban
RI,RI-2,97932,80844,-0.001644,-0.01834097,0.84298154,0.15701846,0.05863144,0.04378804,0.00147197,0.02640889,0.01544951,White,White,0.24566957,0.29503856,0.22803011,0.66436165,0.41146001,1010.58,Urban
RI,RI-3,102731,75871,0.01135003,0.02976365,0.20091998,0.79908002,0.20703563,0.58057756,0.00453401,0.05406545,0.04022617,Hispanic,Hispanic,0.39994524,0.58991769,0.73229996,0.44599121,0.20406649,4477.83,Urban
RI,RI-4,101120,84716,-0.0002769,0.01361517,0.56672884,0.43327116,0.1426413,0.19635016,0.00184145,0.0882714,0.02086973,White,White,0.50225008,0.56076578,0.51856939,0.489767,0.48847006,3257.61,Urban
RI,RI-5,98187,75321,0.00414515,-0.01578488,0.44156344,0.55843656,0.20046202,0.3101791,0.00289428,0.01868005,0.02337993,Minority,White,0.31961736,0.42622244,0.4450022,0.44821716,0.19269043,3844.39,Urban
RI,RI-6,102174,80517,0.01009063,0.02418034,0.76709266,0.23290734,0.06042202,0.10456177,0.00166424,0.05196418,0.01566129,White,White,0.03258768,0.09573045,0.04914628,0.61087844,0.33178204,754.18,Suburban
RI,RI-7,98329,79976,-0.00368152,-0.01436149,0.72062869,0.27937131,0.07072122,0.14154246,0.00181304,0.06385666,0.01580474,White,White,0.08443087,0.15749965,0.08826786,0.6780505,0.33823859,1156.79,Urban
RI,RI-8,101629,84037,0.00634661,0.01871733,0.83359711,0.16640289,0.0397325,0.07013577,0.00097576,0.0422671,0.01225651,White,White,-0.10463099,-0.0263128,-0.0928832,0.65645163,0.30945882,297.89,Suburban
RI,RI-9,98055,79810,0.00951507,-0.01710804,0.89552688,0.10447312,0.02216514,0.03762686,0.00110262,0.02140083,0.01602556,White,White,-0.12856621,-0.05984337,-0.12712734,0.68541169,0.30739492,140.06,Rural
RI,RI-10,98878,80560,0.0111855,-0.00885838,0.87393247,0.12606753,0.02681231,0.0413853,0.00116683,0.03689176,0.01480884,White,White,0.10276057,0.14639476,0.04518483,0.70688433,0.39114462,544.73,Suburban
RI,RI-11,102107,86526,0.003702,0.02350874,0.89919793,0.10080207,0.01943924,0.03019902,0.00104015,0.02653538,0.01801771,White,White,0.13617903,0.18673969,0.09607644,0.68669413,0.48381652,137.79,Rural
SC,SC-1,97951,76116,0.05384325,-0.02401598,0.3782122,0.6217878,0.43699091,0.14031216,0.00258815,0.03036155,0.0222555,Black,Black,0.35346493,0.43345579,0.36102743,0.41751859,0.22756099,662.82,Suburban
SC,SC-2,104673,87186,0.02155284,0.04296204,0.68549997,0.31450003,0.22552933,0.04197922,0.00215631,0.03108297,0.01424541,White,White,0.15410952,0.23775344,0.1967184,0.60009234,0.52069212,607.3,Suburban
SC,SC-3,103959,85631,0.00053867,0.03584775,0.74943654,0.25056346,0.17807803,0.03851409,0.00124955,0.01495954,0.01556679,White,White,0.0276726,0.08003177,0.01451751,0.80199006,0.51842789,89.02,Rural
SC,SC-4,102905,80150,0.04278704,0.02534569,0.8487461,0.1512539,0.08114785,0.02932002,0.00098565,0.02474111,0.01091703,White,White,-0.13463341,-0.08129623,-0.15042739,0.81105934,0.62489398,113.41,Rural
SC,SC-5,98201,73773,-0.01409354,-0.02152498,0.62251772,0.37748228,0.25186721,0.06515934,0.00338877,0.03757472,0.02488715,White,White,-0.0670626,-0.04316468,-0.14052819,0.5923367,0.29468651,1080.42,Urban
SC,SC-6,96694,72468,0.01741577,-0.03654073,0.5702517,0.4297483,0.24810951,0.10360435,0.00280124,0.04530275,0.02848154,White,White,-0.07230777,-0.05073362,-0.1517254,0.53126681,0.23013435,855.35,Suburban
SC,SC-7,97325,72920,0.18352941,-0.03025345,0.68067745,0.31932255,0.22364235,0.04566648,0.00175535,0.0194734,0.02848327,White,White,-0.23780567,-0.20321536,-0.25477068,0.72935245,0.301077,53.23,Rural
SC,SC-8,99181,76039,0.04476664,-0.01176026,0.65935901,0.34064099,0.23823301,0.05477452,0.00230145,0.02536856,0.01977932,White,White,-0.19317335,-0.13419739,-0.15674996,0.63244214,0.32306114,43.15,Rural
SC,SC-9,97622,79813,0.04075926,-0.02729414,0.78167717,0.21832283,0.06389936,0.12429053,0.00061394,0.01533585,0.01457156,White,White,-0.1975972,-0.1655569,-0.19640562,0.75700325,0.49004458,220.81,Suburban
SC,SC-10,96929,78565,0.05221348,-0.03419919,0.65592821,0.34407179,0.23311907,0.07833005,0.00207472,0.01907974,0.01588494,White,White,-0.09135846,-0.03122173,-0.07193848,0.6306216,0.37344326,74.89,Rural
SC,SC-11,98619,77829,0.01796814,-0.01736003,0.46191008,0.53808992,0.46057382,0.05626437,0.00118208,0.00718241,0.01726863,Minority,Minority,-0.01375211,0.09401565,0.12848129,0.6094601,0.14022595,12.81,Rural
SC,SC-12,98342,77990,-0.00922292,-0.02012006,0.38077959,0.61922041,0.57466342,0.01964354,0.00117964,0.01152712,0.01691242,Black,Black,0.17705641,0.26854696,0.30506468,0.58936145,0.19153364,25.53,Rural
SC,SC-13,98618,77933,-0.01241153,-0.01736999,0.48042549,0.51957451,0.48031001,0.02278881,0.00087254,0.00695469,0.01356293,Minority,Minority,-0.0614941,0.03643733,0.05685743,0.60791085,0.15882421,18.86,Rural
SC,SC-14,100611,77745,0.00377692,0.00248827,0.50953759,0.49046241,0.42816901,0.02679272,0.0009261,0.02377002,0.01385298,White,White,-0.02078828,0.02880382,-0.0044399,0.60106115,0.2667392,120.25,Rural
SC,SC-15,105066,88476,0.05200541,0.0468779,0.76867173,0.23132827,0.17907681,0.02683214,0.00100592,0.00810389,0.01412813,White,White,-0.2780747,-0.21756018,-0.22668262,0.70873713,0.29829083,46.96,Rural
SC,SC-16,102862,87426,0.07632556,0.02491724,0.79633061,0.20366939,0.08154325,0.07421133,0.00216183,0.02326539,0.01986823,White,White,-0.35036702,-0.30966484,-0.35324617,0.68006144,0.31172511,482.75,Suburban
SC,SC-17,102799,82679,0.09564295,0.0242895,0.75219826,0.24780174,0.1384874,0.06147873,0.00133045,0.02254502,0.02058564,White,White,-0.33101993,-0.26260509,-0.32794065,0.61550116,0.26385737,328.05,Suburban
SC,SC-18,103706,83641,0.09880817,0.03332685,0.77499073,0.22500927,0.15308282,0.0407097,0.00112385,0.00835715,0.0222379,White,White,-0.4626262,-0.40986151,-0.43115445,0.70455951,0.1657516,45.51,Rural
SC,SC-19,103450,81077,-0.0180087,0.03077607,0.44158023,0.55841977,0.50526043,0.02074571,0.00096205,0.00520493,0.03201894,Black,Black,0.0186081,0.11281086,0.14622652,0.57053545,0.119757,25.27,Rural
SC,SC-20,103401,81263,0.00020309,0.03028783,0.57121937,0.42878063,0.37979154,0.02722026,0.00079987,0.00695273,0.01688345,White,White,-0.17246001,-0.09028087,-0.05868396,0.6018172,0.1652446,25.54,Rural
SC,SC-21,99066,76949,0.02932389,-0.01290612,0.6041534,0.3958466,0.32910109,0.03653069,0.00132555,0.01205994,0.0192855,White,White,-0.12151831,-0.06559498,-0.08470321,0.67098022,0.22975664,26.38,Rural
SC,SC-22,101160,76266,0.04397983,0.0079585,0.28302258,0.71697742,0.62986128,0.05461149,0.00259618,0.03107545,0.0156164,Black,Black,0.53466325,0.55325143,0.47680538,0.64592073,0.40510401,443.91,Suburban
SC,SC-23,100479,78317,-0.00751401,0.00117302,0.46914463,0.53085537,0.45435857,0.03683747,0.00172376,0.02851233,0.01671412,Minority,Minority,0.14587627,0.22177529,0.21320005,0.57509678,0.3488769,259.93,Suburban
SC,SC-24,100063,84722,-0.01719916,-0.00297201,0.64540497,0.35459503,0.26407545,0.04160667,0.00182951,0.03858502,0.01266495,White,White,0.25142053,0.30045,0.27749796,0.49192299,0.54491598,919.8,Suburban
SC,SC-25,101730,78998,0.03543694,0.01363798,0.34981898,0.65018102,0.51167118,0.09192638,0.00293678,0.04160865,0.0164308,Black,Black,0.43802155,0.45892013,0.40070873,0.55013888,0.33177492,89.08,Rural
SC,SC-26,102617,81124,0.00582749,0.02247605,0.66197426,0.33802574,0.20975297,0.06689759,0.00182437,0.0416153,0.02255806,White,White,-0.09623326,-0.07004652,-0.14492079,0.61594774,0.38501998,477.29,Suburban
SC,SC-27,95852,72223,0.03365605,-0.04493042,0.74103817,0.25896183,0.14697534,0.06848234,0.00112153,0.01406754,0.03133351,White,White,-0.38761108,-0.36701116,-0.44474122,0.60081986,0.18343992,119.04,Rural
SC,SC-28,95522,72058,0.0740353,-0.04821854,0.8295956,0.1704044,0.07833967,0.04757279,0.00124899,0.02406395,0.0196092,White,White,-0.49565833,-0.46730947,-0.52415516,0.74134043,0.40096258,120.88,Rural
SC,SC-29,101627,79806,0.02606591,0.01261169,0.59090795,0.40909205,0.32558955,0.05223918,0.00154124,0.01130241,0.02235421,White,White,-0.15111756,-0.09763763,-0.11543849,0.59485929,0.2333324,37.99,Rural
SC,SC-30,100729,79456,0.03479633,0.00366402,0.72216069,0.27783931,0.18721053,0.05093385,0.0016613,0.01683951,0.02356021,White,White,-0.35040316,-0.33202649,-0.39099036,0.69519755,0.31998767,54.65,Rural
SC,SC-31,100957,80342,0.01653179,0.00593581,0.58702796,0.41297204,0.32369122,0.06710064,0.00094596,0.01001967,0.01565806,White,White,-0.27726542,-0.19984248,-0.17861635,0.60068103,0.22591251,25.22,Rural
SC,SC-32,101314,79658,0.01157787,0.00949296,0.69374074,0.30625926,0.24229833,0.03748525,0.00089131,0.00652791,0.01937031,White,White,-0.4185469,-0.33286646,-0.30058977,0.5981236,0.18252858,30.07,Rural
SC,SC-33,97257,76275,0.0025191,-0.030931,0.62974762,0.37025238,0.31164864,0.03746968,0.00094395,0.00558505,0.01798755,White,White,-0.28105016,-0.19840087,-0.15824767,0.61382966,0.17192248,21.77,Rural
SC,SC-34,101539,79242,-0.00797723,0.01173486,0.58592666,0.41407334,0.30837182,0.05943818,0.00170364,0.01904293,0.02973171,White,White,-0.02247966,0.00331843,-0.03633717,0.62579007,0.30731548,233.27,Suburban
SC,SC-35,98152,70882,0.08440989,-0.02201322,0.72609407,0.27390593,0.11928275,0.06915719,0.00118507,0.06654722,0.01900341,White,White,-0.16126858,-0.13819706,-0.23223101,0.74962789,0.52230707,568.31,Suburban
SC,SC-36,98817,75553,0.03737211,-0.01538716,0.78051169,0.21948831,0.13619578,0.0419573,0.0005559,0.01385782,0.02521409,White,White,-0.41075681,-0.39281204,-0.41897825,0.70093629,0.24510345,69.09,Rural
SC,SC-37,101055,78039,0.04199693,0.00691228,0.75031715,0.24968285,0.16223939,0.04568229,0.0008201,0.02087418,0.02086136,White,White,-0.48528986,-0.43194639,-0.44703929,0.61948217,0.19980169,86.41,Rural
SC,SC-38,99888,76057,0.05631307,-0.00471571,0.7479259,0.2520741,0.13295292,0.0745625,0.00114388,0.0224174,0.02416609,White,White,-0.47032689,-0.42703666,-0.44802339,0.64950904,0.22270959,167.8,Rural
SC,SC-39,96475,74912,0.03039129,-0.03872285,0.4993993,0.5006007,0.36155756,0.09220152,0.00158853,0.03469404,0.01752723,Minority,White,0.06188239,0.14161364,0.12015516,0.4900702,0.2594079,394.49,Suburban
SC,SC-40,100891,77942,0.07621096,0.00527819,0.74946755,0.25053245,0.12788997,0.0564394,0.00103923,0.0460214,0.0174617,White,White,-0.3732403,-0.33600499,-0.3944401,0.72186436,0.3816825,115.18,Rural
SC,SC-41,95864,74593,0.07231077,-0.04481085,0.80452589,0.19547411,0.08200501,0.06812972,0.0011127,0.02035044,0.02213344,White,White,-0.48043996,-0.4612765,-0.51039205,0.67943033,0.33088486,100.83,Rural
SC,SC-42,101100,80063,0.01754698,0.00736066,0.72925072,0.27074928,0.11628343,0.1038682,0.00178609,0.03183743,0.01982189,White,White,-0.25624195,-0.2450248,-0.32498134,0.63204191,0.42655157,570,Suburban
SC,SC-43,97251,72827,0.05764465,-0.03099078,0.76135225,0.23864775,0.11738778,0.06439919,0.00108476,0.03509687,0.01769948,White,White,-0.33564848,-0.30851641,-0.38296156,0.7522748,0.4512175,198.66,Rural
SC,SC-44,99043,75740,0.08235817,-0.01313529,0.55071297,0.44928703,0.30196726,0.10046211,0.0017032,0.02797729,0.02055717,White,White,-0.03026324,0.03593432,-0.02282292,0.65608845,0.31814885,389.72,Suburban
SC,SC-45,101762,79067,0.00367524,0.01395683,0.56740486,0.43259514,0.26328304,0.14046315,0.00174536,0.01661882,0.02129839,White,White,0.07770344,0.14443176,0.09654994,0.55757421,0.39347245,880.4,Suburban
SC,SC-46,105183,87453,0.01595315,0.04804369,0.82541479,0.17458521,0.07604084,0.04419517,0.00091478,0.02966165,0.02304095,White,White,-0.44858338,-0.39985173,-0.40758607,0.56380323,0.32535642,62.45,Rural
SC,SC-47,104828,83192,0.03251994,0.04450646,0.84861525,0.15138475,0.06793922,0.04078517,0.00079335,0.01214059,0.02636071,White,White,-0.58848286,-0.58169947,-0.60072025,0.64692054,0.23137947,85.53,Rural
SC,SC-48,100226,76380,0.04591623,-0.00134788,0.83465567,0.16534433,0.08938204,0.03487824,0.00060225,0.01674522,0.02071223,White,White,-0.567984,-0.53343912,-0.56959845,0.67529678,0.28974829,101.2,Rural
SC,SC-49,103492,81594,0.02085185,0.03119456,0.71236856,0.28763144,0.21179253,0.04214771,0.00167905,0.01310145,0.02030787,White,White,-0.36524645,-0.29557945,-0.28832567,0.56449863,0.23415709,120.54,Rural
SC,SC-50,105556,81402,-0.0078726,0.05176026,0.46342842,0.53657158,0.4666593,0.03509742,0.00217439,0.02062603,0.0183165,Black,Black,0.04892628,0.13039657,0.12026494,0.57393713,0.23072829,61.28,Rural
SC,SC-51,96016,74608,0.0880999,-0.04329633,0.70567499,0.29432501,0.20265923,0.05351973,0.00071038,0.02127118,0.01655318,White,White,-0.24761607,-0.22810219,-0.25443012,0.69109263,0.3007677,67.52,Rural
SD,SD-1,98789,76866,0.02349452,0.00274511,0.78017589,0.21982411,0.07656181,0.06076809,0.00133999,0.03062472,0.05119299,White,White,0.038992,0.05597101,-0.02080937,0.55675785,0.33539885,936.49,Suburban
SD,SD-2,98425,71138,0.03814072,-0.00094962,0.87841941,0.12158059,0.03082741,0.03675954,0.00119486,0.0241643,0.0246563,White,White,-0.26124784,-0.22997209,-0.26578231,0.71226655,0.34832662,49.6,Rural
SD,SD-3,96939,71812,0.06188428,-0.01603308,0.90722999,0.09277001,0.01898011,0.02370077,0.00112795,0.02141703,0.0224475,White,White,-0.25295527,-0.21785341,-0.26146032,0.67581448,0.40404875,25.81,Rural
SD,SD-4,97096,73706,0.01413035,-0.01443947,0.87545112,0.12454888,0.0132011,0.04897837,0.00168236,0.03265677,0.02788104,White,White,-0.33424861,-0.29466135,-0.29012331,0.62045804,0.3090157,4.64,Rural
SD,SD-5,98512,74895,0.00025378,-0.00006654,0.87306229,0.12693771,0.01058816,0.03049603,0.00118833,0.01409974,0.07065892,White,White,-0.33395371,-0.29484131,-0.29795287,0.622119,0.25423524,5.7,Rural
SD,SD-6,97377,74283,0.00357374,-0.01158721,0.88644777,0.11355223,0.01043307,0.0318377,0.00169622,0.00636754,0.06343309,White,White,-0.42925432,-0.4056614,-0.4058125,0.64010641,0.24569638,4.99,Rural
SD,SD-7,100155,71209,-0.00685937,0.01661052,0.58797343,0.41202657,0.00693733,0.01650072,0.00115154,0.00591217,0.38847618,White,White,-0.2903009,-0.24704264,-0.28486427,0.57448634,0.21894888,1.29,Rural
SD,SD-8,99843,78436,0.03581623,0.0134436,0.89624662,0.10375338,0.01093885,0.0279081,0.00223112,0.01004641,0.0473762,White,White,-0.47011065,-0.45482557,-0.49558374,0.69043295,0.28957028,1.84,Rural
SD,SD-9,99531,76910,0.04072098,0.01027669,0.78720582,0.21279418,0.02108959,0.04217917,0.00218437,0.02145365,0.12844884,White,White,-0.23696305,-0.22356442,-0.30504647,0.63111039,0.33158518,81.44,Rural
TN,TN-1,95444,78054,0.00623402,-0.04705709,0.92068312,0.07931688,0.02060112,0.02471366,0.00075589,0.0056115,0.02566172,White,White,-0.64191419,-0.62371941,-0.63893345,0.54987412,0.1919704,42.99,Rural
TN,TN-2,97016,78521,0.0254391,-0.03136174,0.93828403,0.06171597,0.01104163,0.01535895,0.00050942,0.00695355,0.02334407,White,White,-0.6295064,-0.60561396,-0.62598106,0.64070925,0.26577689,78.05,Rural
TN,TN-3,97834,79492,0.01802032,-0.02319458,0.84061289,0.15938711,0.06376742,0.04376541,0.00122025,0.0230086,0.02393952,White,White,-0.28955767,-0.25150111,-0.33774778,0.53314931,0.36458714,319.85,Suburban
TN,TN-4,96147,77366,0.01444663,-0.04003811,0.90229558,0.09770442,0.03572629,0.02150816,0.00078846,0.01257658,0.02286534,White,White,-0.48237855,-0.45478451,-0.49887422,0.55654213,0.26308079,329.05,Suburban
TN,TN-5,101675,81215,0.02011311,0.01515518,0.93125654,0.06874346,0.0140245,0.02089515,0.00072647,0.00543003,0.02476144,White,White,-0.70622836,-0.67090987,-0.65605009,0.57909359,0.15504044,40.89,Rural
TN,TN-6,100289,78333,0.03288496,0.00131692,0.84858233,0.15141767,0.03398312,0.07907268,0.00316597,0.01092771,0.02537883,White,White,-0.60276146,-0.55107086,-0.56245385,0.54559316,0.20238955,111.46,Rural
TN,TN-7,100572,80703,0.02205385,0.00414248,0.91415437,0.08584563,0.02437332,0.02671524,0.00073108,0.00659207,0.0245468,White,White,-0.66294435,-0.61946618,-0.61863653,0.53601775,0.1601715,40.77,Rural
TN,TN-8,98380,78359,0.01292946,-0.01774314,0.8749984,0.1250016,0.01264692,0.06821169,0.00088056,0.01454842,0.02679973,White,White,-0.61143962,-0.5757012,-0.6150033,0.59293921,0.20116827,64.11,Rural
TN,TN-9,97938,76798,0.0281913,-0.02215621,0.90008854,0.09991146,0.03251387,0.02753978,0.00097659,0.00967473,0.02604234,White,White,-0.5174067,-0.49496438,-0.54609167,0.63565642,0.2546303,142.36,Rural
TN,TN-10,105080,81641,0.03831367,0.04915177,0.85404392,0.14595608,0.0425889,0.0420132,0.00121263,0.03350032,0.02205999,White,White,-0.23932992,-0.22332985,-0.31362676,0.70135701,0.48377411,515.87,Suburban
TN,TN-11,101060,79927,-0.00354245,0.00901482,0.66897294,0.33102706,0.22186495,0.06822476,0.00117607,0.01471343,0.03109087,White,White,0.1553727,0.19785511,0.11082522,0.48654377,0.2740209,810.73,Suburban
TN,TN-12,99770,83294,0.03875915,-0.00386494,0.77787116,0.22212884,0.09416044,0.05940404,0.00219704,0.04356856,0.02402334,White,White,0.06864605,0.12141675,-0.00457666,0.43001308,0.4171249,816.19,Suburban
TN,TN-13,103481,79227,0.05914129,0.03318685,0.82733159,0.17266841,0.05058881,0.04400015,0.0012622,0.04968003,0.02278264,White,White,-0.22388428,-0.18702261,-0.26870625,0.7172718,0.51581333,346.05,Suburban
TN,TN-14,102169,81532,0.02539909,0.02008743,0.91646225,0.08353775,0.02446892,0.01576068,0.00072364,0.00777609,0.0293627,White,White,-0.55163173,-0.51601305,-0.51401939,0.60037184,0.20384524,60.57,Rural
TN,TN-15,101907,80452,0.01577909,0.01747154,0.87648536,0.12351464,0.03900462,0.03817183,0.00083279,0.01436882,0.02769353,White,White,-0.42847896,-0.38974753,-0.44226754,0.63289018,0.27347591,221.55,Suburban
TN,TN-16,102453,82778,0.05734337,0.02292297,0.88970499,0.11029501,0.0162966,0.05410858,0.00061611,0.00887917,0.02637174,White,White,-0.56446042,-0.53891271,-0.56272741,0.67127641,0.24713431,57.1,Rural
TN,TN-17,102876,81859,0.03568374,0.02714634,0.90301616,0.09698384,0.02653343,0.02559279,0.00080626,0.00792827,0.0343884,White,White,-0.66470173,-0.62530655,-0.60324111,0.59053898,0.16073863,28.01,Rural
TN,TN-18,96976,75719,0.02192295,-0.03176112,0.82551275,0.17448725,0.06020946,0.06590156,0.00180932,0.01407837,0.0337828,White,White,-0.57763814,-0.53792857,-0.57597632,0.56952915,0.23433267,137.31,Rural
TN,TN-19,100965,80120,0.04049918,0.00806631,0.88558412,0.11441588,0.03577134,0.02688467,0.00088617,0.01817274,0.02915627,White,White,-0.47677092,-0.47612748,-0.52473193,0.68925492,0.31519041,118.43,Rural
TN,TN-20,101676,80331,0.00224242,0.01516516,0.74036175,0.25963825,0.11880843,0.07044603,0.00148137,0.04645778,0.02411273,White,White,-0.25187747,-0.24054301,-0.33989198,0.62988503,0.36968693,436.59,Suburban
TN,TN-21,102636,79988,0.04583187,0.0247501,0.43021453,0.56978547,0.44552933,0.0906636,0.00121268,0.01770266,0.02307846,Black,Black,0.36549185,0.42210292,0.40802834,0.47951091,0.25496784,542.21,Suburban
TN,TN-22,101411,81107,0.01672402,0.01251932,0.86602883,0.13397117,0.05251088,0.03411543,0.00094936,0.01935715,0.02534923,White,White,-0.17665746,-0.15497131,-0.22864169,0.66375126,0.40971477,64.79,Rural
TN,TN-23,96064,76154,0.03505996,-0.04086681,0.90961735,0.09038265,0.02338682,0.02912519,0.00060404,0.00606665,0.02980802,White,White,-0.67738653,-0.63645909,-0.58425977,0.56532634,0.14535453,20.41,Rural
TN,TN-24,104030,84003,0.028809,0.03866824,0.93140721,0.06859279,0.01642798,0.01814221,0.00094044,0.0065831,0.02203493,White,White,-0.65222414,-0.62997639,-0.61481039,0.61096585,0.15487813,23.14,Rural
TN,TN-25,97779,77817,0.01770319,-0.02374371,0.9456674,0.0543326,0.00967655,0.01261935,0.00068109,0.004819,0.02311834,White,White,-0.70607052,-0.66737217,-0.62847244,0.51379986,0.14663673,27.75,Rural
TN,TN-26,102030,80373,0.03252965,0.01869961,0.9174474,0.0825526,0.02905204,0.02421211,0.00068431,0.00434225,0.02319187,White,White,-0.68398377,-0.62853897,-0.5638336,0.5800558,0.13040549,19.11,Rural
TN,TN-27,99758,78525,0.03196736,-0.00398475,0.87055078,0.12944922,0.03332697,0.05240369,0.00131168,0.01632601,0.02730341,White,White,-0.51096556,-0.46701698,-0.4605172,0.56342419,0.25296912,53.84,Rural
TN,TN-28,102890,79900,0.03122752,0.02728612,0.88627034,0.11372966,0.02426783,0.05105131,0.00115144,0.00728411,0.02506884,White,White,-0.61873959,-0.5641145,-0.51288299,0.57604496,0.15631689,28.8,Rural
TN,TN-29,100663,78998,0.03016997,0.00505105,0.87164232,0.12835768,0.04663409,0.03745664,0.00082281,0.01234208,0.02674751,White,White,-0.54234214,-0.49068209,-0.46270995,0.56356157,0.22674663,39.52,Rural
TN,TN-30,97051,74157,0.06178195,-0.03101229,0.83706191,0.16293809,0.07234651,0.05335976,0.00106531,0.01019459,0.0251898,White,White,-0.51629466,-0.47491568,-0.490345,0.60791945,0.21652996,86.93,Rural
TN,TN-31,99230,75505,0.0216366,-0.00925647,0.79492749,0.20507251,0.09217933,0.05652606,0.00180121,0.02785246,0.0236938,White,White,-0.32921971,-0.3113292,-0.41097401,0.6698845,0.40538774,389.38,Suburban
TN,TN-32,99995,75749,0.06632332,-0.00161847,0.80546278,0.19453722,0.0857041,0.05106338,0.00132015,0.03206643,0.02227092,White,White,-0.34180434,-0.30486937,-0.4172154,0.70139576,0.3976482,247.66,Suburban
TN,TN-33,95879,73359,0.08353237,-0.04271391,0.84288226,0.15711774,0.07021633,0.04034951,0.00098147,0.01946591,0.02258755,White,White,-0.43071786,-0.41872086,-0.44250951,0.6683896,0.35872463,70.98,Rural
TN,TN-34,98622,71868,0.05241224,-0.01532694,0.56439584,0.43560416,0.19471809,0.16963043,0.00228196,0.05156676,0.02476763,White,White,-0.1082037,-0.02105172,-0.15545959,0.52289164,0.25305915,542.72,Suburban
TN,TN-35,98616,77064,0.0042488,-0.01538684,0.62147047,0.37852953,0.22546195,0.08838109,0.00155715,0.0441581,0.02337019,White,White,-0.07436853,0.02806025,-0.08502964,0.49400646,0.36076055,878.55,Suburban
TN,TN-36,96111,70304,0.10403596,-0.04039755,0.76870448,0.23129552,0.10904074,0.05646905,0.00139395,0.04211709,0.02224624,White,White,-0.33527203,-0.30388738,-0.41277555,0.6984048,0.34826555,92.96,Rural
TN,TN-37,98172,74299,-0.00227152,-0.01981988,0.79205642,0.20794358,0.05646106,0.06246383,0.00103635,0.07062006,0.01406479,White,White,-0.22911588,-0.1730884,-0.27372446,0.7653208,0.66137558,491.05,Suburban
TN,TN-38,99084,67616,0.11061322,-0.01071418,0.82335542,0.17664458,0.04865712,0.04636477,0.0012571,0.05850686,0.0171557,White,White,-0.37945613,-0.31247655,-0.40849179,0.80687726,0.60797064,172.87,Rural
TN,TN-39,98436,75106,0.02126255,-0.01718402,0.90096663,0.09903337,0.02489814,0.03270045,0.00117168,0.01331452,0.02298085,White,White,-0.38508777,-0.3536489,-0.41242294,0.74453915,0.41984977,59.92,Rural
TN,TN-40,103076,78998,-0.02533082,0.0291432,0.53673511,0.46326489,0.17692853,0.18123244,0.00167093,0.09223018,0.02203853,White,White,0.12622747,0.19974455,0.09360936,0.58404959,0.48400604,1016.72,Urban
TN,TN-41,100422,75231,0.04159447,0.00264483,0.38399064,0.61600936,0.30676184,0.25349922,0.00142229,0.04748043,0.02459093,Minority,Minority,0.37445058,0.45784186,0.4033419,0.424997,0.28081189,923.71,Suburban
TN,TN-42,104307,83223,-0.01026777,0.04143389,0.61132139,0.38867861,0.2268123,0.10577605,0.00176634,0.03490622,0.02413996,White,White,0.16453221,0.16379291,0.06825097,0.55911727,0.39751703,634.55,Suburban
TN,TN-43,100919,88690,-0.01325816,0.00760703,0.73381441,0.26618559,0.13091668,0.05560943,0.00108242,0.06473109,0.01468035,White,White,0.29008386,0.36552822,0.3536161,0.52778853,0.68352403,1382.2,Urban
TN,TN-44,98209,80281,-0.02842917,-0.01945046,0.8028176,0.1971824,0.07242062,0.05438398,0.00146984,0.05060973,0.01651698,White,White,0.1189787,0.13965479,0.06134628,0.71762231,0.64593816,588.98,Suburban
TN,TN-45,100896,80472,0.00280487,0.0073774,0.58123322,0.41876678,0.26859032,0.1098643,0.00170246,0.02077741,0.0245427,White,White,0.47241316,0.50138254,0.42123741,0.58641585,0.41726561,845,Suburban
TN,TN-46,101161,80604,0.03368887,0.01002324,0.37423701,0.62576299,0.53159893,0.06203166,0.00120341,0.01833656,0.01847303,Black,Black,0.46911692,0.52779587,0.54839175,0.52616551,0.3068552,225.78,Suburban
TN,TN-47,100230,75934,0.04455752,0.00072784,0.81038797,0.18961203,0.07696157,0.06878342,0.00136961,0.01619828,0.0252061,White,White,-0.47110305,-0.44084466,-0.45750907,0.66934941,0.27380987,68.62,Rural
TN,TN-48,96264,69676,0.04803457,-0.03886995,0.51435214,0.48564786,0.31102532,0.11356852,0.00911361,0.04073139,0.02705379,White,White,0.02673095,0.11758592,0.06042311,0.40323365,0.25500752,733.31,Suburban
TN,TN-49,96378,70572,0.08020503,-0.03773174,0.68221108,0.31778892,0.17358159,0.07828884,0.00651817,0.03641671,0.02984186,White,White,-0.25721903,-0.21494337,-0.27292982,0.51922102,0.30587766,92.83,Rural
TN,TN-50,102248,77907,0.04043111,0.02087619,0.80667976,0.19332024,0.08036505,0.07967192,0.00123224,0.00799671,0.02499134,White,White,-0.57544648,-0.51567698,-0.50372871,0.57949412,0.18957075,34.3,Rural
TN,TN-51,98592,75972,0.01964662,-0.01562647,0.89090718,0.10909282,0.04989996,0.02245564,0.00090823,0.00700258,0.02595693,White,White,-0.65233767,-0.60459609,-0.57473414,0.57853601,0.17677826,23.41,Rural
TN,TN-52,100974,77854,0.06751243,0.00815617,0.78186092,0.21813908,0.11852956,0.06171809,0.00100188,0.01288309,0.02290184,White,White,-0.44597811,-0.3653941,-0.38906952,0.64704056,0.25853686,63.58,Rural
TN,TN-53,100188,78274,0.02914521,0.0003085,0.89308072,0.10691928,0.04020492,0.03080205,0.00081764,0.00715436,0.02507857,White,White,-0.57244177,-0.52199481,-0.4897761,0.56832095,0.15618292,21.5,Rural
TN,TN-54,100428,79371,0.01158044,0.00270474,0.90099659,0.09900341,0.04191707,0.0200703,0.00118431,0.00715627,0.02447997,White,White,-0.59719116,-0.54246066,-0.48884386,0.58188371,0.16046902,15.63,Rural
TN,TN-55,96771,76680,0.00615887,-0.0338079,0.89222744,0.10777256,0.06103286,0.01774909,0.0006651,0.00472092,0.02077465,White,White,-0.70394659,-0.66539759,-0.63891739,0.55153818,0.13462929,15.6,Rural
TN,TN-56,99134,79046,-0.00448887,-0.01021497,0.83491891,0.16508109,0.10808896,0.02714875,0.0014422,0.00662905,0.02031728,White,White,-0.61246417,-0.56290812,-0.53130182,0.51897899,0.1837361,20.27,Rural
TN,TN-57,101141,76856,0.00177969,0.00982355,0.77645207,0.22354793,0.16278495,0.03297075,0.00105392,0.00628448,0.01871032,White,White,-0.56287682,-0.51445313,-0.48513584,0.55567621,0.1924427,28.28,Rural
TN,TN-58,99921,78001,-0.01300027,-0.00235731,0.4591736,0.5408264,0.49257061,0.03064063,0.00116665,0.00638453,0.01521775,Black,Black,-0.01204111,0.08944643,0.11844596,0.42821165,0.13134472,24.68,Rural
TN,TN-59,104635,83290,0.02709418,0.04470875,0.7398007,0.2601993,0.19286829,0.03043583,0.00072037,0.01471965,0.01918598,White,White,-0.4274324,-0.40143485,-0.4286192,0.61851102,0.27002194,32.9,Rural
TN,TN-60,103633,78539,0.00412031,0.03470446,0.72981576,0.27018424,0.20061371,0.02746406,0.00175709,0.01353468,0.02569424,White,White,-0.47863456,-0.43999036,-0.44381943,0.62593798,0.2496355,40.57,Rural
TN,TN-61,99834,72258,0.00291484,-0.00322595,0.25579175,0.74420825,0.67203631,0.04890808,0.00103795,0.01130671,0.01637189,Black,Black,0.39571794,0.44950436,0.46048696,0.41964419,0.16623623,197.13,Rural
TN,TN-62,103092,84945,-0.05035308,0.02930295,0.34271587,0.65728413,0.57039261,0.0448761,0.00098888,0.03180882,0.01430337,Black,Black,0.68028124,0.70388033,0.71220906,0.39993354,0.35581363,1334.18,Urban
TN,TN-63,102072,76743,-0.02538404,0.01911895,0.58220294,0.41779706,0.28899053,0.07218899,0.00142032,0.03807513,0.02008001,White,White,-0.14008469,-0.11921012,-0.21696204,0.59577867,0.33059079,632.87,Suburban
TN,TN-64,97060,75364,-0.00522357,-0.03092243,0.41567592,0.58432408,0.44510642,0.07041824,0.00122074,0.05502627,0.01705058,Black,Black,0.25061034,0.25279222,0.09619991,0.55237313,0.43189577,501.02,Suburban
TN,TN-65,100769,77051,-0.01630462,0.00610939,0.50253728,0.49746272,0.31001544,0.14599421,0.0014406,0.02924037,0.0187019,White,White,0.20264658,0.21286395,0.15801858,0.48064067,0.37867394,1148.72,Urban
TN,TN-66,103116,79309,-0.0217619,0.02954257,0.79107037,0.20892963,0.09208287,0.03096748,0.00128611,0.06788637,0.01368067,White,White,-0.26685959,-0.26567913,-0.3685367,0.74267836,0.62905115,760.84,Suburban
TN,TN-67,103824,79762,-0.00725266,0.03661147,0.22698779,0.77301221,0.63305835,0.06574559,0.00109074,0.06778917,0.01175999,Black,Black,0.45183088,0.53884481,0.51649421,0.52425893,0.38351217,750.4,Suburban
TN,TN-68,100802,71995,0.02589234,0.00643887,0.07582471,0.92417529,0.76941454,0.14309327,0.00087506,0.01132023,0.01359817,Black,Black,0.76135367,0.81573435,0.8439252,0.35579263,0.14341576,751.21,Suburban
TN,TN-69,98579,73962,-0.00690817,-0.01575626,0.02295774,0.97704226,0.95480111,0.02032125,0.0007301,0.00258241,0.00804467,Black,Black,0.85282563,0.90382231,0.93760127,0.4098848,0.16119524,361.27,Suburban
TX,TX-1,100267,78634,-0.01817148,0.00110497,0.52710024,0.47289976,0.04002086,0.38538037,0.00237811,0.02862629,0.0256632,White,White,-0.32705084,-0.27973297,-0.28871288,0.56654257,0.29760745,189.02,Rural
TX,TX-2,100986,76918,-0.02385479,0.00828375,0.17893081,0.82106919,0.04822018,0.75476481,0.0014951,0.01246782,0.02223147,Hispanic,Hispanic,0.15091342,0.25708286,0.29680257,0.386569,0.11825045,1562.96,Urban
TX,TX-3,100957,76795,0.04266173,0.0079942,0.35803112,0.64196888,0.05293313,0.52077609,0.00236995,0.05648805,0.02410313,Hispanic,Hispanic,-0.10904528,-0.04767368,-0.09258102,0.51598922,0.3151565,1576,Urban
TX,TX-4,102522,77251,-0.00965646,0.02361978,0.17457379,0.82542621,0.04097034,0.76329109,0.00126859,0.01694476,0.01726838,Hispanic,Hispanic,-0.053407,0.09008506,0.22606421,0.4218763,0.14847333,11.26,Rural
TX,TX-5,99749,70326,-0.00150377,-0.00406694,0.04961181,0.95038819,0.00442226,0.93972357,0.0005119,0.00591531,0.01282598,Hispanic,Hispanic,-0.00078452,0.25039646,0.55346129,0.42033526,0.16830099,1118.04,Urban
TX,TX-6,97151,69699,0.0274624,-0.03000639,0.05655748,0.94344252,0.00588244,0.9271869,0.00087519,0.01007188,0.01418959,Hispanic,Hispanic,0.00227623,0.239871,0.49174948,0.48368938,0.2430402,941.77,Suburban
TX,TX-7,99595,72161,0.01167729,-0.00560454,0.1785452,0.8214548,0.00975596,0.79511093,0.0009562,0.01220881,0.01901304,Hispanic,Hispanic,-0.11369369,0.00354267,0.08695472,0.50744455,0.20921755,68.85,Rural
TX,TX-8,99614,71021,0.01395386,-0.00541483,0.12707509,0.87292491,0.00799763,0.85205784,0.00090114,0.01012377,0.01485476,Hispanic,Hispanic,-0.08572273,0.07624938,0.21585603,0.45362967,0.16895178,254.35,Suburban
TX,TX-9,97973,68337,0.04150123,-0.02179922,0.08542956,0.91457044,0.00458024,0.90470755,0.00071703,0.00370224,0.01314076,Hispanic,Hispanic,-0.0065703,0.22841674,0.4672177,0.47594796,0.13081556,128.9,Rural
TX,TX-10,102090,71647,0.01626016,0.01930652,0.10293522,0.89706478,0.0044803,0.88560582,0.00033498,0.00598769,0.01367817,Hispanic,Hispanic,-0.04894745,0.16379816,0.37803483,0.49872437,0.15728997,349.6,Suburban
TX,TX-11,98548,65455,0.00617973,-0.0160582,0.04806356,0.95193644,0.00672218,0.92465052,0.0004125,0.01899015,0.01590406,Hispanic,Hispanic,-0.03648827,0.17389741,0.38640248,0.45618226,0.22128814,543.33,Suburban
TX,TX-12,97644,68172,0.06636352,-0.02508409,0.06414657,0.93585343,0.01924544,0.90082439,0.00030804,0.0152702,0.01551957,Hispanic,Hispanic,-0.01814991,0.19080009,0.3927827,0.40734052,0.18960227,48.86,Rural
TX,TX-13,102077,71444,0.02161114,0.01917672,0.05240468,0.94759532,0.00414311,0.93712558,0.00030793,0.00522087,0.01345109,Hispanic,Hispanic,0.02251829,0.23614881,0.50352872,0.45896012,0.16177944,739.37,Suburban
TX,TX-14,99465,73416,0.05716584,-0.00690251,0.11914297,0.88085703,0.01325324,0.82751716,0.00061295,0.03710363,0.01878337,Hispanic,Hispanic,-0.00635067,0.12073988,0.19582015,0.55869688,0.33695258,1070.82,Urban
TX,TX-15,100027,72052,-0.00511862,-0.00129128,0.05702826,0.94297174,0.00578749,0.91805918,0.00049964,0.01804252,0.01500305,Hispanic,Hispanic,-0.04315082,0.17722788,0.51195493,0.47644446,0.27558819,568.73,Suburban
TX,TX-16,99563,71606,-0.00905959,-0.00592404,0.11031199,0.88968801,0.00562802,0.87556909,0.00041896,0.00777868,0.01335084,Hispanic,Hispanic,-0.08316707,0.09375542,0.31194907,0.4713114,0.20974625,771.05,Suburban
TX,TX-17,98290,64088,0.01980873,-0.01863417,0.03440582,0.96559418,0.00374485,0.95986768,0.00040569,0.00235614,0.01594682,Hispanic,Hispanic,-0.09165687,0.13642038,0.54911591,0.3616745,0.09137347,169.55,Rural
TX,TX-18,105154,72947,0.01481636,0.04989869,0.03667046,0.96332954,0.00298847,0.95596803,0.00074026,0.00282397,0.00908879,Hispanic,Hispanic,-0.12865928,0.06728324,0.55319046,0.49426689,0.1252465,8.86,Rural
TX,TX-19,98378,69797,0.0578483,-0.01775554,0.11500494,0.88499506,0.01170537,0.85116839,0.0009456,0.00899752,0.01464246,Hispanic,Hispanic,-0.13460485,0.01760287,0.24868355,0.51371244,0.20504816,6.67,Rural
TX,TX-20,101419,69732,-0.02739132,0.01260699,0.03348534,0.96651466,0.00506224,0.95849825,0.00043022,0.00352779,0.01049733,Hispanic,Hispanic,0.01620416,0.29894145,0.61075997,0.39980188,0.12291893,1869.06,Urban
TX,TX-21,102608,74667,-0.0250078,0.02447843,0.04266945,0.95733055,0.00537051,0.94336186,0.00045536,0.0083705,0.01288387,Hispanic,Hispanic,0.01160609,0.22485819,0.46538875,0.50803234,0.25755606,1737.19,Urban
TX,TX-22,101221,73249,0.00073107,0.01063008,0.08585783,0.91414217,0.01765212,0.88088575,0.00092834,0.00723559,0.01838933,Hispanic,Hispanic,-0.13366287,0.09703582,0.43380092,0.49119843,0.1333047,5.99,Rural
TX,TX-23,100255,74936,0.01318637,0.00098516,0.20626935,0.79373065,0.0288246,0.72978275,0.00185492,0.03357532,0.02450091,Hispanic,Hispanic,0.06191583,0.21011917,0.22639633,0.60902475,0.42185241,343.84,Suburban
TX,TX-24,96895,77122,0.00326126,-0.03256239,0.20909727,0.79090273,0.04664039,0.71089961,0.00353985,0.02980991,0.02752781,Hispanic,Hispanic,0.20305104,0.33535377,0.33710942,0.4693415,0.34958962,970.72,Suburban
TX,TX-25,100543,73967,0.01698776,0.00386067,0.18298701,0.81701299,0.09210864,0.69425555,0.00586748,0.03206835,0.02785026,Hispanic,Hispanic,0.12668931,0.2881605,0.31383267,0.40138726,0.200101,891.11,Suburban
TX,TX-26,104671,80311,-0.04666049,0.04507623,0.03173911,0.96826089,0.01138076,0.95308239,0.00123271,0.00455728,0.02359577,Hispanic,Hispanic,0.32495533,0.5400485,0.67314326,0.40521353,0.11225061,1247.77,Urban
TX,TX-27,100803,79337,-0.01487059,0.00645661,0.13561138,0.86438862,0.04216192,0.80029494,0.00375613,0.02055787,0.02528455,Hispanic,Hispanic,0.24168949,0.40159175,0.45345125,0.42527668,0.22394265,1106.1,Urban
TX,TX-28,97637,75198,-0.01359116,-0.02515398,0.09641214,0.90358786,0.03142371,0.85723025,0.00188835,0.01658289,0.02240751,Hispanic,Hispanic,0.21315484,0.38572638,0.43498304,0.47889344,0.28331351,2026.79,Urban
TX,TX-29,103129,72817,0.03208603,0.0296803,0.13382864,0.86617136,0.05839296,0.78119121,0.00552069,0.02616147,0.02329126,Hispanic,Hispanic,0.07697438,0.33669137,0.45017546,0.39924502,0.25809056,121.07,Rural
TX,TX-30,98943,66252,0.07658955,-0.01211436,0.07211858,0.92788142,0.03400652,0.88181489,0.00280746,0.013826,0.02042202,Hispanic,Hispanic,0.03305422,0.32368453,0.47994912,0.47355462,0.25163447,201.22,Suburban
TX,TX-31,100592,75258,-0.03630507,0.0043499,0.13746047,0.86253953,0.01082941,0.83925961,0.00142178,0.00741449,0.0254458,Hispanic,Hispanic,-0.041835,0.16186833,0.3488978,0.45817043,0.15107672,1.65,Rural
TX,TX-32,102097,80130,-0.01141072,0.01937641,0.34214402,0.65785598,0.17824785,0.40958443,0.00187196,0.05644578,0.02907775,Hispanic,Hispanic,-0.05706888,0.09345985,0.04196115,0.36082895,0.23573616,575.85,Suburban
TX,TX-33,104823,81382,0.04107877,0.04659386,0.60018186,0.39981814,0.06570249,0.28073776,0.00122877,0.03296798,0.02811433,White,White,-0.36860769,-0.33366318,-0.43720382,0.51997962,0.38070519,1226.78,Urban
TX,TX-34,103719,76030,0.04920988,0.03557109,0.66434302,0.33565698,0.03202683,0.25362357,0.00124951,0.02606866,0.02679206,White,White,-0.5850852,-0.56490825,-0.60925756,0.72783952,0.34436586,50.43,Rural
TX,TX-35,99956,76143,0.09019969,-0.00200017,0.69293303,0.30706697,0.08959458,0.16256255,0.00262664,0.01477483,0.04094927,White,White,-0.55474718,-0.52483354,-0.55504849,0.60747433,0.21331267,45.92,Rural
TX,TX-36,97216,73027,0.09634217,-0.0293574,0.52427184,0.47572816,0.06800225,0.37120517,0.00165692,0.0119271,0.03587714,White,White,-0.1831801,-0.13715249,-0.20090703,0.5755959,0.23048816,42.26,Rural
TX,TX-37,98331,74303,0.00226785,-0.01822481,0.48273959,0.51726041,0.06601349,0.4208713,0.00086134,0.01795351,0.02199104,Minority,White,-0.44310981,-0.39733124,-0.4010271,0.55704403,0.19091498,21.89,Rural
TX,TX-38,99326,76437,0.02454544,-0.00829034,0.49830579,0.50169421,0.02269843,0.43888431,0.00192315,0.01832882,0.02714654,Minority,White,-0.42667626,-0.35990565,-0.31925176,0.55902745,0.18989601,22.35,Rural
TX,TX-39,97169,76767,0.01100145,-0.02982667,0.43140933,0.56859067,0.07834095,0.46992848,0.00131567,0.00849323,0.01828911,Hispanic,Hispanic,-0.56819544,-0.49961124,-0.44424161,0.47918547,0.13343727,6.49,Rural
TX,TX-40,98734,73754,0.05119817,-0.0142011,0.47602842,0.52397158,0.01746346,0.47898419,0.00141009,0.00847412,0.02805272,Hispanic,Hispanic,-0.49436534,-0.42340839,-0.39842143,0.61600969,0.20185368,18.84,Rural
TX,TX-41,97795,75683,0.01971471,-0.02357644,0.68365419,0.31634581,0.08030866,0.21212161,0.00083242,0.00642152,0.0208237,White,White,-0.64656858,-0.603558,-0.59806938,0.65951441,0.19780797,8.7,Rural
TX,TX-42,97931,73963,0.00061268,-0.02221856,0.47077593,0.52922407,0.10475508,0.38927572,0.0008653,0.02330895,0.01959088,Minority,White,-0.51406017,-0.43879492,-0.39217248,0.55071064,0.18716147,14.08,Rural
TX,TX-43,99903,79042,-0.0105202,-0.00252934,0.63659826,0.36340174,0.12762835,0.17714633,0.00073379,0.0416614,0.01930619,White,White,-0.55184393,-0.5265239,-0.5433073,0.54562811,0.19649443,51.39,Rural
TX,TX-44,97699,73665,-0.01411478,-0.02453494,0.32484898,0.67515102,0.47225955,0.15886785,0.00111315,0.03547139,0.01843481,Black,Black,0.23179876,0.28049554,0.25516174,0.50799794,0.25797078,502.97,Suburban
TX,TX-45,97690,72172,-0.0079742,-0.0246248,0.36279998,0.63720002,0.35208945,0.23186277,0.00092834,0.0424957,0.02133791,Minority,Minority,-0.06251778,0.05544049,0.13710037,0.44411453,0.13530226,235.76,Suburban
TX,TX-46,101133,78551,0.00802903,0.00975146,0.81524105,0.18475895,0.09658693,0.05020942,0.00096752,0.0087841,0.02612316,White,White,-0.71364309,-0.6803183,-0.66247997,0.6291223,0.13989961,15.08,Rural
TX,TX-47,103080,72455,0.01098176,0.02919107,0.26551653,0.73448347,0.40674902,0.2578152,0.02415292,0.06395694,0.03160582,Black,Black,0.21408891,0.32847927,0.28366821,0.35669547,0.19687569,1311.34,Urban
TX,TX-48,98076,70657,0.05256128,-0.02077083,0.3819296,0.6180704,0.32262904,0.21560496,0.019163,0.06279633,0.03616061,Minority,Minority,0.04527363,0.10676454,0.02800826,0.48378191,0.2772887,455.81,Suburban
TX,TX-49,98979,75792,0.0599319,-0.01175492,0.57184136,0.42815864,0.15521427,0.22177802,0.00535677,0.03311695,0.02985803,White,White,-0.2822116,-0.2245252,-0.29421645,0.48821616,0.30618062,237.4,Suburban
TX,TX-50,104112,78866,0.00068196,0.03949496,0.35972409,0.64027591,0.2415236,0.35385337,0.00204144,0.03265032,0.02970862,Minority,Minority,0.14308134,0.30068157,0.29197785,0.31953121,0.16862389,670.56,Suburban
TX,TX-51,97187,73622,0.03427413,-0.02964695,0.72494635,0.27505365,0.08429546,0.14607047,0.00160278,0.01949146,0.0278721,White,White,-0.42591575,-0.39542691,-0.43741639,0.65113272,0.34654073,66.96,Rural
TX,TX-52,98394,75443,0.02587556,-0.01759579,0.6636401,0.3363599,0.12663865,0.16702676,0.00123272,0.01870286,0.02574129,White,White,-0.47881151,-0.43564793,-0.46716891,0.61866543,0.22977646,18.2,Rural
TX,TX-53,101328,77062,0.02079386,0.01169841,0.62331629,0.37668371,0.14227505,0.1739768,0.011627,0.03059874,0.03092315,White,White,-0.482511,-0.42175975,-0.4679173,0.43242719,0.17639625,19.22,Rural
TX,TX-54,95266,72329,0.0508471,-0.04882697,0.68102697,0.31897303,0.07246056,0.20032076,0.00255776,0.0199505,0.03161941,White,White,-0.50990447,-0.4916874,-0.51461211,0.65963509,0.2644227,20.48,Rural
TX,TX-55,102186,82127,0.05687668,0.02026502,0.76940592,0.23059408,0.020931,0.16446479,0.00178991,0.01234673,0.03299767,White,White,-0.596745,-0.57960025,-0.6042913,0.71017428,0.26872841,8.72,Rural
TX,TX-56,99483,77794,0.00862459,-0.00672279,0.72661131,0.27338869,0.02690439,0.21230429,0.00221097,0.00808546,0.02901252,White,White,-0.74907843,-0.7276143,-0.7327072,0.62574735,0.21572898,3.34,Rural
TX,TX-57,99217,76113,-0.00952458,-0.00937864,0.51917544,0.48082456,0.05185711,0.38646486,0.00266709,0.02389868,0.02860221,White,White,-0.39416936,-0.36159291,-0.40231848,0.48103759,0.24191921,634.58,Suburban
TX,TX-58,103103,80288,0.01846697,0.02942071,0.49272619,0.50727381,0.012916,0.46999552,0.00171881,0.00991431,0.02226983,Minority,White,-0.50412666,-0.42412371,-0.36195799,0.65849656,0.25611281,3.04,Rural
TX,TX-59,96877,77449,0.05345954,-0.03274211,0.73382484,0.26617516,0.01479683,0.21055146,0.00255652,0.01449986,0.02557812,White,White,-0.55012616,-0.52372791,-0.57602111,0.74099625,0.3821867,21.18,Rural
TX,TX-60,96163,74800,0.04457016,-0.03987097,0.49820856,0.50179144,0.0228877,0.45001337,0.0017246,0.0088369,0.02541444,Minority,White,-0.46229344,-0.40515356,-0.40781816,0.6406734,0.22723445,10.12,Rural
TX,TX-61,101270,72824,0.01404167,0.01111932,0.35861804,0.64138196,0.05645117,0.55207075,0.00186752,0.01749423,0.02610403,Hispanic,Hispanic,-0.6035969,-0.54433344,-0.43871905,0.45705412,0.17665248,2.64,Rural
TX,TX-62,100248,73935,0.02508778,0.00091527,0.5562724,0.4437276,0.07319943,0.32001082,0.00190708,0.02967471,0.02634747,White,White,-0.60072956,-0.57829271,-0.59356238,0.58253708,0.35864886,396.41,Suburban
TX,TX-63,100691,74530,-0.00881906,0.00533836,0.34015833,0.65984167,0.07085737,0.55436737,0.00248222,0.02212532,0.02470146,Hispanic,Hispanic,-0.47676285,-0.42302358,-0.3676015,0.43543065,0.16928822,407.29,Suburban
TX,TX-64,102589,72006,-0.00484457,0.02428873,0.37467711,0.62532289,0.02833097,0.57125795,0.00198595,0.01061023,0.02613671,Hispanic,Hispanic,-0.65152986,-0.61581272,-0.52145865,0.45517478,0.15600532,8.52,Rural
TX,TX-65,95651,72952,-0.04055368,-0.04498298,0.48285174,0.51714826,0.05883321,0.43591677,0.00138447,0.00947198,0.02348119,Minority,Minority,-0.67047581,-0.62965595,-0.59275885,0.4575657,0.1517147,4.55,Rural
TX,TX-66,100563,70760,-0.00113362,0.00406035,0.4263143,0.5736857,0.02218768,0.53550028,0.00114471,0.00510175,0.02217354,Hispanic,Hispanic,-0.67924719,-0.62285827,-0.57426805,0.5070372,0.13346369,4.81,Rural
TX,TX-67,101420,75843,0.01606192,0.01261698,0.49938689,0.50061311,0.04359005,0.42523371,0.00191184,0.01288187,0.02637026,Minority,White,-0.62202988,-0.56909071,-0.5589375,0.50566606,0.22012756,7.09,Rural
TX,TX-68,104644,79039,0.02707274,0.04480665,0.730905,0.269095,0.03820899,0.17854477,0.00091094,0.0220271,0.03235112,White,White,-0.59143537,-0.58466362,-0.65169028,0.6334853,0.32494469,218.93,Suburban
TX,TX-69,100354,73532,-0.01400044,0.00197362,0.4459691,0.5540309,0.10294838,0.36775825,0.00118316,0.0596067,0.03489637,Minority,White,-0.36942949,-0.31096915,-0.34673601,0.4101932,0.17992362,405.84,Suburban
TX,TX-70,99751,73980,-0.02227547,-0.00404697,0.55544742,0.44455258,0.04868883,0.35360908,0.00118951,0.0143282,0.0392133,White,White,-0.76820019,-0.7466191,-0.72991416,0.54990831,0.16570204,3.06,Rural
TX,TX-71,98619,83247,-0.01549397,-0.0153493,0.46304371,0.53695629,0.13505592,0.29322378,0.00170577,0.10544524,0.01783848,Minority,White,0.04590662,0.23321824,0.10822363,0.29958755,0.30621435,1297.2,Urban
TX,TX-72,101914,79085,0.03621681,0.01754927,0.61725991,0.38274009,0.09410128,0.22207751,0.00209901,0.0430423,0.02733767,White,White,-0.31464101,-0.24664495,-0.3184915,0.66843543,0.42476264,97.6,Rural
TX,TX-73,101283,76982,0.10603951,0.01124912,0.65377621,0.34622379,0.11666364,0.1716765,0.00141592,0.03307267,0.02408355,White,White,-0.5182881,-0.46212848,-0.48719522,0.67468963,0.35673285,19.37,Rural
TX,TX-74,101709,78194,0.05357441,0.01550247,0.53844285,0.46155715,0.18230299,0.24359925,0.00113819,0.01474538,0.02551347,White,White,-0.41545339,-0.41960634,-0.44516074,0.6719749,0.25869258,29.19,Rural
TX,TX-75,103063,75190,0.00166888,0.02902133,0.45004655,0.54995345,0.15480782,0.26351908,0.00182205,0.11707674,0.02413885,Minority,Minority,-0.12470818,-0.09376733,-0.15533466,0.68589146,0.41110541,754.36,Suburban
TX,TX-76,103460,74352,0.14421032,0.03298514,0.32339413,0.67660587,0.26709436,0.26275016,0.00231332,0.13632451,0.02360394,Minority,Minority,0.13336834,0.14500824,0.06594181,0.6476112,0.42745924,221.62,Suburban
TX,TX-77,95704,71814,0.01476427,-0.0444538,0.54067452,0.45932548,0.0728131,0.35111538,0.00084942,0.01353497,0.02982705,White,White,-0.47362435,-0.43321171,-0.43538411,0.53607409,0.18128766,60.1,Rural
TX,TX-78,97491,75235,0.07358628,-0.0266117,0.60292417,0.39707583,0.10699807,0.25009636,0.000957,0.01921978,0.02436366,White,White,-0.53803306,-0.51044083,-0.51040763,0.57754073,0.23826834,41.06,Rural
TX,TX-79,100218,74144,0.00201561,0.00061574,0.06869066,0.93130934,0.58153054,0.28923446,0.00142965,0.06611459,0.01908448,Black,Black,0.61023819,0.72447279,0.76894113,0.61156314,0.28233335,850.46,Suburban
TX,TX-80,96287,70373,-0.01889144,-0.0386329,0.28925866,0.71074134,0.09731005,0.08511787,0.00171941,0.52119421,0.01003226,Asian,Asian,0.00692433,0.13467285,0.07042943,0.7396522,0.66414479,1063.35,Urban
TX,TX-81,98122,69647,0.18430118,-0.02031155,0.30694789,0.69305211,0.20407196,0.39044036,0.00159375,0.09037001,0.02133617,Hispanic,Hispanic,0.0230173,0.05814077,-0.0046651,0.56720059,0.34975294,228.28,Suburban
TX,TX-82,99713,74143,0.0732402,-0.00442638,0.27831353,0.72168647,0.19902081,0.17003628,0.00152408,0.34767948,0.0135414,Asian,Asian,0.01879009,0.16308638,0.12924663,0.61106821,0.49804928,1006.77,Urban
TX,TX-83,104318,82200,-0.02377346,0.04155174,0.31396594,0.68603406,0.19855231,0.20208029,0.00164234,0.27817518,0.01683698,Minority,Minority,0.03641475,0.1112657,0.06752261,0.62913907,0.44734864,1195.27,Urban
TX,TX-84,96149,70059,0.08244496,-0.04001075,0.26690361,0.73309639,0.2318189,0.27372643,0.00137027,0.22488189,0.01858434,Hispanic,Hispanic,0.07678778,0.1782934,0.15941739,0.59296319,0.47647484,1649.31,Urban
TX,TX-85,96910,67436,0.17978537,-0.03241263,0.45360045,0.54639955,0.16203511,0.19448069,0.00134943,0.17683433,0.01763153,Minority,Minority,-0.14566274,-0.11430865,-0.25953297,0.67078866,0.54052867,560.74,Suburban
TX,TX-86,103375,68300,0.19243531,0.03213646,0.4674817,0.5325183,0.08783309,0.20077599,0.00128843,0.22859444,0.01522694,Minority,White,-0.21626042,-0.17346916,-0.28270936,0.78275288,0.69427938,755.1,Suburban
TX,TX-87,99592,74216,0.07229496,-0.00563449,0.65446804,0.34553196,0.09514121,0.21023768,0.00114531,0.0127331,0.02756818,White,White,-0.64749487,-0.61189268,-0.59543625,0.62801524,0.16040493,28.65,Rural
TX,TX-88,97608,71630,0.11342308,-0.02544352,0.72376099,0.27623901,0.05938852,0.18146028,0.00113081,0.00843222,0.02782354,White,White,-0.70519991,-0.69487704,-0.69591354,0.59597665,0.15534227,27.77,Rural
TX,TX-89,97323,78086,0.04270316,-0.02828907,0.73307635,0.26692365,0.10145224,0.12175038,0.00081961,0.00773506,0.03310453,White,White,-0.6363578,-0.59788383,-0.58397245,0.59935342,0.13949994,14.73,Rural
TX,TX-90,103457,86526,0.04297438,0.03295518,0.56815293,0.43184707,0.20359198,0.19434621,0.00142154,0.014643,0.02081455,White,White,-0.48703314,-0.41310525,-0.42453485,0.44080648,0.17991151,20.55,Rural
TX,TX-91,104535,79668,0.03496437,0.04371836,0.6245293,0.3754707,0.13561279,0.20247778,0.00711704,0.00908771,0.02771502,White,White,-0.59547178,-0.53236315,-0.53074015,0.61580232,0.16986449,10.58,Rural
TX,TX-92,100102,80211,0.01145831,-0.00054245,0.46622034,0.53377966,0.23263642,0.25813168,0.00198227,0.02705365,0.02687911,Minority,White,0.02996957,0.11265845,0.13674954,0.47938728,0.25945292,295.71,Suburban
TX,TX-93,98202,72667,0.06843038,-0.01951279,0.51613525,0.48386475,0.13960945,0.28080146,0.00188531,0.04099522,0.02950445,White,White,-0.24766263,-0.21128253,-0.23611559,0.57524591,0.28581017,476.94,Suburban
TX,TX-94,102381,75238,0.00118186,0.02221198,0.70389963,0.29610037,0.0485393,0.16417236,0.0019538,0.05829501,0.02555889,White,White,-0.46021578,-0.43897931,-0.4826878,0.77411804,0.39468711,394.44,Suburban
TX,TX-95,102075,79433,0.0029782,0.01915675,0.6590334,0.3409666,0.06419246,0.21093248,0.00151071,0.03954276,0.02793549,White,White,-0.34673661,-0.32992567,-0.38130813,0.65497192,0.39607742,547.14,Suburban
TX,TX-96,99595,76241,0.005432,-0.00560454,0.58893509,0.41106491,0.11058354,0.25128212,0.00274131,0.02797707,0.03259401,White,White,-0.35984725,-0.31206949,-0.38982268,0.41884946,0.24135935,398.8,Suburban
TX,TX-97,98885,75161,0.02931688,-0.01269346,0.76853687,0.23146313,0.03195806,0.15392291,0.0022219,0.01733612,0.02891127,White,White,-0.70317473,-0.68940497,-0.70079355,0.65730571,0.27672462,8.57,Rural
TX,TX-98,101242,79581,0.03047154,0.01083976,0.75386085,0.24613915,0.02905216,0.17888692,0.00172152,0.0097762,0.03072341,White,White,-0.70085816,-0.66860092,-0.67069652,0.60966934,0.24040576,8.28,Rural
TX,TX-99,99771,76819,0.01774063,-0.00384728,0.80830263,0.19169737,0.02552754,0.11538812,0.00131478,0.01283537,0.03808954,White,White,-0.74480621,-0.72584667,-0.7295894,0.63846073,0.21249161,6.2,Rural
TX,TX-100,102541,80386,0.00440799,0.02380948,0.60157241,0.39842759,0.13992486,0.1982186,0.00352051,0.0330157,0.03462046,White,White,-0.33996545,-0.31307778,-0.41301119,0.42941161,0.23930318,438.07,Suburban
TX,TX-101,98475,77055,0.00230515,-0.01678706,0.68745701,0.31254299,0.06129388,0.21984297,0.00198559,0.00817598,0.02838232,White,White,-0.75985363,-0.7386453,-0.71635185,0.56377757,0.17094128,1.87,Rural
TX,TX-102,105051,79207,0.05411657,0.0488703,0.74969384,0.25030616,0.04351888,0.1502645,0.00130039,0.01302915,0.04281187,White,White,-0.62719723,-0.60270213,-0.62909706,0.68815992,0.23664155,27.22,Rural
TX,TX-103,103270,80902,0.04689648,0.0310881,0.75144001,0.24855999,0.07270525,0.10834096,0.00152036,0.01678574,0.05057971,White,White,-0.54358017,-0.49676807,-0.51681126,0.59001026,0.21355872,43.57,Rural
TX,TX-104,96657,73816,0.02166424,-0.03493868,0.74539395,0.25460605,0.10478758,0.09861006,0.00155793,0.01140674,0.04066869,White,White,-0.62698506,-0.59046688,-0.59224159,0.59799164,0.21342708,16.78,Rural
TX,TX-105,104480,80816,-0.00721669,0.04316921,0.6430781,0.3569219,0.24022471,0.07097604,0.00157147,0.01404425,0.03187488,White,White,-0.50389348,-0.44506889,-0.47438574,0.55212501,0.21265175,20.91,Rural
TX,TX-106,104222,79566,0.00913435,0.04059324,0.65221326,0.34778674,0.14307619,0.16811201,0.00163386,0.00830757,0.03199859,White,White,-0.58983058,-0.50832036,-0.49968685,0.61269242,0.17994457,16.38,Rural
TX,TX-107,97899,77051,0.04498514,-0.02253807,0.81405822,0.18594178,0.05713099,0.08221827,0.0008436,0.00733281,0.03583341,White,White,-0.70632906,-0.68697092,-0.69062651,0.6487925,0.19401459,25.93,Rural
TX,TX-108,97912,73624,-0.00820124,-0.02240827,0.53803108,0.46196892,0.26782028,0.16121102,0.0014805,0.00968434,0.02808867,White,White,-0.3788739,-0.29223518,-0.27625811,0.5601132,0.20068337,39.55,Rural
TX,TX-109,95166,72244,0.03530673,-0.04982541,0.67816012,0.32183988,0.14953491,0.1271109,0.00081668,0.0185621,0.02697802,White,White,-0.53062229,-0.50978496,-0.56433581,0.55700241,0.24600305,168.96,Rural
TX,TX-110,95665,71744,-0.00221607,-0.0448432,0.39983831,0.60016169,0.27938225,0.28558486,0.00132415,0.0206289,0.02593945,Minority,Minority,-0.08818005,0.00677966,-0.02149758,0.45175574,0.19790895,262.96,Suburban
TX,TX-111,98011,75625,0.07705258,-0.02141981,0.7717686,0.2282314,0.09018182,0.08412562,0.00136198,0.02723967,0.02565289,White,White,-0.5775615,-0.56758964,-0.6247975,0.70201704,0.37100261,122.7,Rural
TX,TX-112,99344,76059,0.04055605,-0.00811062,0.7915697,0.2084303,0.06458144,0.10284122,0.00109126,0.00825675,0.03077874,White,White,-0.69432172,-0.66681516,-0.66329682,0.6388123,0.18227076,29.17,Rural
TX,TX-113,98727,75965,0.01008843,-0.01427099,0.66119924,0.33880076,0.1661423,0.14041993,0.0012769,0.00883302,0.02531429,White,White,-0.62425747,-0.58408048,-0.5893421,0.59157984,0.15433429,15.06,Rural
TX,TX-114,104951,80165,-0.0134539,0.04787186,0.57446517,0.42553483,0.19640741,0.19644483,0.00098547,0.01387139,0.02464916,White,White,-0.37327908,-0.29074826,-0.31455808,0.53655724,0.20656237,24.87,Rural
TX,TX-115,104427,79069,0.04051634,0.04264004,0.67492949,0.32507051,0.11525377,0.17649142,0.00096119,0.01086393,0.02586349,White,White,-0.62382028,-0.57856914,-0.58738369,0.59216016,0.18766871,23.74,Rural
TX,TX-116,101622,82377,0.00947629,0.01463382,0.63747162,0.36252838,0.18973743,0.14392367,0.00092259,0.00796339,0.02297972,White,White,-0.62281511,-0.5824531,-0.5817803,0.51121734,0.14783497,15.07,Rural
TX,TX-117,100725,77646,0.06607099,0.00567782,0.74683821,0.25316179,0.05637122,0.15481802,0.00145532,0.00904103,0.03352394,White,White,-0.61921652,-0.59036928,-0.59917925,0.56516278,0.18284874,40.47,Rural
TX,TX-118,105101,73820,0.21779051,0.04936952,0.53971823,0.46028177,0.19353834,0.21789488,0.00165267,0.02428881,0.03217285,White,White,-0.16036598,-0.23395369,-0.38975188,0.63209921,0.26318659,105.67,Rural
TX,TX-119,97147,71388,0.08036275,-0.03004633,0.54943408,0.45056592,0.12076259,0.29311649,0.0024654,0.01070208,0.03070544,White,White,-0.30090301,-0.30837005,-0.39409208,0.60862894,0.23489115,98.68,Rural
TX,TX-120,95308,69596,0.13532967,-0.04840762,0.63647336,0.36352664,0.14084143,0.18157653,0.00155181,0.013564,0.02984367,White,White,-0.31652013,-0.36685959,-0.49552566,0.74476743,0.32281093,66.23,Rural
TX,TX-121,102383,77229,0.04480236,0.02223195,0.6845356,0.3154644,0.05751725,0.20954564,0.00146318,0.0142563,0.03632055,White,White,-0.51388452,-0.53642874,-0.57872453,0.62765552,0.21341633,32.49,Rural
TX,TX-122,102377,75935,0.09025465,0.02217204,0.7073023,0.2926977,0.0380852,0.20131692,0.007941,0.01281359,0.03609666,White,White,-0.52852967,-0.5289465,-0.56676007,0.53323956,0.20553797,190.67,Rural
TX,TX-123,96778,75465,0.07681498,-0.03373057,0.82784072,0.17215928,0.01246936,0.11403962,0.00201418,0.00992513,0.03284967,White,White,-0.6730438,-0.65265551,-0.66779051,0.74992328,0.31123134,36.68,Rural
TX,TX-124,102208,76901,0.12315083,0.02048468,0.82630915,0.17369085,0.01686584,0.10647456,0.00188554,0.01206746,0.03279541,White,White,-0.65236166,-0.63030125,-0.66596797,0.76373521,0.33695452,60.74,Rural
TX,TX-125,99712,75368,0.1140986,-0.00443636,0.77948201,0.22051799,0.01383876,0.15499947,0.00114107,0.00857128,0.04062732,White,White,-0.69861381,-0.68279489,-0.69501823,0.70294578,0.19493482,38.25,Rural
TX,TX-126,104950,76421,0.14502144,0.04786188,0.68485102,0.31514898,0.08150901,0.16528179,0.00200207,0.03959645,0.03288363,White,White,-0.40814696,-0.37670262,-0.46812581,0.72921347,0.44468207,327.3,Suburban
TX,TX-127,96737,69595,0.21577059,-0.03413993,0.65965946,0.34034054,0.06539263,0.19560313,0.00173863,0.04712982,0.03638192,White,White,-0.35692261,-0.39065271,-0.50198786,0.74731792,0.34093516,98.6,Rural
TX,TX-128,96901,65365,0.41010929,-0.03250249,0.68695785,0.31304215,0.09543334,0.1324868,0.00215712,0.05759963,0.02972539,White,White,-0.35452654,-0.35085486,-0.49180136,0.8112987,0.527755,178.03,Rural
TX,TX-129,101554,74949,0.04094373,0.01395489,0.60507812,0.39492188,0.12101562,0.1902894,0.00233492,0.06230904,0.02684492,White,White,-0.16010559,-0.12649219,-0.24790642,0.64724388,0.47228338,906.64,Suburban
TX,TX-130,100950,69416,0.08795443,0.00792431,0.45041489,0.54958511,0.13584764,0.09909819,0.00240579,0.29748185,0.01982252,Minority,White,-0.02823265,0.06353928,-0.10118985,0.69291856,0.62379284,1765.92,Urban
TX,TX-131,95291,69567,0.10003043,-0.04857736,0.50023718,0.49976282,0.12244311,0.14166199,0.00221369,0.21303204,0.02216568,White,White,-0.07122843,0.0028613,-0.1474904,0.63500437,0.5960518,1026.18,Urban
TX,TX-132,95687,69883,0.04279578,-0.04462354,0.54625588,0.45374412,0.10717914,0.11821187,0.00181732,0.2075469,0.0240688,White,White,-0.05569256,0.00032204,-0.1411175,0.68691911,0.53994806,1469.1,Urban
TX,TX-133,96054,67787,0.02237283,-0.04095927,0.54299497,0.45700503,0.12499447,0.14030714,0.00148996,0.16994409,0.02614071,White,White,-0.1352468,-0.06473115,-0.19411695,0.69545149,0.48309628,950.9,Suburban
TX,TX-134,95352,75276,0.05385309,-0.04796831,0.41626813,0.58373187,0.11809873,0.21980445,0.00203252,0.23098996,0.02392529,Minority,Minority,0.12379467,0.19269893,0.05349596,0.53610254,0.51498507,1420.51,Urban
TX,TX-135,96525,79206,0.02444962,-0.03625662,0.5536323,0.4463677,0.13483827,0.13967376,0.00195692,0.1545085,0.02018786,White,White,0.02625713,0.07065089,-0.05528766,0.62545129,0.59699167,1808.21,Urban
TX,TX-136,95444,74284,0.0207661,-0.04704975,0.53049109,0.46950891,0.08752894,0.11621614,0.00185774,0.24536912,0.0217005,White,White,0.05922927,0.10657464,-0.02716966,0.68844844,0.57447599,1803.15,Urban
TX,TX-137,96839,73614,0.00564855,-0.03312152,0.48143016,0.51856984,0.09409895,0.08173717,0.00194257,0.32559024,0.01567637,Minority,White,-0.00017026,0.07839132,-0.05383576,0.69087548,0.68837599,1596.66,Urban
TX,TX-138,103667,83317,0.03214138,0.0350519,0.44819185,0.55180815,0.17126157,0.21386992,0.0025325,0.15013743,0.02616513,Minority,White,0.04822934,0.1253616,-0.00189643,0.53478485,0.47589894,1929.79,Urban
TX,TX-139,101698,77167,0.02413027,0.01539264,0.35975223,0.64024777,0.18042687,0.24227973,0.00230669,0.20297537,0.02646209,Minority,Minority,0.0726229,0.16929277,0.05032987,0.50443253,0.43923897,1061.56,Urban
TX,TX-140,100631,75285,0.03643013,0.00473929,0.60531314,0.39468686,0.07758518,0.15803945,0.00144783,0.13757057,0.02788072,White,White,-0.11539231,-0.08523106,-0.21918208,0.68942403,0.5283417,1439.19,Urban
TX,TX-141,96324,72801,0.04801503,-0.03826348,0.59882419,0.40117581,0.08504004,0.17170094,0.0020192,0.11924287,0.02869466,White,White,-0.16726378,-0.14447066,-0.2683378,0.70293906,0.49120141,766.25,Suburban
TX,TX-142,100610,68822,0.10664944,0.00452962,0.51633199,0.48366801,0.14726396,0.16301473,0.00175816,0.15290169,0.02576211,White,White,-0.07476904,-0.01185268,-0.16149006,0.66407374,0.54826992,1558.33,Urban
TX,TX-143,104336,73339,0.22819545,0.04173146,0.55990673,0.44009327,0.15242913,0.19015803,0.00249526,0.07071272,0.0333656,White,White,-0.01407432,0.02308406,-0.13391445,0.70155363,0.44734943,360.52,Suburban
TX,TX-144,97178,78709,0.04228323,-0.02973681,0.53697798,0.46302202,0.14515494,0.22964337,0.00274429,0.06870879,0.03150847,White,White,0.19725583,0.21286355,0.1089646,0.53752699,0.39960504,983.87,Suburban
TX,TX-145,101281,74674,0.07133618,0.01122915,0.77125907,0.22874093,0.04219675,0.10078474,0.00179447,0.05688727,0.02774727,White,White,-0.36234617,-0.34052378,-0.44772124,0.82311619,0.57889847,441.67,Suburban
TX,TX-146,100697,74302,0.13097709,0.00539826,0.73666927,0.26333073,0.04487093,0.15103227,0.00242255,0.03121047,0.03713224,White,White,-0.46127443,-0.45278538,-0.54207834,0.80669218,0.39067072,80.68,Rural
TX,TX-147,102789,77151,0.0727607,0.02628561,0.58266257,0.41733743,0.05832718,0.3150186,0.00327928,0.02242356,0.02933209,White,White,-0.38379117,-0.35140759,-0.42248826,0.6758012,0.27732433,64.47,Rural
TX,TX-148,104711,77705,0.09206292,0.04547561,0.52412329,0.47587671,0.09734251,0.32479248,0.00464578,0.03751367,0.02944469,White,White,-0.2268779,-0.17499179,-0.2740868,0.61501821,0.3870393,372.97,Suburban
TX,TX-149,104028,83076,0.14264429,0.03865627,0.76094179,0.23905821,0.02106505,0.17150561,0.0018778,0.01702056,0.02878088,White,White,-0.5050417,-0.4937468,-0.55860834,0.84071493,0.42705911,86.07,Rural
TX,TX-150,103491,82997,0.10059812,0.03329465,0.67227731,0.32772269,0.03850742,0.20622432,0.02751907,0.05906238,0.02590455,White,White,-0.02449018,0.01481364,-0.08707451,0.7425924,0.52171468,79.01,Rural
TX,TX-151,104145,75222,0.13616592,0.03982444,0.43661429,0.56338571,0.05132807,0.47091276,0.00203398,0.0262955,0.03177262,Hispanic,Hispanic,0.10036039,0.14670637,0.00766959,0.6087835,0.33648995,299.66,Suburban
TX,TX-152,101993,78163,0.06929887,0.01833803,0.371301,0.628699,0.07370495,0.52176861,0.0055525,0.02072592,0.03003979,Hispanic,Hispanic,0.01279146,0.11739238,0.04543236,0.44715614,0.18779073,59.52,Rural
TX,TX-153,97434,75170,0.02743396,-0.02718081,0.52548889,0.47451111,0.08071039,0.18804044,0.00264733,0.18726886,0.02443794,White,White,0.29041309,0.31950885,0.17743908,0.58250223,0.57578581,1213.51,Urban
TX,TX-154,104493,76191,-0.01313964,0.04329901,0.61523015,0.38476985,0.05562337,0.17163445,0.00283498,0.13540969,0.02590857,White,White,0.09356004,0.10753529,-0.03115234,0.68108452,0.52088534,1215.75,Urban
TX,TX-155,103569,75462,0.12372428,0.03407343,0.49350667,0.50649333,0.12705733,0.29486364,0.00341894,0.06746442,0.0307042,Minority,White,0.05462986,0.09427826,-0.02941567,0.60592209,0.36002062,427.37,Suburban
TX,TX-156,100220,74399,0.11117541,0.00063571,0.5064181,0.4935819,0.10938319,0.29719485,0.00369629,0.07064611,0.02930147,White,White,0.04643791,0.09801211,0.01218853,0.58619301,0.37924933,631.53,Suburban
TX,TX-157,102457,72064,0.21414837,0.02297079,0.63071714,0.36928286,0.05704651,0.18847136,0.00269205,0.09991119,0.02839143,White,White,-0.07323071,-0.05660189,-0.1937504,0.75287524,0.49924152,471.08,Suburban
TX,TX-158,100844,79759,0.16336123,0.00686597,0.75961334,0.24038666,0.03066739,0.16628844,0.00224426,0.01919533,0.02668037,White,White,-0.32999228,-0.34478872,-0.42692943,0.81166538,0.44456929,47.9,Rural
TX,TX-159,98153,74000,0.03184824,-0.02000203,0.73631081,0.26368919,0.02536486,0.12945946,0.00222973,0.07971622,0.02631081,White,White,-0.10981385,-0.08119612,-0.17466196,0.80157693,0.59255493,150.15,Rural
TX,TX-160,97652,71964,-0.01245238,-0.02500421,0.69262409,0.30737591,0.02998722,0.1512006,0.00223723,0.10437163,0.02224723,White,White,0.21376555,0.23272805,0.13101345,0.80466741,0.70535875,336.08,Suburban
TX,TX-161,100235,78851,0.0017858,0.00078547,0.74029499,0.25970501,0.02164843,0.11956729,0.00211792,0.09711988,0.01813547,White,White,0.3031304,0.36403166,0.30109073,0.76292768,0.78912777,619.85,Suburban
TX,TX-162,101695,80815,-0.01748365,0.01536268,0.64293757,0.35706243,0.04108148,0.13112665,0.00179422,0.16691208,0.01971169,White,White,0.3892709,0.39415882,0.28669147,0.70897108,0.73265754,790.57,Suburban
TX,TX-163,96848,85195,-0.01927763,-0.03303166,0.61863959,0.38136041,0.04655203,0.17242796,0.00208932,0.14840073,0.01831093,White,White,0.69021496,0.7366026,0.67329022,0.73533131,0.71357378,2850.91,Urban
TX,TX-164,97526,84407,0.01147386,-0.02626224,0.64910493,0.35089507,0.04895329,0.22151006,0.00233393,0.05917756,0.02632483,White,White,0.5332116,0.59926657,0.5530826,0.64271923,0.63152056,2079.94,Urban
TX,TX-165,95797,72399,-0.00131528,-0.04352526,0.27696515,0.72303485,0.12690783,0.54586389,0.00204423,0.04558074,0.03889556,Hispanic,Hispanic,0.62407992,0.67718845,0.62581861,0.41329108,0.31472847,1973.85,Urban
TX,TX-166,102547,84176,0.04507202,0.02386939,0.44639802,0.55360198,0.12976383,0.27185896,0.00280365,0.14246341,0.0275019,Minority,White,0.47526411,0.51308165,0.42979769,0.50647283,0.5282435,1496.46,Urban
TX,TX-167,99909,74755,0.08388634,-0.00246944,0.39799345,0.60200655,0.16525985,0.31019999,0.00335763,0.11312956,0.02961675,Minority,Minority,0.28644258,0.32895393,0.24084246,0.57226417,0.40290113,1486.22,Urban
TX,TX-168,99611,70889,0.20859142,-0.00544479,0.28733654,0.71266346,0.17789784,0.43834728,0.00196081,0.09215816,0.03038553,Hispanic,Hispanic,0.35386213,0.43051611,0.36638285,0.54428162,0.33307552,193.32,Rural
TX,TX-169,98249,71586,0.05130841,-0.01904353,0.22687397,0.77312603,0.10908558,0.62906155,0.00209538,0.03176599,0.03816389,Hispanic,Hispanic,0.45721332,0.58762286,0.57122724,0.48667787,0.27074304,237.56,Suburban
TX,TX-170,103492,83785,0.00618405,0.03330464,0.41081339,0.58918661,0.08148237,0.44886316,0.0022319,0.04759802,0.03285791,Hispanic,Hispanic,0.48704487,0.55111974,0.47565028,0.53289985,0.43387041,1219.77,Urban
TX,TX-171,98474,83668,0.00942381,-0.01679704,0.42979395,0.57020605,0.16052732,0.34156428,0.00274896,0.0567481,0.02934216,Minority,White,0.64896074,0.7703669,0.75974953,0.53206589,0.51380561,1610.24,Urban
TX,TX-172,101130,73097,0.05816276,0.0097215,0.25255482,0.74744518,0.05637714,0.67094409,0.00190158,0.01206616,0.0308631,Hispanic,Hispanic,-0.08914709,-0.02151247,-0.02271233,0.54875265,0.15900798,89.4,Rural
TX,TX-173,99408,69093,0.07313295,-0.00747162,0.21994992,0.78005008,0.11092296,0.63140984,0.00525379,0.03887514,0.03084249,Hispanic,Hispanic,0.09455371,0.22760515,0.22351762,0.54321582,0.22929048,600.11,Suburban
TX,TX-174,100576,69442,0.04292276,0.00419015,0.32912359,0.67087641,0.12190029,0.48175456,0.00529939,0.0653351,0.03002506,Hispanic,Hispanic,0.05954892,0.13941989,0.02844281,0.77161833,0.43747781,614.04,Suburban
TX,TX-175,103039,78391,-0.00841429,0.02878171,0.22792157,0.77207843,0.11192611,0.6038831,0.00525571,0.05389649,0.0303989,Hispanic,Hispanic,0.19199384,0.3000888,0.2553509,0.47053769,0.27056247,1647.62,Urban
TX,TX-176,95502,71690,0.04013529,-0.04647065,0.31772911,0.68227089,0.06530897,0.56758265,0.00371042,0.04345097,0.03213837,Hispanic,Hispanic,0.09826962,0.16364368,0.09512236,0.59176305,0.35199976,1853.95,Urban
TX,TX-177,100331,79769,0.05881532,0.00174397,0.30638469,0.69361531,0.09847184,0.47381815,0.00384861,0.11692512,0.03028746,Hispanic,Hispanic,0.19886381,0.27267425,0.20202299,0.4566333,0.36896138,2066.06,Urban
TX,TX-178,102457,83154,0.0475907,0.02297079,0.37111865,0.62888135,0.08128292,0.450742,0.00286216,0.0912644,0.02661327,Hispanic,Hispanic,0.12129,0.1735774,0.06588268,0.5890535,0.52858405,1025.72,Urban
TX,TX-179,99507,80288,0.02566654,-0.00648316,0.49945197,0.50054803,0.0547778,0.39580012,0.00305151,0.04184934,0.02606865,Minority,White,0.0133301,0.02251069,-0.09739898,0.6499737,0.50704146,1042.23,Urban
TX,TX-180,101073,75440,0.02984971,0.00915239,0.52603393,0.47396607,0.05116649,0.33031548,0.00330064,0.08031548,0.02274655,White,White,-0.15815714,-0.12887464,-0.24052253,0.7700866,0.5988332,231.48,Suburban
TX,TX-181,99029,71516,-0.00996678,-0.0112557,0.49762291,0.50237709,0.07346608,0.32845797,0.00501986,0.08859556,0.02623189,Minority,White,-0.15666617,-0.13269361,-0.24754989,0.8096988,0.54281759,509.47,Suburban
TX,TX-182,104140,80426,0.01900326,0.03977452,0.43868898,0.56131102,0.09797827,0.40667197,0.00467511,0.04559471,0.03281277,Minority,Minority,-0.00761334,0.02615537,-0.07332932,0.59531994,0.35364663,1396.74,Urban
TX,TX-183,101455,77781,-0.01084225,0.01296643,0.34503285,0.65496715,0.13948136,0.4674792,0.00452553,0.04152685,0.03174297,Hispanic,Hispanic,0.08071826,0.13302942,0.0519385,0.49838772,0.25451562,1434.28,Urban
TX,TX-184,98276,71789,0.09877284,-0.01877395,0.31671983,0.68328017,0.24039895,0.39025477,0.00736882,0.04957584,0.03279054,Hispanic,Hispanic,0.12782448,0.18989524,0.10385905,0.54468571,0.30217353,773.91,Suburban
TX,TX-185,99537,75324,0.02632187,-0.00618363,0.3856407,0.6143593,0.16491424,0.40548829,0.00477935,0.04083692,0.02821146,Hispanic,Hispanic,0.14928617,0.20998914,0.13629639,0.47126682,0.33286363,1156.91,Urban
TX,TX-186,104868,77572,0.03253614,0.04704316,0.12525138,0.87474862,0.15363791,0.71248646,0.00189501,0.01121539,0.03039757,Hispanic,Hispanic,0.32833498,0.45497478,0.48294369,0.39289684,0.10404445,1381.54,Urban
TX,TX-187,99409,73254,0.00502973,-0.00746163,0.07233735,0.92766265,0.01513911,0.90583449,0.00165179,0.00727605,0.02674257,Hispanic,Hispanic,0.27312426,0.4517918,0.55135226,0.39345235,0.08396573,1262.93,Urban
TX,TX-188,100967,73633,0.0138164,0.00809405,0.12478101,0.87521899,0.05308761,0.81042467,0.00196923,0.01340432,0.02539622,Hispanic,Hispanic,0.29529959,0.48070113,0.56784677,0.30863902,0.0847258,1246.01,Urban
TX,TX-189,99092,71974,0.00436968,-0.01062669,0.07790313,0.92209687,0.0446967,0.86568761,0.00215356,0.01275461,0.0285103,Hispanic,Hispanic,0.31100727,0.47566413,0.53211967,0.37668074,0.08841233,1625.21,Urban
TX,TX-190,99641,81196,0.01230417,-0.00514526,0.21572491,0.78427509,0.05335238,0.70829844,0.00206907,0.01969309,0.02952116,Hispanic,Hispanic,0.45656585,0.5508604,0.58032474,0.44052045,0.23579882,1844.2,Urban
TX,TX-191,99887,77559,0.02051318,-0.0026891,0.22038706,0.77961294,0.03996957,0.71793087,0.00220477,0.01801209,0.03225931,Hispanic,Hispanic,0.25043126,0.34000596,0.3143604,0.48070936,0.23602702,1855.87,Urban
TX,TX-192,98862,74679,0.00063725,-0.0129231,0.70649045,0.29350955,0.04299736,0.12705044,0.00245049,0.09779188,0.02554935,White,White,-0.2603476,-0.2275963,-0.3338696,0.79673612,0.60877064,572.78,Suburban
TX,TX-193,104450,79366,0.01241742,0.04286968,0.70344984,0.29655016,0.05799713,0.14924527,0.00357836,0.05889172,0.02992465,White,White,-0.2952956,-0.28088869,-0.38974138,0.69448094,0.41278565,1494.45,Urban
TX,TX-194,101815,77069,-0.00648235,0.01656081,0.50432729,0.49567271,0.09412345,0.31134438,0.00468411,0.06447469,0.03460535,White,White,-0.17656866,-0.16631753,-0.26041446,0.49449891,0.20639884,1482.78,Urban
TX,TX-195,100489,79663,-0.01186199,0.00332151,0.68985602,0.31014398,0.08209583,0.12004318,0.00581198,0.07939696,0.02632339,White,White,-0.21604593,-0.20574838,-0.32911793,0.73861024,0.49822564,1303.35,Urban
TX,TX-196,104003,82112,0.01923021,0.03840666,0.4176856,0.5823144,0.24934236,0.17722136,0.0131893,0.13186867,0.0254774,Minority,Minority,0.10439291,0.16719737,0.02692736,0.53790759,0.40914221,1205.82,Urban
TX,TX-197,97335,70846,0.04234859,-0.02816926,0.25661294,0.74338706,0.3998532,0.22012534,0.00234311,0.11591339,0.02255597,Black,Black,0.2808528,0.34716267,0.28167396,0.52923972,0.37729771,1290.1,Urban
TX,TX-198,98138,70746,-0.05996658,-0.0201518,0.22118565,0.77881435,0.20206089,0.49417635,0.00223334,0.07500071,0.03636955,Hispanic,Hispanic,0.16538699,0.28175304,0.25492537,0.39442504,0.15195091,2200.74,Urban
TX,TX-199,100775,76974,-0.00123046,0.00617704,0.37397043,0.62602957,0.23732689,0.25720373,0.00268922,0.11844259,0.02687921,Minority,Minority,0.1131388,0.17053322,0.10396344,0.51523827,0.2878994,1640.61,Urban
TX,TX-200,103324,74392,0.06564786,0.03162726,0.41515217,0.58484783,0.2701769,0.20318045,0.00263469,0.09767179,0.02845736,Minority,Minority,0.05870986,0.10471437,0.01069623,0.59432853,0.3684007,1197.91,Urban
TX,TX-201,99179,77303,0.0261144,-0.00975804,0.64121703,0.35878297,0.13359119,0.14174094,0.00214739,0.0596872,0.02794199,White,White,-0.10433808,-0.11050179,-0.23443618,0.66373904,0.43066174,1242.88,Urban
TX,TX-202,100749,71787,0.03366783,0.00591745,0.29477482,0.70522518,0.34443562,0.31966791,0.00172733,0.02967111,0.02590998,Black,Black,0.1429882,0.24481198,0.24403475,0.49903529,0.15412487,528.17,Suburban
TX,TX-203,96383,69156,0.13101896,-0.0376744,0.41775117,0.58224883,0.28346058,0.22916305,0.00232807,0.0559026,0.02740182,Minority,Minority,0.06856409,0.1163948,0.03199519,0.63931279,0.31498888,426.53,Suburban
TX,TX-204,98360,75630,0.05584587,-0.01793526,0.45864075,0.54135925,0.23038477,0.25161973,0.00173212,0.04433426,0.02730398,Minority,Minority,0.06725902,0.10624593,0.01860795,0.53195697,0.33261219,1597.43,Urban
TX,TX-205,99335,71807,0.05546887,-0.00820048,0.19372763,0.80627237,0.41449998,0.3533778,0.0019636,0.03332544,0.02260225,Black,Black,0.41930293,0.53464025,0.52846073,0.41973641,0.17870704,1479.6,Urban
TX,TX-206,101917,72851,-0.02145864,0.01757922,0.21231006,0.78768994,0.1084817,0.62604494,0.00289632,0.04289577,0.025861,Hispanic,Hispanic,0.16259179,0.30107394,0.30368082,0.42473168,0.16115312,824.68,Suburban
TX,TX-207,104666,80395,-0.01622303,0.04502631,0.35354189,0.64645811,0.09617514,0.51066609,0.00126874,0.03000187,0.02493936,Hispanic,Hispanic,0.1769717,0.27788322,0.24814315,0.46788352,0.27150791,1603.71,Urban
TX,TX-208,100307,79991,-0.02417578,0.00150435,0.5982298,0.4017702,0.14761661,0.19244665,0.00187521,0.04380493,0.02409021,White,White,-0.02573456,0.02203238,-0.06089907,0.54796621,0.47796117,1375.43,Urban
TX,TX-209,100458,76007,0.01358777,0.00301199,0.60641783,0.39358217,0.07988738,0.2541608,0.00309182,0.03076032,0.03343113,White,White,-0.25334601,-0.24364689,-0.33456182,0.5718767,0.26327424,458.22,Suburban
TX,TX-210,103109,73749,0.14959897,0.02948061,0.64280194,0.35719806,0.08206213,0.20038238,0.00226444,0.04775658,0.03299028,White,White,-0.33394295,-0.33822558,-0.44775155,0.6728735,0.33528265,408.33,Suburban
TX,TX-211,99580,69965,0.00380599,-0.0057543,0.59032373,0.40967627,0.10197956,0.17861788,0.00388766,0.10402344,0.03011506,White,White,-0.18556607,-0.14047772,-0.26714633,0.66451974,0.41671552,1580.08,Urban
TX,TX-212,97406,69558,0.10136953,-0.02746037,0.47915409,0.52084591,0.14058771,0.23659392,0.00380977,0.12602433,0.02942868,Minority,White,-0.12095931,-0.05455113,-0.17733506,0.56494854,0.38818337,1263.77,Urban
TX,TX-213,97266,72624,-0.00409187,-0.02885818,0.25837189,0.74162811,0.07175314,0.59028696,0.00179004,0.06818683,0.0378525,Hispanic,Hispanic,0.0202286,0.14134192,0.06448389,0.52002961,0.22367412,1509.3,Urban
TX,TX-214,100436,75554,0.00969772,0.00279234,0.23681076,0.76318924,0.20888371,0.34453503,0.00317654,0.20186886,0.02891971,Hispanic,Hispanic,0.10795381,0.29592992,0.24467134,0.45546953,0.37228769,1371.17,Urban
TX,TX-215,104174,77874,-0.0071611,0.04011399,0.36140432,0.63859568,0.10136888,0.11007525,0.00172073,0.41389938,0.01598736,Asian,Asian,0.07898765,0.16192655,0.0475946,0.71446018,0.72299515,1290.5,Urban
TX,TX-216,104278,84409,0.00389344,0.04115237,0.39447215,0.60552785,0.11095973,0.37345544,0.00131503,0.10625644,0.03199896,Minority,Minority,0.12961055,0.19174019,0.0756396,0.58926918,0.40848124,1126.08,Urban
TX,TX-217,103942,81668,-0.00800446,0.03779761,0.51387324,0.48612676,0.13081011,0.18585003,0.00175099,0.1513812,0.023669,White,White,0.10568433,0.16649884,0.03947368,0.62934877,0.47916112,1682.97,Urban
TX,TX-218,98156,74820,-0.00402421,-0.01997208,0.3215985,0.6784015,0.13028602,0.34692596,0.00191125,0.18882652,0.02830794,Hispanic,Hispanic,0.01957505,0.104363,0.0521692,0.54971736,0.25436286,1705.91,Urban
TX,TX-219,100695,73080,0.00032772,0.00537829,0.27400109,0.72599891,0.14826218,0.5070197,0.00123153,0.05955118,0.03538588,Hispanic,Hispanic,0.09685487,0.17679237,0.11214252,0.51827412,0.18542585,1646.71,Urban
TX,TX-220,97788,73972,0.03620076,-0.02364633,0.47371979,0.52628021,0.19018007,0.20277943,0.00204131,0.1118261,0.03072784,Minority,White,-0.06869078,-0.02804887,-0.13667505,0.6215169,0.3375817,1046.93,Urban
TX,TX-221,100061,72893,0.00281828,-0.00095181,0.33451772,0.66548228,0.26567709,0.31865886,0.00178344,0.06641241,0.03059279,Minority,Minority,0.09084568,0.16464773,0.06550734,0.54535945,0.22827439,803.6,Suburban
TX,TX-222,105039,72890,-0.01536572,0.04875049,0.23085471,0.76914529,0.20288105,0.54468377,0.00176979,0.01447386,0.03642475,Hispanic,Hispanic,0.19482383,0.27586207,0.18658963,0.3956513,0.11118057,1370.83,Urban
TX,TX-223,99069,70846,0.03297702,-0.01085633,0.18557152,0.81442848,0.473026,0.32765435,0.00119979,0.00722694,0.02588714,Black,Black,0.50499137,0.59077192,0.55982558,0.47282357,0.1729039,253.92,Suburban
TX,TX-224,99075,74104,-0.00781226,-0.01079642,0.16926212,0.83073788,0.5472849,0.26400734,0.00125499,0.01537029,0.02635485,Black,Black,0.52160834,0.5764649,0.52151176,0.55574463,0.25820525,1162.82,Urban
TX,TX-225,99232,73634,0.03485771,-0.00922887,0.20596464,0.79403536,0.48125866,0.25205747,0.00141239,0.0561018,0.02517859,Black,Black,0.41730808,0.49080059,0.45575233,0.62894662,0.32143631,693.66,Suburban
TX,TX-226,101239,72932,0.01908355,0.0108098,0.21710635,0.78289365,0.14664345,0.58451708,0.00235836,0.04075029,0.0339083,Hispanic,Hispanic,0.13264455,0.24103316,0.1798042,0.45212001,0.15687465,986.04,Suburban
TX,TX-227,102721,82683,-0.004741,0.02560667,0.53512814,0.46487186,0.15413084,0.22395172,0.0017295,0.07306218,0.02180618,White,White,0.11150664,0.15662047,0.04833225,0.60522486,0.57642542,2079.19,Urban
TX,TX-228,103701,76338,0.00257471,0.03539137,0.31153554,0.68846446,0.34828002,0.26471744,0.00145406,0.0682229,0.02399853,Black,Black,0.21119612,0.30978955,0.25312059,0.47079603,0.35962973,2644.32,Urban
TX,TX-229,97532,72734,-0.00458311,-0.02620234,0.37197184,0.62802816,0.06610389,0.51828581,0.00138862,0.03206203,0.02764869,Hispanic,White,0.12548609,0.2169677,0.16144473,0.6782584,0.38304806,1009.27,Urban
TX,TX-230,99598,74268,0.01934778,-0.00557458,0.16677438,0.83322562,0.12844024,0.68104702,0.000956,0.01751764,0.03465826,Hispanic,Hispanic,0.46787883,0.61124481,0.64907568,0.46499047,0.22744364,1557.79,Urban
TX,TX-231,101421,73114,-0.00593565,0.01262696,0.09418169,0.90581831,0.22263862,0.66390842,0.0013814,0.0171513,0.03382389,Hispanic,Hispanic,0.46874056,0.64905442,0.69893222,0.43002393,0.13988552,1288.24,Urban
TX,TX-232,102687,74524,0.05605383,0.0252672,0.04295261,0.95704739,0.67818421,0.26979228,0.00124792,0.00838656,0.02049004,Black,Black,0.75644669,0.85884802,0.8826297,0.41909853,0.15336331,989.16,Suburban
TX,TX-233,96825,78383,0.03785179,-0.0332613,0.2639603,0.7360397,0.46327648,0.23489787,0.001212,0.03322149,0.01867752,Black,Black,0.5128622,0.63691334,0.6796175,0.3888725,0.31058134,1100.1,Urban
TX,TX-234,101020,69616,-0.0295486,0.00862322,0.06182487,0.93817513,0.22336819,0.70841473,0.00117789,0.0057889,0.04101069,Hispanic,Hispanic,0.46250614,0.65719012,0.73148658,0.37063319,0.06688062,1744.46,Urban
TX,TX-235,102214,74750,-0.00504823,0.02054458,0.19010033,0.80989967,0.22848161,0.55070234,0.00131104,0.02357191,0.03249498,Hispanic,Hispanic,0.4022496,0.52079806,0.51127178,0.44720211,0.16468452,2097.55,Urban
TX,TX-236,98692,86990,-0.0316439,-0.01462044,0.48491781,0.51508219,0.13887803,0.28359582,0.00188527,0.07853776,0.02588803,Minority,White,0.33284943,0.43631449,0.41629291,0.52954981,0.5825543,3101.59,Urban
TX,TX-237,98021,80393,-0.02817764,-0.02131997,0.74617193,0.25382807,0.04859876,0.13615613,0.00161706,0.04577513,0.02426828,White,White,0.14313453,0.21623936,0.14247791,0.75393851,0.73875267,1834.18,Urban
TX,TX-238,98657,77485,-0.02216771,-0.0149699,0.60234884,0.39765116,0.12272053,0.17076854,0.00167774,0.09055946,0.02261083,White,White,-0.07964,-0.00524315,-0.10688367,0.68193553,0.63346688,2324.22,Urban
TX,TX-239,97185,70434,0.00473324,-0.02966692,0.31980294,0.68019706,0.18076497,0.45898288,0.00200187,0.02843797,0.02829599,Hispanic,Hispanic,-0.12895019,-0.0711333,-0.09067645,0.41579756,0.1537229,638.24,Suburban
TX,TX-240,98621,71883,-0.00665173,-0.01532933,0.63881585,0.36118415,0.09167675,0.21828527,0.00139115,0.02561106,0.02861595,White,White,-0.44992945,-0.42640171,-0.46746192,0.68482988,0.31413748,247.95,Suburban
TX,TX-241,101141,75670,-0.0082558,0.00983133,0.46935377,0.53064623,0.03687062,0.44715211,0.00175763,0.02884895,0.02821462,Minority,Minority,-0.40132901,-0.36893204,-0.39691548,0.53438372,0.21349916,1059.97,Urban
TX,TX-242,98347,69624,0.00083378,-0.01806506,0.12083477,0.87916523,0.03205791,0.83610537,0.00106285,0.00830174,0.02932897,Hispanic,Hispanic,-0.01941865,0.1698204,0.31941662,0.3547483,0.06920976,1658.4,Urban
TX,TX-243,96414,70103,-0.02956002,-0.03736489,0.19411437,0.80588563,0.16306007,0.55830706,0.00151206,0.0818082,0.02544827,Hispanic,Hispanic,0.02141099,0.16621503,0.22462327,0.39710439,0.18131457,1306.71,Urban
TX,TX-244,99921,78114,-0.00827654,-0.00234963,0.55320429,0.44679571,0.09057275,0.21272755,0.00195868,0.12495839,0.02676857,White,White,-0.09925241,-0.07582138,-0.15503104,0.62702178,0.46754836,912.15,Suburban
TX,TX-245,104004,77143,0.03190262,0.03841664,0.1593923,0.8406077,0.18521447,0.54301751,0.00159444,0.11588867,0.02289255,Hispanic,Hispanic,0.05930616,0.17833395,0.27403115,0.52170474,0.20771724,1449.52,Urban
TX,TX-246,104449,78366,-0.07832531,0.0428597,0.0839267,0.9160733,0.05820126,0.83169997,0.00086772,0.02601894,0.03134012,Hispanic,Hispanic,0.28005284,0.43828022,0.58909893,0.40421069,0.13774662,2022,Urban
TX,TX-247,97049,70712,0.01174664,-0.0310248,0.07947732,0.92052268,0.19648716,0.71277859,0.00115963,0.01383075,0.02907569,Hispanic,Hispanic,0.24742218,0.41615733,0.57641674,0.39842997,0.09110938,834.43,Suburban
TX,TX-248,98654,68233,-0.02060738,-0.01499985,0.15816394,0.84183606,0.14876966,0.67021822,0.00120176,0.0218516,0.03275541,Hispanic,Hispanic,0.05794307,0.19274544,0.26556945,0.42716574,0.11763388,694.68,Suburban
TX,TX-249,103325,74693,0.07158964,0.03163724,0.03640234,0.96359766,0.67800195,0.26446923,0.0013522,0.02676288,0.01970734,Black,Black,0.73366289,0.833614,0.88200698,0.49156184,0.20438421,998.24,Suburban
TX,TX-250,104159,88972,-0.03846043,0.03996422,0.23774895,0.76225105,0.471654,0.19815223,0.0031583,0.0932653,0.01434159,Black,Black,0.67708209,0.71178312,0.74549024,0.43298756,0.38829285,2093.59,Urban
TX,TX-251,97081,70134,0.00567567,-0.0307053,0.02750449,0.97249551,0.55547951,0.41439245,0.00114067,0.00520432,0.02295606,Black,Black,0.68184469,0.8168544,0.89270926,0.44032726,0.08858574,849.18,Suburban
TX,TX-252,99081,74234,-0.01912577,-0.01073651,0.08228036,0.91771964,0.49502923,0.37352157,0.00122585,0.05365466,0.02493467,Black,Black,0.56480199,0.68447494,0.74695602,0.44750143,0.25826232,1761.65,Urban
TX,TX-253,98755,69771,0.00200496,-0.01399143,0.13489845,0.86510155,0.17934385,0.60423385,0.00183457,0.08384572,0.03118774,Hispanic,Hispanic,0.21449903,0.37133329,0.41034237,0.39935597,0.20251445,4166.93,Urban
TX,TX-254,103955,75536,-0.00308787,0.03792741,0.10412254,0.89587746,0.21368619,0.56530661,0.00178723,0.12211396,0.03209066,Hispanic,Hispanic,0.20127075,0.33658326,0.42427346,0.37684406,0.1763909,2961.11,Urban
TX,TX-255,96265,70664,-0.0282034,-0.03885256,0.05592664,0.94407336,0.19816314,0.53189743,0.00162742,0.21119665,0.02610948,Hispanic,Hispanic,0.11062824,0.2797664,0.50543272,0.35508101,0.16132029,3239.51,Urban
TX,TX-256,99225,73786,-0.039355,-0.00929876,0.11732578,0.88267422,0.17828585,0.68897894,0.00140948,0.01413547,0.03186241,Hispanic,Hispanic,0.36974016,0.51596669,0.63473133,0.43404292,0.154798,1868.4,Urban
TX,TX-257,97272,68127,-0.03609466,-0.02879828,0.08215539,0.91784461,0.04780777,0.85913074,0.00107153,0.01095014,0.03472926,Hispanic,Hispanic,0.09023526,0.31058136,0.46147243,0.36292398,0.04855943,1346.5,Urban
TX,TX-258,98825,74487,0.01456109,-0.01329252,0.10855586,0.89144414,0.3157598,0.33017842,0.00155732,0.24823123,0.02142656,Hispanic,Hispanic,0.14885278,0.29027877,0.49723684,0.42765605,0.24568343,2725.52,Urban
TX,TX-259,101370,76795,-0.01879254,0.01211776,0.48475812,0.51524188,0.11713002,0.23700762,0.00151052,0.14727521,0.02161599,Minority,White,-0.12052546,-0.09676177,-0.2063623,0.64489123,0.55582205,1122.53,Urban
TX,TX-260,103983,81447,-0.01887809,0.03820697,0.36893931,0.63106069,0.28487237,0.22926566,0.00201358,0.11321473,0.01766793,Minority,Minority,0.10529306,0.18181576,0.10311309,0.51169054,0.5257784,2740.56,Urban
TX,TX-261,99590,75815,0.02983231,-0.00565446,0.44409418,0.55590582,0.13877201,0.25919673,0.00189936,0.14890193,0.0203126,Minority,Minority,0.27559109,0.30255664,0.25080079,0.66497024,0.59477672,1891.67,Urban
TX,TX-262,101585,86851,0.05287198,0.0142644,0.55924514,0.44075486,0.09774211,0.1336657,0.00169255,0.19596781,0.01439247,White,White,0.37060635,0.3879307,0.31959731,0.60895488,0.80517204,2407.92,Urban
TX,TX-263,96048,70455,0.03811636,-0.04101917,0.56267121,0.43732879,0.15442481,0.21839472,0.00350578,0.04480874,0.02563338,White,White,-0.15395124,-0.20878024,-0.32024057,0.70872818,0.46483343,1052.1,Urban
TX,TX-264,101013,69528,0.09591835,0.00855333,0.20091186,0.79908814,0.3460764,0.40638304,0.00424289,0.04201185,0.02502589,Hispanic,Hispanic,0.2801711,0.33737205,0.27916229,0.4796026,0.29518708,920.19,Suburban
TX,TX-265,101814,70751,0.00574577,0.01655083,0.10240138,0.89759862,0.36929513,0.50207064,0.00583737,0.02715156,0.03199955,Hispanic,Hispanic,0.31930146,0.47321719,0.52508656,0.35061892,0.11829566,663.98,Suburban
TX,TX-266,104380,75465,0.07757233,0.04217078,0.26664016,0.73335984,0.31013052,0.37091367,0.00659909,0.04032333,0.03071623,Hispanic,Hispanic,0.15546052,0.20080557,0.10055052,0.49538401,0.22940544,1095.74,Urban
TX,TX-267,96259,80046,0.04475426,-0.03891247,0.41218799,0.58781201,0.19237688,0.26368588,0.00176149,0.1273018,0.0198261,Minority,Minority,0.08945043,0.15833032,0.08228863,0.47366747,0.55320061,3799.06,Urban
TX,TX-268,101304,80620,0.04382848,0.01145879,0.67364178,0.32635822,0.04510047,0.13853882,0.0009675,0.1272389,0.01621186,White,White,-0.12834715,-0.11028522,-0.18886588,0.7773756,0.75238921,1431.38,Urban
TX,TX-269,102049,88856,0.07690423,0.01889716,0.63667057,0.36332943,0.06858288,0.1806631,0.00227334,0.09618934,0.01988611,White,White,0.34269477,0.35705246,0.29240773,0.65478277,0.76857342,2785.28,Urban
TX,TX-270,98015,72765,0.06824466,-0.02137988,0.25164571,0.74835429,0.34905518,0.35414004,0.00159417,0.03967567,0.02407751,Hispanic,Hispanic,0.36317219,0.44686223,0.45947285,0.57054312,0.32149581,1757.08,Urban
TX,TX-271,95725,67574,0.03911204,-0.04424413,0.05164708,0.94835292,0.23452807,0.63543671,0.00180543,0.0809335,0.03288247,Hispanic,Hispanic,0.30990578,0.48960842,0.64363595,0.4107225,0.11719213,1759.56,Urban
TX,TX-272,102049,74645,0.04121549,0.01889716,0.17497488,0.82502512,0.17001809,0.58901467,0.00140666,0.06399625,0.03287561,Hispanic,Hispanic,0.15073179,0.25685218,0.30449105,0.41555404,0.19864817,1681.78,Urban
TX,TX-273,97339,72104,0.04132979,-0.02812932,0.26525574,0.73474426,0.06885887,0.58521025,0.00137302,0.07634805,0.03970654,Hispanic,Hispanic,0.02648832,0.08026416,0.05396226,0.55476589,0.2763853,1770.13,Urban
TX,TX-274,102823,76696,-0.00177976,0.02662508,0.29489152,0.70510848,0.15979973,0.43794983,0.00208616,0.10175237,0.03187911,Hispanic,Hispanic,0.02462716,0.11098019,0.05641343,0.54847223,0.35558185,937.89,Suburban
TX,TX-275,99206,72837,-0.00324577,-0.00948847,0.23965842,0.76034158,0.20415448,0.4149814,0.00183972,0.13865206,0.02758214,Hispanic,Hispanic,0.05322523,0.1509257,0.14244268,0.54019639,0.3233893,1653.5,Urban
TX,TX-276,97929,69420,0.03276864,-0.02223853,0.20289542,0.79710458,0.22019591,0.49275425,0.0016998,0.08187842,0.03422645,Hispanic,Hispanic,0.09544727,0.26707172,0.27300613,0.5108015,0.28592346,2022.03,Urban
TX,TX-277,98214,71101,0.03593174,-0.01939298,0.40383398,0.59616602,0.17378096,0.26154344,0.00206748,0.15004008,0.023769,Minority,Minority,-0.06918945,-0.02949531,-0.10648547,0.69453227,0.44660488,1331.19,Urban
TX,TX-278,98134,69800,0.29070455,-0.02019173,0.46992837,0.53007163,0.12722063,0.32310888,0.0017765,0.06573066,0.02851003,Minority,Minority,-0.22124751,-0.23512363,-0.37631073,0.68564398,0.39835587,208.29,Suburban
TX,TX-279,99549,71013,0.05558067,-0.00606382,0.52535451,0.47464549,0.11925985,0.20745497,0.00207004,0.12984946,0.02281272,White,White,-0.25288016,-0.23305566,-0.33007208,0.72999626,0.47883406,949.79,Suburban
TX,TX-280,105041,80249,0.03434849,0.04877046,0.32931251,0.67068749,0.18825157,0.32877668,0.0020561,0.1442261,0.02555795,Minority,Minority,-0.0411517,0.01820015,-0.04167683,0.53713944,0.299591,1427.41,Urban
TX,TX-281,101366,78253,0.05591618,0.01207782,0.42561947,0.57438053,0.19362836,0.25395831,0.00169962,0.11680063,0.02617152,Minority,Minority,-0.10424504,-0.07424424,-0.1704842,0.58523316,0.38784516,1450.21,Urban
TX,TX-282,99092,72230,0.00681185,-0.01062669,0.22137616,0.77862384,0.41567216,0.29721722,0.00243666,0.06383774,0.02508653,Black,Black,0.21237032,0.28060527,0.22016658,0.46948681,0.28389338,1712.53,Urban
TX,TX-283,102642,74854,0.06031644,0.0248179,0.50156304,0.49843696,0.1306677,0.24514388,0.00229781,0.10712854,0.02683891,White,Minority,-0.20857879,-0.1981649,-0.31803987,0.62603416,0.41662152,1081.05,Urban
TX,TX-284,98625,71579,0.0232801,-0.0152894,0.56117018,0.43882982,0.10329845,0.21041087,0.00208162,0.10603669,0.02673969,White,White,-0.29125974,-0.28160449,-0.37584018,0.68151495,0.48513711,1255.14,Urban
TX,TX-285,101192,71417,0.02825322,0.01034054,0.61856421,0.38143579,0.0648445,0.2135626,0.00204433,0.08217931,0.0240559,White,White,-0.34399613,-0.32162073,-0.41151606,0.76784941,0.56147407,539.99,Suburban
TX,TX-286,102829,71706,0.04186562,0.02668498,0.56886453,0.43113547,0.108136,0.23554514,0.00354224,0.06490391,0.02981619,White,White,-0.30407809,-0.28537752,-0.40026344,0.71781017,0.43606406,533.89,Suburban
TX,TX-287,99864,77337,0.06618,-0.00291874,0.67924797,0.32075203,0.05443707,0.16160441,0.00259901,0.07983242,0.02066281,White,White,-0.25618941,-0.24018215,-0.34373852,0.68071065,0.6048213,940.32,Suburban
TX,TX-288,99641,74289,0.16210195,-0.00514526,0.53629743,0.46370257,0.09325741,0.31928011,0.00254412,0.02961407,0.03371966,White,White,-0.42796263,-0.4173211,-0.4742169,0.58119205,0.27349493,296.8,Suburban
TX,TX-289,98660,72901,0.13626596,-0.01493994,0.73260998,0.26739002,0.03139875,0.18717164,0.00146774,0.01855942,0.03209833,White,White,-0.62690008,-0.6316929,-0.67407722,0.78490454,0.37986051,184.07,Rural
TX,TX-290,96434,73735,0.1189933,-0.0371652,0.75261409,0.24738591,0.03828575,0.16500983,0.0016817,0.01269411,0.03052824,White,White,-0.65075331,-0.63916936,-0.67331907,0.70707071,0.2792019,93.3,Rural
TX,TX-291,99247,71474,0.12890062,-0.00907911,0.55383776,0.44616224,0.05085765,0.34068333,0.00249042,0.02849987,0.03717436,White,White,-0.44090061,-0.48997587,-0.55743599,0.55036223,0.19329859,213.31,Suburban
UT,UT-1,103110,72693,-0.00235671,0.04004565,0.8356513,0.1643487,0.01203692,0.08665208,0.01887389,0.03243779,0.01674164,White,White,-0.12653497,-0.15904943,-0.17272767,0.68876851,0.4211186,513.91,Suburban
UT,UT-2,97910,69432,0.02790318,-0.01240549,0.47283673,0.52716327,0.03656815,0.37629623,0.04551216,0.05364961,0.03854131,Minority,White,0.15371389,0.21322614,0.20642955,0.4851761,0.19821098,245.31,Suburban
UT,UT-3,101663,71994,-0.03432911,0.02545011,0.46321916,0.53678084,0.03119704,0.36940578,0.04686502,0.07278384,0.03490569,Minority,White,0.05842381,0.11433268,0.11311553,0.49454614,0.15396069,1792.51,Urban
UT,UT-4,103176,89293,0.04891641,0.04071138,0.73664229,0.26335771,0.03376524,0.11256201,0.0097656,0.08229089,0.02358528,White,White,0.60394077,0.61950804,0.55617176,0.55663532,0.57309046,510.91,Suburban
UT,UT-5,103993,80513,0.00464454,0.04895226,0.8572156,0.1427844,0.01335188,0.05678586,0.0062226,0.05002919,0.01343882,White,White,0.40407107,0.38600393,0.30316982,0.76247518,0.63250521,390.99,Suburban
UT,UT-6,103170,82613,-0.03047397,0.04065086,0.69399489,0.30600511,0.04384298,0.15485456,0.01372665,0.06860906,0.02775592,White,White,0.32407565,0.30961411,0.21816525,0.56187259,0.36509292,1826.49,Urban
UT,UT-7,98262,71017,0.01758564,-0.00885495,0.565428,0.434572,0.02637397,0.31117901,0.03518876,0.04339806,0.03278088,White,White,0.05536142,0.07992528,0.06932781,0.50034807,0.17746771,2595.95,Urban
UT,UT-8,101117,76590,0.00190868,0.01994274,0.71457109,0.28542891,0.02435044,0.16601384,0.0162815,0.05853245,0.02364538,White,White,0.10218193,0.09937986,0.03712013,0.58924226,0.33297448,1840.64,Urban
UT,UT-9,100939,76107,-0.03595241,0.0181473,0.85582141,0.14417859,0.01149697,0.06050692,0.0075026,0.04655288,0.01332335,White,White,0.09717657,0.07915605,0.0200868,0.78945966,0.50328484,316.1,Suburban
UT,UT-10,103675,75117,-0.01791174,0.04574467,0.68997697,0.31002303,0.01793203,0.2046807,0.02410906,0.0456621,0.02460162,White,White,-0.07331816,-0.07999828,-0.06224916,0.61427573,0.2532098,1928.3,Urban
UT,UT-11,102952,65008,0.11202308,0.03845195,0.76066023,0.23933977,0.01892075,0.14141336,0.02044364,0.04550209,0.01875154,White,White,-0.21184553,-0.22155552,-0.21284971,0.69367626,0.3940431,319.56,Suburban
UT,UT-12,103634,71983,0.00743964,0.04533111,0.83284942,0.16715058,0.01207229,0.07457316,0.01394774,0.05424892,0.01185002,White,White,-0.23138738,-0.2603052,-0.22351098,0.74403495,0.42132484,1485.2,Urban
UT,UT-13,94687,63810,0.0816902,-0.04491511,0.80318132,0.19681868,0.0168939,0.09065977,0.01366557,0.05873688,0.01778718,White,White,-0.2438893,-0.22845528,-0.24083043,0.70464763,0.48439473,665.12,Suburban
UT,UT-14,102240,64778,0.08948552,0.03127017,0.86892155,0.13107845,0.00727099,0.07232394,0.01281299,0.02494674,0.01525209,White,White,-0.42471184,-0.45274243,-0.41038397,0.73336359,0.461494,990.98,Suburban
UT,UT-15,98021,66423,0.01082421,-0.01128586,0.84359333,0.15640667,0.01002665,0.0874697,0.01687668,0.028454,0.01523569,White,White,-0.39629143,-0.41971057,-0.40471425,0.74124981,0.48445929,171.52,Rural
UT,UT-16,98199,71460,-0.00799397,-0.00949042,0.7268262,0.2731738,0.01558914,0.18316541,0.02320179,0.03541842,0.02350966,White,White,-0.27839031,-0.30224674,-0.30470016,0.58357636,0.42270504,1887.73,Urban
UT,UT-17,99649,79249,0.00728557,0.00513538,0.72253278,0.27746722,0.0176406,0.17665838,0.02402554,0.04586809,0.0240003,White,White,-0.17161533,-0.15056763,-0.1663067,0.36667208,0.40058201,1411.52,Urban
UT,UT-18,98812,56659,0.21492329,-0.00330723,0.82853563,0.17146437,0.01207222,0.10861469,0.01461374,0.02176177,0.0190967,White,White,-0.48683482,-0.50891905,-0.42954325,0.79760291,0.38971075,60.79,Rural
UT,UT-19,96385,62185,0.06743788,-0.0277878,0.85322827,0.14677173,0.00691485,0.10439817,0.0100989,0.01254322,0.01592024,White,White,-0.54275654,-0.56036501,-0.47625152,0.76754386,0.36918144,261.38,Suburban
UT,UT-20,95826,62180,0.01751091,-0.03342629,0.87697009,0.12302991,0.01236732,0.06651656,0.00725314,0.02476681,0.01395947,White,White,-0.29565788,-0.33055572,-0.28246102,0.73937792,0.46641757,539.57,Suburban
UT,UT-21,96809,67802,0.03043105,-0.02351101,0.75207221,0.24792779,0.03004336,0.14201646,0.01350993,0.04374502,0.02597269,White,White,-0.22907866,-0.23776385,-0.22739647,0.54776585,0.30978613,702.62,Suburban
UT,UT-22,98840,65645,0.05548361,-0.0030248,0.85042273,0.14957727,0.01305507,0.08386016,0.00757103,0.0295529,0.01884378,White,White,-0.43771057,-0.45633078,-0.37474571,0.72339728,0.30130474,158.7,Rural
UT,UT-23,94369,70157,0.0054467,-0.0481227,0.65984863,0.34015137,0.03056003,0.25700928,0.00714113,0.02589905,0.03383839,White,White,0.01209873,0.0390483,0.01824977,0.46199135,0.24449723,1182.8,Urban
UT,UT-24,94954,68417,0.04840238,-0.04222195,0.78490726,0.21509274,0.02078431,0.13780201,0.00789278,0.03097183,0.02496456,White,White,-0.24323003,-0.24364594,-0.22324925,0.58811861,0.25153241,1141.8,Urban
UT,UT-25,95646,69084,0.01897622,-0.03524191,0.87115685,0.12884315,0.00752707,0.079454,0.00372011,0.02146662,0.01305657,White,White,-0.13315504,-0.11851703,-0.10575978,0.80700621,0.46821548,12.95,Rural
UT,UT-26,98204,71587,0.03560955,-0.00943998,0.82941037,0.17058963,0.0132566,0.10087027,0.00741755,0.03168173,0.01955662,White,White,-0.24953269,-0.27243931,-0.20737868,0.59948368,0.41475437,21.15,Rural
UT,UT-27,95126,63728,0.0745958,-0.04048703,0.87664763,0.12335237,0.00542932,0.08407607,0.0041583,0.01275734,0.01903402,White,White,-0.58994388,-0.61253018,-0.48379925,0.72645412,0.29534553,5.98,Rural
UT,UT-28,94854,64254,0.08109305,-0.04323062,0.83579232,0.16420768,0.01056744,0.10575217,0.01030286,0.01311981,0.02651975,White,White,-0.49290607,-0.47406539,-0.37915138,0.64781387,0.21689746,3.27,Rural
UT,UT-29,99881,68476,0.04322143,0.00747551,0.83064139,0.16935861,0.00708277,0.11846486,0.00975524,0.01416555,0.02167183,White,White,-0.4198662,-0.42025391,-0.39378089,0.70331405,0.36383565,6.41,Rural
UT,UT-30,99702,70274,0.02127339,0.00566998,0.77498079,0.22501921,0.0065885,0.07914734,0.00377095,0.00998947,0.12704556,White,White,-0.49940976,-0.48561333,-0.47475943,0.6412111,0.191524,1.7,Rural
UT,UT-31,98858,69948,0.06137086,-0.00284324,0.85660777,0.14339223,0.00873506,0.0846486,0.00630468,0.01552582,0.02930749,White,White,-0.64917755,-0.6484967,-0.59219764,0.66124646,0.27483455,2.62,Rural
UT,UT-32,101598,74694,0.10110435,0.02479447,0.87704501,0.12295499,0.00646638,0.07173267,0.00884944,0.01465981,0.02204996,White,White,-0.55063791,-0.53741435,-0.52998616,0.71237322,0.32723451,2.66,Rural
UT,UT-33,95355,70881,0.07207802,-0.03817716,0.81389935,0.18610065,0.01187906,0.11650513,0.01589989,0.02028752,0.02467516,White,White,-0.49315557,-0.4833612,-0.50881238,0.65493297,0.32070023,468.04,Suburban
VA,VA-1,97933,78356,-0.01496942,-0.02423189,0.63447598,0.36552402,0.2273725,0.08365664,0.00326714,0.03583644,0.023674,White,White,-0.01737794,-0.00064378,-0.03474052,0.63391547,0.30601949,56.07,Rural
VA,VA-2,102056,81670,-0.01502116,0.01684815,0.74568385,0.25431615,0.11911351,0.07118893,0.00455492,0.04596547,0.02070528,White,White,-0.05622966,-0.03921149,-0.13402747,0.67246483,0.48661835,770.6,Suburban
VA,VA-3,101621,79840,-0.0239419,0.01251397,0.59194639,0.40805361,0.23728707,0.08017285,0.00408317,0.07821894,0.02215681,White,White,0.08537538,0.12555372,0.00799033,0.65793816,0.37610626,1609.54,Urban
VA,VA-4,98017,75329,-0.01399757,-0.02339495,0.53461482,0.46538518,0.24973118,0.08614212,0.00577467,0.11721913,0.02568732,White,White,0.10781402,0.16135855,0.07152136,0.62206537,0.30959611,1787.16,Urban
VA,VA-5,100633,76879,0.02878777,0.00266991,0.51223351,0.48776649,0.25041949,0.07022724,0.00464366,0.15818364,0.01978434,White,White,0.0838334,0.10671236,0.02680167,0.66729893,0.38906204,1361.38,Urban
VA,VA-6,100627,76219,0.00638,0.00261012,0.78111757,0.21888243,0.10544615,0.04426718,0.0032013,0.04812448,0.02053294,White,White,-0.25679517,-0.29857527,-0.3697164,0.79746785,0.43290643,138.16,Rural
VA,VA-7,95869,71041,0.02776706,-0.04479682,0.50964936,0.49035064,0.37037767,0.06090849,0.00363171,0.04390422,0.02547824,White,White,0.1419636,0.16957637,0.10099918,0.67486985,0.34136829,277.46,Suburban
VA,VA-8,100269,78028,0.01505949,-0.00095686,0.39929256,0.60070744,0.4737402,0.06334905,0.00283232,0.05381402,0.02205618,Black,Black,0.28349865,0.35382471,0.29962618,0.58270282,0.29469491,1010.34,Urban
VA,VA-9,100107,78726,-0.00478488,-0.00257096,0.34573076,0.65426924,0.51699566,0.07759825,0.00416635,0.05315906,0.02318167,Black,Black,0.45589049,0.50829956,0.47989297,0.53811574,0.24668246,1522.24,Urban
VA,VA-10,95460,80701,-0.05340457,-0.04887195,0.53289302,0.46710698,0.28919096,0.10688839,0.00600984,0.06226689,0.02358087,White,White,0.42401171,0.43102168,0.391005,0.42726072,0.45053132,1887.41,Urban
VA,VA-11,97915,76164,-0.00740438,-0.02441124,0.38881886,0.61118114,0.53778688,0.03949372,0.00312484,0.02184759,0.02232026,Black,Black,0.38536102,0.4080795,0.36295971,0.56191847,0.21247427,1135.27,Urban
VA,VA-12,98506,78371,-0.01474022,-0.01852273,0.41591915,0.58408085,0.47962894,0.05609218,0.00414694,0.03886642,0.02574932,Black,Black,0.33620211,0.3665194,0.31153469,0.57942572,0.27962772,974.63,Suburban
VA,VA-13,101542,79483,0.02639302,0.01172684,0.33974561,0.66025439,0.56424644,0.05818854,0.00347244,0.03098776,0.02322509,Black,Black,0.45024429,0.51018209,0.4538583,0.55837531,0.23091026,1337.65,Urban
VA,VA-14,97737,77265,-0.02112813,-0.02618477,0.46806445,0.53193555,0.37297612,0.09429884,0.00419336,0.05988481,0.02143273,Minority,White,0.21246504,0.20060142,0.15405272,0.61182245,0.34976895,1270.46,Urban
VA,VA-15,99447,79910,0.02103633,-0.00914696,0.61370292,0.38629708,0.25177074,0.07634839,0.00321612,0.04665248,0.01944688,White,White,0.201713,0.21573282,0.13062035,0.68022222,0.46043672,359.99,Suburban
VA,VA-16,102347,78213,0.01362033,0.01974757,0.73813816,0.26186184,0.12817562,0.0514876,0.00401468,0.06216358,0.02117295,White,White,-0.11189318,-0.11516242,-0.21344153,0.78955668,0.47038203,211.26,Suburban
VA,VA-17,104284,79646,0.04798435,0.03904712,0.51161389,0.48838611,0.41070487,0.03707656,0.00166989,0.02605278,0.02074178,White,White,0.12503338,0.1388732,0.08322809,0.73611913,0.32805992,96.55,Rural
VA,VA-18,105218,85617,0.00432436,0.04835315,0.52039899,0.47960101,0.43681745,0.02118738,0.00198559,0.00839786,0.01596646,White,White,-0.06402095,-0.00469807,0.0171279,0.65939433,0.20103392,15.98,Rural
VA,VA-19,99501,79142,0.00141707,-0.00860892,0.40108918,0.59891082,0.49332845,0.07248995,0.0034874,0.02242804,0.02035582,Black,Black,0.17619407,0.22389329,0.22245882,0.52750925,0.20303941,128.74,Rural
VA,VA-20,103069,82599,0.01894847,0.02694131,0.67303478,0.32696522,0.26811463,0.03039988,0.00106539,0.00962481,0.01939491,White,White,-0.29921895,-0.25066408,-0.23777933,0.70655463,0.24178949,22.52,Rural
VA,VA-21,103448,83382,-0.00249401,0.03071752,0.60686959,0.39313041,0.34951189,0.02439375,0.00088748,0.00677604,0.01416373,White,White,-0.22610436,-0.1654474,-0.15963735,0.64967301,0.17501226,14.99,Rural
VA,VA-22,100253,76386,0.0570357,-0.00111627,0.68736418,0.31263582,0.21412301,0.04474642,0.00171497,0.03831854,0.01912654,White,White,-0.11094325,-0.19687368,-0.2172246,0.82194226,0.43039922,164.36,Rural
VA,VA-23,99887,75422,0.03563026,-0.00476296,0.48286972,0.51713028,0.31562409,0.14877622,0.00177667,0.0426003,0.02250007,Minority,White,0.13344766,0.13181459,0.01899807,0.68020012,0.29291891,463.73,Suburban
VA,VA-24,97975,75110,0.02827252,-0.02381342,0.53781121,0.46218879,0.29303688,0.11307416,0.0014512,0.04261749,0.02066303,White,White,0.20283375,0.20928281,0.10513831,0.71985007,0.37347681,652.88,Suburban
VA,VA-25,97643,75552,0.01464519,-0.02712135,0.74712781,0.25287219,0.13032084,0.05242747,0.0013633,0.05437315,0.01434773,White,White,0.1514598,0.08289744,-0.0079464,0.85243305,0.59048701,602.45,Suburban
VA,VA-26,97204,78071,0.01728324,-0.03149538,0.31358635,0.68641365,0.48991303,0.15271996,0.00165234,0.03938722,0.02049417,Black,Black,0.72570624,0.76142275,0.72652487,0.53193232,0.31789511,1280.31,Urban
VA,VA-27,97952,83419,0.01710021,-0.02404259,0.47955502,0.52044498,0.41798631,0.04620051,0.00166629,0.0485381,0.01552404,Minority,Minority,0.74099682,0.77676641,0.72670807,0.62157417,0.47309763,2248.35,Urban
VA,VA-28,97407,76573,-0.00363424,-0.02947276,0.31448422,0.68551578,0.62233424,0.03292283,0.00108393,0.01380382,0.02442114,Black,Black,0.478413,0.49765336,0.4671168,0.70488782,0.23216675,116,Rural
VA,VA-29,95821,75367,-0.00043832,-0.04527508,0.77969138,0.22030862,0.08694787,0.05779718,0.00095533,0.05885865,0.01188849,White,White,0.16733608,0.14025913,0.04444319,0.80197222,0.62494147,1067.11,Urban
VA,VA-30,100254,75496,-0.00310212,-0.00110631,0.58102416,0.41897584,0.13665625,0.04957879,0.00103317,0.21734926,0.01165625,White,White,0.16165809,0.13140951,0.05527106,0.80646481,0.64811894,1147.32,Urban
VA,VA-31,96737,75964,0.03267623,-0.03614839,0.58442157,0.41557843,0.26066295,0.0747196,0.0015797,0.06399084,0.0200753,White,White,0.20004442,0.2426146,0.14184971,0.72349885,0.38344707,528.44,Suburban
VA,VA-32,102281,80491,0.03162855,0.01908997,0.82748382,0.17251618,0.10109205,0.02412692,0.00150327,0.01954256,0.02241244,White,White,-0.32512812,-0.32782154,-0.37936081,0.8566269,0.37367635,62.04,Rural
VA,VA-33,102549,81353,0.02830842,0.02176022,0.7560385,0.2439615,0.16743083,0.03388935,0.00196674,0.01427114,0.02771871,White,White,-0.29587178,-0.26306817,-0.273138,0.75848792,0.2462445,27.88,Rural
VA,VA-34,98105,79486,0.02350543,-0.02251815,0.69758196,0.30241804,0.23117279,0.03496213,0.00153486,0.01439247,0.02257001,White,White,-0.19091559,-0.14588265,-0.17284174,0.7325767,0.26854828,28.85,Rural
VA,VA-35,104121,74481,0.04851087,0.03742304,0.47613485,0.52386515,0.26024087,0.18560438,0.00522281,0.06701038,0.02894698,Minority,Minority,0.10460518,0.15695779,0.04580837,0.66011705,0.40958233,299.75,Suburban
VA,VA-36,101854,77733,0.03685668,0.0148355,0.63992127,0.36007873,0.19527099,0.09387262,0.00293312,0.04928409,0.0277617,White,White,0.03671936,0.03823382,-0.05027428,0.73679263,0.44235287,249.86,Suburban
VA,VA-37,97506,72834,0.01942445,-0.02848636,0.60077711,0.39922289,0.21417195,0.12201719,0.00237526,0.04639317,0.02534531,White,White,0.02461438,0.06981675,-0.0715072,0.74176747,0.34666749,421.23,Suburban
VA,VA-38,104849,82788,0.08339612,0.04467657,0.77822873,0.22177127,0.13981495,0.03728801,0.00135285,0.01890371,0.02326424,White,White,-0.25275743,-0.25850288,-0.29462361,0.80434783,0.32162067,37.17,Rural
VA,VA-39,103385,81705,0.03337041,0.03008981,0.80807784,0.19192216,0.10464476,0.04778165,0.00195826,0.01662077,0.0196928,White,White,-0.27786728,-0.25714238,-0.29336624,0.78575642,0.27192405,30.87,Rural
VA,VA-40,100130,75846,0.0245381,-0.0023418,0.73413232,0.26586768,0.10804789,0.11047385,0.00180629,0.02651425,0.0245893,White,White,-0.19733,-0.14216169,-0.2212651,0.78352537,0.36464579,47.26,Rural
VA,VA-41,98527,72456,0.01918256,-0.0183135,0.2406702,0.7593298,0.3526278,0.28439329,0.00354698,0.1250138,0.02430441,Black,Black,0.37980011,0.42307692,0.49640588,0.65754711,0.39543035,1489.34,Urban
VA,VA-42,101777,74660,-0.02085933,0.0140683,0.35663006,0.64336994,0.25006697,0.26680954,0.00320118,0.12305117,0.02315832,Minority,Minority,0.27054868,0.31130248,0.34399256,0.71720919,0.41054201,1384.08,Urban
VA,VA-43,98460,72398,0.03839122,-0.01898106,0.52154756,0.47845244,0.19756071,0.15986629,0.00309401,0.10860797,0.02404763,White,White,0.1195852,0.13969181,0.08360985,0.80228828,0.48675335,259.35,Suburban
VA,VA-44,102901,74964,-0.00068998,0.02526742,0.55267862,0.44732138,0.13578518,0.14050744,0.00206766,0.15977002,0.01772851,White,White,0.0496913,0.20771163,0.03157186,0.83781832,0.52484525,430.07,Suburban
VA,VA-45,99121,72989,0.00185632,-0.0123951,0.3393114,0.6606886,0.13862363,0.41196619,0.001877,0.10272781,0.03037444,Hispanic,Hispanic,0.14416531,0.35486278,0.22515405,0.60552668,0.29067518,1602.08,Urban
VA,VA-46,101625,78353,0.00321771,0.01255383,0.61471801,0.38528199,0.08417036,0.11510727,0.00224624,0.16900438,0.0166171,White,White,0.19510495,0.24067659,0.1473438,0.82548791,0.65292619,476.58,Suburban
VA,VA-47,101582,77689,-0.01118308,0.01212539,0.4160692,0.5839308,0.08447785,0.15060047,0.00189216,0.3410264,0.01530461,Minority,Minority,0.2371687,0.39010259,0.29643167,0.77607632,0.59073504,927.86,Suburban
VA,VA-48,99973,77376,0.00293079,-0.00390609,0.55075217,0.44924783,0.07635443,0.07712986,0.00197736,0.28504963,0.01090778,White,White,0.32707042,0.36199288,0.29988925,0.80432971,0.73480913,1166.23,Urban
VA,VA-49,98296,76170,0.00975625,-0.0206151,0.45794932,0.54205068,0.10749639,0.17206249,0.00202179,0.25363004,0.01559669,Minority,White,0.38525825,0.465421,0.390613,0.7719547,0.65423151,2000.18,Urban
VA,VA-50,103196,79769,0.00327532,0.02820669,0.60469606,0.39530394,0.06972633,0.10705913,0.00195565,0.20471612,0.01268663,White,White,0.45120236,0.4407874,0.42262902,0.8411652,0.73369474,1332.92,Urban
VA,VA-51,99101,76746,-0.00092835,-0.01259437,0.53007323,0.46992677,0.0598598,0.12334193,0.00194147,0.27400777,0.01409845,White,White,0.39275409,0.40258961,0.36834205,0.79182049,0.70464123,1732.14,Urban
VA,VA-52,104112,78370,0.01344706,0.03733337,0.50830675,0.49169325,0.11762154,0.13427332,0.00329208,0.23100676,0.01475054,White,White,0.31799506,0.42417968,0.32184307,0.78016381,0.63603404,1470.3,Urban
VA,VA-53,98783,73847,0.02653291,-0.01576281,0.41260986,0.58739014,0.25095129,0.18909367,0.00379162,0.14186087,0.02079976,Minority,Minority,0.36882969,0.47078253,0.42338456,0.65095598,0.53871451,816.43,Suburban
VA,VA-54,96866,73970,-0.0192534,-0.03486309,0.52817358,0.47182642,0.16133568,0.20073003,0.00289306,0.09931053,0.02012978,White,White,0.42628534,0.46588668,0.40900123,0.74949641,0.60014628,1671.23,Urban
VA,VA-55,95991,73954,-0.0378473,-0.04358126,0.35761419,0.64238581,0.12438813,0.25526679,0.00183898,0.25753847,0.01979609,Minority,Minority,0.28147441,0.46835489,0.41780854,0.69786221,0.48577769,1800.47,Urban
VA,VA-56,103611,80339,0.00433352,0.03234159,0.38921321,0.61078679,0.10555272,0.29289635,0.00170527,0.20545439,0.02772004,Minority,White,0.38499437,0.52063742,0.48859474,0.66919961,0.49742959,2383.52,Urban
VA,VA-57,103998,85457,-0.01374065,0.03619752,0.45244977,0.54755023,0.2690827,0.16573247,0.00224674,0.10813626,0.01755269,Minority,White,0.54076282,0.64837379,0.58420891,0.6671086,0.60700161,4123.02,Urban
VA,VA-58,104639,87249,-0.02854576,0.0425842,0.61523914,0.38476086,0.12719917,0.14114775,0.00275075,0.10517026,0.01975954,White,White,0.59638708,0.62010399,0.57681597,0.77074047,0.78807598,3977.36,Urban
VA,VA-59,101692,84856,-0.01774968,0.01322139,0.52074102,0.47925898,0.12458754,0.19608513,0.00219195,0.15092628,0.02197841,White,White,0.56648909,0.674757,0.63431319,0.71128049,0.70352478,4387.6,Urban
VA,VA-60,102439,80084,0.01359834,0.02066422,0.72827281,0.27172719,0.04993507,0.08929374,0.00167324,0.11731432,0.01191249,White,White,0.59932968,0.59222343,0.5602705,0.85626785,0.80859282,2798.42,Urban
VA,VA-61,103396,79133,0.00410074,0.03019941,0.62741208,0.37258792,0.04184095,0.06986971,0.00179445,0.24587719,0.00975573,White,White,0.31384952,0.29977679,0.26451856,0.87438543,0.81470568,690.85,Suburban
VA,VA-62,103053,77936,0.03237169,0.02678189,0.48289622,0.51710378,0.09546294,0.23695083,0.00200164,0.17504106,0.01832273,Minority,White,0.20630948,0.36677971,0.25708524,0.75499122,0.53371275,1478.45,Urban
VA,VA-63,103543,69043,0.04300629,0.03166407,0.39526092,0.60473908,0.09357936,0.07412772,0.00234636,0.42906594,0.01147111,Asian,Asian,0.17293163,0.3123716,0.24097252,0.83745211,0.72224317,569.45,Suburban
VA,VA-64,99270,71309,0.02535509,-0.01091052,0.54579366,0.45420634,0.09280736,0.08958196,0.00197731,0.26162196,0.01256503,White,White,0.23121274,0.30938041,0.21515097,0.8452451,0.70213583,1076.92,Urban
VA,VA-65,103359,75728,0.01431902,0.02983076,0.72604585,0.27395415,0.0666068,0.12168551,0.00213924,0.06705578,0.01839478,White,White,0.05216263,0.06233405,-0.0004049,0.85846552,0.58477225,105.15,Rural
VA,VA-66,100396,77733,0.02185346,0.00030852,0.75562502,0.24437498,0.07546345,0.11782641,0.00126073,0.02925398,0.02269306,White,White,-0.13031576,-0.09463336,-0.19249013,0.71052489,0.31419249,141.14,Rural
VA,VA-67,98362,77545,0.02483683,-0.0199575,0.88591141,0.11408859,0.03654652,0.03854536,0.00125089,0.01445612,0.0205687,White,White,-0.41974426,-0.4178841,-0.42179068,0.74127764,0.22311888,44.77,Rural
VA,VA-68,102255,79941,0.03641876,0.01883091,0.88151262,0.11848738,0.02633192,0.06230845,0.00077557,0.0126093,0.01821343,White,White,-0.42810168,-0.42371453,-0.45248122,0.72488681,0.23696041,31.57,Rural
VA,VA-69,98804,80054,-0.01285373,-0.01555357,0.73058186,0.26941814,0.08912734,0.13147376,0.00132411,0.03751218,0.01816274,White,White,0.05898494,0.10502356,0.01528206,0.5656957,0.34107488,268.27,Suburban
VA,VA-70,104131,83128,0.0105156,0.03752268,0.8641252,0.1358748,0.06657203,0.03893995,0.00128717,0.01068232,0.01751516,White,White,-0.38403711,-0.37483988,-0.41020683,0.70038765,0.25031222,40.84,Rural
VA,VA-71,102500,83616,-0.00054634,0.021272,0.90495838,0.09504162,0.04286261,0.01804679,0.00149493,0.01176808,0.01937428,White,White,-0.40246442,-0.37864656,-0.36234866,0.70422095,0.25714599,13.78,Rural
VA,VA-72,99777,79602,0.01583531,-0.00585896,0.87465139,0.12534861,0.06616668,0.02031356,0.00081656,0.01491169,0.01952212,White,White,-0.47605232,-0.44878302,-0.46830119,0.77829759,0.31378705,47.85,Rural
VA,VA-73,101960,81706,0.00213809,0.01589164,0.83846964,0.16153036,0.07153697,0.03113602,0.0012239,0.03985019,0.01673072,White,White,-0.18992366,-0.19563743,-0.25078094,0.73968581,0.38476712,178.89,Rural
VA,VA-74,100011,78948,-0.01655818,-0.00352747,0.60736181,0.39263819,0.27606779,0.06861478,0.00082333,0.0291711,0.02215382,White,White,0.23514676,0.25773839,0.18996098,0.59093639,0.28410608,908.12,Suburban
VA,VA-75,100173,85143,-0.00350394,-0.00191336,0.76195342,0.23804658,0.07068109,0.04564086,0.00118624,0.103426,0.01509226,White,White,0.12548894,0.16544707,0.10124827,0.54296041,0.50660879,177.78,Rural
VA,VA-76,100144,81098,0.00675028,-0.00220231,0.69748946,0.30251054,0.13615626,0.06527905,0.00125774,0.08652495,0.01480924,White,White,0.49731063,0.52566728,0.43715727,0.72605903,0.58480607,194.71,Rural
VA,VA-77,100828,81452,0.01519419,0.00461281,0.76251044,0.23748956,0.10569415,0.04705839,0.00158375,0.06722978,0.01485537,White,White,0.15099392,0.14719049,0.10666927,0.76831808,0.49360606,30.18,Rural
VA,VA-78,97616,77835,0.01056179,-0.02739036,0.6603713,0.3396287,0.26295368,0.03350678,0.00143894,0.02162266,0.02285604,White,White,-0.14163287,-0.05879911,-0.10038705,0.6611329,0.32579616,73.08,Rural
VA,VA-79,101339,81816,-0.00104599,0.00970423,0.75028112,0.24971888,0.18645497,0.029163,0.00094114,0.0134448,0.01681823,White,White,-0.45196264,-0.38337812,-0.42397481,0.65379607,0.21806748,27.47,Rural
VA,VA-80,97883,78030,-0.00241104,-0.02473008,0.52241446,0.47758554,0.41186723,0.04425221,0.00088428,0.0110983,0.01487889,White,White,0.01200054,0.05768764,0.03560165,0.59394813,0.18538032,103.75,Rural
VA,VA-81,98379,79517,0.00189065,-0.01978812,0.82482991,0.17517009,0.12692883,0.02418351,0.00069168,0.00662751,0.01648704,White,White,-0.46610831,-0.43804547,-0.43147066,0.70911241,0.1913456,25.22,Rural
VA,VA-82,103596,83896,-0.00678598,0.03219214,0.88889816,0.11110184,0.05652236,0.02849957,0.00102508,0.00550682,0.01747402,White,White,-0.50791514,-0.47218317,-0.48633469,0.71353882,0.17835142,22.95,Rural
VA,VA-83,100930,82078,-0.00480531,0.0056291,0.90203221,0.09796779,0.04689442,0.02309998,0.00067009,0.00648164,0.01899413,White,White,-0.53188177,-0.50707156,-0.48511841,0.65972162,0.19214882,24.52,Rural
VA,VA-84,96854,78920,-0.0226733,-0.03498265,0.93630258,0.06369742,0.02735682,0.0114293,0.00083629,0.00579067,0.01609225,White,White,-0.66548893,-0.64097941,-0.6170567,0.61755752,0.15351726,20.43,Rural
VA,VA-85,96935,78518,-0.00641667,-0.0341756,0.93590005,0.06409995,0.02398176,0.01268499,0.00075142,0.00660995,0.01861993,White,White,-0.54950054,-0.53335205,-0.53225914,0.64638419,0.21061152,35.73,Rural
VA,VA-86,97690,78975,-0.01589723,-0.02665306,0.92349478,0.07650522,0.03891105,0.01249763,0.00101298,0.00443178,0.01705603,White,White,-0.65906026,-0.63437217,-0.61561957,0.60158655,0.14049541,22.02,Rural
VT,VT-1,103658,85462,0.00246001,-0.0328561,0.91550631,0.08449369,0.01447427,0.02032482,0.00097119,0.01392432,0.0243149,White,White,0.38336488,0.42545593,0.33935162,0.71073502,0.40599719,22.8,Rural
VT,VT-2,105638,86426,-0.00053958,-0.01438241,0.92056788,0.07943212,0.0124731,0.01929975,0.00082151,0.01179043,0.02181057,White,White,0.12461828,0.17321755,0.10726108,0.69543402,0.35468343,22.03,Rural
VT,VT-3,106546,86222,0.00956394,-0.00591065,0.91427942,0.08572058,0.0142539,0.02095753,0.0011134,0.01166756,0.02615342,White,White,0.33695652,0.37869152,0.27680482,0.72095147,0.41927358,25.54,Rural
VT,VT-4,105171,84877,0.00555286,-0.01873959,0.90144562,0.09855438,0.01557548,0.02318649,0.00093076,0.02979606,0.0189215,White,White,0.47787767,0.49056884,0.37874236,0.8108851,0.53162309,34.83,Rural
VT,VT-5,108572,91457,0.00938548,0.01299222,0.85319877,0.14680123,0.03644336,0.02786009,0.00112621,0.05520627,0.02008594,White,White,0.52542168,0.55026858,0.44649117,0.64236343,0.53379527,211.87,Suburban
VT,VT-6,113492,90038,0.01065273,0.05889652,0.92149981,0.07850019,0.00931829,0.01538239,0.00095515,0.0096848,0.03464093,White,White,0.03358724,0.08527693,0.02079039,0.67867772,0.28185036,16.62,Rural
WA,WA-1,95950,75417,0.03052632,-0.04115762,0.76838113,0.23161887,0.00754472,0.0878184,0.00342098,0.01215906,0.11297188,White,White,-0.31723073,-0.2994508,-0.31843022,0.72043799,0.21450535,3.72,Rural
WA,WA-2,100254,77652,0.02985417,0.00185289,0.87847061,0.12152939,0.01325143,0.03459022,0.0053186,0.0239659,0.03514398,White,White,-0.27863797,-0.26997978,-0.29027922,0.79884693,0.2999424,20.17,Rural
WA,WA-3,98078,76666,-0.00116234,-0.0198922,0.8117288,0.1882712,0.0332742,0.05396134,0.0127175,0.04091775,0.04415256,White,White,0.07759305,0.07464302,0.00593691,0.67039968,0.29067986,1613.02,Urban
WA,WA-4,100100,77980,0.01168831,0.00031394,0.78168761,0.21831239,0.04254937,0.06542703,0.01511926,0.04629392,0.05017953,White,White,0.16432889,0.1683647,0.12161971,0.55269336,0.2993327,1685.47,Urban
WA,WA-5,105021,81535,0.04202017,0.04949021,0.83741951,0.16258049,0.02591525,0.05652787,0.00884283,0.03089471,0.03787331,White,White,-0.13877421,-0.13647284,-0.17181967,0.638994,0.25893373,1055.53,Urban
WA,WA-6,95493,78328,0.02970898,-0.04572448,0.79390512,0.20609488,0.03619395,0.07209427,0.00961342,0.04191349,0.04653508,White,White,0.04463398,0.05705175,0.01061109,0.6602607,0.37690825,51.53,Rural
WA,WA-7,101077,80789,-0.01200075,0.01007724,0.81273441,0.18726559,0.02432262,0.05967397,0.00590427,0.06981148,0.02636498,White,White,-0.07183918,-0.07200573,-0.11193376,0.72476109,0.46622908,14.99,Rural
WA,WA-8,100533,82069,0.03786816,0.00464097,0.73970683,0.26029317,0.02441848,0.17258648,0.00751806,0.02461344,0.03505587,White,White,-0.18693161,-0.18647444,-0.23443179,0.62983209,0.26448964,8.41,Rural
WA,WA-9,96887,65675,0.02314036,-0.03179404,0.42634183,0.57365817,0.02478873,0.4958051,0.00567948,0.03092501,0.03159498,Hispanic,White,-0.17587797,-0.08975426,-0.12003417,0.55775938,0.19756619,323.01,Suburban
WA,WA-10,98521,73772,0.01218014,-0.01546524,0.71009326,0.28990674,0.02429106,0.17320935,0.00555766,0.05485821,0.03234289,White,White,-0.10030664,-0.10808588,-0.17252237,0.65515973,0.35959257,758.72,Suburban
WA,WA-11,95570,69832,0.04229361,-0.04495501,0.72940772,0.27059228,0.01268759,0.19155974,0.00329362,0.02856856,0.03272139,White,White,-0.32903427,-0.32051584,-0.36003158,0.77413468,0.31040536,22.41,Rural
WA,WA-12,99051,68771,0.02636016,-0.01016887,0.47983889,0.52016111,0.01246165,0.46439633,0.00316994,0.01941225,0.03603263,Minority,White,-0.37489748,-0.33279298,-0.3675029,0.55720186,0.17484726,10.7,Rural
WA,WA-13,97730,74669,0.03212934,-0.02336982,0.72592374,0.27407626,0.0069105,0.20953809,0.00350882,0.01568255,0.03830237,White,White,-0.29821894,-0.27825905,-0.32720393,0.76295791,0.22632906,5.07,Rural
WA,WA-14,100715,79391,0.0253289,0.00645973,0.74982051,0.25017949,0.01157562,0.17232432,0.00523989,0.0257208,0.0339837,White,White,-0.09829154,-0.0713502,-0.13297251,0.70971451,0.3224213,13.26,Rural
WA,WA-15,99364,74140,0.02476752,-0.00704102,0.66114108,0.33885892,0.01119504,0.26526841,0.00331805,0.0227003,0.04096304,White,White,-0.31863055,-0.29894186,-0.35643217,0.68880042,0.25323705,18.47,Rural
WA,WA-16,96963,69485,-0.02030671,-0.03103456,0.42547312,0.57452688,0.02069511,0.48122616,0.00339642,0.02275311,0.06884939,Hispanic,White,0.05137971,0.11973751,0.04876819,0.49198353,0.15800781,370.74,Suburban
WA,WA-17,96030,68840,0.00120796,-0.04035816,0.43859675,0.56140325,0.00692911,0.45896281,0.00355898,0.012086,0.09837304,Hispanic,White,-0.03080493,0.04756865,0.00807528,0.61504291,0.17740302,6.57,Rural
WA,WA-18,99586,76039,0.03057659,-0.00482254,0.74069885,0.25930115,0.02919554,0.08769184,0.0125725,0.1009745,0.03001092,White,White,0.17629976,0.14234533,0.07176688,0.76665762,0.38905214,1135.43,Urban
WA,WA-19,102778,76806,0.03851019,0.02707559,0.7156342,0.2843658,0.03787465,0.11457438,0.02061037,0.08203786,0.03385152,White,White,0.02832323,0.01446756,-0.0378548,0.64653483,0.24795219,1532.61,Urban
WA,WA-20,103892,82282,0.01697917,0.03820795,0.7082594,0.2917406,0.04753166,0.1375635,0.01979777,0.05673173,0.04008167,White,White,0.2769153,0.25351858,0.19520576,0.60356752,0.30520686,1836.43,Urban
WA,WA-21,103218,79746,0.03213587,0.03147257,0.7817947,0.2182053,0.03088556,0.08479422,0.010709,0.05906252,0.03292955,White,White,0.16488647,0.13533131,0.06619931,0.79470367,0.36261815,589.44,Suburban
WA,WA-22,102224,76673,0.02251917,0.02153938,0.85615536,0.14384464,0.01211639,0.05733439,0.00649512,0.03037575,0.03175825,White,White,-0.26153631,-0.26814158,-0.27243723,0.83795337,0.28971783,79.56,Rural
WA,WA-23,103283,79885,-0.00046474,0.03212213,0.82899168,0.17100832,0.01314389,0.07055142,0.00841209,0.02436002,0.04943356,White,White,-0.18962262,-0.16433672,-0.12433087,0.70907167,0.16463771,35.47,Rural
WA,WA-24,98985,78444,0.03295449,-0.01082842,0.83813931,0.16186069,0.01016011,0.07106981,0.0046785,0.01930039,0.04849319,White,White,-0.25539699,-0.25673117,-0.29120193,0.72886861,0.21110711,10.74,Rural
WA,WA-25,100048,77515,0.01689189,-0.0002057,0.80620525,0.19379475,0.02181513,0.07661743,0.01028188,0.03630265,0.04592659,White,White,-0.1097994,-0.11311374,-0.11162165,0.72880243,0.26565756,61.41,Rural
WA,WA-26,102164,79300,0.01915548,0.02093979,0.65838588,0.34161412,0.06915511,0.1010971,0.02868852,0.11491803,0.04145019,White,White,0.21586251,0.18516753,0.12363681,0.68396888,0.32958562,608.12,Suburban
WA,WA-27,103857,82843,0.00876205,0.03785819,0.75941238,0.24058762,0.03912219,0.0701568,0.01021209,0.0846541,0.03859107,White,White,0.44531186,0.42565021,0.38081757,0.74235621,0.47060728,577.79,Suburban
WA,WA-28,99251,84326,0.01921391,-0.00817024,0.83397766,0.16602234,0.01303275,0.04535968,0.00499253,0.02686004,0.06914831,White,White,0.20149992,0.1596716,0.09620386,0.7794932,0.34985245,21.03,Rural
WA,WA-29,101806,85404,0.03762057,0.01736225,0.79596974,0.20403026,0.02042059,0.07223315,0.00743525,0.02515105,0.07717437,White,White,-0.01486146,-0.02446927,-0.04320959,0.66483254,0.1975522,9.11,Rural
WA,WA-30,95721,76576,0.05193218,-0.04344605,0.81361001,0.18638999,0.01755119,0.07255537,0.01056467,0.03553333,0.04843554,White,White,-0.02515966,-0.05010023,-0.08765922,0.74127639,0.24671062,75.18,Rural
WA,WA-31,103766,82804,0.00363317,0.03694881,0.78472054,0.21527946,0.02782474,0.06552824,0.00987875,0.07252065,0.04136274,White,White,0.37371977,0.35208957,0.27943343,0.79209276,0.47968884,265.4,Suburban
WA,WA-32,96892,76974,0.00673946,-0.03174407,0.67414971,0.32585029,0.0687245,0.09669499,0.02567101,0.10912776,0.04150752,White,White,0.19097207,0.16331517,0.0736386,0.61780383,0.27890017,964.94,Suburban
WA,WA-33,97885,78116,-0.00657915,-0.02182088,0.8186159,0.1813841,0.02282503,0.05539198,0.01318552,0.05503354,0.03115879,White,White,0.082409,0.04461145,-0.00677245,0.8459331,0.39226441,357.77,Suburban
WA,WA-34,103214,80647,0.00342977,0.0314326,0.61257083,0.38742917,0.12383598,0.09847855,0.02388186,0.13068062,0.0309001,White,White,0.23455918,0.22412497,0.16268965,0.6352365,0.39044076,1004.83,Urban
WA,WA-35,100708,83404,0.01809191,0.00638977,0.71237591,0.28762409,0.07770611,0.07615942,0.01245744,0.09751331,0.03234857,White,White,0.44860142,0.43364314,0.37710668,0.69032939,0.45298245,1354.15,Urban
WA,WA-36,103246,79510,-0.01075102,0.03175238,0.49639039,0.50360961,0.17591498,0.13697648,0.03179474,0.13478808,0.05362847,Minority,White,0.39049869,0.40480915,0.36580497,0.5143158,0.22031121,2075.29,Urban
WA,WA-37,102322,77366,-0.01211861,0.02251871,0.46276142,0.53723858,0.16437453,0.16818758,0.05074581,0.1423235,0.04118088,Minority,White,0.16856582,0.20841603,0.17100628,0.43995621,0.16873728,1279.91,Urban
WA,WA-38,102835,76289,-0.00129333,0.0276452,0.57493217,0.42506783,0.12248162,0.12895699,0.04536696,0.10979302,0.04157873,White,White,0.00848049,0.0483699,0.0060038,0.52346768,0.19660446,322.52,Suburban
WA,WA-39,97982,74348,0.02118757,-0.02085154,0.78865605,0.21134395,0.03774143,0.06967235,0.01708183,0.0465379,0.04174961,White,White,-0.27815079,-0.26508117,-0.25586083,0.73521504,0.19968727,32.04,Rural
WA,WA-40,96956,70193,0.04771236,-0.03110451,0.70461442,0.29538558,0.06014845,0.0952944,0.02094226,0.08821392,0.03779579,White,White,-0.02990339,-0.05192156,-0.10870195,0.74371867,0.28462588,728.83,Suburban
WA,WA-41,97577,75434,0.01229798,-0.02489877,0.72690034,0.27309966,0.05252274,0.08550521,0.01955352,0.08360951,0.03693295,White,White,0.03200293,0.03739192,-0.01403686,0.68871214,0.26781088,1034.43,Urban
WA,WA-42,100400,76264,-0.02739044,0.00331188,0.80410154,0.19589846,0.01620686,0.0632933,0.00436641,0.07458303,0.02865048,White,White,0.22217173,0.20920935,0.15246074,0.87991659,0.51548512,26.2,Rural
WA,WA-43,97438,72652,-0.01114555,-0.02628781,0.68314706,0.31685294,0.05344657,0.07619887,0.01209877,0.15246655,0.02865716,White,White,0.20205113,0.19852851,0.13775714,0.80535806,0.42006124,583.12,Suburban
WA,WA-44,101403,76826,-0.00452649,0.01333501,0.71098326,0.28901674,0.03950486,0.1123578,0.01865254,0.07494859,0.04891573,White,White,-0.02320302,-0.01379348,-0.04945068,0.76381802,0.32328024,334.38,Suburban
WA,WA-45,95704,72715,0.01972749,-0.04361593,0.56081964,0.43918036,0.08482431,0.12749777,0.02989755,0.17231658,0.03825896,White,White,0.11143856,0.14653811,0.12933695,0.61589861,0.25694477,1132.71,Urban
WA,WA-46,97301,69572,0.00030832,-0.02765688,0.56243891,0.43756109,0.02262404,0.05023573,0.00480078,0.34647559,0.01151325,White,White,0.43681164,0.44930516,0.3809501,0.85016524,0.74442194,982.73,Suburban
WA,WA-47,104613,82502,-0.00820166,0.04541301,0.39835398,0.60164602,0.15532957,0.12576665,0.01472692,0.29645342,0.02935686,Minority,Minority,0.41940603,0.45714941,0.45369131,0.59649371,0.3485751,1805.9,Urban
WA,WA-48,103865,80001,-0.01108169,0.03793814,0.53401832,0.46598168,0.03451207,0.06136173,0.00559993,0.35085811,0.01517481,White,White,0.44287816,0.46006871,0.43309332,0.79374769,0.68440233,1250.48,Urban
WA,WA-49,103635,83491,0.00844309,0.03563971,0.46073229,0.53926771,0.03547688,0.07615192,0.00495862,0.41185277,0.01382185,Minority,White,0.42333317,0.45169377,0.42509011,0.70303051,0.69032342,2002.57,Urban
WA,WA-50,96502,72911,0.04217529,-0.0356414,0.51472343,0.48527657,0.02718383,0.0634335,0.00337398,0.37400392,0.01401709,White,White,0.48143678,0.50185891,0.43670171,0.75447575,0.72431147,883.91,Suburban
WA,WA-51,103843,81862,-0.00311046,0.03771829,0.66088051,0.33911949,0.02873128,0.06719846,0.00505729,0.21414087,0.01732183,White,White,0.4575195,0.47154177,0.41534775,0.75876635,0.64979809,1769.41,Urban
WA,WA-52,102667,80132,0.012711,0.02596635,0.70974143,0.29025857,0.02699296,0.06843708,0.0060026,0.16199521,0.02122747,White,White,0.47621829,0.46621366,0.40424601,0.82556041,0.61460452,849.15,Suburban
WA,WA-53,101220,77734,-0.0170816,0.01150626,0.4295675,0.5704325,0.15716418,0.16962976,0.04295418,0.18972393,0.03335735,Minority,Minority,0.26663552,0.29389103,0.26854735,0.58340683,0.30522627,1752.88,Urban
WA,WA-54,103525,79162,-0.03230138,0.03454047,0.43025694,0.56974306,0.12730856,0.12392309,0.02761426,0.28069023,0.02650261,Minority,Minority,0.22307339,0.29541004,0.27841486,0.62016216,0.27990641,1941.48,Urban
WA,WA-55,98405,76310,0.03612621,-0.01662444,0.35815752,0.64184248,0.19540034,0.18838946,0.03283973,0.21369414,0.03492334,Minority,Minority,0.34657948,0.4446952,0.41670559,0.52055512,0.25809894,1028.75,Urban
WA,WA-56,100498,79413,-0.0334733,0.00429121,0.51470162,0.48529838,0.10106658,0.17498394,0.02272928,0.16812109,0.03520834,White,White,0.43071798,0.43941241,0.40151051,0.66903526,0.32601523,1969.44,Urban
WA,WA-57,100604,82205,0.0323844,0.00535049,0.61426921,0.38573079,0.08511648,0.08415546,0.00787057,0.1867648,0.02823429,White,White,0.64890401,0.65813776,0.61600399,0.71726063,0.52370851,2227.39,Urban
WA,WA-58,99048,83516,0.01687061,-0.01019885,0.75106566,0.24893434,0.03117965,0.06239523,0.00507687,0.12368887,0.02275013,White,White,0.82898332,0.83112423,0.80241083,0.84632189,0.72443869,4032.51,Urban
WA,WA-59,100588,83158,0.01635384,0.0051906,0.67071118,0.32928882,0.04646576,0.06892903,0.00600063,0.18728204,0.02124871,White,White,0.79688354,0.80962386,0.78585141,0.77232674,0.73041976,3320.09,Urban
WA,WA-60,101850,89788,0.0114973,0.01780195,0.6531385,0.3468615,0.04029492,0.0631933,0.00532365,0.22185593,0.01569252,White,White,0.81805576,0.83518256,0.81305977,0.67136225,0.81315224,4000.69,Urban
WA,WA-61,100231,89183,-0.00145664,0.00162304,0.64600877,0.35399123,0.05309308,0.07069733,0.00649227,0.20441115,0.02210062,White,White,0.76647862,0.7656147,0.72528876,0.72369799,0.71916396,3995.23,Urban
WA,WA-62,101143,93656,0.05044343,0.01073679,0.51804476,0.48195524,0.1057487,0.08619843,0.00809345,0.26859998,0.02321261,White,White,0.8120349,0.8427667,0.84185712,0.63180702,0.67893492,8362.81,Urban
WA,WA-63,101266,80855,0.02726483,0.01196595,0.36263682,0.63736318,0.19045204,0.09403253,0.0093377,0.33539051,0.02657844,Minority,Minority,0.71122995,0.74961337,0.78550956,0.67224212,0.47208419,2093.39,Urban
WA,WA-64,103101,84423,0.01915597,0.03030337,0.7130166,0.2869834,0.06285017,0.07818959,0.00694124,0.11514635,0.02716084,White,White,0.74014002,0.7375332,0.69928581,0.82510239,0.58912868,781.82,Suburban
WA,WA-65,102820,80377,0.06734098,0.0274953,0.8087637,0.1912363,0.02062779,0.08197619,0.00762656,0.0408699,0.03702552,White,White,-0.09828667,-0.08769854,-0.10821191,0.74669246,0.25803857,121.77,Rural
WA,WA-66,95917,71840,0.00717287,-0.04148739,0.78905902,0.21094098,0.01975223,0.07594655,0.00804566,0.07171492,0.03031737,White,White,0.08420675,0.09624819,0.04826038,0.81841282,0.35944016,300.84,Suburban
WA,WA-67,103775,80837,0.05370272,0.03703875,0.58986603,0.41013397,0.05436867,0.09472148,0.01062632,0.22648045,0.02641117,White,White,0.39728453,0.40588587,0.35806722,0.69878723,0.44777136,1680.78,Urban
WA,WA-68,103534,83051,-0.0034578,0.0346304,0.68907057,0.31092943,0.04526135,0.07620619,0.00832019,0.15756583,0.02539403,White,White,0.40734357,0.40123789,0.35279255,0.77599161,0.46034237,1457.89,Urban
WA,WA-69,98752,76246,0.01170609,-0.01315682,0.49833434,0.50166566,0.08065997,0.13099704,0.01531884,0.25575112,0.02662435,Minority,White,0.32371662,0.37443341,0.3338192,0.60684284,0.3827053,2534.31,Urban
WA,WA-70,96710,71864,0.0062248,-0.03356283,0.60720249,0.39279751,0.04308138,0.078412,0.00930925,0.24105254,0.02193031,White,White,0.28393663,0.28959285,0.22765395,0.73654664,0.46439756,1998.68,Urban
WA,WA-71,96561,76457,-0.00777747,-0.0350518,0.63346718,0.36653282,0.0656709,0.14506193,0.01565586,0.10897629,0.04025792,White,White,0.30533989,0.30864595,0.25331639,0.59477639,0.26947013,1228.23,Urban
WA,WA-72,95432,73196,0.01794995,-0.04633407,0.71342696,0.28657304,0.03068474,0.10130335,0.01161266,0.08251817,0.06578228,White,White,0.00918796,0.03441452,-0.01548108,0.69090448,0.21680617,414.85,Suburban
WA,WA-73,101886,82602,0.01648902,0.0181617,0.79518656,0.20481344,0.03399433,0.06643907,0.00947919,0.06043437,0.03288056,White,White,0.12489256,0.08667949,0.03462724,0.75447527,0.33921498,154.02,Rural
WA,WA-74,96021,75424,0.01175784,-0.0404481,0.73790836,0.26209164,0.01187951,0.16390008,0.00674852,0.03842278,0.04152524,White,White,0.16610202,0.14822355,0.08941784,0.73619162,0.32394139,128.49,Rural
WA,WA-75,101149,77229,0.01249642,0.01079675,0.80762408,0.19237592,0.01008688,0.09628507,0.00494633,0.02925067,0.04595424,White,White,-0.20289195,-0.1920424,-0.21964306,0.7667651,0.22041618,8.42,Rural
WA,WA-76,98666,82984,0.01876026,-0.01401623,0.79757544,0.20242456,0.02267907,0.06600067,0.0069893,0.07289357,0.03053601,White,White,0.58119029,0.55458979,0.48758789,0.73662393,0.48207737,417.7,Suburban
WA,WA-77,97675,78316,0.01234707,-0.02391944,0.76968946,0.23031054,0.01658665,0.08756831,0.00730374,0.05646356,0.06143061,White,White,0.21056793,0.20177617,0.12736376,0.80517758,0.35086294,99.7,Rural
WI,WI-1,101402,77559,-0.0147433,0.015096,0.68442089,0.31557911,0.1101484,0.16410732,0.00140538,0.02485849,0.02324682,White,White,0.09928558,0.13764927,0.16508821,0.65831322,0.27056599,1349.95,Urban
WI,WI-2,97172,72917,0.00121434,-0.02724888,0.57854821,0.42145179,0.21115789,0.18039689,0.00135771,0.01520907,0.02164104,White,White,0.23312461,0.25747318,0.25735913,0.63342099,0.2461942,1444.13,Urban
WI,WI-3,104018,83236,-0.01180565,0.04128376,0.83211591,0.16788409,0.05327022,0.05698256,0.00080494,0.03768802,0.01607478,White,White,-0.18824439,-0.1798837,-0.2008471,0.83530365,0.3532181,160.96,Rural
WI,WI-4,99969,77580,0.0051716,0.0007508,0.88442898,0.11557102,0.02683681,0.04967775,0.00122454,0.01652488,0.01683424,White,White,0.08042155,0.11809734,0.09570772,0.7416522,0.26810666,107.89,Rural
WI,WI-5,100811,77566,0.00069437,0.00917973,0.81464817,0.18535183,0.0643452,0.08467628,0.00094113,0.01293092,0.02034397,White,White,0.03572496,0.07218481,0.07819814,0.71084561,0.22636231,41.21,Rural
WI,WI-6,99709,77883,0.00260759,-0.00185196,0.93510779,0.06489221,0.01377708,0.02510176,0.00071903,0.00889796,0.01195383,White,White,-0.11001699,-0.04924856,-0.02663677,0.7080105,0.23740931,14.79,Rural
WI,WI-7,99547,78374,-0.00295338,-0.00347368,0.90364151,0.09635849,0.01748029,0.04201649,0.00103351,0.00923776,0.02009595,White,White,-0.01181588,0.01957182,0.00202642,0.75528998,0.25182543,34.82,Rural
WI,WI-8,98969,75041,0.00655761,-0.00925982,0.9456697,0.0543303,0.00679628,0.02038885,0.00085287,0.00698285,0.01187351,White,White,-0.11617917,-0.08231725,-0.06703126,0.75814865,0.24093119,14.25,Rural
WI,WI-9,103201,83346,-0.00384686,0.03310509,0.88678521,0.11321479,0.0243443,0.02256857,0.00092386,0.04765676,0.01389389,White,White,0.13642363,0.18130129,0.12945985,0.73574366,0.36339972,262.13,Suburban
WI,WI-10,101102,80102,0.0075864,0.01209282,0.88821752,0.11178248,0.01861377,0.05229582,0.00118599,0.01675364,0.01727797,White,White,-0.26186949,-0.25014561,-0.25103089,0.79755021,0.32273911,116.68,Rural
WI,WI-11,102215,80606,-0.00620261,0.02323463,0.77205171,0.22794829,0.04414063,0.1122249,0.00098008,0.0520929,0.02164851,White,White,0.033613,0.04930602,0.01314034,0.73730311,0.30968613,818.58,Suburban
WI,WI-12,102306,81558,-0.0066174,0.02414559,0.75627161,0.24372839,0.05223277,0.12656024,0.00115255,0.04821109,0.02183722,White,White,0.05006231,0.05117538,-0.0069807,0.75553699,0.31324251,1461.09,Urban
WI,WI-13,99947,69507,0.00260138,0.00053056,0.28759693,0.71240307,0.08750198,0.57096408,0.0015538,0.05241199,0.04298848,Hispanic,Hispanic,0.343073,0.4227755,0.45778638,0.54988998,0.14060703,3363.82,Urban
WI,WI-14,101602,80770,-0.00135824,0.01709812,0.78442491,0.21557509,0.06816887,0.09023152,0.0011638,0.03677108,0.02290454,White,White,0.27074266,0.24345784,0.13526812,0.75184395,0.42037482,1709.6,Urban
WI,WI-15,97682,81584,-0.03377285,-0.02214347,0.61401745,0.38598255,0.11969259,0.20440282,0.00164248,0.04694548,0.0245759,White,White,0.47551709,0.50084651,0.43204675,0.67113637,0.41491078,2588.28,Urban
WI,WI-16,99707,72592,-0.05964476,-0.00187198,0.28748347,0.71251653,0.60181563,0.0541382,0.00154287,0.0526091,0.01595217,Black,Black,0.68300857,0.69379609,0.68919915,0.6724071,0.2627763,3095.04,Urban
WI,WI-17,100845,80642,-0.05607616,0.00952009,0.43019766,0.56980234,0.46837876,0.05911312,0.00163686,0.03129883,0.01552541,Black,Black,0.7548563,0.78066028,0.74852927,0.65669298,0.35877787,3207.95,Urban
WI,WI-18,99783,72592,0.02398204,-0.00111118,0.41989475,0.58010525,0.47849625,0.04138197,0.00123981,0.05479943,0.0131695,Black,Black,0.64969718,0.65368602,0.63250285,0.72445261,0.39602423,1934.1,Urban
WI,WI-19,98586,71284,0.0149007,-0.01309388,0.35174794,0.64825206,0.50737893,0.04865047,0.00141687,0.08743898,0.01338309,Black,Black,0.56360179,0.56080024,0.53083364,0.68228073,0.29792308,997.1,Suburban
WI,WI-20,96123,74517,0.01142286,-0.03775002,0.84803468,0.15196532,0.03027497,0.02682609,0.00076493,0.07855925,0.00989036,White,White,-0.06373482,-0.09743191,-0.19368809,0.9129685,0.5459771,516.51,Suburban
WI,WI-21,103000,81221,0.00642718,0.03109296,0.91525591,0.08474409,0.00854459,0.02983219,0.00068948,0.02601544,0.01284151,White,White,-0.29081994,-0.29370955,-0.32676159,0.88804599,0.4277952,189.55,Rural
WI,WI-22,103767,81777,-0.00210086,0.0387711,0.8270296,0.1729704,0.02824755,0.08812991,0.00108833,0.03816477,0.01412378,White,White,-0.12545443,-0.12601027,-0.17603939,0.78088503,0.43849844,574.25,Suburban
WI,WI-23,104088,80678,0.03114672,0.0419845,0.93003049,0.06996951,0.00856491,0.0248023,0.00100399,0.01828256,0.01096953,White,White,-0.28239053,-0.29219207,-0.35243613,0.9045786,0.48023585,202.68,Suburban
WI,WI-24,98086,76821,0.01675061,-0.01809919,0.90032673,0.09967327,0.0238867,0.02427722,0.00110647,0.03413129,0.01041382,White,White,-0.08072909,-0.1052297,-0.18262642,0.88878147,0.52943645,262.73,Suburban
WI,WI-25,95279,75108,0.01076837,-0.04619897,0.93269692,0.06730308,0.01111732,0.02710763,0.00069234,0.01174309,0.01204932,White,White,-0.38031166,-0.39626469,-0.41125979,0.83936545,0.32594766,104.63,Rural
WI,WI-26,98337,77699,-0.00386426,-0.01558652,0.86089911,0.13910089,0.01088817,0.09526506,0.00064351,0.01223954,0.01580458,White,White,-0.24139129,-0.21066445,-0.22634481,0.76669196,0.30631868,68.64,Rural
WI,WI-27,96745,76690,-0.00299757,-0.03152341,0.87491198,0.12508802,0.01773373,0.07372539,0.0010562,0.01213978,0.01421307,White,White,-0.18911524,-0.17252107,-0.16581724,0.70236011,0.25273167,54.31,Rural
WI,WI-28,94927,75495,-0.00333941,-0.04972271,0.89986092,0.10013908,0.03498245,0.0367574,0.00051659,0.00866283,0.01438506,White,White,-0.42533104,-0.41983601,-0.40471267,0.76142971,0.20227028,46.55,Rural
WI,WI-29,95448,73447,0.01364094,-0.04450718,0.91676992,0.08323008,0.01503125,0.03311231,0.00099391,0.01607962,0.01256688,White,White,0.23652583,0.24096405,0.20417738,0.87644803,0.40892517,83.29,Rural
WI,WI-30,98710,73679,0.03820282,-0.01185256,0.83535336,0.16464664,0.04671616,0.05069287,0.00141153,0.04853486,0.01463103,White,White,0.30658764,0.30167259,0.2308556,0.87193707,0.47338956,144.1,Rural
WI,WI-31,103578,80251,0.04378343,0.03687909,0.82690558,0.17309442,0.04836077,0.06598049,0.00076012,0.04234215,0.01446711,White,White,0.44462154,0.44696934,0.38668699,0.86055936,0.54104706,77.28,Rural
WI,WI-32,96554,76815,0.01803136,-0.03343544,0.74245916,0.25754084,0.06765606,0.07275923,0.00101543,0.10215453,0.01477576,White,White,0.62610202,0.6286811,0.56636223,0.89429544,0.63848466,878.48,Suburban
WI,WI-33,96271,86547,-0.02080585,-0.03626844,0.74128508,0.25871492,0.0453973,0.05177534,0.00138653,0.14441864,0.01401551,White,White,0.71597565,0.78157416,0.69166312,0.75579154,0.72517018,3360.59,Urban
WI,WI-34,96607,77654,0.02433571,-0.03290488,0.72225513,0.27774487,0.10898344,0.09389085,0.00188013,0.05489737,0.0201535,White,White,0.66574777,0.66157691,0.60520239,0.80946514,0.45575517,815.59,Suburban
WI,WI-35,99534,79389,0.01472864,-0.00360382,0.89309602,0.10690398,0.0165892,0.02350452,0.00162491,0.04387258,0.01598458,White,White,0.12771739,0.13003742,0.08758972,0.7551835,0.36674794,95.12,Rural
WI,WI-36,101421,77366,0.0148983,0.0152862,0.9393532,0.0606468,0.00787167,0.0192074,0.00100819,0.01003025,0.01499367,White,White,-0.30801322,-0.27169546,-0.25209166,0.80160006,0.24863578,15.4,Rural
WI,WI-37,100402,78812,0.01627458,0.00508539,0.91236106,0.08763894,0.01514998,0.02459016,0.00115465,0.02281378,0.01706593,White,White,-0.07313563,-0.04452593,-0.07326756,0.76891707,0.41412766,75.8,Rural
WI,WI-38,98179,74240,-0.00153801,-0.0171682,0.88708244,0.11291756,0.01547683,0.05453933,0.00148168,0.00909213,0.03176185,White,White,-0.23175175,-0.1956409,-0.16697536,0.6976257,0.19030392,14.46,Rural
WI,WI-39,95839,78037,0.01388787,-0.04059303,0.91402796,0.08597204,0.01815805,0.03506029,0.00108923,0.00676602,0.0201571,White,White,-0.30984996,-0.29676417,-0.27753814,0.72277013,0.17298944,15.3,Rural
WI,WI-40,95132,74816,-0.00434134,-0.04767053,0.92216905,0.07783095,0.01380721,0.02419269,0.00088216,0.0164537,0.01754972,White,White,-0.23838969,-0.22823448,-0.21995503,0.72787589,0.19812948,22.3,Rural
WI,WI-41,96870,72973,0.00606999,-0.03027209,0.92284818,0.07715182,0.01615666,0.02644814,0.00060296,0.01200444,0.01525222,White,White,-0.2698939,-0.24770339,-0.2239644,0.70533209,0.20145469,18.48,Rural
WI,WI-42,97988,78366,0.01396089,-0.01908023,0.926218,0.073782,0.01119108,0.01686956,0.00090601,0.00638032,0.03049792,White,White,-0.3042595,-0.27270666,-0.26632865,0.7658528,0.22044495,12.39,Rural
WI,WI-43,99978,79518,-0.00017004,0.00084089,0.94686738,0.05313262,0.0049297,0.01615986,0.00158455,0.00747001,0.01536759,White,White,-0.32817636,-0.30003556,-0.28457993,0.74548394,0.18288285,9.29,Rural
WI,WI-44,97561,80506,0.013161,-0.02335476,0.92149653,0.07850347,0.00588776,0.01253323,0.00110551,0.00616103,0.04747472,White,White,-0.25351467,-0.22943368,-0.24894933,0.77915917,0.23945323,8.27,Rural
WI,WI-45,100098,79349,0.0103099,0.00204216,0.94010006,0.05989994,0.00504102,0.01765618,0.00054191,0.0064147,0.02191584,White,White,-0.38546497,-0.36448101,-0.34581709,0.78370808,0.20808212,15.66,Rural
WI,WI-46,96948,76418,-0.0009077,-0.02949126,0.87790835,0.12209165,0.00603261,0.02504646,0.00060195,0.00608495,0.08098877,White,White,-0.31888238,-0.30497797,-0.29068265,0.73144522,0.18892358,18.73,Rural
WI,WI-47,103866,82744,0.00690313,0.03976215,0.86795417,0.13204583,0.01930049,0.02859422,0.00134149,0.06215556,0.01814029,White,White,0.06035168,0.06761205,0.04838278,0.7087904,0.32805489,168.69,Rural
WI,WI-48,104524,80658,0.0012246,0.04634913,0.92170646,0.07829354,0.00645937,0.02396538,0.00075628,0.02928414,0.0119517,White,White,-0.27515189,-0.26462579,-0.24771726,0.8008234,0.25751577,19.14,Rural
WI,WI-49,103732,82472,-0.00309451,0.03842073,0.85884906,0.14115094,0.04191726,0.03802503,0.00143079,0.03661849,0.02006742,White,White,0.04196041,0.05096572,-0.00086869,0.65273091,0.29112688,510.08,Suburban
WI,WI-50,103502,80355,0.01127514,0.03611829,0.9135088,0.0864912,0.00961981,0.03533072,0.00069691,0.02027254,0.0159542,White,White,-0.20638089,-0.20733915,-0.21645202,0.81862405,0.29924704,59.68,Rural
WI,WI-51,104154,82059,-0.00016322,0.0426452,0.89062748,0.10937252,0.02415335,0.05154828,0.0010724,0.01367309,0.0171462,White,White,-0.28665402,-0.26490367,-0.26324427,0.72935385,0.22302582,55.89,Rural
WI,WI-52,99163,76763,-0.00311608,-0.00731776,0.80854057,0.19145943,0.02600211,0.07365528,0.00136785,0.06987741,0.01921499,White,White,-0.03358836,-0.02869143,-0.03356299,0.69034556,0.26195313,253.53,Suburban
WI,WI-53,100230,80267,0.00312282,0.00336357,0.92887488,0.07112512,0.01379147,0.02592597,0.00047342,0.01255809,0.01250825,White,White,-0.3180346,-0.3166821,-0.30146356,0.78839854,0.24203717,40.74,Rural
WI,WI-54,98291,77699,0.02060209,-0.01604701,0.9203336,0.0796664,0.00737461,0.02661553,0.00075934,0.01279296,0.02738774,White,White,-0.18029363,-0.180446,-0.19067114,0.83134839,0.32836011,32.49,Rural
WI,WI-55,104404,78841,0.0140895,0.04514786,0.91057952,0.08942048,0.00927183,0.02761254,0.00053272,0.01292475,0.03652922,White,White,-0.24576717,-0.24131612,-0.24051679,0.81002407,0.28050532,67.65,Rural
WI,WI-56,103239,80432,0.00332239,0.03348549,0.8310001,0.1689999,0.03024915,0.056296,0.00160384,0.05859608,0.02068828,White,White,0.08578993,0.08270068,0.01108905,0.72190723,0.35609728,856.91,Suburban
WI,WI-57,101946,78156,0.01061346,0.02054177,0.77828957,0.22171043,0.04473105,0.08683914,0.00115154,0.03508368,0.05889503,White,White,0.0039295,0.00343945,-0.03931125,0.67585336,0.27576283,736.85,Suburban
WI,WI-58,99871,77271,-0.00709916,-0.00023024,0.78919646,0.21080354,0.04205976,0.1053953,0.00146239,0.03579609,0.02746179,White,White,0.00920969,0.01434614,-0.04117573,0.72260246,0.32839566,620.27,Suburban
WI,WI-59,100753,81655,0.00810894,0.00859912,0.87066316,0.12933684,0.01174453,0.01363052,0.00093075,0.00756843,0.0898659,White,White,0.00191252,0.04190813,0.01811231,0.73886879,0.27015492,6.66,Rural
WV,WV-1,101523,82430,-0.01935522,0.0187867,0.91966517,0.08033483,0.03321606,0.01119738,0.0006915,0.00847992,0.01732379,White,White,-0.37419599,-0.35965828,-0.38519165,0.56012516,0.25731539,124.51,Rural
WV,WV-2,97776,81587,0.01575029,-0.01881457,0.84457083,0.15542917,0.05378308,0.03026217,0.00156888,0.04631865,0.0180666,White,White,0.00463889,0.03582261,-0.06055601,0.46383568,0.50632615,188.17,Rural
WV,WV-3,100080,77541,0.0236311,0.00430614,0.78465586,0.21534414,0.10852323,0.05795644,0.00132833,0.02107272,0.02538012,White,White,-0.16145719,-0.1044387,-0.15982098,0.58192858,0.29372489,154.13,Rural
WV,WV-4,96760,74725,0.07229227,-0.02901017,0.87516895,0.12483105,0.04839077,0.0333088,0.00100368,0.01480094,0.0229642,White,White,-0.45810935,-0.42916931,-0.48069938,0.6177867,0.22863169,73.43,Rural
WV,WV-5,101840,81792,-0.01847015,0.0219678,0.92474814,0.07525186,0.02673856,0.01198161,0.00091696,0.00579519,0.02148132,White,White,-0.40979596,-0.38956604,-0.42145171,0.55741295,0.21374527,35.92,Rural
WV,WV-6,101985,82202,0.0012845,0.02342288,0.91929637,0.08070363,0.03911097,0.01346683,0.00054743,0.00452544,0.01802876,White,White,-0.61098354,-0.59014995,-0.60220057,0.5689918,0.18332696,15.67,Rural
WV,WV-7,103902,83539,-0.00939347,0.04266004,0.93855564,0.06144436,0.01947593,0.01331115,0.00068232,0.0046206,0.01935623,White,White,-0.54926766,-0.51447374,-0.51736395,0.53948451,0.15567229,8.9,Rural
WV,WV-8,99659,78764,-0.01452955,0.0000814,0.92852064,0.07147936,0.01813011,0.01536235,0.00104108,0.00798588,0.02070743,White,White,-0.45617239,-0.4280543,-0.4399411,0.56796142,0.22378134,39.44,Rural
WV,WV-9,100519,80559,-0.01579801,0.00871152,0.94381757,0.05618243,0.01823508,0.00865204,0.0006579,0.00424534,0.02027086,White,White,-0.60171036,-0.56137404,-0.56247423,0.54057673,0.14782692,11.26,Rural
WV,WV-10,97143,77244,-0.01196175,-0.02516675,0.93564549,0.06435451,0.01715344,0.01093936,0.0008156,0.00847962,0.02119258,White,White,-0.45673188,-0.44508529,-0.49277685,0.57064056,0.20873926,51.44,Rural
WV,WV-11,98069,78473,-0.01924155,-0.01587431,0.92392288,0.07607712,0.0318326,0.01137971,0.00061168,0.00556879,0.02156156,White,White,-0.46454136,-0.4346823,-0.44400165,0.53350394,0.1818651,16.26,Rural
WV,WV-12,98926,78871,-0.01633544,-0.00727428,0.87754688,0.12245312,0.07320815,0.0133002,0.00077341,0.01110674,0.02033701,White,White,-0.55090734,-0.50994888,-0.52630011,0.55323653,0.19350126,26.55,Rural
WV,WV-13,100157,80265,-0.03017263,0.00507884,0.89358998,0.10641002,0.06660437,0.0119853,0.00068523,0.00475924,0.01949791,White,White,-0.61021491,-0.58857725,-0.57748001,0.4745556,0.15898155,26.63,Rural
WV,WV-14,103356,80600,-0.01193932,0.03718091,0.94807692,0.05192308,0.01176179,0.00930521,0.00045906,0.00828784,0.01797767,White,White,-0.51625738,-0.47170446,-0.50599122,0.56653226,0.21787276,32.88,Rural
WV,WV-15,95117,75270,-0.03146651,-0.04549773,0.95391258,0.04608742,0.0156769,0.00637704,0.00039857,0.00278996,0.01691245,White,White,-0.62504901,-0.59619953,-0.59758171,0.49265284,0.14439392,26.56,Rural
WV,WV-16,101514,81187,0.00308332,0.01869638,0.93996576,0.06003424,0.01912868,0.00762437,0.0006405,0.00582606,0.0216414,White,White,-0.47291268,-0.43615725,-0.46569869,0.51203715,0.17686644,29.74,Rural
WV,WV-17,101040,81470,-0.05249406,0.01393978,0.80457837,0.19542163,0.13176629,0.0159077,0.00094513,0.02168897,0.02214312,White,White,0.03517505,0.05321234,-0.02735141,0.54991413,0.35456832,457.44,Suburban
WV,WV-18,94350,76413,-0.01707472,-0.0531946,0.88358002,0.11641998,0.05912606,0.01450015,0.00083755,0.01774567,0.02041537,White,White,-0.21888848,-0.18005889,-0.25398217,0.48077784,0.30302451,129.63,Rural
WY,WY-1,100512,77134,0.00545209,0.04548441,0.77820416,0.22179584,0.03232038,0.13309306,0.00364301,0.0218451,0.03504291,White,White,-0.32078779,-0.28175715,-0.32400107,0.56197512,0.30489694,14.45,Rural
WY,WY-2,93875,73143,0.00403728,-0.02355093,0.80148476,0.19851524,0.01472458,0.1236482,0.00251562,0.02388472,0.0305976,White,White,-0.31851472,-0.27409034,-0.3146879,0.57624782,0.3306368,1.6,Rural
WY,WY-3,95397,75226,0.02443473,-0.00771971,0.88389653,0.11610347,0.00530402,0.06387419,0.00163507,0.0126552,0.02481855,White,White,-0.33449577,-0.29331392,-0.33626364,0.69709882,0.38247885,2.22,Rural
WY,WY-4,92614,68946,0.01627184,-0.03666733,0.82319496,0.17680504,0.00677342,0.05597134,0.00245119,0.00948568,0.10145621,White,White,-0.53672114,-0.5297619,-0.52962945,0.63855697,0.23252863,1.61,Rural
WY,WY-5,96087,72963,0.00290362,-0.00054262,0.86242342,0.13757658,0.01340405,0.07303702,0.00208325,0.01186903,0.03378425,White,White,-0.51274124,-0.50577865,-0.53375502,0.58307955,0.26629097,3.16,Rural
WY,WY-6,98366,73925,0.00510339,0.0231626,0.88223199,0.11776801,0.00695299,0.06560703,0.00135272,0.00833277,0.02928644,White,White,-0.72695633,-0.72343525,-0.73734148,0.61003151,0.21950238,1.79,Rural
