State,CD,TotalPop,PopDevPct,DemPct,RepPct,WhitePct,MinorityPct,BlackPct,HispanicPct,PacificPct,AsianPct,NativePct,TotalVAP,Margin_24,Margin,Swing,Lean,Minority,Density
AK,AK-1,183592,0.0013308,0.53685011,0.42342886,0.51953866,0.48046134,0.08111356,0.08178828,0.04888883,0.13323541,0.15659746,142282,0.11342125,0.1249389,-0.01151765,0.11226047,White,6400727
AK,AK-2,183723,0.00204529,0.378669,0.5841632,0.72337181,0.27662819,0.03035857,0.06010855,0.01009566,0.0732329,0.10282535,139664,-0.2054942,-0.20035801,-0.00513619,-0.20878214,White,25949
AK,AK-3,182905,-0.00241617,0.28610821,0.67848713,0.73609693,0.26390307,0.03865785,0.05505748,0.00937967,0.03823621,0.12059681,135186,-0.39237892,-0.37612062,-0.0162583,-0.39195949,White,8674
AK,AK-4,183171,-0.00096538,0.48705569,0.46119397,0.48308261,0.51691739,0.01941975,0.04358849,0.01132453,0.06614257,0.38570625,136871,0.02586172,0.0868533,-0.06099158,0.04119225,Minority,709
AL,AL-1,185638,-0.00239677,0.6447239,0.33915976,0.37131851,0.62868149,0.57183681,0.02702854,0.00115566,0.01659954,0.01684469,142775,0.30556414,0.36205161,-0.05648747,0.3193933,Black,5386381
AL,AL-2,186035,-0.00026332,0.26544426,0.72228736,0.73819865,0.26180135,0.16043015,0.0338484,0.00134336,0.03563722,0.02849586,143670,-0.4568431,-0.4665064,0.0096633,-0.4650642,White,1253801
AL,AL-3,185976,-0.00058038,0.20597819,0.78151261,0.83762937,0.16237063,0.06605711,0.04965467,0.00117935,0.0118206,0.02785704,147539,-0.57553442,-0.53940727,-0.03612715,-0.56849204,White,1084048
AL,AL-4,186180,0.0005159,0.18643543,0.8049161,0.75427046,0.24572954,0.17119378,0.01936219,0.00095942,0.0090241,0.04464081,143837,-0.61848067,-0.55608437,-0.0623963,-0.6026819,White,191143
AL,AL-5,185647,-0.0023484,0.20817844,0.78124686,0.72379648,0.27620352,0.17695194,0.05155799,0.00251571,0.02070566,0.02861615,143101,-0.57306842,-0.53482479,-0.03824363,-0.56532054,White,404074
AL,AL-6,186238,0.00082758,0.53599567,0.45165164,0.4056323,0.5943677,0.51537016,0.03035624,0.0011111,0.03879233,0.0132097,145802,0.08434403,0.11276182,-0.02841779,0.08881663,Black,252411
AL,AL-7,186384,0.00161218,0.54918389,0.43868988,0.42848716,0.57151284,0.51066588,0.03296477,0.00116604,0.0168322,0.01480191,145792,0.11049401,0.15792218,-0.04742817,0.1213034,Black,297999
AL,AL-8,186390,0.00164442,0.52251298,0.47073426,0.40619318,0.59380682,0.55938136,0.01407664,0.00091937,0.00562521,0.01840792,146839,0.05177872,0.13422036,-0.08244164,0.07425927,Black,78912
AL,AL-9,185499,-0.00314374,0.5725761,0.41596763,0.46516258,0.53483742,0.46371283,0.04433428,0.00114911,0.01712976,0.01214583,149681,0.15660847,0.22479954,-0.06819107,0.17433883,Minority,218669
AL,AL-10,185578,-0.0027192,0.42974739,0.55200751,0.57503289,0.42496711,0.3080526,0.04612799,0.00194238,0.05393193,0.0187763,145183,-0.12226012,-0.04224689,-0.08001323,-0.10058904,White,710517
AL,AL-11,185575,-0.00273532,0.23681016,0.75511927,0.71766153,0.28233847,0.2269276,0.02631742,0.00101697,0.00904275,0.02052484,145531,-0.51830911,-0.45565052,-0.06265859,-0.50242291,White,185524
AL,AL-12,185697,-0.00207971,0.22486889,0.76393734,0.74241948,0.25758052,0.18001243,0.03988019,0.001152,0.01251143,0.02303304,143229,-0.53906845,-0.50828833,-0.03078012,-0.53380841,White,439917
AL,AL-13,186703,0.00332645,0.31200406,0.66966081,0.73769697,0.26230303,0.13860566,0.0679054,0.00125699,0.03106654,0.02369315,142404,-0.35765675,-0.36069795,0.0030412,-0.36367048,White,1861435
AL,AL-14,186729,0.00346618,0.30648529,0.68357472,0.66150208,0.33849792,0.27667827,0.02862259,0.00141221,0.01167607,0.02092638,147995,-0.37708943,-0.30875086,-0.06833857,-0.35930991,White,601534
AL,AL-15,186558,0.00254724,0.1503554,0.84061,0.84481606,0.15518394,0.07385533,0.04120408,0.00076613,0.00767527,0.02776191,143578,-0.6902546,-0.6831106,-0.007144,-0.69287327,White,432267
AL,AL-16,185700,-0.00206358,0.64658048,0.33484935,0.44195499,0.55804501,0.47867089,0.0530872,0.00137834,0.01348101,0.01650492,142200,0.31173113,0.32617925,-0.01444812,0.31154717,Black,4713152
AL,AL-17,185679,-0.00217644,0.63409363,0.34238564,0.44404427,0.55595573,0.47588867,0.03826962,0.00098592,0.03195842,0.01226023,149100,0.29170799,0.3497835,-0.05807551,0.30606649,Black,5634886
AL,AL-18,185824,-0.00139722,0.59472103,0.38646912,0.43582193,0.56417807,0.47181708,0.04730989,0.0008661,0.03167157,0.01591547,144325,0.20825191,0.22570149,-0.01744958,0.20906844,Black,3578042
AL,AL-19,185774,-0.00166591,0.19547649,0.79503039,0.83349041,0.16650959,0.10130222,0.02689744,0.00072919,0.00932124,0.02579678,145367,-0.5995539,-0.61255794,0.01300404,-0.60888858,White,458890
AL,AL-20,185881,-0.00109091,0.17476156,0.81538765,0.82499215,0.17500785,0.11192014,0.03221055,0.00079584,0.00939649,0.02101295,143245,-0.64062609,-0.61372827,-0.02689782,-0.63666015,White,195124
AL,AL-21,185622,-0.00248275,0.10281729,0.8878723,0.88788294,0.11211706,0.01728726,0.05286928,0.00084769,0.0061909,0.03344196,143921,-0.78505501,-0.75512056,-0.02993445,-0.78007686,White,300028
AL,AL-22,186135,0.00027407,0.18483125,0.80523322,0.78079597,0.21920403,0.09882246,0.0801216,0.00129285,0.01022398,0.03320172,143095,-0.62040197,-0.57218971,-0.04821226,-0.60933122,White,657974
AL,AL-23,186625,0.00290729,0.1454248,0.84532341,0.85057154,0.14942846,0.03517505,0.05927775,0.00078596,0.00615667,0.05127339,145046,-0.69989861,-0.66968112,-0.03021749,-0.69482611,White,251741
AL,AL-24,186531,0.00240214,0.25109864,0.73722235,0.73607194,0.26392806,0.15285526,0.05859475,0.00095853,0.0093302,0.04221001,145013,-0.48612371,-0.43008922,-0.05603449,-0.47244555,White,461535
AL,AL-25,186386,0.00162292,0.26476677,0.71976824,0.78761243,0.21238757,0.1265276,0.04121442,0.00123028,0.01689586,0.02674495,146308,-0.45500147,-0.41886386,-0.03613761,-0.4479556,White,579454
AL,AL-26,186627,0.00291804,0.36228056,0.61634644,0.76916759,0.23083241,0.12915965,0.03785608,0.00167002,0.02813026,0.03313348,146106,-0.25406588,-0.27086047,0.01679459,-0.26466408,White,1557358
AL,AL-27,186668,0.00313837,0.56290719,0.41335804,0.49082494,0.50917506,0.37458016,0.07039677,0.00311297,0.04496054,0.02598919,146484,0.14954915,0.17886207,-0.02931292,0.15432012,Minority,5317176
AR,AR-1,188856,0.00337902,0.75539676,0.22286615,0.30388464,0.69611536,0.56232897,0.10672135,0.00130904,0.01577808,0.02515023,143617,0.53253061,0.54199018,-0.00945957,0.5306838,Black,1947036
AR,AR-2,188818,0.00317713,0.53634129,0.43593022,0.70468968,0.29531032,0.18564456,0.03700791,0.00100167,0.04626492,0.02481983,148752,0.10041107,0.0796216,0.02078947,0.08848125,White,3792371
AR,AR-3,188017,-0.00107853,0.52279914,0.45918061,0.42915446,0.57084554,0.52201512,0.02563751,0.00108193,0.00870333,0.01579063,146036,0.06361853,0.10255162,-0.03893309,0.07159623,Black,149910
AR,AR-4,188327,0.00056848,0.29063015,0.68802103,0.72789226,0.27210774,0.19179244,0.04146902,0.00088367,0.01426602,0.02216959,141455,-0.39739088,-0.36123803,-0.03615285,-0.39033993,White,258185
AR,AR-5,187808,-0.00218893,0.21729532,0.76235091,0.81666993,0.18333007,0.09847488,0.03423478,0.00143549,0.01236625,0.03181895,142808,-0.54505559,-0.52129003,-0.02376556,-0.54213374,White,156815
AR,AR-6,188248,0.00014876,0.18327871,0.79755298,0.89087227,0.10912773,0.03160207,0.02939824,0.00425663,0.00645361,0.03119014,145655,-0.61427427,-0.588947,-0.02532727,-0.61083185,White,133682
AR,AR-7,188064,-0.00082882,0.17805729,0.80441637,0.91205134,0.08794866,0.00435126,0.02619394,0.00152128,0.00821758,0.04104802,150531,-0.62635908,-0.59484998,-0.0315091,-0.62085605,White,110222
AR,AR-8,188104,-0.0006163,0.21903544,0.75820763,0.83320699,0.16679301,0.04381603,0.05917946,0.00135621,0.0152452,0.04309272,143783,-0.53917219,-0.51858268,-0.02058951,-0.53730902,White,201666
AR,AR-9,188614,0.0020933,0.28452868,0.68980965,0.8184325,0.1815675,0.01062135,0.078167,0.0050855,0.01841587,0.06614611,144332,-0.40528097,-0.40062017,-0.0046608,-0.40872737,White,285413
AR,AR-10,188583,0.00192859,0.39878418,0.57369312,0.66051808,0.33948192,0.02664963,0.18749262,0.01166706,0.07228409,0.04660917,135424,-0.17490894,-0.17103645,-0.00387249,-0.17861811,White,3233353
AR,AR-11,187888,-0.00176389,0.52692377,0.43902292,0.65939771,0.34060229,0.05030434,0.18083327,0.03502842,0.03459811,0.04489773,144083,0.08790085,0.11147659,-0.02357574,0.09075943,White,3846270
AR,AR-12,187932,-0.00153012,0.26563808,0.71203418,0.73073098,0.26926902,0.05450801,0.10393085,0.00161101,0.04269864,0.06801944,142768,-0.4463961,-0.42620488,-0.02019122,-0.44466569,White,635820
AR,AR-13,187638,-0.00309213,0.35929262,0.61563702,0.75869765,0.24130235,0.128191,0.05703345,0.00112295,0.0189507,0.0327679,143372,-0.2563444,-0.25426255,-0.00208185,-0.26065045,White,1248776
AR,AR-14,187850,-0.00196578,0.25712628,0.72233505,0.83330312,0.16669688,0.07277965,0.04315479,0.00134292,0.01050836,0.03570829,148929,-0.46520877,-0.44470745,-0.02050132,-0.463375,White,286707
AR,AR-15,188582,0.00192328,0.20487883,0.77913626,0.72743085,0.27256915,0.13535927,0.08543441,0.00201759,0.00900262,0.04018478,143736,-0.57425743,-0.52397716,-0.05028027,-0.56249734,White,90594
AR,AR-16,188195,-0.00013282,0.32678878,0.65702633,0.62481632,0.37518368,0.31071759,0.03732856,0.00123816,0.00723169,0.01954528,146992,-0.33023755,-0.27183292,-0.05840463,-0.31576934,White,83105
AZ,AZ-1,187847,-0.00185975,0.59151913,0.39706574,0.23450808,0.76549192,0.00945827,0.06276319,0.00171504,0.00840735,0.69275231,137023,0.19445339,0.31348618,-0.11903279,0.22913099,Native,21248
AZ,AZ-2,188349,0.00080766,0.47816408,0.51050736,0.72287046,0.27712954,0.02039664,0.14811089,0.00418576,0.02742482,0.08085973,154094,-0.03234328,0.00215767,-0.03450095,-0.02584296,White,71870
AZ,AZ-3,188498,0.00159939,0.21927857,0.7743117,0.77823477,0.22176523,0.01578107,0.1417614,0.00448972,0.01979819,0.04149317,156580,-0.55503313,-0.51241395,-0.04261918,-0.54582674,White,61707
AZ,AZ-4,188126,-0.00037726,0.29461274,0.69639741,0.81383349,0.18616651,0.01048433,0.11299145,0.00326053,0.01853751,0.03794872,157950,-0.40178467,-0.35960259,-0.04218208,-0.39272398,White,109170
AZ,AZ-5,188766,0.00302343,0.32022501,0.67125892,0.51482109,0.48517891,0.02320412,0.40651261,0.00396449,0.02301437,0.04450393,147560,-0.35103391,-0.2581046,-0.09292931,-0.32505747,White,89222
AZ,AZ-6,188247,0.00026568,0.32282895,0.67001263,0.82568998,0.17431002,0.01806023,0.09208318,0.00274759,0.03131865,0.02686677,154317,-0.34718368,-0.32014571,-0.02703797,-0.34317102,White,168814
AZ,AZ-7,188469,0.00144529,0.34185029,0.64677618,0.60191142,0.39808858,0.04112511,0.29743974,0.00535308,0.02813461,0.0363844,145337,-0.30492589,-0.27217751,-0.03274838,-0.29900976,White,67284
AZ,AZ-8,188266,0.00036664,0.54794538,0.4436456,0.36126002,0.63873998,0.01703509,0.54285023,0.00193424,0.0103827,0.08077508,144760,0.10429978,0.20414194,-0.09984216,0.1325805,Hispanic,66021
AZ,AZ-9,187896,-0.00159939,0.54388386,0.44464002,0.33471032,0.66528968,0.058098,0.55448892,0.0040501,0.03139379,0.04661659,136046,0.09924384,0.20962011,-0.11037627,0.13103593,Hispanic,2883763
AZ,AZ-10,187688,-0.00270461,0.66127094,0.32595334,0.37253726,0.62746274,0.04176212,0.5224847,0.00295124,0.02972132,0.06233997,148412,0.3353176,0.403537,-0.0682194,0.3530574,Hispanic,6060814
AZ,AZ-11,187743,-0.00241237,0.69850829,0.28551185,0.58759192,0.41240808,0.07059904,0.25421394,0.00512752,0.05775473,0.04167703,156801,0.41299644,0.43293601,-0.01993957,0.41464296,White,20255900
AZ,AZ-12,187735,-0.00245487,0.57299063,0.41562234,0.71812276,0.28187724,0.0433628,0.16012295,0.00358082,0.05576576,0.02487562,157785,0.15736829,0.15004128,0.00732701,0.14992595,White,1108795
AZ,AZ-13,187596,-0.00319346,0.48409715,0.50562196,0.71834341,0.28165659,0.0270238,0.18632687,0.00308521,0.04477869,0.02685129,150719,-0.02152481,-0.02392181,0.002397,-0.02732381,White,1864976
AZ,AZ-14,187792,-0.002152,0.32804032,0.66252177,0.73636642,0.26363358,0.04076742,0.16897182,0.00492082,0.02488853,0.02926181,140627,-0.33448145,-0.29235571,-0.04212574,-0.32543954,White,1658136
AZ,AZ-15,187850,-0.00184381,0.39699942,0.59431407,0.55228719,0.44771281,0.05553555,0.32513574,0.00877123,0.0235189,0.04971252,149922,-0.19731465,-0.14257665,-0.054738,-0.18406865,White,187772
AZ,AZ-16,188149,-0.00025505,0.5497719,0.43808276,0.56347503,0.43652497,0.09088535,0.18109302,0.00524488,0.07601897,0.10115627,141662,0.11168914,0.15190415,-0.04021501,0.12009414,White,1044038
AZ,AZ-17,188214,0.00009033,0.39111534,0.59886564,0.72346759,0.27653241,0.04242069,0.12201422,0.00437939,0.09235314,0.01912828,134722,-0.2077503,-0.18175101,-0.02599929,-0.20408387,White,11089690
AZ,AZ-18,188134,-0.00033476,0.42758011,0.56062512,0.67920385,0.32079615,0.05136217,0.15968696,0.00579206,0.08576818,0.02576951,135703,-0.13304501,-0.09620633,-0.03683868,-0.12576545,White,16003203
AZ,AZ-19,188838,0.00340601,0.38839117,0.60142955,0.7434097,0.2565903,0.03496561,0.15729729,0.00523388,0.03781547,0.02730661,145972,-0.21303838,-0.2066097,-0.00642868,-0.21589549,White,8544890
AZ,AZ-20,188393,0.00104146,0.39689778,0.59184805,0.73706926,0.26293074,0.03790406,0.1593227,0.00557889,0.03468235,0.03118373,148058,-0.19495027,-0.19304325,-0.00190702,-0.1993146,White,14012251
AZ,AZ-21,188318,0.00064294,0.55085369,0.43308553,0.47034052,0.52965948,0.07242061,0.37082332,0.00757882,0.03970195,0.06219027,141051,0.11776816,0.16356745,-0.04579929,0.12803459,Minority,24398214
AZ,AZ-22,187910,-0.001525,0.52814585,0.45720209,0.53936362,0.46063638,0.07646694,0.23521902,0.00528802,0.12057791,0.03721842,143343,0.07094376,0.12406225,-0.05311849,0.08364992,White,17480801
AZ,AZ-23,188853,0.00348571,0.63530087,0.34840301,0.55882704,0.44117296,0.0762525,0.20711464,0.0060482,0.11598972,0.05447146,159221,0.28689786,0.35036125,-0.06346339,0.30305232,White,18013505
AZ,AZ-24,187842,-0.00188632,0.70832708,0.27609251,0.2365082,0.7634918,0.14788686,0.55704634,0.00635508,0.03487279,0.05303433,137213,0.43223457,0.54104509,-0.10881052,0.46350474,Hispanic,14404738
AZ,AZ-25,187552,-0.00342726,0.66403249,0.32217466,0.19129457,0.80870543,0.15267442,0.59684496,0.00524806,0.04053488,0.04692248,129000,0.34185783,0.49273918,-0.15088135,0.38715161,Hispanic,10046214
AZ,AZ-26,187976,-0.0011743,0.52704784,0.46232029,0.3314824,0.6685176,0.09443463,0.50864714,0.00659534,0.04335771,0.03786406,135247,0.06472755,0.17705679,-0.11232924,0.09717063,Hispanic,183902
AZ,AZ-27,188692,0.00263022,0.45454021,0.53595608,0.49197994,0.50802006,0.08982176,0.34892749,0.00665292,0.04790835,0.03342545,136782,-0.08141587,-0.02764177,-0.0537741,-0.06849117,Minority,4466545
AZ,AZ-28,187566,-0.00335287,0.32872119,0.66405717,0.76960567,0.23039433,0.03223011,0.13051496,0.00332769,0.04421674,0.02346718,144244,-0.33533598,-0.30657442,-0.02876156,-0.33074879,White,245862
AZ,AZ-29,188008,-0.00100427,0.38976699,0.60261289,0.72613622,0.27386378,0.05789613,0.15878939,0.00472704,0.0351413,0.0231747,147661,-0.2128459,-0.18475443,-0.02809147,-0.20848208,White,8127091
AZ,AZ-30,188521,0.0017216,0.4567104,0.53340395,0.65198526,0.34801474,0.05956426,0.22200512,0.00360065,0.04284837,0.03009907,153028,-0.07669355,-0.06340695,-0.0132866,-0.07726468,White,17480603
AZ,AZ-31,188628,0.00229015,0.60680409,0.38197314,0.22040788,0.77959212,0.10508616,0.61486664,0.00384123,0.04247721,0.04118908,129646,0.22483095,0.34441728,-0.11958633,0.25969306,Hispanic,22652780
AZ,AZ-32,188022,-0.00092988,0.73439132,0.25203235,0.25540692,0.74459308,0.07573346,0.61483418,0.00281116,0.03280664,0.04655578,136954,0.48235897,0.56993682,-0.08757785,0.50655159,Hispanic,26531831
AZ,AZ-33,188412,0.00114242,0.5803975,0.40558991,0.417931,0.582069,0.11108209,0.37941868,0.00437014,0.0559011,0.05605642,141643,0.17480759,0.23257199,-0.0577644,0.18906239,Minority,27730531
AZ,AZ-34,188163,-0.00018066,0.40757142,0.58130367,0.71081418,0.28918582,0.04548778,0.1578331,0.00406818,0.05828121,0.02845694,147732,-0.17373225,-0.15062047,-0.02311178,-0.17102832,White,14761476
AZ,AZ-35,188518,0.00170566,0.47344356,0.5162409,0.68188667,0.31811333,0.05303025,0.15748171,0.00362035,0.08005673,0.02833553,146671,-0.04279734,-0.00871955,-0.03407779,-0.03643808,White,8633640
AZ,AZ-36,188702,0.00268336,0.57200597,0.41669365,0.66465496,0.33534504,0.05056951,0.20592658,0.00326276,0.04702559,0.03694307,152938,0.15531232,0.18077125,-0.02545893,0.15879863,White,15452399
AZ,AZ-37,188743,0.00290122,0.43715838,0.55458998,0.82215088,0.17784912,0.02261334,0.06099231,0.00188551,0.0755604,0.01304567,156987,-0.1174316,-0.08373124,-0.03370036,-0.11119815,White,7288313
AZ,AZ-38,188480,0.00150374,0.52780816,0.46156457,0.72290859,0.27709141,0.04002775,0.14378331,0.00301454,0.04638476,0.05080566,158565,0.06624359,0.13420233,-0.06795874,0.0838965,White,4206102
CA,CA-1,186508,0.00041302,0.57914877,0.37840993,0.70277772,0.29722228,0.02520539,0.12275786,0.0066368,0.04594458,0.10080181,152031,0.20073884,0.24685178,-0.04611294,0.21110982,White,71025
CA,CA-2,186091,-0.00182373,0.55948951,0.40620498,0.77476624,0.22523376,0.00934389,0.13258451,0.0044219,0.03057162,0.04708135,151971,0.15328453,0.18780853,-0.034524,0.15979253,White,45368
CA,CA-3,186884,0.00242985,0.48857189,0.48547396,0.10250224,0.89749776,0.03058603,0.83872433,0.00218573,0.02526364,0.0390238,140914,0.00309793,0.25714676,-0.25404883,0.08278087,Hispanic,160931
CA,CA-4,185953,-0.00256395,0.50290069,0.47126599,0.19938599,0.80061401,0.18768333,0.54950074,0.0087542,0.05345988,0.04447771,131594,0.0316347,0.19631777,-0.16468307,0.08152906,Hispanic,4998389
CA,CA-5,187013,0.0031218,0.550673,0.41846535,0.19783329,0.80216671,0.14350173,0.5969398,0.00454935,0.05672909,0.04371393,134305,0.13220765,0.28015334,-0.14794569,0.17652288,Hispanic,4191516
CA,CA-6,186728,0.00159308,0.51575174,0.45341793,0.28868711,0.71131289,0.2112622,0.43097431,0.00534364,0.06022099,0.04222782,138108,0.06233381,0.16069557,-0.09836176,0.09012106,Hispanic,1665215
CA,CA-7,186420,-0.000059,0.5889011,0.37620269,0.67462849,0.32537151,0.018185,0.22014483,0.00459673,0.02757363,0.06227454,148584,0.21269841,0.28601797,-0.07331956,0.23213826,White,174338
CA,CA-8,186054,-0.0020222,0.82789346,0.14563451,0.69645968,0.30354032,0.03575426,0.1566352,0.00521278,0.08519291,0.02822322,150975,0.68225895,0.70730973,-0.02505078,0.68560921,White,8491108
CA,CA-9,186042,-0.00208656,0.71804584,0.24740422,0.53583964,0.46416036,0.03269871,0.31920205,0.00990201,0.0772233,0.04829645,145021,0.47064162,0.53811126,-0.06746964,0.4881315,White,13722750
CA,CA-10,186094,-0.00180764,0.73692974,0.22955023,0.70491154,0.29508846,0.02209533,0.18311988,0.00609321,0.05717586,0.03397808,151480,0.50737951,0.54870019,-0.04132068,0.51615307,White,757904
CA,CA-11,186157,-0.00146971,0.6941643,0.27517525,0.65901618,0.34098382,0.02035108,0.22310212,0.00610467,0.06806838,0.03162376,152670,0.41898905,0.46146036,-0.04247131,0.42814615,White,667995
CA,CA-12,186783,0.0018881,0.49686263,0.46840392,0.72055306,0.27944694,0.02655339,0.14857904,0.00704981,0.05248043,0.0535399,150075,0.02845871,0.06858231,-0.0401236,0.03683324,White,148695
CA,CA-13,186245,-0.00099769,0.30861563,0.6647217,0.74461574,0.25538426,0.02916796,0.11874419,0.00652696,0.0370313,0.06659307,154896,-0.35610607,-0.32372408,-0.03238199,-0.35031207,White,36519
CA,CA-14,186199,-0.00124443,0.30509131,0.66967169,0.66010394,0.33989606,0.01390881,0.23674794,0.00509067,0.02932281,0.06304758,140846,-0.36458038,-0.30789591,-0.05668447,-0.35068556,White,136491
CA,CA-15,186102,-0.00176473,0.33620987,0.63762513,0.56166768,0.43833232,0.03513447,0.24406361,0.00720022,0.10785886,0.05986943,138468,-0.30141526,-0.2263198,-0.07509546,-0.28138344,White,264906
CA,CA-16,186787,0.00190955,0.3928133,0.58015093,0.67418293,0.32581707,0.01972156,0.16480949,0.00624896,0.10524388,0.03680252,144664,-0.18733763,-0.14537184,-0.04196579,-0.17834903,White,785607
CA,CA-17,185754,-0.00363137,0.389724,0.58336731,0.7888084,0.2111916,0.01310088,0.0962153,0.00503047,0.05618822,0.0369262,147700,-0.19364331,-0.16687399,-0.02676932,-0.1897202,White,311799
CA,CA-18,186258,-0.00092796,0.4652143,0.50435904,0.65389379,0.34610621,0.03351447,0.12640419,0.00903552,0.15860128,0.02751466,139671,-0.03914474,-0.02661127,-0.01253347,-0.03996692,White,12904195
CA,CA-19,186011,-0.00225284,0.54450021,0.41881954,0.52695987,0.47304013,0.08639741,0.15876169,0.01345342,0.19931991,0.03135361,141451,0.12568067,0.15485584,-0.02917517,0.13040573,White,7524968
CA,CA-20,186703,0.00145898,0.47085876,0.49825003,0.69241977,0.30758023,0.05593545,0.14488305,0.00867071,0.07090035,0.03549227,154428,-0.02739127,-0.02719393,-0.00019734,-0.03232549,White,14313087
CA,CA-21,186481,0.0002682,0.45530337,0.51493103,0.5623842,0.4376158,0.08677629,0.2053881,0.0135027,0.11546863,0.0419283,138713,-0.05962766,-0.02169957,-0.03792809,-0.05198496,White,12016139
CA,CA-22,186344,-0.00046666,0.58928524,0.37489607,0.58600361,0.41399639,0.09924372,0.16709451,0.01072494,0.12028535,0.03500481,144523,0.21438917,0.23935911,-0.02496994,0.21771248,White,18608116
CA,CA-23,186639,0.00111569,0.66432394,0.29635784,0.29673512,0.70326488,0.17180232,0.2846504,0.0227144,0.22520876,0.03982367,139515,0.3679661,0.47820578,-0.11023968,0.39971266,Minority,9351207
CA,CA-24,186343,-0.00047202,0.66728751,0.29452055,0.17334964,0.82665036,0.18463787,0.34511117,0.04000835,0.26561638,0.03904654,134122,0.37276696,0.51233739,-0.13957043,0.41429044,Hispanic,27932193
CA,CA-25,186795,0.00195246,0.57673428,0.38749778,0.30550719,0.69449281,0.12392972,0.17397936,0.02400311,0.37745176,0.0284929,138982,0.1892365,0.27634484,-0.08710834,0.21327261,Asian,14228202
CA,CA-26,186551,0.00064367,0.70151401,0.26112565,0.4168627,0.5831373,0.10402297,0.21206624,0.02038728,0.24119852,0.03330542,150486,0.44038836,0.48638725,-0.04599889,0.45072132,Minority,11518268
CA,CA-27,186748,0.00170036,0.6777369,0.28615558,0.4646936,0.5353064,0.03512176,0.3110468,0.00874855,0.16569871,0.03715615,148939,0.39158132,0.44345545,-0.05187413,0.4038727,Minority,762681
CA,CA-28,186978,0.00293406,0.59776596,0.37244681,0.47902955,0.52097045,0.09593088,0.21678858,0.01382861,0.18805143,0.03494509,147231,0.22531915,0.26532453,-0.04000538,0.23365428,Minority,1620646
CA,CA-29,186865,0.00232794,0.58886619,0.3823316,0.35690678,0.64309322,0.18197508,0.26654894,0.02004398,0.1798494,0.03824215,150070,0.20653459,0.2731301,-0.06659551,0.22373309,Minority,1618425
CA,CA-30,186753,0.00172718,0.34840174,0.62502124,0.55088247,0.44911753,0.02311562,0.32172868,0.00643584,0.07682255,0.03743466,142328,-0.2766195,-0.20735404,-0.06926546,-0.25853101,White,550078
CA,CA-31,186368,-0.00033793,0.3502445,0.62498674,0.75654138,0.24345862,0.02253636,0.13832069,0.00637007,0.02707916,0.05055453,157612,-0.27474224,-0.23549172,-0.03925052,-0.26665873,White,121994
CA,CA-32,186677,0.00131952,0.50394018,0.46829642,0.23112008,0.76887992,0.05905845,0.6147974,0.00511373,0.08404501,0.06298586,135713,0.03564376,0.18633196,-0.1506882,0.08087316,Hispanic,1869870
CA,CA-33,186796,0.00195783,0.53859153,0.43139191,0.24140053,0.75859947,0.13978944,0.30939036,0.01608897,0.3066356,0.03507924,136491,0.10719962,0.2639162,-0.15671658,0.15443848,Hispanic,18212653
CA,CA-34,186705,0.00146971,0.59092074,0.37845774,0.17914909,0.82085091,0.12266914,0.55115709,0.01045093,0.14381822,0.0457818,133481,0.212463,0.4054718,-0.1930088,0.27179927,Hispanic,16834666
CA,CA-35,186760,0.00176473,0.51473678,0.44869101,0.30003532,0.69996468,0.07571342,0.32741696,0.0166674,0.27689228,0.03409275,135894,0.06604577,0.22744572,-0.16139995,0.11484575,Hispanic,5597433
CA,CA-36,186488,0.00030574,0.4854251,0.48748988,0.20970468,0.79029532,0.03438484,0.70065584,0.00735476,0.04229553,0.04003426,133111,-0.00206478,0.17379085,-0.17585563,0.05155376,Hispanic,187676
CA,CA-37,186576,0.00077777,0.42149746,0.55258399,0.44340048,0.55659952,0.0522628,0.36351326,0.01586772,0.11322681,0.04167969,144003,-0.13108653,-0.02712451,-0.10396202,-0.10143252,Minority,2026276
CA,CA-38,186574,0.00076704,0.50738737,0.4625259,0.31063804,0.68936196,0.04056957,0.54389629,0.0149404,0.07713365,0.05069145,134066,0.04486147,0.19940481,-0.15454334,0.09137592,Hispanic,17634012
CA,CA-39,186208,-0.00119615,0.39228654,0.58325313,0.4928594,0.5071406,0.03089225,0.36478168,0.0109446,0.08410516,0.04240494,139064,-0.19096659,-0.08718184,-0.10378475,-0.16137167,Minority,1662655
CA,CA-40,186017,-0.00222066,0.39680235,0.57921525,0.3967049,0.6032951,0.03338935,0.45014978,0.00401841,0.10171696,0.04470666,136870,-0.1824129,-0.06532936,-0.11708354,-0.14838505,Hispanic,536856
CA,CA-41,186401,-0.00016092,0.51742036,0.45458835,0.38497502,0.61502498,0.08469693,0.39845733,0.00499689,0.11832408,0.04369241,139887,0.06283201,0.13833894,-0.07550693,0.08300099,Hispanic,20148435
CA,CA-42,187019,0.00315398,0.52759961,0.44645695,0.17750208,0.82249792,0.08994204,0.50899653,0.0041045,0.21273558,0.04232521,128883,0.08114266,0.27303802,-0.19189536,0.14010778,Hispanic,5904594
CA,CA-43,186776,0.00185055,0.60229742,0.36713697,0.2070215,0.7929785,0.0723936,0.58268908,0.00518934,0.12702543,0.05053936,132194,0.23516045,0.36318188,-0.12802143,0.27283426,Hispanic,24926266
CA,CA-44,186304,-0.00068122,0.48467166,0.49130252,0.13010212,0.86989788,0.00913789,0.81284442,0.00209378,0.04243594,0.03409197,128476,-0.00663086,0.20367726,-0.21030812,0.05847185,Hispanic,2502511
CA,CA-45,185960,-0.0025264,0.3489183,0.62747997,0.59908835,0.40091165,0.0258655,0.22026497,0.00466474,0.11732839,0.04431854,140844,-0.27856167,-0.24344052,-0.03512115,-0.27185462,White,180699
CA,CA-46,186206,-0.00120688,0.4676681,0.50467367,0.11504226,0.88495774,0.05506398,0.76508067,0.00473548,0.05723634,0.03634064,150988,-0.03700557,0.21515292,-0.25215849,0.04204726,Hispanic,276186
CA,CA-47,186463,0.00017165,0.51488087,0.45394146,0.16110092,0.83889908,0.06313631,0.74674987,0.00238704,0.01927251,0.04697976,124841,0.06093941,0.24253749,-0.18159808,0.1164721,Hispanic,3000051
CA,CA-48,186627,0.00105133,0.48563524,0.4881677,0.19070245,0.80929755,0.08878021,0.62236541,0.00304407,0.08858706,0.03875394,129432,-0.00253246,0.19442955,-0.19696201,0.05812154,Hispanic,20616916
CA,CA-49,186586,0.00083141,0.34513721,0.63397693,0.3731322,0.6268678,0.04390985,0.50116938,0.00472262,0.06395843,0.04048068,132977,-0.28883972,-0.18598646,-0.10285326,-0.2595553,Hispanic,683151
CA,CA-50,185939,-0.00263905,0.41535003,0.56085846,0.27152964,0.72847036,0.02138208,0.63652819,0.003746,0.05589089,0.03935657,127069,-0.14550843,-0.01160277,-0.13390566,-0.10587321,Hispanic,1318931
CA,CA-51,186497,0.00035402,0.30376791,0.67509789,0.54821301,0.45178699,0.04603837,0.27761211,0.00418927,0.10021528,0.04087451,137494,-0.37132998,-0.31095582,-0.06037416,-0.35620526,White,7707003
CA,CA-52,186174,-0.00137853,0.32106263,0.65705393,0.50833697,0.49166303,0.02416049,0.39008577,0.00352522,0.04087803,0.05247856,137580,-0.3359913,-0.26648219,-0.06950911,-0.3178216,White,150026
CA,CA-53,186553,0.0006544,0.81172601,0.14987184,0.22535192,0.77464808,0.17628703,0.39080007,0.00902319,0.19280078,0.038012,144849,0.66185417,0.76911327,-0.1072591,0.6926072,Hispanic,17684131
CA,CA-54,186197,-0.00125516,0.65942427,0.31023904,0.46139491,0.53860509,0.06954775,0.25222041,0.01067974,0.1967988,0.03255687,146820,0.34918523,0.41083667,-0.06165144,0.36473571,Minority,3263976
CA,CA-55,186440,0.00004828,0.72168846,0.24636297,0.25889678,0.74110322,0.19007842,0.26185171,0.01634975,0.273833,0.0336553,148565,0.47532549,0.56958082,-0.09425533,0.50174393,Asian,9788969
CA,CA-56,186284,-0.0007885,0.89087244,0.05577332,0.49103099,0.50896901,0.11924833,0.12676249,0.00509044,0.24934422,0.02066705,160497,0.83509912,0.88923049,-0.05413137,0.84814291,Minority,36855164
CA,CA-57,186787,0.00190955,0.81525753,0.12897331,0.35903665,0.64096335,0.17788391,0.15019429,0.01151085,0.29966358,0.02529842,157243,0.68628422,0.76335465,-0.07707043,0.70697436,Minority,22975183
CA,CA-58,186351,-0.00042911,0.8748869,0.08223657,0.42761391,0.57238609,0.20246272,0.14154988,0.00786719,0.21878598,0.02821337,151134,0.79265033,0.83717178,-0.04452145,0.80249081,Minority,22980577
CA,CA-59,186808,0.0020222,0.77546628,0.18556418,0.11703525,0.88296475,0.24086472,0.45177665,0.01287139,0.18557382,0.05092471,140855,0.5899021,0.72757667,-0.13767457,0.63079362,Hispanic,51080278
CA,CA-60,186340,-0.00048812,0.54728407,0.42373759,0.42933669,0.57066331,0.12358738,0.28057636,0.01483163,0.14839509,0.03539969,139634,0.12354648,0.20734008,-0.0837936,0.14647768,Minority,1822605
CA,CA-61,186049,-0.00204902,0.65093056,0.31810188,0.26621501,0.73378499,0.16965591,0.3715386,0.01640221,0.17940453,0.03546443,140225,0.33282868,0.46520763,-0.13237895,0.371955,Hispanic,5767860
CA,CA-62,186308,-0.00065976,0.71499782,0.25361119,0.6821729,0.3178271,0.02971408,0.10641348,0.00671509,0.16026265,0.02047662,147876,0.46138663,0.47819274,-0.01680611,0.46198867,White,4520498
CA,CA-63,186288,-0.00076704,0.68372939,0.284234,0.51969143,0.48030857,0.04570314,0.21973566,0.00884707,0.19696787,0.02478519,149202,0.39949539,0.44472918,-0.04523379,0.40957332,White,17014613
CA,CA-64,186060,-0.00199001,0.33257496,0.6425424,0.54718396,0.45281604,0.06633137,0.30430146,0.00560043,0.04801646,0.04903472,145346,-0.30996744,-0.28611426,-0.02385318,-0.30701638,White,122781
CA,CA-65,186900,0.00251568,0.62427739,0.3395373,0.48804441,0.51195559,0.02836488,0.13663431,0.00688234,0.3291841,0.02190737,141231,0.28474009,0.33221294,-0.04747285,0.29556437,Minority,1847066
CA,CA-66,187045,0.00329344,0.62846954,0.33127608,0.46213646,0.53786354,0.03430372,0.09529364,0.00699873,0.3937993,0.01533461,140597,0.29719346,0.36142927,-0.06423581,0.3136054,Minority,3529615
CA,CA-67,186439,0.00004291,0.76959217,0.18839165,0.40850872,0.59149128,0.03364743,0.08957601,0.00562358,0.45664454,0.01331603,159507,0.58120052,0.6525858,-0.07138528,0.59999561,Asian,41674082
CA,CA-68,186513,0.00043984,0.79417555,0.16081867,0.38156731,0.61843269,0.07585762,0.12437674,0.00698403,0.40329281,0.0209814,170675,0.63335688,0.72582426,-0.09246738,0.65917934,Asian,82598550
CA,CA-69,186684,0.00135707,0.87221937,0.09158261,0.61445243,0.38554757,0.05831621,0.10210115,0.00504085,0.20886091,0.01621554,167432,0.78063676,0.82729232,-0.04665556,0.79118861,White,103338045
CA,CA-70,186278,-0.00082068,0.82917706,0.12792343,0.38633878,0.61366122,0.09512412,0.21646141,0.01033986,0.28906562,0.02746143,155418,0.70125363,0.77362679,-0.07237316,0.72037802,Minority,54169984
CA,CA-71,185919,-0.00274632,0.68931678,0.26973782,0.14077805,0.85922195,0.053547,0.24929825,0.0105603,0.55345949,0.02221617,154257,0.41957896,0.57434803,-0.15476907,0.46616865,Asian,36166741
CA,CA-72,186016,-0.00222602,0.68949846,0.27522588,0.22830071,0.77169929,0.02970394,0.20758664,0.01939609,0.51656667,0.01783548,152505,0.41427258,0.52989814,-0.11562556,0.44781443,Asian,27758353
CA,CA-73,187001,0.00305743,0.73379853,0.23314845,0.43140428,0.56859572,0.02257187,0.20431804,0.02018875,0.31337928,0.01875347,147706,0.50065008,0.56066584,-0.06001576,0.51565533,Minority,18666252
CA,CA-74,185923,-0.00272487,0.75849107,0.20825248,0.45030812,0.54969188,0.02428682,0.24666407,0.01003344,0.26044552,0.02315831,146211,0.55023859,0.60501249,-0.0547739,0.56349656,Minority,14751942
CA,CA-75,186176,-0.0013678,0.79889001,0.16518756,0.46015633,0.53984367,0.05083748,0.18709437,0.01898284,0.27402294,0.01764288,147765,0.63370245,0.69837615,-0.0646737,0.65026035,Minority,16905953
CA,CA-76,186879,0.00240303,0.68354671,0.2769306,0.31424573,0.68575427,0.11316705,0.25412319,0.017403,0.30474269,0.02973182,147216,0.40661611,0.49653046,-0.08991435,0.43158756,Minority,5734406
CA,CA-77,186090,-0.00182909,0.67086395,0.29634972,0.14924005,0.85075995,0.0799554,0.36346909,0.03688934,0.38124684,0.03153344,146194,0.37451423,0.5178707,-0.14335647,0.41729972,Asian,16990285
CA,CA-78,186728,0.00159308,0.65695411,0.30079922,0.1680892,0.8319108,0.0430045,0.19626149,0.01835032,0.58159082,0.02151936,146101,0.35615489,0.50171432,-0.14555943,0.3996747,Asian,13925702
CA,CA-79,187084,0.00350264,0.63792928,0.31353183,0.17559147,0.82440853,0.02863822,0.11436613,0.00768342,0.67253124,0.01428799,144597,0.32439745,0.45672047,-0.13232302,0.36350512,Asian,13146168
CA,CA-80,186710,0.00149653,0.76535837,0.19579023,0.68383562,0.31616438,0.02443453,0.18210895,0.00548582,0.07915897,0.03120739,156950,0.56956814,0.6038524,-0.03428426,0.57599623,White,3299524
CA,CA-81,186921,0.00262832,0.76187863,0.2034434,0.58739024,0.41260976,0.01690821,0.13598633,0.00628553,0.23877679,0.01951718,149868,0.55843523,0.59469743,-0.0362622,0.56552263,White,1202894
CA,CA-82,185945,-0.00260686,0.61124996,0.34974832,0.12149115,0.87850885,0.02779039,0.1589167,0.00757191,0.6873748,0.015678,149764,0.26150164,0.35811503,-0.09661339,0.2887061,Asian,17388415
CA,CA-83,186310,-0.00064903,0.67046861,0.29632862,0.11868181,0.88131819,0.03430744,0.56936053,0.00794218,0.27527104,0.04607851,144167,0.37413999,0.51011102,-0.13597103,0.41446367,Hispanic,50265685
CA,CA-84,186797,0.00196319,0.60688216,0.35994362,0.14732747,0.85267253,0.03108254,0.25296346,0.00709066,0.56611637,0.02311231,147800,0.24693854,0.34284407,-0.09590553,0.27390705,Asian,12967489
CA,CA-85,186140,-0.0015609,0.71716186,0.24086452,0.28143934,0.71856066,0.02453016,0.14597997,0.0065284,0.53646983,0.01665314,149041,0.47629734,0.55812587,-0.08182853,0.49857352,Asian,14659824
CA,CA-86,186711,0.0015019,0.68778376,0.26788622,0.28286897,0.71713103,0.0137649,0.07236778,0.00459522,0.62302592,0.00937037,144498,0.41989754,0.49284815,-0.07295061,0.43921441,Asian,18433619
CA,CA-87,186514,0.0004452,0.71274934,0.24040956,0.34597727,0.65402273,0.04909973,0.25871781,0.00877804,0.33358513,0.0261583,153565,0.47233978,0.56111564,-0.08877586,0.49693173,Minority,29324284
CA,CA-88,186190,-0.0012927,0.706494,0.25665233,0.48633237,0.51366763,0.03653873,0.21393589,0.00821984,0.24774384,0.02626221,145380,0.44984167,0.49470807,-0.0448664,0.45979714,Minority,30535051
CA,CA-89,186801,0.00198465,0.67188856,0.2890585,0.50270679,0.49729321,0.02977119,0.16619878,0.00657808,0.28680156,0.02216723,144267,0.38283006,0.4292038,-0.04637374,0.39328797,White,6197746
CA,CA-90,185926,-0.00270878,0.61493237,0.35255918,0.34130619,0.65869381,0.03601522,0.37927293,0.00901085,0.2304354,0.03917148,141940,0.26237319,0.34961161,-0.08723842,0.28645266,Hispanic,898875
CA,CA-91,186723,0.00156626,0.57182864,0.3999744,0.24229453,0.75770547,0.03019913,0.65831818,0.00658526,0.06030521,0.05924584,139706,0.17185424,0.32407683,-0.15222259,0.2175951,Hispanic,338688
CA,CA-92,186871,0.00236012,0.63492241,0.33488138,0.17831675,0.82168325,0.01523788,0.73238702,0.00567043,0.06933423,0.05002049,134205,0.30004103,0.48726608,-0.18722505,0.35744938,Hispanic,4242862
CA,CA-93,185861,-0.00305743,0.68074691,0.28756137,0.40080798,0.59919202,0.04547882,0.42472423,0.01430478,0.11313848,0.04099628,142330,0.39318554,0.46681788,-0.07363234,0.41272965,Hispanic,5049720
CA,CA-94,186764,0.00178618,0.52939225,0.44149198,0.69797196,0.30202804,0.02742042,0.19078387,0.00463624,0.05403398,0.03156358,156161,0.08790027,0.11244062,-0.02454035,0.09108039,White,175925
CA,CA-95,186170,-0.00139998,0.55884829,0.41082706,0.52584152,0.47415848,0.01553522,0.37757141,0.00446422,0.06104551,0.04117007,145154,0.14802123,0.19585882,-0.04783759,0.15896709,White,419972
CA,CA-96,186971,0.00289651,0.48445648,0.48681341,0.45171403,0.54828597,0.03276964,0.43885613,0.00646072,0.05857017,0.0492639,141625,-0.00235693,0.04518275,-0.04753968,0.00848963,Minority,310550
CA,CA-97,186623,0.00102987,0.74082117,0.2263411,0.54705376,0.45294624,0.02261385,0.30034099,0.00343542,0.11238089,0.02820995,156895,0.51448007,0.55297004,-0.03848997,0.52231006,White,6584486
CA,CA-98,186121,-0.00166281,0.61467745,0.35342342,0.51135905,0.48864095,0.02011862,0.40579958,0.00442596,0.04225526,0.04205003,146183,0.26125403,0.312451,-0.05119697,0.27331969,White,471637
CA,CA-99,185902,-0.00283751,0.63626124,0.33415932,0.19395522,0.80604478,0.03514421,0.67572828,0.00675822,0.08975268,0.05130895,138202,0.30210192,0.42549025,-0.12338833,0.33823136,Hispanic,24108168
CA,CA-100,186371,-0.00032183,0.55221348,0.41904092,0.42039628,0.57960372,0.03108628,0.42263265,0.00601243,0.11221575,0.03640202,143536,0.13317256,0.19685049,-0.06367793,0.14939854,Hispanic,2185819
CA,CA-101,185854,-0.00309498,0.49667972,0.47579109,0.61331401,0.38668599,0.02389693,0.21244429,0.00466017,0.13101318,0.02484523,147634,0.02088863,0.05985781,-0.03896918,0.02887836,White,5911450
CA,CA-102,185867,-0.00302525,0.57069018,0.40079107,0.70368209,0.29631791,0.02316566,0.14614353,0.00371563,0.1070892,0.02032193,149100,0.16989911,0.2159222,-0.04602309,0.18024014,White,2872796
CA,CA-103,186234,-0.00105669,0.34545303,0.63089268,0.43289637,0.56710363,0.07834493,0.42164042,0.00585134,0.04672281,0.04388136,136550,-0.28543965,-0.2152248,-0.07021485,-0.2670347,Minority,3463605
CA,CA-104,186901,0.00252104,0.37067354,0.59990231,0.52647916,0.47352084,0.09262308,0.29548829,0.01108697,0.04979351,0.05039408,148192,-0.22922877,-0.1941267,-0.03510207,-0.22252808,White,32837
CA,CA-105,185998,-0.00232258,0.36257034,0.61188896,0.62267127,0.37732873,0.03001214,0.25911781,0.00503288,0.05867349,0.03902195,145841,-0.24931862,-0.21587124,-0.03344738,-0.24316949,White,700957
CA,CA-106,186833,0.00215629,0.53108601,0.44834662,0.29647685,0.70352315,0.02364437,0.64142864,0.00242302,0.03123169,0.03253361,138257,0.08273939,0.20381688,-0.12107749,0.11809855,Hispanic,4323641
CA,CA-107,186102,-0.00176473,0.46433175,0.50820232,0.4847714,0.5152286,0.06480063,0.30996922,0.00513008,0.12778816,0.03009881,142298,-0.04387057,0.00638991,-0.05026048,-0.03211708,Minority,893952
CA,CA-108,186439,0.00004291,0.52691177,0.44247768,0.46354805,0.53645195,0.04755287,0.28368785,0.00455264,0.19561303,0.02431043,146069,0.08443409,0.15864587,-0.07421178,0.10417135,Minority,6629115
CA,CA-109,186855,0.0022743,0.64682069,0.32163241,0.09229571,0.90770429,0.04037938,0.8139576,0.00230739,0.05312666,0.0476696,141285,0.32518828,0.54457746,-0.21938918,0.39331801,Hispanic,32158247
CA,CA-110,186866,0.0023333,0.64044127,0.32766298,0.22506283,0.77493717,0.0408952,0.63463289,0.00344359,0.09721524,0.03749915,147230,0.31277829,0.50326023,-0.19048194,0.37127227,Hispanic,37007498
CA,CA-111,186154,-0.0014858,0.62955112,0.33958182,0.16692534,0.83307466,0.04772333,0.64984232,0.00308281,0.13411998,0.03349988,141105,0.2899693,0.48759671,-0.19762741,0.3508451,Hispanic,66124546
CA,CA-112,186340,-0.00048812,0.63891138,0.32754266,0.27725732,0.72274268,0.06062541,0.5126937,0.00330845,0.14671975,0.03464697,147199,0.31136872,0.44313873,-0.13177001,0.35029206,Hispanic,40734730
CA,CA-113,185847,-0.00313253,0.58947153,0.37780964,0.35373472,0.64626528,0.06485237,0.37222961,0.00516494,0.20413863,0.02707416,149663,0.21166189,0.32188119,-0.1102193,0.24340166,Hispanic,25176242
CA,CA-114,186562,0.00070267,0.59357485,0.37757639,0.59264184,0.40735816,0.06096085,0.18613035,0.00378359,0.14841347,0.01791254,151179,0.21599846,0.32149619,-0.10549773,0.24616437,White,17111005
CA,CA-115,186794,0.0019471,0.59656032,0.37238144,0.59338075,0.40661925,0.03533661,0.22738228,0.00346834,0.13207794,0.02258016,153099,0.22417888,0.27971881,-0.05553993,0.23769219,White,14200586
CA,CA-116,185791,-0.00343291,0.54337515,0.42304736,0.63512799,0.36487201,0.02644243,0.16425401,0.00293518,0.16992439,0.01391469,155016,0.12032779,0.19561041,-0.07528262,0.140422,White,26609887
CA,CA-117,186667,0.00126588,0.61219986,0.35645458,0.44150061,0.55849939,0.08712617,0.28341359,0.00405644,0.1800818,0.02988603,148899,0.25574528,0.30322407,-0.04747879,0.26657154,Minority,707974
CA,CA-118,186546,0.00061685,0.73769739,0.22629365,0.40689138,0.59310862,0.08091493,0.27836982,0.00381114,0.22981695,0.02838777,153235,0.51140374,0.54046311,-0.02905937,0.5160902,Minority,24245846
CA,CA-119,186383,-0.00025747,0.55507678,0.41237932,0.13880544,0.86119456,0.0174722,0.29949838,0.00264648,0.54319104,0.01999041,148121,0.14269746,0.27211035,-0.12941289,0.18083509,Asian,30268992
CA,CA-120,186839,0.00218848,0.60760964,0.35955401,0.0901094,0.9098906,0.016794,0.29458694,0.00318339,0.60166706,0.02165354,153924,0.24805563,0.37014005,-0.12208442,0.28375044,Asian,35474096
CA,CA-121,185918,-0.00275169,0.61984618,0.34794598,0.04950394,0.95049606,0.01026648,0.51992009,0.00268175,0.42334338,0.02998679,147665,0.2719002,0.43938376,-0.16748356,0.32272805,Hispanic,29638103
CA,CA-122,186248,-0.0009816,0.60773199,0.36212662,0.21475792,0.78524208,0.07509385,0.57898587,0.0130286,0.12546235,0.03926521,144912,0.24560537,0.3984669,-0.15286153,0.29155921,Hispanic,20807927
CA,CA-123,186141,-0.00155554,0.599736,0.36767556,0.63712312,0.36287688,0.02880496,0.10515852,0.00528169,0.2108124,0.01516227,149384,0.23206044,0.25946361,-0.02740317,0.23619483,White,17815908
CA,CA-124,186908,0.00255859,0.58988397,0.37412343,0.39387923,0.60612077,0.04846678,0.1985112,0.01012277,0.3454461,0.02186087,148576,0.21576054,0.26984274,-0.0540822,0.22878794,Minority,31892042
CA,CA-125,186619,0.00100842,0.77378553,0.19366664,0.65726204,0.34273796,0.059626,0.14564364,0.00463,0.11690912,0.02047862,161339,0.58011889,0.62915877,-0.04903988,0.59146552,White,29584548
CA,CA-126,186162,-0.00144289,0.73280527,0.23912902,0.60819638,0.39180362,0.08178533,0.1995501,0.00382353,0.09858975,0.02229756,156923,0.49367625,0.5525264,-0.05885015,0.50829297,White,37101650
CA,CA-127,186189,-0.00129807,0.75157623,0.22212845,0.04140132,0.95859868,0.33754352,0.49793383,0.0141448,0.11991594,0.02953497,141324,0.52944778,0.67024431,-0.14079653,0.57137996,Hispanic,25783058
CA,CA-128,186549,0.00063294,0.64489304,0.32082151,0.15777782,0.84222218,0.12461261,0.4480747,0.01261925,0.26438993,0.03236174,148107,0.32407153,0.43662584,-0.11255431,0.35658963,Hispanic,39010068
CA,CA-129,186282,-0.00079922,0.79545815,0.17595282,0.03862597,0.96137403,0.44639676,0.47240392,0.00704687,0.04416941,0.03452895,140346,0.61950533,0.75483512,-0.13532979,0.65961526,Hispanic,56393256
CA,CA-130,187009,0.00310034,0.83624153,0.13651857,0.05960818,0.94039182,0.45400239,0.45217633,0.00477897,0.0377566,0.0372339,147312,0.69972296,0.79920739,-0.09948443,0.72788444,Black,41592569
CA,CA-131,186876,0.00238694,0.67792774,0.29606421,0.66445688,0.33554312,0.0479587,0.1240626,0.00367192,0.14748588,0.01412852,160951,0.38186353,0.47307872,-0.09121519,0.40726859,White,43128475
CA,CA-132,185967,-0.00248886,0.78824561,0.17570175,0.47027123,0.52972877,0.0818971,0.22576197,0.00539541,0.21042731,0.02332927,157356,0.61254386,0.66318783,-0.05064397,0.62442518,Minority,43720674
CA,CA-133,186157,-0.00146971,0.67974704,0.29341209,0.67158976,0.32841024,0.04076525,0.10027736,0.00321483,0.17384644,0.01063414,158640,0.38633495,0.46639337,-0.08005842,0.40802109,White,11206468
CA,CA-134,185797,-0.00340072,0.79460453,0.16865358,0.59768076,0.40231924,0.06231595,0.18698443,0.00354837,0.1389778,0.02137557,164019,0.62595095,0.6668939,-0.04094295,0.6345986,White,18805567
CA,CA-135,185876,-0.00297697,0.74031904,0.22525346,0.33766035,0.66233965,0.08133694,0.2693936,0.00287761,0.30532548,0.02528728,157075,0.51506558,0.58812396,-0.07305838,0.53441837,Minority,67136932
CA,CA-136,185952,-0.00256932,0.73883735,0.21189974,0.21527007,0.78472993,0.05996341,0.48502198,0.00387689,0.23802433,0.0390449,155795,0.52693761,0.63084887,-0.10391126,0.5565747,Hispanic,97883554
CA,CA-137,185794,-0.00341681,0.71373347,0.2448772,0.10303193,0.89696807,0.10745546,0.60798655,0.00245378,0.18271597,0.05064874,148750,0.46885627,0.62452035,-0.15566408,0.5157443,Hispanic,109391797
CA,CA-138,186518,0.00046666,0.82646442,0.14199524,0.1256663,0.8743337,0.373952,0.43530523,0.00333485,0.06631532,0.03850481,149332,0.68446918,0.79033231,-0.10586313,0.71475689,Hispanic,55250795
CA,CA-139,186719,0.00154481,0.72121156,0.24703797,0.01973679,0.98026321,0.13568481,0.83040338,0.00196165,0.01658762,0.05249867,133051,0.47417359,0.72971478,-0.25554119,0.55435399,Hispanic,76705140
CA,CA-140,186892,0.00247276,0.76639139,0.18865671,0.22342601,0.77657399,0.03084405,0.55308244,0.00393252,0.19123835,0.03990195,152574,0.57773468,0.67017203,-0.09243735,0.60354713,Hispanic,37637536
CA,CA-141,186750,0.00171109,0.73695001,0.21838757,0.15499981,0.84500019,0.10627389,0.55667856,0.00437267,0.17972076,0.03742984,156426,0.51856244,0.66416822,-0.14560578,0.5620977,Hispanic,49006577
CA,CA-142,186409,-0.00011801,0.7517352,0.21816856,0.01309877,0.98690123,0.2600908,0.72202883,0.00281133,0.00906479,0.03782445,128409,0.53356664,0.75385372,-0.22028708,0.60199567,Hispanic,78506697
CA,CA-143,186487,0.00030038,0.69447075,0.26787484,0.02053437,0.97946563,0.01236127,0.95119366,0.00135734,0.01802292,0.04974994,137769,0.42659591,0.66089885,-0.23430294,0.49969689,Hispanic,31548664
CA,CA-144,186931,0.00268196,0.67458358,0.28836109,0.01768073,0.98231927,0.03504348,0.93983673,0.00164902,0.00948,0.04733347,135232,0.38622249,0.65031846,-0.26409597,0.46925448,Hispanic,74129267
CA,CA-145,185899,-0.0028536,0.69049124,0.27444916,0.01781404,0.98218596,0.0941987,0.87932236,0.00426275,0.00887033,0.04983969,136297,0.41604208,0.66133897,-0.24529689,0.49280771,Hispanic,56046926
CA,CA-146,186565,0.00071876,0.60533128,0.36119667,0.08757752,0.91242248,0.02796251,0.8286963,0.00307966,0.05565844,0.04461655,142548,0.24413461,0.4472409,-0.20310629,0.30683671,Hispanic,35658364
CA,CA-147,186850,0.00224748,0.6491638,0.3172778,0.09187148,0.90812852,0.13254969,0.66706561,0.01305835,0.10153167,0.04196766,140370,0.331886,0.51625726,-0.18437126,0.38834309,Hispanic,43364379
CA,CA-148,186529,0.00052566,0.57893382,0.39151339,0.25269862,0.74730138,0.11329705,0.44284321,0.0124541,0.18136241,0.03513564,144611,0.18742043,0.28900605,-0.10158562,0.2162823,Hispanic,40409999
CA,CA-149,186951,0.00278924,0.65515629,0.31222231,0.29886575,0.70113425,0.13083797,0.36004675,0.01502028,0.19966316,0.03266653,145470,0.34293398,0.40204301,-0.05910903,0.35763699,Hispanic,28123672
CA,CA-150,187033,0.00322908,0.71980804,0.24187046,0.38082,0.61918,0.12618491,0.35396516,0.00879073,0.12867541,0.03418473,155391,0.47793758,0.52929747,-0.05135989,0.49005754,Minority,4647366
CA,CA-151,186134,-0.00159308,0.60505452,0.36373416,0.10342509,0.89657491,0.01933173,0.73811239,0.00371262,0.13895923,0.04282901,145719,0.24132036,0.40790138,-0.16658102,0.29184737,Hispanic,16955951
CA,CA-152,186394,-0.00019846,0.60266188,0.36910264,0.07496758,0.92503242,0.02893449,0.6704816,0.00344442,0.22682393,0.0369486,145743,0.23355924,0.41220717,-0.17864793,0.28810855,Hispanic,35654994
CA,CA-153,186796,0.00195783,0.57859459,0.39113435,0.15144884,0.84855116,0.03617979,0.63879209,0.00387592,0.17399775,0.04282029,145772,0.18746024,0.34401807,-0.15655783,0.23464618,Hispanic,21711307
CA,CA-154,186673,0.00129807,0.50075917,0.46773529,0.37133456,0.62866544,0.03930111,0.29340766,0.0049656,0.29038858,0.02523189,151039,0.03302388,0.101022,-0.06799812,0.05068992,Minority,9996546
CA,CA-155,186740,0.00165745,0.61182235,0.35256309,0.18730181,0.81269819,0.07100763,0.60178935,0.00598984,0.13723445,0.03919306,144745,0.25925926,0.41626086,-0.1570016,0.30659313,Hispanic,24631769
CA,CA-156,186617,0.00099769,0.52790382,0.4440954,0.24695293,0.75304707,0.02338569,0.62225348,0.00472564,0.10191312,0.04117268,144319,0.08380842,0.19612808,-0.11231966,0.11624831,Hispanic,24493297
CA,CA-157,186203,-0.00122297,0.49445829,0.47245055,0.173224,0.826776,0.03520391,0.2327425,0.00471915,0.55820393,0.01773175,150239,0.02200774,0.14578093,-0.12377319,0.05826547,Asian,8872319
CA,CA-158,185923,-0.00272487,0.52481882,0.44416761,0.292269,0.707731,0.05040636,0.20472217,0.01004747,0.44434002,0.02036539,147898,0.08065121,0.14726796,-0.06661675,0.09785679,Asian,25539838
CA,CA-159,186730,0.00160381,0.43895619,0.52718218,0.50396955,0.49603045,0.0219653,0.20185473,0.0048547,0.25806847,0.02192445,146868,-0.08822599,-0.05413608,-0.03408991,-0.08186269,White,12146843
CA,CA-160,186196,-0.00126052,0.5428963,0.42485181,0.25133506,0.74866494,0.03770543,0.47419811,0.0077795,0.22836176,0.0345702,145125,0.11804449,0.22551983,-0.10747534,0.1488696,Hispanic,32331800
CA,CA-161,186942,0.00274096,0.55145431,0.41787221,0.16796503,0.83203497,0.03939003,0.51484051,0.00610782,0.27275061,0.03351193,148007,0.1335821,0.25733484,-0.12375274,0.16983301,Hispanic,28582758
CA,CA-162,185930,-0.00268732,0.44885077,0.52369082,0.64405284,0.35594716,0.01867328,0.16360203,0.00766266,0.1488347,0.02345514,154124,-0.07484005,-0.03039503,-0.04444502,-0.06502504,White,18690876
CA,CA-163,186980,0.00294479,0.45773859,0.51382789,0.39144343,0.60855657,0.02093586,0.22079753,0.00933734,0.35152696,0.02377564,150364,-0.0560893,-0.02262054,-0.03346876,-0.04993305,Minority,27729626
CA,CA-164,186244,-0.00100305,0.4579819,0.51637894,0.15278438,0.84721562,0.01398381,0.2749503,0.00751739,0.55046289,0.01935911,149387,-0.05839704,-0.03977838,-0.01861866,-0.05719082,Asian,42320097
CA,CA-165,186882,0.00241913,0.55868571,0.40920377,0.17434606,0.82565394,0.03469619,0.56803843,0.00763837,0.21539349,0.03642643,142177,0.14948194,0.27378988,-0.12430794,0.18591792,Hispanic,47477758
CA,CA-166,186818,0.00207584,0.55500622,0.41499793,0.28307447,0.71692553,0.02963145,0.50936897,0.00725779,0.16901658,0.03362187,146601,0.14000829,0.22615131,-0.08614302,0.16372263,Hispanic,30441168
CA,CA-167,186512,0.00043448,0.58333655,0.38879467,0.1011085,0.8988915,0.01562844,0.67249237,0.00501276,0.20725109,0.04905397,140641,0.19454188,0.31351809,-0.11897621,0.22920062,Hispanic,44279218
CA,CA-168,186002,-0.00230112,0.61966533,0.34591603,0.13023698,0.86976302,0.02093712,0.74158802,0.00475123,0.10414489,0.05560883,138701,0.2737493,0.43990706,-0.16615776,0.32413522,Hispanic,47606729
CA,CA-169,186921,0.00262832,0.46573628,0.49893064,0.51818647,0.48181353,0.02105164,0.20757052,0.00565637,0.23861664,0.02035889,148682,-0.03319436,0.00647932,-0.03967368,-0.0249698,White,5941449
CA,CA-170,186565,0.00071876,0.4919397,0.47476104,0.53929334,0.46070666,0.02306675,0.24219435,0.00737691,0.17799495,0.02356422,152774,0.01717866,0.11613144,-0.09895278,0.04516292,White,20123072
CA,CA-171,186900,0.00251568,0.59563333,0.35988315,0.39538646,0.60461354,0.03656087,0.13371172,0.00457508,0.42617212,0.01107302,150817,0.23575018,0.3096997,-0.07394952,0.25540002,Asian,22023359
CA,CA-172,186861,0.00230648,0.52242878,0.4348756,0.4245077,0.5754923,0.02313576,0.16844381,0.00499338,0.3717286,0.01817055,141988,0.08755318,0.14403306,-0.05647988,0.10137981,Minority,11836728
CA,CA-173,186674,0.00130343,0.50080663,0.46958876,0.67444309,0.32555691,0.02022257,0.12665104,0.00468265,0.16196141,0.01537845,154827,0.03121787,0.07315824,-0.04194037,0.04019799,White,11624458
CA,CA-174,186664,0.00124979,0.45006937,0.52287265,0.6985931,0.3014069,0.01452067,0.18991126,0.00412504,0.0753866,0.02344165,150544,-0.07280328,-0.03205336,-0.04074992,-0.06421997,White,13133189
CA,CA-175,186092,-0.00181837,0.45568,0.51427879,0.64545671,0.35454329,0.02281097,0.17036114,0.00531416,0.14355229,0.02045846,142826,-0.05859879,-0.03175619,-0.0268426,-0.05465126,White,3003915
CA,CA-176,186301,-0.00069731,0.53219434,0.4412214,0.1634825,0.8365175,0.06081009,0.66999736,0.00502462,0.10212921,0.04432103,139911,0.09097294,0.26416959,-0.17319665,0.14370516,Hispanic,14842184
CA,CA-177,186898,0.00250495,0.47930255,0.49316581,0.20432792,0.79567208,0.09343029,0.41770155,0.00636706,0.28294848,0.02579781,142609,-0.01386326,0.12536546,-0.13922872,0.02754631,Hispanic,10903852
CA,CA-178,186659,0.00122297,0.49872816,0.47111117,0.33175307,0.66824693,0.08595778,0.45765824,0.00526146,0.11693054,0.03546692,145967,0.02761699,0.14302735,-0.11541036,0.06108711,Hispanic,18770497
CA,CA-179,186596,0.00088505,0.48798425,0.48198307,0.27498144,0.72501856,0.10000505,0.46585167,0.00562231,0.15516856,0.03241478,138733,0.00600118,0.13025726,-0.12425608,0.04241987,Hispanic,19814290
CA,CA-180,186216,-0.00115324,0.55027075,0.42168191,0.14156123,0.85843877,0.1329579,0.64935846,0.00527493,0.07390842,0.04101814,134599,0.12858884,0.32957436,-0.20098552,0.19058401,Hispanic,15086384
CA,CA-181,186568,0.00073486,0.55655872,0.41449104,0.14604724,0.85395276,0.13158194,0.67776254,0.0059407,0.04071349,0.0430928,131971,0.14206768,0.34764295,-0.20557527,0.20559277,Hispanic,19580755
CA,CA-182,185826,-0.00324517,0.55491635,0.41796028,0.13127159,0.86872841,0.07853024,0.72541859,0.00510801,0.06081318,0.04221796,136648,0.13695607,0.34693248,-0.20997641,0.20194821,Hispanic,13762620
CA,CA-183,186630,0.00106742,0.53300256,0.43564042,0.3001447,0.6998553,0.11012493,0.45597295,0.00710622,0.12635749,0.03468581,139596,0.09736214,0.21169163,-0.11432949,0.13047197,Hispanic,12980694
CA,CA-184,186403,-0.00015019,0.50711131,0.46185751,0.26812624,0.73187376,0.05836373,0.61214103,0.00513966,0.04934791,0.04226659,140087,0.0452538,0.20979314,-0.16453934,0.09510025,Hispanic,13239442
CA,CA-185,185824,-0.0032559,0.52791736,0.4394634,0.31295479,0.68704521,0.10836089,0.46357796,0.00712993,0.10642462,0.03777462,143059,0.08845396,0.20120621,-0.11275225,0.12103804,Hispanic,8372756
CA,CA-186,186214,-0.00116397,0.50161427,0.46331351,0.24319329,0.75680671,0.06603909,0.57832928,0.00755821,0.1033843,0.0374315,139054,0.03830076,0.18761279,-0.14931203,0.08307144,Hispanic,16534004
CA,CA-187,187059,0.00336854,0.39756959,0.56747323,0.44547137,0.55452863,0.07173938,0.33209692,0.00752095,0.13547964,0.03043903,146391,-0.16990364,-0.09904817,-0.07085547,-0.15128515,Minority,3617422
CA,CA-188,186133,-0.00159845,0.53561783,0.43795909,0.18366429,0.81633571,0.1552762,0.57605265,0.00779604,0.07949716,0.03791576,133401,0.09765874,0.28364396,-0.18598522,0.15465381,Hispanic,6660970
CA,CA-189,185935,-0.0026605,0.5156344,0.45687387,0.18937709,0.81062291,0.10201036,0.64154737,0.0067088,0.05953396,0.03915626,131320,0.05876053,0.25113962,-0.19237909,0.11788689,Hispanic,5339076
CA,CA-190,186684,0.00135707,0.38703386,0.59016515,0.50452243,0.49547757,0.07613952,0.30567088,0.01012911,0.0940438,0.03403952,140190,-0.20313129,-0.17218302,-0.03094827,-0.1978152,White,8129504
CA,CA-191,186738,0.00164672,0.42696614,0.54767301,0.41245904,0.58754096,0.08792689,0.40910944,0.00837399,0.07374936,0.04106168,137330,-0.12070687,-0.06103456,-0.05967231,-0.1058161,Minority,4469411
CA,CA-192,185903,-0.00283215,0.41021325,0.56551254,0.52855299,0.47144701,0.06452352,0.29773519,0.01013753,0.09158467,0.03230686,144118,-0.15529929,-0.10972371,-0.04557558,-0.14510743,White,1685197
CA,CA-193,186377,-0.00028965,0.4124617,0.56196159,0.56055137,0.43944863,0.04624294,0.24497076,0.0087673,0.11247616,0.05128097,142119,-0.14949989,-0.1262569,-0.02324299,-0.14675223,White,346567
CA,CA-194,186224,-0.00111033,0.49447881,0.4810725,0.3572601,0.6427399,0.08449057,0.48227826,0.00509863,0.05450161,0.05222103,137684,0.01340631,0.10402849,-0.09062218,0.0386137,Hispanic,1218110
CA,CA-195,186097,-0.00179155,0.64192412,0.34203807,0.61293537,0.38706463,0.0316021,0.28274574,0.00337766,0.05602903,0.02574916,159578,0.29988605,0.27816712,0.02171893,0.28764641,White,2322713
CA,CA-196,186319,-0.00060076,0.36265756,0.61393141,0.65195884,0.34804116,0.02691259,0.2210765,0.0067624,0.0629719,0.04263672,145954,-0.25127385,-0.23041854,-0.02085531,-0.24932208,White,391712
CA,CA-197,186765,0.00179155,0.3979367,0.57790324,0.64342368,0.35657632,0.04708148,0.21380955,0.01099008,0.07107058,0.02902883,143857,-0.17996654,-0.13475642,-0.04521012,-0.1698965,White,17469025
CA,CA-198,186010,-0.00225821,0.53754532,0.43359287,0.45846275,0.54153725,0.05618046,0.3550801,0.01907118,0.10599254,0.03728599,147133,0.10395245,0.15102265,-0.0470702,0.11464252,Minority,17962235
CA,CA-199,186095,-0.00180228,0.54764869,0.42490609,0.57781363,0.42218637,0.02940793,0.28699502,0.00809336,0.08614381,0.03275785,145675,0.1227426,0.13959236,-0.01684976,0.12335919,White,10188275
CA,CA-200,186050,-0.00204365,0.57363418,0.39609795,0.6047522,0.3952478,0.02608084,0.23445343,0.0065167,0.11660457,0.02436555,142250,0.17753623,0.20003116,-0.02249493,0.18003454,White,11697443
CA,CA-201,185767,-0.00356164,0.57265884,0.39757537,0.5076922,0.4923078,0.02709689,0.36250192,0.00556012,0.08700408,0.02879001,143522,0.17508347,0.22337598,-0.04829251,0.18618097,White,10207998
CA,CA-202,186177,-0.00136243,0.56807278,0.39859285,0.53338879,0.46661121,0.02963469,0.11085989,0.00718826,0.31260043,0.01527239,140646,0.16947993,0.18750181,-0.01802188,0.17048722,White,11923081
CA,CA-203,186055,-0.00201683,0.60597948,0.36179063,0.42037705,0.57962295,0.03831599,0.11379417,0.00848872,0.41633872,0.0132413,145605,0.24418885,0.27654212,-0.03235327,0.24997327,Minority,8083103
CA,CA-204,185797,-0.00340072,0.65946512,0.30677695,0.61398791,0.38601209,0.02765588,0.14185854,0.00753799,0.19613079,0.0158167,160653,0.35268817,0.39436277,-0.0416746,0.3615797,White,16907109
CA,CA-205,186766,0.00179691,0.7068564,0.25783087,0.51598955,0.48401045,0.07174149,0.23104989,0.00972755,0.1649644,0.02747197,158416,0.44902553,0.48639927,-0.03737374,0.45648344,White,24773900
CA,CA-206,186061,-0.00198465,0.6257953,0.34415861,0.53320852,0.46679148,0.09433679,0.23106568,0.01078252,0.12593954,0.02577418,146348,0.28163669,0.30045389,-0.0188172,0.28290909,White,19911075
CA,CA-207,185919,-0.00274632,0.69494562,0.27265511,0.63749393,0.36250607,0.07116691,0.18589277,0.00716885,0.08272683,0.02379913,164880,0.42229051,0.45055035,-0.02825984,0.42671046,White,15494392
CA,CA-208,186669,0.00127661,0.59380471,0.37722476,0.4274887,0.5725113,0.12035465,0.32392168,0.01399425,0.11530193,0.0330686,146060,0.21657995,0.28312416,-0.06654421,0.23376135,Minority,23854207
CA,CA-209,186321,-0.00059003,0.69509024,0.26769249,0.13895262,0.86104738,0.1408383,0.57770018,0.00781519,0.14199266,0.03759177,139472,0.42739775,0.56772334,-0.14032559,0.46917295,Hispanic,46194565
CA,CA-210,187049,0.0033149,0.58162462,0.39314973,0.1355147,0.8644853,0.08180115,0.55637918,0.01279223,0.2284278,0.03200133,144619,0.18847489,0.33625766,-0.14778277,0.23273581,Hispanic,28514587
CA,CA-211,186606,0.00093869,0.56130997,0.41548371,0.20932936,0.79067064,0.07708206,0.46656141,0.01230041,0.25382324,0.02790915,139345,0.14582626,0.26696701,-0.12114075,0.18120651,Hispanic,14806148
CA,CA-212,186598,0.00089577,0.56739633,0.40747649,0.13733876,0.86266124,0.05315212,0.70639196,0.00864279,0.10577648,0.03427643,145902,0.15991984,0.35915578,-0.19923594,0.22133182,Hispanic,13961079
CO,CO-1,186370,0.00064967,0.58593942,0.38457133,0.37942377,0.62057623,0.02948818,0.52624608,0.00285276,0.04382473,0.04811114,137411,0.20136809,0.33040897,-0.12904088,0.23938172,Hispanic,8540579
CO,CO-2,186166,-0.00044564,0.53373421,0.43895343,0.6485111,0.3514889,0.02525656,0.23222998,0.00278292,0.06857055,0.03631814,142656,0.09478078,0.12140752,-0.02662674,0.09865636,White,10335108
CO,CO-3,186562,0.00168055,0.52295244,0.45252925,0.39427402,0.60572598,0.14224676,0.38948232,0.00767275,0.05603364,0.03978546,132938,0.07042319,0.19667823,-0.12625504,0.1075082,Minority,634443
CO,CO-4,186304,0.0002953,0.83841472,0.13185891,0.66547546,0.33452454,0.12012593,0.14393531,0.00276115,0.05142088,0.02848111,157543,0.70655581,0.73918979,-0.03263398,0.7124338,White,25154171
CO,CO-5,185689,-0.00300673,0.60032545,0.36865701,0.34814545,0.65185455,0.19734285,0.37318822,0.00837914,0.06480545,0.03902741,137365,0.23166844,0.36040091,-0.12873247,0.26957926,Hispanic,1021808
CO,CO-6,185794,-0.00244297,0.58456298,0.38445311,0.56042193,0.43957807,0.14871234,0.18007326,0.00520316,0.09299668,0.03133252,140876,0.20010987,0.25522898,-0.05511911,0.21348291,White,14817042
CO,CO-7,186598,0.00187384,0.60397857,0.36705763,0.63282567,0.36717433,0.1164004,0.13163714,0.00382819,0.10054866,0.0253462,144716,0.23692094,0.27519013,-0.03826919,0.24467734,White,13944961
CO,CO-8,185738,-0.00274364,0.77244302,0.20047305,0.75593,0.24407,0.0668346,0.10883601,0.00249986,0.04882672,0.02260049,157209,0.57196997,0.58817465,-0.01620468,0.57237153,White,23342909
CO,CO-9,186041,-0.00111678,0.59267587,0.37992135,0.78167686,0.21832314,0.02940027,0.11108791,0.00249885,0.05200447,0.02592478,148468,0.21275452,0.21376633,-0.00101181,0.20809179,White,10972777
CO,CO-10,186083,-0.00089128,0.74456939,0.22687337,0.45978017,0.54021983,0.04025058,0.43720924,0.00221337,0.04351598,0.04993749,146383,0.51769602,0.61012833,-0.09243231,0.54350679,Minority,23233397
CO,CO-11,186874,0.00335572,0.54139585,0.43057027,0.79512093,0.20487907,0.01691446,0.11820594,0.00237018,0.04098659,0.0278294,148512,0.11082558,0.10170897,0.00911661,0.10278671,White,3096553
CO,CO-12,186571,0.00172887,0.62761195,0.3426234,0.71714271,0.28285729,0.02462262,0.18078511,0.00233788,0.04836609,0.03471652,153558,0.28498855,0.29267383,-0.00768528,0.28255031,White,11201944
CO,CO-13,186133,-0.00062282,0.58801211,0.38439159,0.7835064,0.2164936,0.01626224,0.13837028,0.00228667,0.03292128,0.03177795,148688,0.20362052,0.1859256,0.01769492,0.19272221,White,4199083
CO,CO-14,186564,0.00169128,0.41732854,0.55767726,0.83866103,0.16133897,0.01738296,0.078898,0.00335537,0.03697397,0.02317728,138584,-0.14034872,-0.15636559,0.01601687,-0.15068768,White,627794
CO,CO-15,186372,0.00066041,0.49977655,0.47537771,0.77354049,0.22645951,0.02514622,0.08463167,0.00263375,0.09475762,0.0196419,139345,0.02439884,0.02681328,-0.00241444,0.02020365,White,10729970
CO,CO-16,186232,-0.00009128,0.46909358,0.50398237,0.58068537,0.41931463,0.02464918,0.3348901,0.003006,0.03510418,0.03597666,136394,-0.03488879,0.00832561,-0.0432144,-0.02548399,White,1904340
CO,CO-17,186553,0.00163222,0.68918471,0.28242335,0.7653166,0.2346834,0.01830737,0.11516193,0.00234745,0.07350324,0.02398779,146116,0.40676136,0.39631688,0.01044448,0.39827987,White,5694388
CO,CO-18,185718,-0.00285102,0.76421884,0.20771406,0.73878985,0.26121015,0.01838647,0.14845153,0.00236174,0.06712427,0.02412492,153700,0.55650478,0.56895316,-0.01244838,0.55565424,White,5110629
CO,CO-19,185851,-0.00213692,0.4845825,0.48760246,0.83476285,0.16523715,0.0120539,0.09893395,0.00222544,0.02059715,0.02848427,147836,-0.00301996,-0.03880298,0.03578302,-0.01994763,White,261633
CO,CO-20,186217,-0.00017181,0.68357134,0.28579799,0.78382723,0.21617277,0.02213643,0.11911507,0.00300423,0.04705968,0.02614866,151786,0.39777335,0.37645199,0.02132136,0.38566623,White,8766904
CO,CO-21,185808,-0.0023678,0.32330628,0.65148528,0.74955781,0.25044219,0.0141648,0.19061088,0.00199535,0.01765119,0.03099007,136818,-0.328179,-0.32208101,-0.00609799,-0.33114634,White,135945
CO,CO-22,185764,-0.00260404,0.23806477,0.7402684,0.78105176,0.21894824,0.02834306,0.1379049,0.00317886,0.01912929,0.03326924,142504,-0.50220363,-0.50661998,0.00441635,-0.50867575,White,29188
CO,CO-23,185929,-0.00171813,0.42259944,0.55049205,0.64111435,0.35888565,0.09850424,0.16731085,0.01203816,0.06467882,0.03664733,133243,-0.12789261,-0.13604146,0.00814885,-0.13560889,White,5562293
CO,CO-24,185798,-0.00242149,0.45695906,0.51364343,0.7272091,0.2727909,0.06106336,0.14026159,0.00534058,0.04204518,0.03513504,147175,-0.05668437,-0.08784784,0.03116347,-0.07207219,White,13490647
CO,CO-25,186114,-0.00072484,0.56290507,0.40756328,0.63478478,0.36521522,0.09517918,0.20035695,0.00742964,0.04334746,0.04027826,147921,0.15534179,0.15959183,-0.00425004,0.15175847,White,10731873
CO,CO-26,186685,0.00234095,0.35380857,0.62006064,0.78314485,0.21685515,0.04480136,0.09927414,0.00441129,0.03463533,0.0306919,149616,-0.26625207,-0.29136985,0.02511778,-0.27962466,White,145390
CO,CO-27,186567,0.00170739,0.57514179,0.39797898,0.80034466,0.19965534,0.01021871,0.13917779,0.00252439,0.01933343,0.02668444,148551,0.17716281,0.18807802,-0.01091521,0.17580121,White,38140
CO,CO-28,186352,0.00055302,0.55290059,0.42019383,0.77021784,0.22978216,0.01085517,0.17431498,0.00230281,0.01707143,0.02610964,150251,0.13270676,0.1521346,-0.01942784,0.13418271,White,61399
CO,CO-29,186852,0.0032376,0.45182145,0.52323331,0.54899057,0.45100943,0.02763447,0.3791543,0.00265875,0.01521549,0.05285816,145181,-0.07141186,-0.00644687,-0.06496499,-0.05475686,White,191570
CO,CO-30,186516,0.00143356,0.4776632,0.4957357,0.70920338,0.29079662,0.0108134,0.20424945,0.00259016,0.01184547,0.07088638,150184,-0.0180725,-0.00069055,-0.01738195,-0.01727852,White,26903
CO,CO-31,186899,0.00348995,0.35646906,0.61915606,0.80594807,0.19405193,0.01120583,0.12583757,0.00287069,0.01639333,0.03560332,148048,-0.262687,-0.29594611,0.03325911,-0.27877337,White,154616
CT,CT-1,189202,-0.0030824,0.73073544,0.25528735,0.36011099,0.63988901,0.40161182,0.1933792,0.00185419,0.05163931,0.01707845,151009,0.47544809,0.53266662,-0.05721853,0.48952093,Black,5488482
CT,CT-2,189211,-0.00303498,0.64439531,0.33830559,0.42392407,0.57607593,0.1629551,0.36842639,0.00238794,0.05326533,0.01689825,147826,0.30608972,0.39889572,-0.092806,0.33202505,Minority,17252639
CT,CT-3,189083,-0.00370942,0.59817342,0.38163969,0.70965899,0.29034101,0.08302005,0.09172789,0.00096975,0.10659298,0.01348353,150554,0.21653373,0.26536457,-0.04883084,0.22781068,White,4547384
CT,CT-4,189098,-0.00363039,0.51928884,0.46399484,0.81585694,0.18414306,0.05352427,0.06102243,0.00098558,0.05106997,0.01422976,155238,0.055294,0.0930448,-0.0377508,0.0628776,White,1427953
CT,CT-5,189911,0.00065336,0.58148628,0.40047614,0.83716332,0.16283668,0.03276641,0.04942016,0.00071478,0.06592027,0.0097865,149696,0.18101014,0.19883829,-0.01782815,0.18195286,White,3248044
CT,CT-6,189660,-0.00066917,0.45771897,0.52680187,0.88101661,0.11898339,0.02365538,0.05266741,0.00099554,0.02151014,0.01536989,155694,-0.0690829,-0.04911329,-0.01996961,-0.06742636,White,705380
CT,CT-7,190371,0.00307713,0.54422001,0.43838405,0.70287051,0.29712949,0.09098274,0.15543803,0.00141938,0.04335258,0.0164557,154293,0.10583596,0.15304941,-0.04721345,0.11657378,White,4303997
CT,CT-8,190213,0.00224462,0.46063705,0.52264124,0.78092785,0.21907215,0.05250951,0.10153678,0.0019448,0.03697742,0.02835067,152201,-0.06200419,-0.00203673,-0.05996746,-0.04701504,White,887530
CT,CT-9,190346,0.00294541,0.5689936,0.41321749,0.76718504,0.23281496,0.07054724,0.0957945,0.00322553,0.04665367,0.02662038,154393,0.15577611,0.18449614,-0.02872003,0.16034945,White,1585506
CT,CT-10,189647,-0.00073767,0.55404355,0.43012895,0.89359416,0.10640584,0.01777056,0.04175249,0.0010363,0.02777529,0.0104781,156326,0.1239146,0.14983292,-0.02591832,0.12755404,White,1319419
CT,CT-11,189567,-0.00115919,0.4965798,0.49053084,0.54518148,0.45481852,0.1721791,0.25430926,0.00252582,0.02682832,0.01879348,146487,0.00604896,0.07889707,-0.07284811,0.02533166,White,9156246
CT,CT-12,190090,0.00159653,0.4504013,0.53456327,0.7870118,0.2129882,0.06433814,0.09471822,0.00093709,0.03654653,0.01096986,152600,-0.08416197,-0.04891269,-0.03524928,-0.07741221,White,3311561
CT,CT-13,189607,-0.00094843,0.73253554,0.24845726,0.37582431,0.62417569,0.30505709,0.25153538,0.00191839,0.07530341,0.02144199,150126,0.48407828,0.54853416,-0.06445588,0.50056357,Minority,22559414
CT,CT-14,189965,0.00093789,0.54588472,0.42551904,0.72798671,0.27201329,0.11133975,0.08827044,0.00109915,0.06253635,0.01207783,156485,0.12036568,0.18231573,-0.06195005,0.1360157,White,5275422
CT,CT-15,189199,-0.00309821,0.51460901,0.4684711,0.81966177,0.18033823,0.03194035,0.07474952,0.00059816,0.04738373,0.0099308,147118,0.04613791,0.10162851,-0.0554906,0.05963478,White,1864244
CT,CT-16,189693,-0.00049529,0.58133592,0.40245835,0.66845022,0.33154978,0.05785713,0.16924152,0.00126744,0.06912026,0.01163994,145963,0.17887757,0.23883346,-0.05995589,0.19386287,White,3617990
CT,CT-17,190375,0.00309821,0.66986213,0.31864077,0.28671061,0.71328939,0.33491654,0.34414964,0.0024567,0.03232609,0.01817958,146538,0.35122136,0.45923678,-0.10801542,0.3822265,Hispanic,20133451
CT,CT-18,190471,0.00360404,0.64214933,0.34207246,0.66548481,0.33451519,0.09110796,0.17430861,0.00088974,0.05753201,0.01141275,149482,0.30007687,0.37213036,-0.07205349,0.3190947,White,8490616
CT,CT-19,190235,0.00236054,0.60712058,0.37720238,0.57996033,0.42003967,0.10371744,0.21689153,0.0012636,0.08833,0.01260207,147198,0.2299182,0.33129529,-0.10137709,0.25871056,White,8941566
DE,DE-1,197748,-0.00122228,0.76584361,0.22026492,0.39269763,0.60730237,0.43306483,0.12731044,0.00149532,0.04786331,0.01922464,153813,0.54557869,0.59458809,-0.0490094,0.55691516,Black,11491651
DE,DE-2,198255,0.00133845,0.60660356,0.37612103,0.74077906,0.25922094,0.09432487,0.07432179,0.00095458,0.07748114,0.01311162,162375,0.23048253,0.2662724,-0.03578987,0.23741249,White,6613482
DE,DE-3,197658,-0.00167685,0.60103456,0.3830692,0.56513047,0.43486953,0.27738482,0.07686943,0.00116227,0.06930469,0.0194,150567,0.21796536,0.25591887,-0.03795351,0.22561653,White,2301092
DE,DE-4,197984,-0.0000303,0.47435377,0.50971819,0.61994456,0.38005544,0.25169659,0.07731083,0.00203983,0.03100279,0.02816533,152954,-0.03536442,-0.0090911,-0.02627332,-0.03160665,White,942499
DE,DE-5,198303,0.00158089,0.44824963,0.54002369,0.78510566,0.21489434,0.09867915,0.07847577,0.00112919,0.01683411,0.02021558,163834,-0.09177406,-0.09664678,0.00487272,-0.0983983,White,1000170
FL,FL-1,185371,-0.00163189,0.48842072,0.49434332,0.60159264,0.39840736,0.26184098,0.06566117,0.00341567,0.04478542,0.02557731,149312,-0.0059226,0.04234499,-0.04826759,0.0051666,White,8481478
FL,FL-2,185691,0.00009156,0.30174078,0.68380882,0.76073342,0.23926658,0.0983857,0.05713072,0.00383704,0.04769572,0.03255314,145946,-0.38206804,-0.35356969,-0.02849835,-0.37756859,White,3753531
FL,FL-3,185255,-0.00225664,0.20911475,0.77849892,0.78722052,0.21277948,0.09709246,0.04745346,0.00347033,0.02435516,0.0385926,143214,-0.56938417,-0.54132475,-0.02805942,-0.56503103,White,402034
FL,FL-4,185441,-0.00125489,0.29245967,0.69123404,0.72483649,0.27516351,0.09617731,0.09491588,0.00465496,0.05597603,0.02964365,145866,-0.39877437,-0.36295821,-0.03581616,-0.39183565,White,1550749
FL,FL-5,185612,-0.00033392,0.2563088,0.72924256,0.76153628,0.23846372,0.10773939,0.06642716,0.00268944,0.03229351,0.03010286,148358,-0.47293376,-0.43540766,-0.0375261,-0.46542506,White,611928
FL,FL-6,185277,-0.00213816,0.20147199,0.78904914,0.76469282,0.23530718,0.14399666,0.0493272,0.00179727,0.01009027,0.03097759,148559,-0.58757715,-0.53298812,-0.05458903,-0.57438081,White,147013
FL,FL-7,185529,-0.00078094,0.66766019,0.31694214,0.41275046,0.58724954,0.46759534,0.08408516,0.00160912,0.02620381,0.01760611,148528,0.35071805,0.43112283,-0.08040478,0.37251964,Black,827760
FL,FL-8,185603,-0.00038239,0.51888869,0.46423036,0.67698907,0.32301093,0.19361458,0.06724347,0.00152916,0.04599406,0.0167215,151063,0.05465833,0.10585141,-0.05119308,0.06672269,White,488212
FL,FL-9,185820,0.00078632,0.21209689,0.7785515,0.7774043,0.2225957,0.11802389,0.06722666,0.00158973,0.00928914,0.02499781,148453,-0.56645461,-0.52411928,-0.04233533,-0.55734283,White,143176
FL,FL-10,185838,0.00088327,0.19769392,0.79345412,0.74981266,0.25018734,0.1625952,0.05151437,0.00151914,0.01129474,0.02259629,146794,-0.5957602,-0.55557299,-0.04018721,-0.58736446,White,291423
FL,FL-11,185166,-0.00273598,0.3249684,0.66154315,0.68087833,0.31912167,0.14675182,0.10227273,0.00394452,0.04911426,0.02427945,140448,-0.33657475,-0.3169018,-0.01967295,-0.3350171,White,2090620
FL,FL-12,185511,-0.00087788,0.31219544,0.67399104,0.80605284,0.19394716,0.08304965,0.05764481,0.00264328,0.02952328,0.02144659,149814,-0.3617956,-0.3325004,-0.0292952,-0.35703053,White,950468
FL,FL-13,185811,0.00073785,0.57452345,0.41254254,0.39869151,0.60130849,0.49908975,0.06219599,0.00198407,0.02789788,0.01905134,140620,0.16198091,0.19894031,-0.0369594,0.16930071,Black,2190635
FL,FL-14,185631,-0.00023159,0.55817323,0.42522205,0.46917825,0.53082175,0.36694794,0.10288155,0.0030111,0.0501313,0.02145583,142805,0.13295118,0.17421219,-0.04126101,0.14170485,Minority,7875215
FL,FL-15,185818,0.00077555,0.56726512,0.41499495,0.40147077,0.59852923,0.42347002,0.12345756,0.00267287,0.04478098,0.01846774,144414,0.15227017,0.2216485,-0.06937833,0.17039628,Black,11823613
FL,FL-16,185501,-0.00093174,0.4455102,0.53574614,0.57019271,0.42980729,0.16880161,0.14003164,0.00352449,0.10787069,0.01815645,149809,-0.09023594,-0.02233493,-0.06790101,-0.07260227,White,10175717
FL,FL-17,185390,-0.00152956,0.36592681,0.61793813,0.71554723,0.28445277,0.08729191,0.09669447,0.00260085,0.07773277,0.01672851,146875,-0.25201132,-0.2249961,-0.02701522,-0.24800625,White,5288785
FL,FL-18,185811,0.00073785,0.33720897,0.64781655,0.79333548,0.20666452,0.06205442,0.07529765,0.00171619,0.04811041,0.01701169,139845,-0.31060758,-0.25268112,-0.05792646,-0.29629876,White,2071727
FL,FL-19,185389,-0.00153495,0.34795388,0.64143633,0.7916465,0.2083535,0.08347695,0.08068857,0.00176855,0.02317836,0.01783398,154929,-0.29348245,-0.23593118,-0.05755127,-0.27929869,White,887969
FL,FL-20,186101,0.00229973,0.55952863,0.42123246,0.68954201,0.31045799,0.12226574,0.10066959,0.00148209,0.06804377,0.01784462,151138,0.13829617,0.17703154,-0.03873537,0.14620796,White,918625
FL,FL-21,186040,0.0019712,0.52908281,0.45436173,0.52260967,0.47739033,0.25351032,0.14889263,0.00163301,0.06381862,0.01768768,152479,0.07472108,0.20423077,-0.12950969,0.11289098,White,1529039
FL,FL-22,186325,0.00350615,0.26886014,0.72182024,0.86586597,0.13413403,0.03221801,0.05823325,0.00119791,0.01818809,0.02053373,159445,-0.4529601,-0.40196439,-0.05099571,-0.44096153,White,844708
FL,FL-23,186229,0.00298911,0.31227445,0.67719295,0.76826773,0.23173227,0.05942953,0.13318682,0.0016301,0.01785856,0.0222803,151524,-0.3649185,-0.29763755,-0.06728095,-0.34749152,White,1927696
FL,FL-24,185615,-0.00031776,0.3264497,0.66158132,0.77993202,0.22006798,0.05501866,0.11794188,0.00147294,0.02531991,0.02058118,150040,-0.33513162,-0.29950932,-0.0356223,-0.32825752,White,1623920
FL,FL-25,185890,0.00116333,0.35096642,0.6367157,0.78080069,0.21919931,0.0495021,0.12519043,0.00166729,0.02289088,0.0223482,152943,-0.28574928,-0.21435013,-0.07139915,-0.26694956,White,9600286
FL,FL-26,186112,0.00235897,0.41577872,0.56747596,0.62321306,0.37678694,0.10396689,0.19829474,0.00201994,0.06138504,0.01964662,141093,-0.15169724,-0.09062546,-0.06107178,-0.13633998,White,3776501
FL,FL-27,185466,-0.00112024,0.31510017,0.67587312,0.83360358,0.16639642,0.07881371,0.05883756,0.00122206,0.01304918,0.01269747,167750,-0.36077295,-0.33508357,-0.02568938,-0.35720982,White,1195995
FL,FL-28,186239,0.00304297,0.33310063,0.65646244,0.76853198,0.23146802,0.08497067,0.10425535,0.00146647,0.02063434,0.02067328,154112,-0.32336181,-0.29099441,-0.0323674,-0.31757268,White,1021448
FL,FL-29,185884,0.00113101,0.44493511,0.54254211,0.56500896,0.43499104,0.13246349,0.2303,0.00235525,0.05037726,0.02074562,143934,-0.097607,-0.03466093,-0.06294607,-0.08162498,White,2194738
FL,FL-30,185337,-0.00181501,0.49865134,0.48088439,0.54230818,0.45769182,0.07084225,0.23236985,0.00283872,0.10871055,0.01401183,143022,0.01776695,0.09466435,-0.0768974,0.03839942,White,5091890
FL,FL-31,185642,-0.00017235,0.5230273,0.45976563,0.2762251,0.7237749,0.1299786,0.51103254,0.00362145,0.08216972,0.01783529,139723,0.06326167,0.21008267,-0.146821,0.107202,Hispanic,2141290
FL,FL-32,185957,0.00152418,0.55108987,0.42940855,0.45364293,0.54635707,0.13557798,0.32316102,0.00278268,0.08694388,0.01822292,151293,0.12168132,0.22034671,-0.09866539,0.14956978,Minority,9675238
FL,FL-33,185090,-0.0031453,0.54620341,0.43695425,0.29767617,0.70232383,0.12649988,0.54264691,0.00317602,0.05054246,0.02079469,146095,0.10924916,0.23190773,-0.12265857,0.14513535,Hispanic,12376595
FL,FL-34,186308,0.00341459,0.51660984,0.4657796,0.61684134,0.38315866,0.1081056,0.21467233,0.00214911,0.05262669,0.0176373,150760,0.05083024,0.09791737,-0.04708713,0.06152595,White,12835877
FL,FL-35,185765,0.00049011,0.46136134,0.52165678,0.64174784,0.35825216,0.0895016,0.19728444,0.00218446,0.0592809,0.0176532,146489,-0.06029544,0.00165572,-0.06195116,-0.04464505,White,4202912
FL,FL-36,185812,0.00074324,0.48291708,0.49890091,0.54113327,0.45886673,0.16643498,0.20811807,0.00215089,0.07769502,0.01908832,144591,-0.01598383,0.05531959,-0.07130342,0.00278398,White,6175217
FL,FL-37,185069,-0.0032584,0.69613981,0.28805644,0.20478951,0.79521049,0.4307472,0.29011497,0.0030531,0.04760033,0.01541291,142478,0.40808337,0.53345136,-0.12536799,0.4448727,Black,17693272
FL,FL-38,185801,0.00068399,0.64430798,0.34016448,0.41671547,0.58328453,0.37674517,0.15833526,0.00269011,0.04281706,0.01622921,146834,0.3041435,0.36576779,-0.06162429,0.31968493,Minority,15468468
FL,FL-39,186102,0.00230512,0.54331594,0.44246143,0.42997357,0.57002643,0.25889834,0.25145998,0.0021593,0.04855615,0.02137564,142639,0.10085451,0.14817056,-0.04731605,0.11162653,Minority,3961978
FL,FL-40,185532,-0.00076478,0.34814349,0.64250272,0.71869866,0.28130134,0.10189292,0.14270593,0.00191565,0.02004611,0.01917595,153995,-0.29435923,-0.2495113,-0.04484793,-0.28440992,White,2256079
FL,FL-41,186267,0.00319377,0.28076852,0.70918503,0.76636828,0.23363172,0.09208685,0.10062333,0.0015533,0.01181717,0.02621871,149359,-0.42841651,-0.38137983,-0.04703668,-0.41773762,White,388956
FL,FL-42,185361,-0.00168575,0.4235351,0.56317515,0.58725545,0.41274455,0.11914065,0.25899579,0.00198772,0.02436318,0.02286558,146902,-0.13964005,-0.05349245,-0.0861476,-0.11592418,White,5717748
FL,FL-43,185084,-0.00317761,0.40858579,0.57962421,0.71891423,0.28108577,0.16093296,0.06911067,0.00148605,0.03136002,0.0182471,156792,-0.17103842,-0.08511934,-0.08591908,-0.14739873,White,3468455
FL,FL-44,185342,-0.00178808,0.33410614,0.65354344,0.84570667,0.15429333,0.05887028,0.05073035,0.00155748,0.01955506,0.02084335,156021,-0.3194373,-0.26193691,-0.05750039,-0.3052705,White,1415166
FL,FL-45,185357,-0.00170729,0.32272312,0.66641539,0.68356915,0.31643085,0.10435239,0.17218724,0.00151304,0.02376571,0.02243668,146724,-0.34369227,-0.31025285,-0.03343942,-0.3375458,White,1728687
FL,FL-46,185580,-0.00050626,0.31242527,0.67571048,0.69417792,0.30582208,0.0947554,0.16916197,0.00167345,0.0252457,0.02130213,145807,-0.36328521,-0.31685292,-0.04643229,-0.35280778,White,690576
FL,FL-47,185305,-0.00198735,0.45259019,0.53388977,0.51211514,0.48788486,0.24405454,0.21475118,0.0018919,0.01889794,0.02151856,142714,-0.08129958,0.01275084,-0.09405042,-0.05494944,White,4544121
FL,FL-48,185623,-0.00027467,0.51275048,0.47526386,0.40523617,0.59476383,0.17365078,0.39636543,0.00221247,0.02753755,0.0206636,143731,0.03748662,0.1437307,-0.10624408,0.06790131,Minority,2941404
FL,FL-49,186127,0.00243976,0.5386487,0.44500858,0.28716991,0.71283009,0.14191925,0.53007673,0.00296202,0.04725298,0.01922179,143483,0.09364012,0.25103067,-0.15739055,0.14110364,Hispanic,4210796
FL,FL-50,185710,0.00019389,0.43721104,0.55095531,0.35546889,0.64453111,0.10591496,0.51820612,0.00294091,0.0322865,0.02136213,141793,-0.11374427,0.01910414,-0.13284841,-0.07446147,Hispanic,596267
FL,FL-51,186244,0.0030699,0.3741371,0.61164126,0.76702379,0.23297621,0.09595431,0.08145949,0.0028197,0.0293145,0.02318782,153917,-0.23750416,-0.19797749,-0.03952667,-0.2293286,White,2322782
FL,FL-52,185686,0.00006463,0.38219411,0.6026869,0.80109547,0.19890453,0.04653808,0.08687326,0.00231383,0.04263594,0.01856294,152993,-0.22049279,-0.18366049,-0.0368323,-0.21321536,White,3477938
FL,FL-53,186125,0.00242899,0.4279578,0.55778419,0.6497723,0.3502277,0.15849237,0.1361006,0.00212781,0.03873816,0.02148364,150859,-0.12982639,-0.07117669,-0.0586497,-0.11527649,White,2152879
FL,FL-54,186250,0.00310221,0.52973768,0.45660073,0.6835848,0.3164152,0.22445278,0.05435002,0.0014987,0.02147931,0.01486738,158804,0.07313695,0.1322701,-0.05913315,0.087848,White,13154423
FL,FL-55,186251,0.0031076,0.541221,0.44155791,0.73633471,0.26366529,0.08164204,0.10088529,0.00149964,0.0599099,0.01797675,158705,0.09966309,0.14453044,-0.04486735,0.10961887,White,15997037
FL,FL-56,185596,-0.00042009,0.42905463,0.55698444,0.7256462,0.2743538,0.06859815,0.1170082,0.00205697,0.06575849,0.02052446,154596,-0.12792981,-0.07798117,-0.04994864,-0.11628026,White,14551494
FL,FL-57,185938,0.00142185,0.43207964,0.55418551,0.74496589,0.25503411,0.09123513,0.11441021,0.00233152,0.02949439,0.0201683,156979,-0.12210587,-0.04901136,-0.07309451,-0.10274103,White,14671951
FL,FL-58,186294,0.00333919,0.40739242,0.57956574,0.83549949,0.16450051,0.0353826,0.07819746,0.00149916,0.0311837,0.01561408,157422,-0.17217332,-0.12915575,-0.04301757,-0.16283413,White,9363127
FL,FL-59,185766,0.00049549,0.43944481,0.54608065,0.62290768,0.37709232,0.07224436,0.215619,0.00201628,0.07678953,0.01538525,146309,-0.10663584,-0.03754032,-0.06909552,-0.088604,White,7068811
FL,FL-60,186267,0.00319377,0.46327037,0.5225817,0.28799086,0.71200914,0.11608924,0.5559907,0.00173031,0.05019218,0.01513691,151418,-0.05931133,0.12711745,-0.18642878,-0.0021684,Hispanic,15986631
FL,FL-61,185768,0.00050626,0.69618092,0.28209797,0.29601597,0.70398403,0.43762961,0.24366209,0.00251118,0.03014827,0.01854464,141766,0.41408295,0.53927946,-0.12519651,0.45081512,Black,16088440
FL,FL-62,186019,0.0018581,0.51196784,0.4612658,0.4943574,0.5056426,0.16852281,0.2152613,0.0023258,0.11522489,0.01685363,148336,0.05070204,0.14819549,-0.09749345,0.07819986,Minority,9351473
FL,FL-63,186334,0.00355462,0.47102555,0.5122549,0.61581246,0.38418754,0.12041291,0.20328107,0.00237033,0.05225415,0.0169195,149768,-0.04122935,0.06216662,-0.10339597,-0.01176403,White,9458712
FL,FL-64,186264,0.00317761,0.46970075,0.51366127,0.47960275,0.52039725,0.19034655,0.27065768,0.00211126,0.05523995,0.02448781,143990,-0.04396052,0.03979628,-0.0837568,-0.02104159,Minority,8059385
FL,FL-65,186038,0.00196043,0.34569497,0.63993989,0.65603175,0.34396825,0.0828922,0.20531077,0.00191973,0.03865246,0.02343789,139603,-0.29424492,-0.25930467,-0.03494025,-0.28759817,White,1772637
FL,FL-66,186084,0.00220817,0.4929727,0.49369983,0.52272792,0.47727208,0.1858175,0.24983034,0.00250254,0.0384077,0.02008398,141456,-0.00072713,0.05308278,-0.05380991,0.01220951,White,4163591
FL,FL-67,185428,-0.0013249,0.47783597,0.50903629,0.76972974,0.23027026,0.06058819,0.12420642,0.00109784,0.02627287,0.0143221,159404,-0.03120032,0.04202042,-0.07322074,-0.01179341,White,10195630
FL,FL-68,185386,-0.00155111,0.37761656,0.61189073,0.90366828,0.09633172,0.01652419,0.04265377,0.00087541,0.01912024,0.01137434,165636,-0.23427417,-0.17754542,-0.05672875,-0.22036459,White,3585786
FL,FL-69,185092,-0.00313453,0.41779135,0.57057074,0.73235917,0.26764083,0.06743162,0.1586577,0.00133017,0.02361366,0.01723403,154868,-0.15277939,-0.10248854,-0.05029085,-0.14101577,White,10443645
FL,FL-70,185517,-0.00084557,0.37003415,0.61829664,0.71269522,0.28730478,0.10011395,0.14222133,0.00123333,0.02775655,0.01600643,149190,-0.24826249,-0.16507525,-0.08318724,-0.22553341,White,4856373
FL,FL-71,185873,0.00107177,0.30048551,0.68926274,0.7002121,0.2997879,0.09011357,0.1727422,0.00151888,0.02001232,0.01670088,146160,-0.38877723,-0.31467441,-0.07410282,-0.36907629,White,363621
FL,FL-72,185296,-0.00203583,0.32595111,0.66448095,0.84546649,0.15453351,0.05385305,0.06317554,0.00129581,0.01713422,0.01558048,162832,-0.33852984,-0.26578774,-0.0727421,-0.31928247,White,1105500
FL,FL-73,185233,-0.00237513,0.27443145,0.71746943,0.54569863,0.45430137,0.10561954,0.32193007,0.00139448,0.01230054,0.02279728,144140,-0.44303798,-0.34452297,-0.09851501,-0.41519964,White,152690
FL,FL-74,185168,-0.00272521,0.46043698,0.52788236,0.40648451,0.59351549,0.21166837,0.34861797,0.00135394,0.02236882,0.01999222,138854,-0.06744538,0.09230433,-0.15974971,-0.01919548,Minority,8113115
FL,FL-75,185012,-0.00356539,0.32089149,0.66954345,0.69265255,0.30734745,0.06183563,0.21460403,0.00084853,0.0168102,0.01663649,149671,-0.34865196,-0.25981618,-0.08883578,-0.32404003,White,3081837
FL,FL-76,185164,-0.00274675,0.32883501,0.66102547,0.79513274,0.20486726,0.03194376,0.13582225,0.00127524,0.0206488,0.01260789,159186,-0.33219046,-0.24502504,-0.08716542,-0.30813532,White,4546215
FL,FL-77,185277,-0.00213816,0.34763081,0.6409076,0.81092437,0.18907563,0.0252534,0.12260987,0.00120667,0.02640438,0.01107041,161602,-0.29327679,-0.23905854,-0.05421825,-0.28020404,White,2841497
FL,FL-78,185047,-0.00337689,0.3361147,0.6522604,0.81667747,0.18332253,0.03355611,0.12097287,0.00096948,0.01652963,0.00984022,165037,-0.3161457,-0.25933551,-0.05681019,-0.30220897,White,2105819
FL,FL-79,185571,-0.00055474,0.31482456,0.67431942,0.6218993,0.3781007,0.06283689,0.28368879,0.00073957,0.02100782,0.01203968,150087,-0.35949486,-0.26011319,-0.09938167,-0.33136764,White,1776790
FL,FL-80,186069,0.00212738,0.35967014,0.62931424,0.78203785,0.21796215,0.07633821,0.10422344,0.00114336,0.01768394,0.01521301,157431,-0.2696441,-0.21662108,-0.05302302,-0.25696976,White,1216396
FL,FL-81,185383,-0.00156726,0.5058443,0.48305719,0.45473853,0.54526147,0.28282492,0.22410925,0.0022583,0.02440941,0.01873889,141257,0.02278711,0.12448066,-0.10169355,0.05168496,Minority,9795746
FL,FL-82,185995,0.00172884,0.37575603,0.61399869,0.73791862,0.26208138,0.08962021,0.13256618,0.00139326,0.02360158,0.01593219,155032,-0.23824266,-0.19821117,-0.04003149,-0.22989883,White,988021
FL,FL-83,185321,-0.00190118,0.36125898,0.62711924,0.79775714,0.20224286,0.04003995,0.1227635,0.00115538,0.02345346,0.01552902,153197,-0.26586026,-0.19560381,-0.07025645,-0.24744144,White,3567830
FL,FL-84,185571,-0.00055474,0.5207615,0.46626124,0.56179231,0.43820769,0.27892159,0.11842752,0.00163275,0.03488511,0.01215271,150666,0.05450026,0.16705212,-0.11255186,0.08701755,White,7521363
FL,FL-85,186070,0.00213277,0.45780858,0.53020935,0.47405997,0.52594003,0.22994652,0.24000476,0.00170787,0.04557354,0.01381695,142868,-0.07240077,0.04633494,-0.11873571,-0.0378222,Minority,533059
FL,FL-86,185168,-0.00272521,0.54730305,0.43884864,0.45780201,0.54219799,0.23458547,0.27220929,0.00200785,0.03298318,0.01773153,150410,0.10845441,0.23714682,-0.12869241,0.14635188,Minority,12472768
FL,FL-87,186175,0.00269828,0.50180657,0.48486337,0.27254734,0.72745266,0.17456927,0.53013669,0.00223551,0.02800085,0.02859177,140460,0.0169432,0.19593186,-0.17898866,0.07160609,Hispanic,24598022
FL,FL-88,185478,-0.00105561,0.53921525,0.44803371,0.58122637,0.41877363,0.2432282,0.1361075,0.00148388,0.02704881,0.01097559,156347,0.09118154,0.21268799,-0.12150645,0.12668369,White,16264527
FL,FL-89,185170,-0.00271443,0.55373411,0.43556899,0.66389518,0.33610482,0.13509381,0.15215864,0.00113202,0.03932782,0.00919276,153708,0.11816512,0.20403118,-0.08586606,0.14178714,White,10589306
FL,FL-90,185907,0.00125489,0.48739,0.50163275,0.70593269,0.29406731,0.05748665,0.15298243,0.00097162,0.03943762,0.0069751,155410,-0.01424275,0.12955159,-0.14379434,0.0286887,White,12269419
FL,FL-91,186034,0.00193888,0.50184851,0.48610373,0.53010921,0.46989079,0.23860455,0.16640348,0.00131371,0.02995661,0.0120888,150718,0.01574478,0.15682906,-0.14108428,0.05777287,White,17258706
FL,FL-92,185503,-0.00092097,0.55905073,0.43028974,0.52066334,0.47933666,0.25058536,0.18727626,0.00159966,0.02329827,0.01290048,155033,0.12876099,0.22211227,-0.09335128,0.15487808,White,23308329
FL,FL-93,185919,0.00131952,0.73738019,0.25103997,0.18174053,0.81825947,0.58457045,0.2037296,0.00250064,0.03743378,0.00920345,145163,0.48634022,0.60990615,-0.12356593,0.52252886,Black,30882643
FL,FL-94,186041,0.00197658,0.72386803,0.26510468,0.23385644,0.76614356,0.50221752,0.23188455,0.00199918,0.03531659,0.01053493,146560,0.45876335,0.55458695,-0.0958236,0.48570455,Black,26009309
FL,FL-95,185617,-0.00030699,0.55305079,0.43430832,0.46346583,0.53653417,0.1921885,0.24384627,0.00190155,0.04963778,0.01061317,151981,0.11874247,0.21667193,-0.09792946,0.14638562,Minority,18807268
FL,FL-96,185922,0.00133567,0.53847811,0.44651848,0.42324547,0.57675453,0.2053343,0.28978815,0.00181705,0.07314536,0.0101185,140337,0.09195963,0.2236239,-0.13166427,0.13084772,Minority,937665
FL,FL-97,186025,0.00189041,0.51458959,0.47182206,0.26250098,0.73749902,0.14214229,0.50877831,0.00142563,0.08612222,0.00988673,140289,0.04276753,0.17630928,-0.13354175,0.08228145,Hispanic,10938066
FL,FL-98,185429,-0.00131952,0.50286506,0.48283781,0.46133929,0.53866071,0.11863324,0.3476717,0.00212225,0.06878434,0.01300137,145600,0.02002725,0.14356683,-0.12353958,0.05620711,Minority,14583327
FL,FL-99,186221,0.00294602,0.55345107,0.43410243,0.20733741,0.79266259,0.23832134,0.50640258,0.00170153,0.05850427,0.01525321,148690,0.11934864,0.28132369,-0.16197505,0.16834032,Hispanic,25982506
FL,FL-100,185246,-0.00230512,0.48180048,0.50595651,0.62158136,0.37841864,0.07641919,0.25663783,0.00164543,0.03161851,0.01181097,160444,-0.02415603,0.0922947,-0.11645073,0.00966088,White,16524620
FL,FL-101,186363,0.0037108,0.65746092,0.33079274,0.20681899,0.79318101,0.44143258,0.33942966,0.00192588,0.02958979,0.0110463,145388,0.32666818,0.49829708,-0.1716289,0.37887781,Black,27332482
FL,FL-102,185047,-0.00337689,0.70121176,0.28917246,0.04089015,0.95910985,0.57465339,0.39976765,0.00144695,0.01437207,0.00708865,143751,0.4120393,0.60379727,-0.19175797,0.47095862,Black,23635373
FL,FL-103,185865,0.00102868,0.69191427,0.29700438,0.11912427,0.88087573,0.52286182,0.34845178,0.00130269,0.02621743,0.01018961,146620,0.39490989,0.56602699,-0.1711171,0.44694892,Black,31501995
FL,FL-104,185312,-0.00194965,0.68570668,0.3013115,0.08152846,0.91847154,0.44847869,0.49266828,0.00091389,0.01162631,0.01008026,145532,0.38439518,0.58480755,-0.20041237,0.4461993,Hispanic,34036444
FL,FL-105,186101,0.00229973,0.4495218,0.53727304,0.43868994,0.56131006,0.04823309,0.46352819,0.00104743,0.02722053,0.00844973,156573,-0.08775124,0.10081504,-0.18856628,-0.02989581,Hispanic,36105770
FL,FL-106,185339,-0.00180424,0.5000929,0.48443182,0.27234225,0.72765775,0.0569097,0.62618996,0.00128952,0.03213062,0.00931744,158198,0.01566108,0.19069961,-0.17503853,0.06900726,Hispanic,46243902
FL,FL-107,185891,0.00116872,0.23869856,0.75547729,0.03921519,0.96078481,0.02732174,0.94792152,0.00063168,0.00538523,0.00406444,156725,-0.51677873,-0.3494974,-0.16728133,-0.46601829,Hispanic,39504781
FL,FL-108,186203,0.00284908,0.26961535,0.72285046,0.04061695,0.95938305,0.03238746,0.93523802,0.00073108,0.01136731,0.00542163,154566,-0.45323511,-0.27851108,-0.17472403,-0.39999377,Hispanic,18335115
FL,FL-109,185758,0.00045241,0.35771871,0.63291415,0.06452429,0.93547571,0.05453749,0.86693617,0.00057458,0.02478231,0.00763374,146193,-0.27519544,-0.06595113,-0.20924431,-0.21044734,Hispanic,1743223
FL,FL-110,185492,-0.00098021,0.28881777,0.70317462,0.05393743,0.94606257,0.02814378,0.91289105,0.00076411,0.01665639,0.00565059,155736,-0.41435685,-0.2748135,-0.13954335,-0.3728424,Hispanic,37524899
FL,FL-111,185205,-0.00252593,0.29845742,0.69292816,0.08428043,0.91571957,0.03200706,0.87196516,0.00055344,0.02105693,0.00641064,151779,-0.39447074,-0.24373142,-0.15073932,-0.3492243,Hispanic,18582847
FL,FL-112,185010,-0.00357616,0.36482834,0.62549527,0.11292654,0.88707346,0.06694305,0.8015796,0.00087529,0.03001785,0.01023212,147379,-0.26066693,-0.06135503,-0.1993119,-0.19922963,Hispanic,2504082
FL,FL-113,185316,-0.00192811,0.47910752,0.50834659,0.14824556,0.85175444,0.07268338,0.7734443,0.00087673,0.02661589,0.01274527,152841,-0.02923907,0.08737039,-0.11660946,0.00463075,Hispanic,39556339
FL,FL-114,185104,-0.0030699,0.46544462,0.52336383,0.23121599,0.76878401,0.12653995,0.60825007,0.00093412,0.03859015,0.0079739,147732,-0.05791921,0.09461822,-0.15253743,-0.0120734,Hispanic,15444556
FL,FL-115,185171,-0.00270905,0.43347066,0.5573661,0.08215197,0.91784803,0.19564121,0.72421071,0.0009522,0.02102653,0.01166798,140727,-0.12389544,0.15022289,-0.27411833,-0.03752266,Hispanic,20248602
FL,FL-116,185210,-0.002499,0.43259312,0.55684656,0.39884146,0.60115854,0.15151218,0.43485683,0.00158809,0.01778381,0.02052624,142939,-0.12425344,0.03019251,-0.15444595,-0.07777146,Hispanic,382208
GA,GA-1,184279,-0.00221455,0.59210087,0.40037138,0.54059603,0.45940397,0.34765924,0.05436285,0.00222067,0.04425242,0.01496102,149054,0.19172949,0.19669598,-0.00496649,0.18838499,White,3532472
GA,GA-2,185085,0.00214957,0.53988116,0.45397553,0.45462001,0.54537999,0.39182471,0.10192987,0.00558132,0.03955553,0.02249222,137781,0.08590563,0.12852439,-0.04261876,0.09511188,Minority,827831
GA,GA-3,184302,-0.00209001,0.34490352,0.65007086,0.66620059,0.33379941,0.23298576,0.06162083,0.00268405,0.01895701,0.02195725,142322,-0.30516734,-0.26635166,-0.03881568,-0.29722878,White,320457
GA,GA-4,184281,-0.00220372,0.6555342,0.33915391,0.37792791,0.62207209,0.51218498,0.07016223,0.00444655,0.0320008,0.01828822,139434,0.31638029,0.32810638,-0.01172609,0.31528899,Black,4088734
GA,GA-5,184819,0.0007093,0.58060002,0.41624817,0.35672588,0.64327412,0.58936325,0.03535196,0.00137807,0.01216717,0.01123922,144405,0.16435185,0.18468296,-0.02033111,0.16612889,Black,174088
GA,GA-6,185295,0.00328662,0.53296777,0.45763855,0.66091869,0.33908131,0.19025489,0.08170691,0.00133835,0.04821441,0.01696819,148690,0.07532922,0.11830041,-0.04297119,0.08465295,White,979595
GA,GA-7,184945,0.00139154,0.71581584,0.27906397,0.32935152,0.67064848,0.58068054,0.05403385,0.00327626,0.02757927,0.01741518,143151,0.43675187,0.45023539,-0.01348352,0.43624638,Black,2313225
GA,GA-8,185362,0.0036494,0.37101384,0.62175283,0.66004999,0.33995001,0.20747474,0.05847696,0.00343558,0.05652509,0.02178031,138841,-0.25073899,-0.24763269,-0.0031063,-0.25470356,White,1280708
GA,GA-9,185300,0.0033137,0.44942543,0.54710765,0.51611168,0.48388832,0.44201088,0.02265099,0.00114378,0.00846263,0.01211185,146881,-0.09768222,-0.04299569,-0.05468653,-0.08445338,White,131718
GA,GA-10,184917,0.00123993,0.32364587,0.67148966,0.67618436,0.32381564,0.22811447,0.0506255,0.00198158,0.02496368,0.02078897,141806,-0.34784379,-0.33516344,-0.01268035,-0.34861701,White,478243
GA,GA-11,185096,0.00220913,0.27656219,0.72055682,0.63066614,0.36933386,0.30016471,0.04903852,0.00091503,0.00904471,0.01354243,142072,-0.44399463,-0.39655938,-0.04743525,-0.43318288,White,183715
GA,GA-12,185023,0.00181387,0.2377746,0.75899193,0.71774678,0.28225322,0.18977445,0.05865327,0.00198679,0.01548698,0.01963923,139924,-0.52121733,-0.49286629,-0.02835104,-0.51676698,White,160885
GA,GA-13,185158,0.00254483,0.39483517,0.60153434,0.51777303,0.48222697,0.40742277,0.05061235,0.00109675,0.01143857,0.01664815,142238,-0.20669917,-0.14255141,-0.06414776,-0.19031658,White,275576
GA,GA-14,184866,0.00096379,0.29080647,0.7060536,0.61725254,0.38274746,0.27764001,0.07712262,0.00082897,0.01513581,0.01604339,139933,-0.41524713,-0.39375443,-0.0214927,-0.4130829,White,296750
GA,GA-15,184615,-0.00039526,0.22967796,0.76802079,0.64955438,0.35044562,0.24767278,0.08414801,0.00112556,0.00807005,0.01541805,141263,-0.53834283,-0.4921712,-0.04617163,-0.52795229,White,165853
GA,GA-16,184696,0.00004332,0.43441412,0.55948771,0.55322753,0.44677247,0.33517087,0.05919593,0.00189496,0.03738955,0.01933002,139317,-0.12507359,-0.1342138,0.00914021,-0.13312033,White,724300
GA,GA-17,185327,0.00345989,0.58649483,0.4085678,0.40590716,0.59409284,0.51736555,0.04560425,0.00120269,0.02321467,0.01348129,143013,0.17792703,0.19533143,-0.0174044,0.1787285,Black,1827775
GA,GA-18,184745,0.00030863,0.28650956,0.70973982,0.69168608,0.30831392,0.2516028,0.03064036,0.00085208,0.00834209,0.01766682,145527,-0.42323026,-0.38581017,-0.03742009,-0.4157569,White,245857
GA,GA-19,184485,-0.00109915,0.31192772,0.68404865,0.66643335,0.33356665,0.25710524,0.03681347,0.00242559,0.02079767,0.01911362,144295,-0.37212093,-0.33515983,-0.0369611,-0.36480056,White,190455
GA,GA-20,185059,0.00200879,0.46190846,0.53053032,0.59366355,0.40633645,0.28817239,0.05954073,0.00109949,0.0420889,0.01895051,142793,-0.06862186,-0.10526575,0.03664389,-0.08583649,White,1887412
GA,GA-21,185088,0.00216581,0.41988657,0.57301922,0.59050352,0.40949648,0.29979115,0.06757218,0.00113662,0.02599312,0.02002586,140768,-0.15313265,-0.16153082,0.00839817,-0.16093204,White,1329010
GA,GA-22,184437,-0.00135905,0.315418,0.67952619,0.65769561,0.34230439,0.25085081,0.05431655,0.00096626,0.01733582,0.02041933,140749,-0.36410819,-0.33387853,-0.03022966,-0.35903164,White,621174
GA,GA-23,184026,-0.00358442,0.38186259,0.61137777,0.67381271,0.32618729,0.22322081,0.06349464,0.0014105,0.01818142,0.0234394,135413,-0.22951518,-0.28189531,0.05238013,-0.25197522,White,2240245
GA,GA-24,184822,0.00072555,0.68487415,0.30854232,0.33192115,0.66807885,0.51851047,0.12138264,0.00164393,0.02030648,0.02092929,138084,0.37633183,0.33155449,0.04477734,0.35640605,Black,3344405
GA,GA-25,184473,-0.00116413,0.27657693,0.71736546,0.71915649,0.28084351,0.15668309,0.07241849,0.00124088,0.02936275,0.02296355,138611,-0.44078853,-0.4708889,0.03010037,-0.45582199,White,1390192
GA,GA-26,184618,-0.00037902,0.65164392,0.34264999,0.36768283,0.63231717,0.53524512,0.07136554,0.00182234,0.01646566,0.01725486,139381,0.30899393,0.2625106,0.04648333,0.28849949,Black,2181026
GA,GA-27,185053,0.00197631,0.63200467,0.36179802,0.39602126,0.60397874,0.48991825,0.06458153,0.00154599,0.04196778,0.01794661,137129,0.27020665,0.17473567,0.09547098,0.23338299,Black,2779796
GA,GA-28,185190,0.0027181,0.75799857,0.2359011,0.20879665,0.79120335,0.6075246,0.12085167,0.00138547,0.06024278,0.01954732,139303,0.52209747,0.49045095,0.03164652,0.50654863,Black,4660296
GA,GA-29,185204,0.0027939,0.84986152,0.14441098,0.10745182,0.89254818,0.75639023,0.10419042,0.00126388,0.03610782,0.01619077,137671,0.70545054,0.72007369,-0.01462315,0.70532492,Black,8236792
GA,GA-30,184871,0.00099086,0.91909404,0.07413781,0.06512788,0.93487212,0.87186721,0.05534658,0.000919,0.01042958,0.0124813,140370,0.84495623,0.87115067,-0.02619444,0.84868771,Black,5935684
GA,GA-31,184987,0.00161895,0.86010921,0.13046943,0.32610951,0.67389049,0.540776,0.06064207,0.00163472,0.06998424,0.01330095,152320,0.72963978,0.74268879,-0.01304901,0.72898945,Black,12821108
GA,GA-32,184759,0.00038443,0.89370618,0.0952074,0.32097334,0.67902666,0.57437369,0.05736548,0.00141195,0.04457369,0.01399,154396,0.79849878,0.81778711,-0.01928833,0.79992822,Black,18287065
GA,GA-33,184839,0.0008176,0.59633364,0.39322742,0.63065224,0.36934776,0.17842026,0.09189495,0.00144592,0.08749146,0.01306588,152152,0.20310622,0.21296905,-0.00986283,0.20139383,White,12023717
GA,GA-34,184160,-0.00285888,0.23509637,0.76021111,0.7585116,0.2414884,0.12560696,0.07927571,0.00097397,0.0128536,0.02503892,140661,-0.52511474,-0.51004443,-0.01507031,-0.5250913,White,649138
GA,GA-35,184146,-0.00293468,0.46240517,0.52738597,0.64244522,0.35755478,0.19881876,0.08934516,0.00151834,0.05170012,0.01893048,143578,-0.0649808,-0.08029645,0.01531565,-0.07508602,White,7286619
GA,GA-36,185045,0.00193299,0.70078507,0.29002053,0.37188006,0.62811994,0.42985804,0.13133255,0.00135918,0.05895274,0.01963947,145676,0.41076454,0.40575436,0.00501018,0.40409448,Black,8367207
GA,GA-37,184491,-0.00106666,0.63409076,0.35467225,0.41079253,0.58920747,0.3120265,0.19220593,0.00148604,0.06007347,0.02297111,144007,0.27941851,0.30104861,-0.0216301,0.28162854,Minority,11848600
GA,GA-38,184753,0.00035194,0.47813891,0.50900263,0.73665967,0.26334033,0.08202687,0.06396168,0.00097086,0.09440353,0.01608751,139052,-0.03086372,-0.04564887,0.01478515,-0.0407921,White,8768388
GA,GA-39,184582,-0.00057394,0.20106061,0.79359198,0.88290037,0.11709963,0.04626674,0.02830812,0.00116849,0.01076682,0.02772387,143775,-0.59253137,-0.58877234,-0.00375903,-0.59627836,White,635774
GA,GA-40,184383,-0.00165143,0.2240164,0.77124507,0.69435638,0.30564362,0.03852376,0.23120788,0.00078353,0.01396577,0.03606434,137837,-0.54722867,-0.51837943,-0.02884924,-0.54261226,White,792343
GA,GA-41,184469,-0.00118578,0.21162986,0.78369287,0.79175527,0.20824473,0.11223101,0.05408834,0.00089308,0.02013694,0.02029996,141084,-0.57206301,-0.56206954,-0.00999347,-0.57373185,White,440724
GA,GA-42,184373,-0.00170558,0.21003199,0.78451352,0.81776969,0.18223031,0.06986803,0.07092327,0.00085391,0.01151045,0.02943565,144043,-0.57448153,-0.57313152,-0.00135001,-0.57903153,White,588675
GA,GA-43,184838,0.00081218,0.17680069,0.81884177,0.87046708,0.12953292,0.03502945,0.05323782,0.00087374,0.01203887,0.02641215,149931,-0.64204108,-0.63103663,-0.01100445,-0.64337293,White,351730
GA,GA-44,184789,0.00054687,0.29113476,0.70258192,0.62116996,0.37883004,0.08472716,0.24940469,0.00093958,0.02678162,0.02635127,139424,-0.41144716,-0.40691622,-0.00453094,-0.41493685,White,1986420
GA,GA-45,185020,0.00179763,0.2180787,0.77477575,0.83180754,0.16819246,0.02823761,0.08568124,0.00117047,0.02464259,0.02710894,143532,-0.55669705,-0.55866002,0.00196297,-0.56235137,White,972574
GA,GA-46,184977,0.0015648,0.29960842,0.69051694,0.72350783,0.27649217,0.0494851,0.07338798,0.00108011,0.13130678,0.01790312,135172,-0.39090852,-0.38848496,-0.00242356,-0.39510067,White,2179408
GA,GA-47,184159,-0.00286429,0.34024569,0.65123472,0.72909855,0.27090145,0.08916523,0.12379528,0.00139522,0.03236908,0.02524989,139763,-0.31098903,-0.31275376,0.00176473,-0.31657727,White,4554784
GA,GA-48,184869,0.00098003,0.4969718,0.48824344,0.60867927,0.39132073,0.12683988,0.10884992,0.00130836,0.13837337,0.01571455,140634,0.00872836,0.04228959,-0.03356123,0.01491544,White,7568870
GA,GA-49,184518,-0.00092047,0.51285127,0.47279785,0.46839423,0.53160577,0.13439079,0.1378739,0.0015096,0.25000368,0.01599434,135798,0.04005342,0.07270474,-0.03265132,0.04593719,Minority,9918370
GA,GA-50,184158,-0.0028697,0.49800386,0.489952,0.45624099,0.54375901,0.16319361,0.1423553,0.00162245,0.22977916,0.01700673,138063,0.00805186,0.00990928,-0.00185742,0.003671,Minority,7551090
GA,GA-51,183995,-0.00375227,0.501036,0.48803893,0.4785835,0.5214165,0.23618595,0.14654394,0.00152923,0.13133902,0.01850368,137324,0.01299707,-0.00719314,0.02019021,0.001267,Minority,6481532
GA,GA-52,184240,-0.00242571,0.65672191,0.32919389,0.15236932,0.84763068,0.2757219,0.42062046,0.00185103,0.15552347,0.02829853,135060,0.32752802,0.46912404,-0.14159602,0.36972669,Hispanic,15168148
GA,GA-53,184035,-0.00353569,0.57114469,0.41294622,0.37484857,0.62515143,0.24537679,0.19170085,0.00140849,0.181513,0.02274021,137026,0.15819847,0.17047794,-0.01227947,0.15729163,Minority,10384906
GA,GA-54,184548,-0.00075804,0.67017575,0.31814077,0.56727081,0.43272919,0.14339439,0.15736668,0.00114606,0.12045952,0.01902318,145717,0.35203498,0.3459817,0.00605328,0.34501722,White,15745578
GA,GA-55,184524,-0.00088798,0.78902802,0.19812656,0.35532737,0.64467263,0.43637949,0.0924207,0.00145769,0.11087769,0.0177853,139947,0.59090146,0.61509763,-0.02419617,0.59396685,Black,12518046
GA,GA-56,184279,-0.00221455,0.91333299,0.07840961,0.21593684,0.78406316,0.7219672,0.03304897,0.00126559,0.02922484,0.01113718,146177,0.83492338,0.865727,-0.03080362,0.84019125,Black,8560775
GA,GA-57,184226,-0.00250152,0.91117181,0.08141612,0.07695041,0.92304959,0.86248702,0.04335254,0.00106605,0.01992043,0.0131479,143521,0.82975569,0.87727186,-0.04751617,0.84059441,Black,10074072
GA,GA-58,184309,-0.00205211,0.70452245,0.28613354,0.28790416,0.71209584,0.51929903,0.13825948,0.00162965,0.05543773,0.01876698,134385,0.41838891,0.41268775,0.00570116,0.41148852,Black,7554286
HI,HI-1,181589,-0.00175912,0.69406744,0.28562512,0.20644221,0.79355779,0.02514393,0.05759142,0.15392431,0.64766548,0.01872216,156499,0.40844232,0.42632143,-0.01787911,0.40940202,Asian,32734140
HI,HI-2,181502,-0.00223738,0.61048327,0.37145296,0.15536772,0.84463228,0.03846341,0.06209847,0.17060584,0.66266382,0.0158632,143981,0.23903031,0.27405016,-0.03501985,0.24570359,Asian,16162269
HI,HI-3,181392,-0.00284208,0.64287506,0.33819951,0.29499051,0.70500949,0.02013767,0.07488289,0.22680652,0.52716434,0.0237705,146442,0.30467555,0.3403211,-0.03564555,0.3115574,Asian,8069071
HI,HI-4,181732,-0.00097301,0.58259073,0.40210513,0.09406212,0.90593788,0.02671222,0.06531253,0.1916845,0.76250549,0.01674487,145776,0.1804856,0.23855799,-0.05807239,0.19484306,Asian,9544373
HI,HI-5,181563,-0.00190205,0.4605766,0.52315313,0.15094396,0.84905604,0.04577588,0.11056533,0.3490971,0.56515897,0.02856887,133957,-0.06257653,0.03165097,-0.0942275,-0.03616736,Asian,4148698
HI,HI-6,182028,0.00065417,0.5615031,0.41946617,0.28251663,0.71748337,0.03484737,0.10072622,0.23354983,0.4882042,0.02710193,140728,0.14203693,0.2297095,-0.08767257,0.16626112,Asian,911215
HI,HI-7,182728,0.00450225,0.62189359,0.3558456,0.35318004,0.64681996,0.01535958,0.08754059,0.2395372,0.4248326,0.02822993,143819,0.26604799,0.36058051,-0.09453252,0.29255883,Asian,516385
HI,HI-8,182737,0.00455173,0.6278327,0.34943942,0.36808497,0.63191503,0.01674464,0.09046115,0.28029827,0.38645363,0.03657146,144703,0.27839328,0.35721899,-0.07882571,0.29966852,Asian,211712
IA,IA-1,188021,0.00187564,0.62024559,0.36047958,0.8080869,0.1919131,0.06480923,0.05234359,0.00116677,0.0565748,0.01246563,149130,0.25976601,0.30649306,-0.04672705,0.27034169,White,374377
IA,IA-2,187975,0.00163053,0.46880045,0.51251419,0.81212921,0.18787079,0.08175755,0.05492879,0.00109066,0.0300521,0.02006947,143950,-0.04371374,0.03192481,-0.07563855,-0.02350089,White,1312094
IA,IA-3,187475,-0.00103373,0.56896498,0.41130086,0.82693693,0.17306307,0.08552012,0.03555891,0.00295112,0.03059189,0.01576701,144352,0.15766412,0.1954371,-0.03777298,0.16525511,White,4770868
IA,IA-4,187437,-0.00123622,0.40122027,0.58225977,0.9218296,0.0781704,0.02552909,0.02502878,0.003975,0.01056801,0.0108353,145912,-0.1810395,-0.12519017,-0.05584933,-0.16742306,White,161433
IA,IA-5,187522,-0.00078329,0.45141817,0.53212172,0.8500031,0.1499969,0.07593533,0.03310761,0.00405062,0.02212685,0.01377762,145163,-0.08070355,-0.00434929,-0.07635426,-0.06025213,White,329633
IA,IA-6,188026,0.00190229,0.36640529,0.6164478,0.92832597,0.07167403,0.01351753,0.02379224,0.00220567,0.00828338,0.01974735,144627,-0.25004251,-0.19556946,-0.05447305,-0.23688483,White,133568
IA,IA-7,187942,0.00145469,0.35288614,0.63012293,0.91336015,0.08663985,0.01370888,0.04488852,0.00168186,0.01095612,0.01272722,145672,-0.27723679,-0.22674209,-0.0504947,-0.26540522,White,103109
IA,IA-8,188140,0.00250974,0.48567839,0.49453157,0.8244499,0.1755501,0.02965515,0.07027837,0.00925197,0.05735681,0.01374908,147428,-0.00885318,0.05373017,-0.06258335,0.00700794,White,496082
IA,IA-9,187175,-0.00263229,0.48765644,0.49410385,0.84104015,0.15895985,0.03506573,0.05416383,0.00136824,0.05127691,0.0122927,139595,-0.00644741,0.02252569,-0.0289731,-0.00178971,White,371408
IA,IA-10,187627,-0.0002238,0.57453489,0.40875137,0.72551692,0.27448308,0.08678298,0.11321981,0.00157279,0.05339093,0.02194215,143058,0.16578352,0.21874895,-0.05296543,0.17843866,White,3421426
IA,IA-11,187173,-0.00264295,0.54453218,0.43691908,0.78443314,0.21556686,0.07545373,0.0653416,0.00150652,0.05680704,0.01402766,140722,0.1076131,0.14839599,-0.04078289,0.1162074,White,4327123
IA,IA-12,187129,-0.00287741,0.38157043,0.60091978,0.84534035,0.15465965,0.03489636,0.07927467,0.00272693,0.01763505,0.01774579,144485,-0.21934935,-0.15585386,-0.06349549,-0.20318419,White,212014
IA,IA-13,187342,-0.00174243,0.26980081,0.7137208,0.93376237,0.06623763,0.01558573,0.02131323,0.00126352,0.00739368,0.0160717,144042,-0.44391999,-0.400291,-0.04362899,-0.43437699,White,77890
IA,IA-14,188222,0.00294668,0.34596617,0.63628815,0.92679354,0.07320646,0.01333046,0.02741077,0.00138859,0.01098375,0.01412196,144031,-0.29032198,-0.24760315,-0.04271883,-0.28108237,White,151624
IA,IA-15,187522,-0.00078329,0.27251804,0.71273406,0.92349985,0.07650015,0.01918829,0.03521729,0.00124457,0.00697507,0.01131056,146235,-0.44021602,-0.38825319,-0.05196283,-0.42789508,White,84454
IA,IA-16,187445,-0.00119359,0.33759749,0.64596308,0.85131391,0.14868609,0.01887611,0.0866496,0.00409286,0.01856127,0.01781267,142932,-0.30836559,-0.27062646,-0.03773913,-0.30078588,White,133807
IA,IA-17,188196,0.00280814,0.27571631,0.70731847,0.80559059,0.19440941,0.0334801,0.11168921,0.00435256,0.02240414,0.02473895,138769,-0.43160216,-0.36779315,-0.06380901,-0.41533249,White,174161
ID,ID-1,184113,0.00109836,0.21473396,0.76252561,0.89558827,0.10441173,0.00521636,0.03889393,0.00330862,0.01443827,0.03223445,142053,-0.54779165,-0.46049384,-0.08729781,-0.52369238,White,157176
ID,ID-2,183908,-0.00001631,0.2949124,0.67787657,0.87577408,0.12422592,0.00770847,0.03682933,0.00316088,0.01811557,0.0498807,147111,-0.38296417,-0.31355932,-0.06940485,-0.36482922,White,32022
ID,ID-3,183828,-0.00045131,0.28558167,0.68934343,0.8227829,0.1772171,0.009845,0.11416601,0.00309003,0.01636281,0.02964996,139157,-0.40376176,-0.36679289,-0.03696887,-0.3964388,White,19827
ID,ID-4,184240,0.00178891,0.22411268,0.74075754,0.83295341,0.16704659,0.01184162,0.10971931,0.00479984,0.02108771,0.02058365,132921,-0.51664486,-0.50044935,-0.01619551,-0.51624636,White,715162
ID,ID-5,183756,-0.0008428,0.25409576,0.71507593,0.82100863,0.17899137,0.00923215,0.10094673,0.0039523,0.01571058,0.05238883,131822,-0.46098017,-0.43551678,-0.02546339,-0.45749237,White,58740
ID,ID-6,184141,0.0012506,0.21155372,0.76277133,0.72523114,0.27476886,0.00821394,0.22072977,0.00299585,0.01519921,0.03102033,131849,-0.55121761,-0.51509611,-0.0361215,-0.54417711,White,42812
ID,ID-7,183682,-0.00124517,0.22894663,0.74843823,0.82565215,0.17434785,0.00909408,0.1088541,0.00387093,0.02061028,0.02726739,134593,-0.5194916,-0.46733114,-0.05216046,-0.50710478,White,389924
ID,ID-8,183787,-0.00067424,0.2943088,0.67901409,0.69769493,0.30230507,0.01320551,0.23072771,0.00565625,0.02109689,0.03572406,131536,-0.38470529,-0.31084227,-0.07386302,-0.36508428,White,7430352
ID,ID-9,183556,-0.00193028,0.39493157,0.57589549,0.81406998,0.18593002,0.01928288,0.08532656,0.00571236,0.04591127,0.02711174,136546,-0.18096392,-0.15408636,-0.02687756,-0.17700473,White,7567654
ID,ID-10,184095,0.00100048,0.61223025,0.35594613,0.82178185,0.17821815,0.02240411,0.07543074,0.00512055,0.04484181,0.02472247,148812,0.25628412,0.30007394,-0.04378982,0.26588073,White,2899403
IL,IL-1,185235,-0.00244495,0.57980668,0.39765896,0.45180489,0.54819511,0.18752688,0.31633394,0.00100135,0.03532216,0.02528048,141809,0.18214772,0.28619954,-0.10405182,0.21183166,Minority,7168512
IL,IL-2,185298,-0.00210567,0.56514212,0.40021038,0.57352204,0.42647796,0.10786035,0.13131306,0.00101038,0.17619034,0.01471326,135592,0.16493174,0.23624804,-0.0713163,0.18370384,White,8157387
IL,IL-3,185964,0.00148097,0.40278861,0.57684869,0.79025521,0.20974479,0.05526206,0.11526106,0.00070912,0.0203235,0.01791248,141019,-0.17406008,-0.12641772,-0.04764236,-0.16317929,White,1276396
IL,IL-4,185666,-0.00012386,0.74776149,0.23684176,0.31355458,0.68644542,0.51017153,0.16044296,0.00130817,0.01112992,0.01888799,142948,0.51091973,0.53811128,-0.02719155,0.51498358,Black,4457768
IL,IL-5,185747,0.00031235,0.69440109,0.2880842,0.39243557,0.60756443,0.49536914,0.08603758,0.00057973,0.02145002,0.01419292,143170,0.40631689,0.45595494,-0.04963805,0.41786291,Black,7259998
IL,IL-6,185698,0.00004847,0.84390699,0.14000708,0.08363701,0.91636299,0.67218399,0.2391371,0.00126939,0.00640399,0.01991086,140225,0.70389991,0.80842202,-0.10452211,0.73374061,Black,12071655
IL,IL-7,185772,0.00044698,0.68332434,0.29946298,0.3779935,0.6220065,0.48868145,0.11770469,0.00100042,0.01300547,0.01433017,144939,0.38386136,0.48049909,-0.09663773,0.41107394,Black,21473281
IL,IL-8,185854,0.00088858,0.44828078,0.5109734,0.78546771,0.21453229,0.05665028,0.09976762,0.00077235,0.04547469,0.0119748,148896,-0.06269262,-0.01016737,-0.05252525,-0.0501842,White,9902333
IL,IL-9,186145,0.00245572,0.4064173,0.55118479,0.79458871,0.20541129,0.04863089,0.11444927,0.00072077,0.03038305,0.01273815,144291,-0.14476749,-0.05570929,-0.0890582,-0.12008142,White,6447234
IL,IL-10,186150,0.00248265,0.8896243,0.09413127,0.01416663,0.98583337,0.8586655,0.12705494,0.00105879,0.00486338,0.01520424,141671,0.79549303,0.90439922,-0.10890619,0.82679509,Black,34316358
IL,IL-11,185801,0.00060316,0.9079876,0.07249601,0.10217608,0.89782392,0.79336528,0.05884075,0.0010714,0.04870566,0.0122779,150270,0.83549159,0.90768921,-0.07219762,0.85455746,Black,38547420
IL,IL-12,185742,0.00028542,0.87339551,0.10686469,0.23819674,0.76180326,0.60313838,0.04875609,0.00151035,0.10821537,0.01167086,152945,0.76653082,0.8179987,-0.05146788,0.77868678,Black,41913695
IL,IL-13,185111,-0.00311273,0.82286735,0.15480125,0.22599516,0.77400484,0.53292928,0.14660028,0.00131962,0.09458412,0.01391723,147012,0.6680661,0.78316292,-0.11509682,0.70143171,Black,40754129
IL,IL-14,185724,0.00018849,0.88058309,0.10315493,0.18647615,0.81352385,0.63527335,0.15768286,0.00118606,0.02397232,0.0162769,143332,0.77742816,0.84938167,-0.07195351,0.79641266,Black,35089677
IL,IL-15,186225,0.00288655,0.65667166,0.3133199,0.16469768,0.83530232,0.05332636,0.59043039,0.00144276,0.19440321,0.04825928,143475,0.34335176,0.58415724,-0.24080548,0.41862025,Hispanic,46793203
IL,IL-16,185848,0.00085627,0.61050557,0.36294063,0.18577559,0.81422441,0.0756043,0.70866742,0.00123978,0.03002604,0.05120493,136315,0.24756494,0.51133952,-0.26377458,0.3304898,Hispanic,33170574
IL,IL-17,185726,0.00019926,0.53879952,0.44091668,0.39748604,0.60251396,0.03401872,0.53839438,0.00097237,0.02613331,0.04233709,140893,0.09788284,0.25209762,-0.15421478,0.14428777,Hispanic,15776356
IL,IL-18,185939,0.00134634,0.65603273,0.32330895,0.27175642,0.72824358,0.06070136,0.64525508,0.0011946,0.02149555,0.05193618,138959,0.33272378,0.49447309,-0.16174931,0.38164022,Hispanic,36345592
IL,IL-19,185939,0.00134634,0.60952247,0.37307828,0.48033174,0.51966826,0.09016657,0.37958693,0.00086638,0.0468964,0.02801766,143124,0.23644419,0.32075325,-0.08430906,0.25954721,Minority,12350651
IL,IL-20,185771,0.0004416,0.67633742,0.30140196,0.22337834,0.77662166,0.0637188,0.68360249,0.00225983,0.0376357,0.04925869,142046,0.37493546,0.55186489,-0.17692943,0.42891194,Hispanic,65484678
IL,IL-21,186258,0.00306426,0.82202563,0.14699772,0.40751899,0.59248101,0.07204552,0.43999605,0.00213795,0.08153143,0.03530573,152015,0.67502791,0.74029044,-0.06526253,0.69178209,Hispanic,75897522
IL,IL-22,185397,-0.00157252,0.53884358,0.44223187,0.7039402,0.2960598,0.04500114,0.17687902,0.001183,0.06873513,0.01537903,148774,0.09661171,0.15259949,-0.05598778,0.1102743,White,29395730
IL,IL-23,185110,-0.00311812,0.62610151,0.34261635,0.55095269,0.44904731,0.05189341,0.17937263,0.0019088,0.21156228,0.01825334,146165,0.28348516,0.37162474,-0.08813958,0.30786502,White,30068894
IL,IL-24,186101,0.00221876,0.79541017,0.18242165,0.69558494,0.30441506,0.07530658,0.1097232,0.00117479,0.10894401,0.01164603,166838,0.61298852,0.64595675,-0.03296823,0.61897793,White,91145429
IL,IL-25,186187,0.0026819,0.82635235,0.15559553,0.77895749,0.22104251,0.04508667,0.07925207,0.00125275,0.08562126,0.00922819,161245,0.67075682,0.69545998,-0.02470316,0.67399121,White,92009266
IL,IL-26,185786,0.00052238,0.87379743,0.10358681,0.61174647,0.38825353,0.12923203,0.12902376,0.00156816,0.11832844,0.01828495,163249,0.77021062,0.77329496,-0.00308434,0.76623873,White,85530752
IL,IL-27,185957,0.00144327,0.77618476,0.19635502,0.43440707,0.56559293,0.20344546,0.18089025,0.00184845,0.17380224,0.02250085,147150,0.57982974,0.66478089,-0.08495115,0.60314679,Minority,64111830
IL,IL-28,185763,0.00039852,0.65433411,0.3222946,0.7180564,0.2819436,0.02517732,0.0596773,0.00115593,0.18771845,0.0077495,146203,0.33203951,0.36818851,-0.036149,0.33908918,White,13845052
IL,IL-29,185442,-0.00133018,0.5862804,0.39544311,0.69001779,0.30998221,0.01994125,0.13129468,0.00087916,0.14988653,0.01247862,146731,0.19083729,0.22510218,-0.03426489,0.19725892,White,14075281
IL,IL-30,185601,-0.00047391,0.53506103,0.44493271,0.66566188,0.33433812,0.03315122,0.12544576,0.00088143,0.16735746,0.01337622,148622,0.09012832,0.16520907,-0.07508075,0.11015524,White,15064515
IL,IL-31,185010,-0.00365665,0.54961933,0.42364561,0.48838869,0.51161131,0.05666461,0.24971321,0.00155983,0.197861,0.0255379,142964,0.12597372,0.24454683,-0.11857311,0.16049809,Minority,13122357
IL,IL-32,185420,-0.00144866,0.55730702,0.41938833,0.64352081,0.35647919,0.03258151,0.13220903,0.00091401,0.18234922,0.01409506,145512,0.13791869,0.1804969,-0.04257821,0.14711143,White,7550567
IL,IL-33,185384,-0.00164253,0.67071532,0.30292129,0.7666151,0.2333849,0.01802595,0.06590896,0.00106709,0.13713905,0.00844362,139632,0.36779403,0.39106309,-0.02326906,0.37055038,White,6658599
IL,IL-34,185075,-0.0033066,0.59608179,0.37405011,0.62204189,0.37795811,0.04499299,0.22122615,0.00184107,0.09874524,0.02237612,141222,0.22203168,0.25071072,-0.02867904,0.22659136,White,6254658
IL,IL-35,186086,0.00213798,0.63105036,0.34627608,0.29717964,0.70282036,0.20300174,0.43819042,0.00283103,0.05217484,0.03930007,140585,0.28477428,0.38333274,-0.09855846,0.3126271,Hispanic,6884758
IL,IL-36,186306,0.00332276,0.49488968,0.47865447,0.79145408,0.20854592,0.02497057,0.10313411,0.00140166,0.06252803,0.01628028,142688,0.01623521,0.0259188,-0.00968359,0.01446307,White,3601622
IL,IL-37,185495,-0.00104476,0.48184288,0.48480973,0.56694569,0.43305431,0.04430869,0.25429572,0.00148247,0.12533442,0.02190611,145028,-0.00296685,0.10267824,-0.10564509,0.02724818,White,10135054
IL,IL-38,185387,-0.00162638,0.51513711,0.44658174,0.67871175,0.32128825,0.03905423,0.14403249,0.00104498,0.12471437,0.01598116,143544,0.06855537,0.11731148,-0.04875611,0.07980741,White,7941761
IL,IL-39,185065,-0.00336046,0.56013739,0.39012021,0.729194,0.270806,0.04762797,0.09556838,0.00076371,0.1136684,0.01273319,144033,0.17001718,0.21130072,-0.04128354,0.17877836,White,12092427
IL,IL-40,185564,-0.00067317,0.54791765,0.41534966,0.73672918,0.26327082,0.05668682,0.08152641,0.00137539,0.11287161,0.01143639,145413,0.13256799,0.16553692,-0.03296893,0.13855763,White,10895268
IL,IL-41,185346,-0.00184717,0.60984891,0.35167496,0.63165867,0.36834133,0.07425021,0.08364861,0.00121179,0.19771169,0.01109632,141939,0.25817395,0.28914479,-0.03097084,0.26349756,White,10878983
IL,IL-42,185270,-0.00225646,0.61739874,0.3675476,0.46258985,0.53741015,0.08603937,0.41064837,0.00119921,0.03325266,0.03341882,138425,0.24985114,0.31176396,-0.06191282,0.26548875,Minority,8630038
IL,IL-43,185650,-0.00021003,0.5066161,0.47255694,0.72342277,0.27657723,0.06665972,0.15283905,0.001034,0.0412411,0.01883522,134429,0.03405916,0.06259212,-0.02853296,0.03857015,White,1823090
IL,IL-44,186296,0.00326891,0.48128457,0.49986734,0.78406114,0.21593886,0.05753691,0.09963523,0.00078513,0.04060448,0.0181136,143925,-0.01858277,0.00606492,-0.02464769,-0.01536687,White,788142
IL,IL-45,186073,0.00206797,0.53952642,0.44724125,0.50943748,0.49056252,0.05892776,0.35647926,0.00151373,0.06542029,0.03341679,139391,0.09228517,0.17402061,-0.08173544,0.11453032,White,6657836
IL,IL-46,185261,-0.00230493,0.48798709,0.48848112,0.80527055,0.19472945,0.01913612,0.10818616,0.00085442,0.04882182,0.01660111,141617,-0.00049403,0.02821226,-0.02870629,0.00407473,White,5175482
IL,IL-47,185884,0.00105014,0.42349795,0.55463034,0.77842747,0.22157253,0.01706661,0.16414126,0.0008453,0.01719934,0.02263439,143145,-0.13113239,-0.10965882,-0.02147357,-0.12897453,White,852535
IL,IL-48,185191,-0.0026819,0.55632833,0.41930081,0.59974679,0.40025321,0.18925268,0.15540707,0.00097063,0.03826974,0.02335854,142175,0.13702752,0.15531146,-0.01828394,0.13812217,White,4560573
IL,IL-49,185846,0.0008455,0.5152585,0.46096804,0.74439428,0.25560572,0.09237014,0.11943225,0.00079391,0.02448016,0.02075912,144852,0.05429046,0.09347115,-0.03918069,0.06235069,White,873157
IL,IL-50,185098,-0.00318274,0.39288966,0.58542783,0.86730983,0.13269017,0.047208,0.04595919,0.00083026,0.01604249,0.01764125,145738,-0.19253817,-0.17377613,-0.01876204,-0.19128416,White,302024
IL,IL-51,185947,0.00138942,0.62505921,0.34105731,0.62422264,0.37577736,0.13555578,0.06948264,0.00135193,0.15450918,0.01598576,151635,0.2840019,0.27636764,0.00763426,0.27645715,White,981973
IL,IL-52,185329,-0.00193873,0.50710973,0.46629805,0.77290724,0.22709276,0.10130247,0.0581033,0.00131283,0.04916911,0.017744,144725,0.04081168,0.03165533,0.00915635,0.03275956,White,529546
IL,IL-53,186333,0.00346816,0.61029764,0.36373121,0.52313636,0.47686364,0.38813206,0.04566756,0.00199136,0.02411444,0.02092686,142114,0.24656643,0.25828306,-0.01171663,0.24547197,White,3911033
IL,IL-54,185707,0.00009694,0.47224394,0.50238643,0.78816721,0.21183279,0.12537446,0.04035267,0.00127996,0.01679602,0.02397195,146880,-0.03014249,-0.0335504,0.00340791,-0.03627846,White,3396241
IL,IL-55,186097,0.00219722,0.50598511,0.4658178,0.71335726,0.28664274,0.17569487,0.04646672,0.00093745,0.04461981,0.01786052,142941,0.04016731,0.05842812,-0.01826081,0.04125425,White,1065146
IL,IL-56,186181,0.00264959,0.33383329,0.64180763,0.90103863,0.09896137,0.03533295,0.02123721,0.00110242,0.01380453,0.0210916,144228,-0.30797434,-0.32065712,0.01268278,-0.31720193,White,486235
IL,IL-57,186174,0.00261189,0.33941172,0.6410135,0.81492125,0.18507875,0.10063266,0.03414322,0.00093552,0.02132185,0.02328039,148580,-0.30160178,-0.30217255,0.00057077,-0.30679204,White,251699
IL,IL-58,185968,0.00150251,0.22019572,0.76430101,0.91912423,0.08087577,0.03026901,0.0144699,0.00123969,0.00867781,0.02143969,145198,-0.54410529,-0.5269083,-0.01719699,-0.54337296,White,148752
IL,IL-59,185800,0.00059777,0.47346835,0.49905434,0.79269956,0.20730044,0.13459233,0.02319108,0.0009439,0.02718028,0.01857491,145142,-0.02558599,-0.02145987,-0.00412612,-0.02921062,White,910465
IL,IL-60,184991,-0.00375897,0.34529566,0.63096808,0.92621719,0.07378281,0.01990987,0.01849762,0.00092765,0.00929727,0.02009678,144451,-0.28567242,-0.27186711,-0.01380531,-0.28607065,White,271850
IL,IL-61,185651,-0.00020464,0.24609955,0.73394311,0.91548276,0.08451724,0.03165128,0.0209005,0.00087427,0.00913201,0.0176015,146408,-0.48784356,-0.47316574,-0.01467782,-0.48795095,White,152172
IL,IL-62,185097,-0.00318813,0.34693264,0.63150381,0.74811147,0.25188853,0.13847155,0.0792485,0.00074842,0.01247132,0.01935398,142968,-0.28457117,-0.25250673,-0.03206444,-0.27888302,White,288652
IL,IL-63,185654,-0.00018849,0.29944693,0.68023825,0.89698789,0.10301211,0.02001744,0.05131973,0.00093513,0.00935835,0.01813311,142226,-0.38079132,-0.35938893,-0.02140239,-0.37865719,White,183189
IL,IL-64,186306,0.00332276,0.38812053,0.59141391,0.85203637,0.14796363,0.03169043,0.0827495,0.00066107,0.00988878,0.01972303,146732,-0.20329338,-0.16467698,-0.0386164,-0.19542125,White,268147
IL,IL-65,185157,-0.00286501,0.3725229,0.6043685,0.88126964,0.11873036,0.03961109,0.04853097,0.00216822,0.00991478,0.01666644,145742,-0.2318456,-0.20120607,-0.03063953,-0.22663242,White,147805
IL,IL-66,185043,-0.00347894,0.27586722,0.70457498,0.88603417,0.11396583,0.05070702,0.03151299,0.00141747,0.01120279,0.0175232,146035,-0.42870776,-0.41458248,-0.01412528,-0.42899933,White,138962
IL,IL-67,186233,0.00292963,0.25305045,0.72590247,0.93804376,0.06195624,0.01435048,0.01563713,0.00076926,0.00601794,0.0189184,146894,-0.47285202,-0.4503682,-0.02248382,-0.47035741,White,150241
IL,IL-68,185679,-0.00005385,0.34496781,0.63296857,0.82657066,0.17342934,0.11241328,0.02632743,0.00095359,0.01314298,0.01773128,144716,-0.28800076,-0.27420289,-0.01379787,-0.28840147,White,271189
IL,IL-69,185497,-0.00103399,0.21937278,0.76056677,0.89932315,0.10067685,0.0430825,0.0252001,0.0010297,0.00879361,0.01787553,145674,-0.54119399,-0.52112435,-0.02006964,-0.53950411,White,182098
IN,IN-1,188300,-0.00099211,0.55902508,0.42525802,0.49327832,0.50672168,0.18725385,0.2839111,0.00103678,0.02690761,0.02243344,143714,0.13376706,0.21609493,-0.08232787,0.15620968,Minority,9012390
IN,IN-2,188050,-0.00231846,0.65558026,0.32993331,0.39808147,0.60191853,0.45316258,0.12763955,0.00085748,0.01224877,0.0210188,143443,0.32564695,0.41785338,-0.09220643,0.35138243,Black,4541017
IN,IN-3,188762,0.00145899,0.4820048,0.50014359,0.7790796,0.2209204,0.09045709,0.08746711,0.00114323,0.01843371,0.02098399,147827,-0.01813879,0.02585709,-0.04399588,-0.0084735,White,2526368
IN,IN-4,188005,-0.00255721,0.31290166,0.6729183,0.86331909,0.13668091,0.01945547,0.07492853,0.00077711,0.01473037,0.02058644,144124,-0.36001664,-0.31092073,-0.04909591,-0.34865134,White,496092
IN,IN-5,188376,-0.0005889,0.34911063,0.63535631,0.87675929,0.12324071,0.03826219,0.04520033,0.00109262,0.0108306,0.02019981,146437,-0.28624568,-0.24251878,-0.0437269,-0.27667005,White,493443
IN,IN-6,188651,0.00087009,0.56956717,0.41513951,0.66871335,0.33128665,0.17279062,0.0987168,0.00156606,0.03862711,0.02155916,144950,0.15442766,0.20126385,-0.04683619,0.16503972,White,6727525
IN,IN-7,189011,0.00278003,0.55376585,0.42801332,0.61379033,0.38620967,0.20077986,0.10401023,0.00157527,0.06125894,0.02277431,141563,0.12575253,0.15630706,-0.03055453,0.13093737,White,8368382
IN,IN-8,188762,0.00145899,0.35533908,0.62882718,0.86220588,0.13779412,0.04605061,0.03732982,0.00104449,0.03476867,0.01623969,139781,-0.2734881,-0.28695274,0.01346464,-0.28297631,White,1359488
IN,IN-9,188758,0.00143776,0.23011196,0.75265763,0.93512584,0.06487416,0.00781354,0.02898663,0.00091965,0.00633227,0.01832988,142445,-0.52254567,-0.51461676,-0.00792891,-0.5249027,White,293152
IN,IN-10,188449,-0.00020161,0.24747804,0.73605411,0.91766867,0.08233133,0.00804448,0.04486399,0.00098242,0.00763158,0.01718529,140469,-0.48857607,-0.48321607,-0.00536,-0.4917894,White,385750
IN,IN-11,188273,-0.00113536,0.34847569,0.63780868,0.72571395,0.27428605,0.06579867,0.17126867,0.00095339,0.01602573,0.02479549,137404,-0.28933299,-0.24577621,-0.04355678,-0.27981406,White,1966783
IN,IN-12,188691,0.0010823,0.23803397,0.74407944,0.88540375,0.11459625,0.01126832,0.06723148,0.0006447,0.01250867,0.01986671,142701,-0.50604547,-0.48273343,-0.02331204,-0.50327479,White,341702
IN,IN-13,188394,-0.0004934,0.28598868,0.69609702,0.84091761,0.15908239,0.04397817,0.07951342,0.00095816,0.01224779,0.02183634,144026,-0.41010834,-0.38438152,-0.02572682,-0.40653273,White,373481
IN,IN-14,188090,-0.00210625,0.35031003,0.63190745,0.84200073,0.15799927,0.08627985,0.03418911,0.00097645,0.01403567,0.02031286,150545,-0.28159742,-0.25406611,-0.02753131,-0.27742032,White,734411
IN,IN-15,188715,0.00120963,0.27143725,0.71205493,0.91587825,0.08412175,0.03264043,0.02111153,0.00069606,0.00831216,0.01775964,147976,-0.44061768,-0.41759009,-0.02302759,-0.43794182,White,379422
IN,IN-16,188320,-0.000886,0.3486622,0.63235956,0.85879831,0.14120169,0.07315202,0.03225099,0.00080816,0.01123203,0.02085459,146011,-0.28369736,-0.28149023,-0.00220713,-0.28796165,White,1137300
IN,IN-17,189016,0.00280656,0.37585847,0.6055296,0.88109791,0.11890209,0.03076217,0.04174558,0.00119806,0.02461404,0.01701676,139392,-0.22967113,-0.24768891,0.01801778,-0.24067706,White,877871
IN,IN-18,188320,-0.000886,0.53670873,0.44459276,0.71291623,0.28708377,0.14155813,0.06872739,0.00132251,0.06048497,0.01614172,139886,0.09211597,0.08319333,0.00892264,0.08414176,White,7601402
IN,IN-19,188034,-0.00240335,0.56200079,0.41889008,0.78817597,0.21182403,0.06485944,0.04376201,0.00106567,0.08634692,0.01201488,143572,0.14311071,0.13160135,0.01150936,0.13427426,White,6723161
IN,IN-20,188457,-0.00015916,0.70643807,0.2771625,0.39131452,0.60868548,0.41607552,0.15098966,0.00123309,0.03279734,0.0182483,141109,0.42927557,0.46023974,-0.03096417,0.43459696,Black,7299064
IN,IN-21,189045,0.00296042,0.72925567,0.25440457,0.48430109,0.51569891,0.36237517,0.12005173,0.00104429,0.02076129,0.02047774,144596,0.4748511,0.49561574,-0.02076464,0.47677265,Minority,10973475
IN,IN-22,187947,-0.00286492,0.58021119,0.40499646,0.48354066,0.51645934,0.3657377,0.10074194,0.00168322,0.03629988,0.01969658,135455,0.17521473,0.21161513,-0.0364004,0.1823482,Minority,7845838
IN,IN-23,188489,0.00001061,0.5959453,0.38661154,0.68562219,0.31437781,0.13892646,0.10742812,0.00138617,0.04633574,0.02437908,148611,0.20933376,0.19633166,0.0130021,0.19999973,White,11589875
IN,IN-24,188500,0.00006897,0.37099471,0.61165867,0.76570384,0.23429616,0.05911568,0.04970093,0.00161231,0.10148203,0.01983719,138931,-0.24066396,-0.23407945,-0.00658451,-0.24346912,White,6494748
IN,IN-25,188751,0.00140063,0.36422982,0.61856495,0.83656093,0.16343907,0.06741352,0.0382526,0.00133701,0.03366454,0.01873223,142108,-0.25433513,-0.27433092,0.01999579,-0.26600039,White,1034600
IN,IN-26,188258,-0.00121494,0.24942354,0.73325538,0.9253539,0.0746461,0.0125692,0.02382883,0.00080376,0.01236826,0.02069692,144321,-0.48383184,-0.48861723,0.00478539,-0.49042697,White,634023
IN,IN-27,188424,-0.00033424,0.22606571,0.75643594,0.92774016,0.07225984,0.01444517,0.02424069,0.00112842,0.00779699,0.02020964,147108,-0.53037023,-0.51905425,-0.01131598,-0.53159824,White,187762
IN,IN-28,188427,-0.00031832,0.3257054,0.65581505,0.87781667,0.12218333,0.05681635,0.02264741,0.00111996,0.0168464,0.01912656,149112,-0.33010965,-0.29803499,-0.03207466,-0.3244181,White,395422
IN,IN-29,188637,0.00079581,0.2346308,0.74794888,0.88874576,0.11125424,0.01578745,0.05730388,0.00087514,0.01671159,0.02083523,142835,-0.51331808,-0.4993887,-0.01392938,-0.51367495,White,320823
IN,IN-30,188973,0.00257843,0.19609038,0.78819063,0.94784259,0.05215741,0.00714551,0.01369957,0.00092843,0.00638901,0.02010921,145406,-0.59210025,-0.5723569,-0.01974335,-0.59051913,White,267225
IN,IN-31,188064,-0.00224419,0.25875115,0.72344756,0.93879436,0.06120564,0.01267079,0.01611899,0.00086205,0.00669116,0.01964245,146163,-0.46469641,-0.42952601,-0.0351704,-0.45797294,White,246077
IN,IN-32,188765,0.0014749,0.28290137,0.69944552,0.92383025,0.07616975,0.01448542,0.02987878,0.00078318,0.01147744,0.01589238,144283,-0.41654415,-0.38971158,-0.02683257,-0.41259996,White,286035
IN,IN-33,187890,-0.00316733,0.48740975,0.49328323,0.73061852,0.26938148,0.05883067,0.08337324,0.01926851,0.10640508,0.01711033,148273,-0.00587348,0.00197831,-0.00785179,-0.00825622,White,1184204
IN,IN-34,188282,-0.00108761,0.56235657,0.42136066,0.81834049,0.18165951,0.04127357,0.04356402,0.00128473,0.07349563,0.01883622,154118,0.14099591,0.15546325,-0.01446734,0.14081836,White,874753
IN,IN-35,189199,0.00377745,0.42731902,0.5588224,0.82927586,0.17072414,0.09930858,0.02756248,0.00327836,0.01915073,0.01923842,148245,-0.13150338,-0.10188816,-0.02961522,-0.12663164,White,2877211
IN,IN-36,188443,-0.00023344,0.41377822,0.56886415,0.83206421,0.16793579,0.08109092,0.04468583,0.00148999,0.01634178,0.02353765,145639,-0.15508593,-0.13896428,-0.01612165,-0.15471205,White,2149043
KS,KS-1,184102,0.00263591,0.58653814,0.39726301,0.45694865,0.54305135,0.20953875,0.26639776,0.00277124,0.04403361,0.03412138,133875,0.18927513,0.25945649,-0.07018136,0.20766892,Minority,3981180
KS,KS-2,183850,0.00126349,0.54470881,0.4361772,0.75947479,0.24052521,0.0731496,0.08902791,0.00190313,0.05039731,0.02437137,140821,0.10853161,0.1028619,0.00566971,0.10164171,White,7694660
KS,KS-3,183359,-0.00141054,0.56817939,0.41629293,0.81861037,0.18138963,0.03284936,0.04832838,0.00110209,0.07728843,0.01735612,140642,0.15188646,0.1448565,0.00702996,0.14454314,White,6136063
KS,KS-4,183954,0.00182989,0.52954416,0.45217576,0.75553121,0.24446879,0.05960737,0.09016417,0.0013765,0.06870235,0.02342207,138758,0.0773684,0.07226929,0.00509911,0.0706687,White,8335557
KS,KS-5,184164,0.00297356,0.55425223,0.42851153,0.80038292,0.19961708,0.05007769,0.06304975,0.00168567,0.03960293,0.04594328,144156,0.1257407,0.15370262,-0.02796192,0.13006134,White,659140
KS,KS-6,183369,-0.00135608,0.4917275,0.48844916,0.74906891,0.25093109,0.09124638,0.10623614,0.00186217,0.01916899,0.04098908,140696,0.00327834,0.02856692,-0.02528858,0.00670787,White,909707
KS,KS-7,183301,-0.00172641,0.38842879,0.58840254,0.74861732,0.25138268,0.07714437,0.10506959,0.00548892,0.04035887,0.02725652,143562,-0.19997375,-0.17207866,-0.02789509,-0.19567539,White,117158
KS,KS-8,183200,-0.00227647,0.30626442,0.67408787,0.83950393,0.16049607,0.05838198,0.04284005,0.0026834,0.01378685,0.04138956,137885,-0.36782345,-0.34946108,-0.01836237,-0.36670266,White,142459
KS,KS-9,184050,0.00235271,0.27538499,0.70663271,0.85607673,0.14392327,0.03270107,0.03927128,0.00214246,0.00965535,0.05663234,140026,-0.43124772,-0.41626136,-0.01498636,-0.43125227,White,141918
KS,KS-10,183615,-0.00001634,0.28079944,0.70064804,0.85663533,0.14336467,0.025881,0.05828608,0.00219622,0.01410321,0.04239575,139330,-0.4198486,-0.41068213,-0.00916647,-0.42179311,White,84864
KS,KS-11,183349,-0.001465,0.29501114,0.68640386,0.84949039,0.15050961,0.03407738,0.07087363,0.00174684,0.01409443,0.02923132,141971,-0.39139272,-0.38459733,-0.00679539,-0.39412759,White,123768
KS,KS-12,183008,-0.00332211,0.18045451,0.80172268,0.90164581,0.09835419,0.01376564,0.05247577,0.00214273,0.00783789,0.02023612,141875,-0.62126817,-0.61143799,-0.00983018,-0.62299144,White,23922
KS,KS-13,182868,-0.00408457,0.22394832,0.75925176,0.58623961,0.41376039,0.02794581,0.34677242,0.00169254,0.01895943,0.03142196,131755,-0.53530344,-0.48950593,-0.04579751,-0.5250376,White,35375
KS,KS-14,183744,0.00068621,0.31395215,0.6691387,0.83302666,0.16697334,0.03310615,0.056357,0.00161924,0.038089,0.03674208,135866,-0.35518655,-0.35870978,0.00352323,-0.36136096,White,249194
KS,KS-15,183997,0.00206407,0.40072568,0.58306493,0.74129153,0.25870847,0.05095096,0.12787792,0.00213886,0.03655507,0.04594589,138859,-0.18233925,-0.17869842,-0.00364083,-0.18612564,White,4932971
KS,KS-16,183950,0.0018081,0.59184331,0.3913098,0.5083705,0.4916295,0.19761705,0.19261845,0.00303076,0.07367907,0.04184173,139239,0.20053351,0.22975188,-0.02921837,0.20527297,White,12299304
KY,KY-1,187234,-0.00271115,0.23535762,0.75251504,0.8630351,0.1369649,0.07516173,0.02805919,0.00097729,0.0079766,0.02255334,145300,-0.51715742,-0.47653823,-0.04061919,-0.50861769,White,200808
KY,KY-2,187150,-0.00315857,0.26562139,0.72080372,0.81205057,0.18794943,0.1110375,0.0397292,0.00211861,0.01282901,0.0222213,144906,-0.45518233,-0.40326308,-0.05191925,-0.44287591,White,251499
KY,KY-3,187310,-0.00230634,0.30991716,0.67542459,0.88337663,0.11662337,0.05671946,0.02418364,0.00090086,0.01504232,0.01746557,143196,-0.36550743,-0.31906602,-0.04644141,-0.35502696,White,353137
KY,KY-4,187443,-0.00159793,0.30998037,0.67430076,0.8126578,0.1873422,0.09724381,0.0393631,0.00400172,0.02301163,0.02474172,142189,-0.36432039,-0.31054382,-0.05377657,-0.35139487,White,513194
KY,KY-5,187166,-0.00307335,0.21078586,0.77677431,0.90644672,0.09355328,0.04630661,0.01974124,0.00099577,0.00486045,0.01935825,143608,-0.56598845,-0.51905501,-0.04693344,-0.55534397,White,208924
KY,KY-6,187107,-0.00338761,0.32011157,0.66451103,0.80170719,0.19829281,0.08597516,0.04902571,0.00397411,0.03786601,0.02035333,142925,-0.34439946,-0.28081486,-0.0635846,-0.32820459,White,455539
KY,KY-7,187678,-0.00034622,0.21409186,0.77449611,0.90087619,0.09912381,0.04324272,0.02667256,0.00088448,0.00744206,0.01879517,144718,-0.56040425,-0.51605552,-0.04434873,-0.55062134,White,259738
KY,KY-8,188188,0.00237026,0.14387321,0.84598408,0.92537702,0.07462298,0.0228544,0.02335481,0.00070606,0.0056142,0.01961886,145880,-0.70211087,-0.66918473,-0.03292614,-0.69613549,White,207249
KY,KY-9,188138,0.00210394,0.1335322,0.8553255,0.94002684,0.05997316,0.01874548,0.01173313,0.00066752,0.00551216,0.02089254,145315,-0.7217933,-0.6874786,-0.0343147,-0.71535507,White,289929
KY,KY-10,188333,0.00314259,0.17031975,0.81712291,0.9526816,0.0473184,0.01561541,0.00856655,0.00041146,0.00524111,0.01564914,148251,-0.64680316,-0.59551679,-0.05128637,-0.6347077,White,234833
KY,KY-11,187499,-0.00129965,0.2083517,0.77712414,0.94637725,0.05362275,0.01972456,0.01083625,0.00045633,0.00454973,0.01637357,146822,-0.56877244,-0.5116065,-0.05716594,-0.55471713,White,197771
KY,KY-12,187546,-0.00104931,0.23945383,0.7459904,0.91329564,0.08670436,0.03035487,0.02096677,0.00103617,0.00752439,0.02251059,143799,-0.50653657,-0.47434184,-0.03219473,-0.50080499,White,404282
KY,KY-13,187580,-0.00086821,0.69013268,0.29315342,0.46038816,0.53961184,0.46190996,0.04528556,0.00158433,0.01735819,0.0190815,143909,0.39697926,0.47272283,-0.07574357,0.41722712,Black,9520410
KY,KY-14,188389,0.00344087,0.54947732,0.43171236,0.60336639,0.39663361,0.20909047,0.12702882,0.00244654,0.04284865,0.02315331,146329,0.11776496,0.17846447,-0.06069951,0.13299813,White,7570572
KY,KY-15,187842,0.00052732,0.57187145,0.40942529,0.75764004,0.24235996,0.12844362,0.05994259,0.00148552,0.03499662,0.01748493,149443,0.16244616,0.17775064,-0.01530448,0.16254765,White,10029626
KY,KY-16,187780,0.00019708,0.55601614,0.42493414,0.79366343,0.20633657,0.09202886,0.04185664,0.00116803,0.05410768,0.01539677,150681,0.131082,0.13111043,-0.00002843,0.12609148,White,7470297
KY,KY-17,188215,0.00251408,0.33705154,0.64554254,0.85826354,0.14173646,0.04901392,0.04781846,0.00106106,0.02185077,0.02028748,141368,-0.308491,-0.28420696,-0.02428404,-0.30539632,White,473404
KY,KY-18,188270,0.00280703,0.43645221,0.54238044,0.85930096,0.14069904,0.05979454,0.03689653,0.00220958,0.01805054,0.02050487,147087,-0.10592823,-0.09045587,-0.01547236,-0.10577078,White,9093412
KY,KY-19,188198,0.00242353,0.3027926,0.67946739,0.87809741,0.12190259,0.03643379,0.03657723,0.00210857,0.02297194,0.01999555,139431,-0.37667479,-0.36246716,-0.01420763,-0.37693891,White,2068767
KY,KY-20,188379,0.00338761,0.20626609,0.780687,0.93988337,0.06011663,0.01693064,0.01350693,0.00089768,0.00545566,0.01974893,143704,-0.57442091,-0.53207761,-0.0423433,-0.56530648,White,236068
KY,KY-21,187630,-0.00060189,0.3168637,0.66552835,0.8937976,0.1062024,0.03978847,0.02617626,0.00622758,0.01623936,0.02015967,146927,-0.34866465,-0.30600937,-0.04265528,-0.33944622,White,501816
KY,KY-22,187200,-0.00289225,0.37899272,0.6030732,0.85849686,0.14150314,0.06744399,0.03840541,0.00097977,0.01342487,0.01983851,143912,-0.22408048,-0.18687599,-0.03720449,-0.21667898,White,463804
KY,KY-23,187590,-0.00081494,0.47911711,0.49843757,0.79277636,0.20722364,0.07566852,0.0615077,0.00122286,0.04841434,0.01928872,148014,-0.01932046,0.0161138,-0.03543426,-0.01250904,White,3135400
KY,KY-24,187971,0.00121443,0.59631362,0.38242608,0.66624027,0.33375973,0.20029962,0.07809229,0.00115606,0.0373702,0.019612,146186,0.21388754,0.24456057,-0.03067303,0.21911188,White,3014529
LA,LA-1,186622,0.00167463,0.81868399,0.15855237,0.29024315,0.70975685,0.59872064,0.0749252,0.00118994,0.04373904,0.01297933,145385,0.66013162,0.66958062,-0.009449,0.65828129,Black,13488118
LA,LA-2,185916,-0.00211475,0.84747526,0.12282548,0.37315623,0.62684377,0.51743444,0.07575758,0.00117765,0.02763852,0.01704628,151998,0.72464978,0.75148114,-0.02683136,0.72859357,Black,18544710
LA,LA-3,185942,-0.0019752,0.55426839,0.42774063,0.36272527,0.63727473,0.43636659,0.13061929,0.00137918,0.06323733,0.02111919,141388,0.12652776,0.16481445,-0.03828669,0.13428999,Black,6000862
LA,LA-4,186651,0.00183028,0.37262962,0.60577699,0.5957357,0.4042643,0.1670599,0.18437316,0.00100542,0.03896992,0.01855327,149192,-0.23314737,-0.2426889,0.00954153,-0.24132788,White,18106033
LA,LA-5,186069,-0.00129354,0.54496813,0.44078305,0.44149184,0.55850816,0.46773081,0.06521421,0.00118445,0.01778759,0.01254816,143527,0.10418508,0.13768769,-0.03350261,0.11035262,Black,477501
LA,LA-6,186377,0.00035962,0.58730768,0.39735497,0.35980714,0.64019286,0.58973517,0.03350569,0.00094333,0.00840612,0.01127804,143110,0.18995271,0.25668758,-0.06673487,0.20719767,Black,352060
LA,LA-7,186519,0.00112179,0.65541,0.32038539,0.3951527,0.6048473,0.48835332,0.0670982,0.00069887,0.03996445,0.01335993,147381,0.33502461,0.36431765,-0.02929304,0.33978896,Black,11318214
LA,LA-8,186520,0.00112715,0.51284842,0.47351916,0.43701064,0.56298936,0.51541459,0.02835888,0.00078794,0.00911459,0.01282006,140873,0.03932926,0.10596349,-0.06663423,0.05654067,Black,613796
LA,LA-9,186785,0.00254951,0.28133192,0.69646201,0.75047142,0.24952858,0.08212782,0.11295968,0.00110636,0.03592527,0.01860627,143715,-0.41513009,-0.42535789,0.0102278,-0.42353936,White,3964193
LA,LA-10,186027,-0.00151897,0.3189832,0.66701774,0.65114911,0.34885089,0.21344619,0.08062184,0.00148866,0.02820666,0.02708661,141066,-0.34803454,-0.35368438,0.00564984,-0.35491782,White,268879
LA,LA-11,186559,0.00133648,0.23508998,0.75165016,0.7109147,0.2890853,0.18206991,0.05986374,0.00099856,0.01338489,0.03453868,141204,-0.51656018,-0.49637292,-0.02018726,-0.51483109,White,378840
LA,LA-12,186340,0.00016102,0.29675323,0.6917082,0.60252373,0.39747627,0.26765009,0.06138698,0.00104504,0.02092916,0.05051008,140665,-0.39495497,-0.36800869,-0.02694628,-0.39097288,White,297759
LA,LA-13,186201,-0.00058505,0.25177589,0.7340518,0.7392137,0.2607863,0.18055958,0.04523,0.000841,0.01988,0.01551248,141499,-0.48227591,-0.48260836,0.00033245,-0.48738673,White,532426
LA,LA-14,185963,-0.00186249,0.23437465,0.75208075,0.7369384,0.2630616,0.17913561,0.04978323,0.00087564,0.01901487,0.01503535,140469,-0.5177061,-0.48320875,-0.03449735,-0.51120698,White,496816
LA,LA-15,186773,0.00248511,0.17311268,0.81431977,0.79232395,0.20767605,0.11965903,0.04444966,0.00131634,0.02404281,0.01830071,140541,-0.64120709,-0.60032903,-0.04087806,-0.63258107,White,218336
LA,LA-16,186311,0.00000537,0.31663898,0.66994591,0.60164227,0.39835773,0.31508428,0.04835026,0.00145869,0.01328476,0.02196575,140537,-0.35330693,-0.32185035,-0.03145658,-0.3478214,White,256520
LA,LA-17,186005,-0.00163706,0.1891587,0.79990827,0.72398595,0.27601405,0.18293134,0.04887436,0.00104077,0.01612847,0.0265292,143163,-0.61074957,-0.59288469,-0.01786488,-0.60979461,White,157937
LA,LA-18,186195,-0.00061725,0.20462176,0.78442955,0.74668023,0.25331977,0.18928834,0.02692294,0.00088387,0.01402967,0.02072183,142555,-0.57980779,-0.56801323,-0.01179456,-0.58087627,White,238842
LA,LA-19,185756,-0.00297354,0.26933836,0.71994662,0.63686107,0.36313893,0.2597488,0.04659413,0.00291082,0.01537977,0.03907218,142915,-0.45060826,-0.40424143,-0.04636683,-0.44015265,White,127268
LA,LA-20,186287,-0.00012345,0.70140508,0.28354289,0.30894437,0.69105563,0.61436519,0.04806705,0.00148359,0.01589158,0.01777461,140200,0.41786219,0.41841261,-0.00055042,0.41304566,Black,4031310
LA,LA-21,186655,0.00185175,0.49655912,0.49060458,0.41607483,0.58392517,0.53439146,0.02824144,0.00082695,0.01098664,0.01433615,143902,0.00595454,0.08298881,-0.07703427,0.02663263,Black,134401
LA,LA-22,186569,0.00139016,0.24969177,0.73725969,0.71837563,0.28162437,0.19382461,0.0364432,0.00169438,0.02262209,0.02673201,142825,-0.48756792,-0.47559822,-0.0119697,-0.48857802,White,383119
LA,LA-23,186320,0.00005367,0.26128374,0.72643897,0.6867869,0.3132131,0.23470496,0.04698302,0.00096656,0.00972859,0.02109613,142775,-0.46515523,-0.4406692,-0.02448603,-0.46199322,White,502999
LA,LA-24,185778,-0.00285546,0.18847811,0.79733383,0.79414977,0.20585023,0.10826766,0.05799315,0.00098143,0.01462558,0.02058797,135516,-0.60885572,-0.6209813,0.01212558,-0.61789758,White,1049112
LA,LA-25,186617,0.00164779,0.26432068,0.71561366,0.7417983,0.2582017,0.14615635,0.05578333,0.00086023,0.03522793,0.01754459,144147,-0.45129298,-0.49536955,0.04407657,-0.47098517,White,2747762
MA,MA-1,184976,-0.00011892,0.68223432,0.28848481,0.87788548,0.12211452,0.03452127,0.04339164,0.00082302,0.01894914,0.0175905,153094,0.39374951,0.46431459,-0.07056508,0.4122712,White,433999
MA,MA-2,184764,-0.00126488,0.62165729,0.35288942,0.40096519,0.59903481,0.20730989,0.3696746,0.00300202,0.04114119,0.0221,140905,0.26876787,0.39027192,-0.12150405,0.30426922,Minority,12943721
MA,MA-3,184900,-0.00052974,0.58442417,0.38453402,0.78641547,0.21358453,0.03376632,0.13797389,0.00167245,0.0283259,0.01603702,151275,0.19989015,0.2577246,-0.05783445,0.2141683,White,1146044
MA,MA-4,184758,-0.00129731,0.49646185,0.47925452,0.80751784,0.19248216,0.03776446,0.1145403,0.00176589,0.02647489,0.01539426,148367,0.01720733,0.09220197,-0.07499464,0.03720554,White,2062266
MA,MA-5,184837,-0.00087028,0.57801563,0.39451215,0.8148357,0.1851643,0.03969103,0.05615713,0.00138676,0.07009597,0.01621338,154317,0.18350348,0.26089494,-0.07739146,0.20430063,White,755792
MA,MA-6,184509,-0.00264327,0.46528798,0.51262762,0.87918073,0.12081927,0.02474652,0.05101424,0.00089642,0.0220369,0.01458714,147253,-0.04733964,0.01785731,-0.06519695,-0.03060732,White,1309418
MA,MA-7,185588,0.00318922,0.62985625,0.33944619,0.52974867,0.47025133,0.1565191,0.22528805,0.00161714,0.08056735,0.01690587,148410,0.29041006,0.39521531,-0.10480525,0.32034514,White,19126936
MA,MA-8,185148,0.00081082,0.54421576,0.42636089,0.77927358,0.22072642,0.03785426,0.05696276,0.00104713,0.07926057,0.01106678,146113,0.11785487,0.19404889,-0.07619402,0.13825288,White,3159122
MA,MA-9,185593,0.00321625,0.5371265,0.43710861,0.75334824,0.24665176,0.06041751,0.13004609,0.00153857,0.03155077,0.01516877,147540,0.10001789,0.16420752,-0.06418963,0.11641443,White,1677188
MA,MA-10,185302,0.00164326,0.65329349,0.31589239,0.74234942,0.25765058,0.02807368,0.06316753,0.00077536,0.10475765,0.01008669,143159,0.3374011,0.39095237,-0.05355127,0.35025152,White,3007499
MA,MA-11,184967,-0.00016757,0.72907806,0.24121159,0.70692186,0.29307814,0.04713597,0.08414813,0.00112872,0.1011758,0.01028308,144412,0.48786647,0.53261242,-0.04474595,0.49778179,White,4923065
MA,MA-12,185161,0.00088109,0.74668475,0.22226457,0.69629055,0.30370945,0.05366505,0.08287231,0.00105909,0.14648362,0.00767019,152017,0.52442018,0.57624935,-0.05182917,0.53669657,White,19278967
MA,MA-13,184931,-0.00036217,0.61036742,0.36175706,0.79464021,0.20535979,0.02797193,0.03184964,0.00103498,0.12377614,0.00880419,144931,0.24861036,0.30215337,-0.05354301,0.26145803,White,2824578
MA,MA-14,184563,-0.00235138,0.56827089,0.40675047,0.5832379,0.4167621,0.0775673,0.13814346,0.00164875,0.17298114,0.0109204,144958,0.16152042,0.24304279,-0.08152237,0.18369454,White,10999339
MA,MA-15,185115,0.00063244,0.71269077,0.25460944,0.72933553,0.27066447,0.03740076,0.04081026,0.00088523,0.16960359,0.00678442,144596,0.45808133,0.49777291,-0.03969158,0.46631186,White,9643378
MA,MA-16,184402,-0.00322166,0.85839081,0.09538343,0.6052145,0.3947855,0.09669056,0.09237792,0.00180615,0.18593536,0.00976796,162777,0.76300738,0.82236952,-0.05936214,0.77779476,White,61129818
MA,MA-17,184399,-0.00323787,0.70497337,0.26050468,0.64505421,0.35494579,0.09259114,0.06159648,0.00125052,0.16735413,0.00775849,152736,0.44446869,0.50537909,-0.0609104,0.45977216,White,24535026
MA,MA-18,185194,0.00105947,0.57747487,0.3977787,0.84373099,0.15626901,0.02456076,0.04030588,0.00073122,0.0736071,0.0065878,146331,0.17969617,0.23654383,-0.05684766,0.19364539,White,5446753
MA,MA-19,185513,0.00278381,0.53438903,0.44200013,0.40601626,0.59398374,0.09879109,0.51048427,0.00288441,0.03144574,0.02006363,141450,0.0923889,0.2726479,-0.180259,0.14747523,Hispanic,14540025
MA,MA-20,184751,-0.00133515,0.50903571,0.47023895,0.84251974,0.15748026,0.03221659,0.06331487,0.00090402,0.03177462,0.0084643,149333,0.03879676,0.12175045,-0.08295369,0.06144799,White,4624237
MA,MA-21,185524,0.00284327,0.63658515,0.33765175,0.90861846,0.09138154,0.01617646,0.03171481,0.00092099,0.02049852,0.01030189,152011,0.2989334,0.34036433,-0.04143093,0.30774371,White,2551596
MA,MA-22,184619,-0.00204867,0.65691576,0.31639755,0.58808911,0.41191089,0.10657224,0.25993382,0.00140527,0.05313729,0.01830315,144456,0.34051821,0.44402902,-0.10351081,0.37002181,White,22498504
MA,MA-23,184905,-0.00050271,0.58313006,0.38640722,0.43445083,0.56554917,0.10528666,0.33803823,0.00133935,0.07148695,0.01729479,145593,0.19672284,0.37908666,-0.18236382,0.25251078,Minority,39206931
MA,MA-24,184618,-0.00205408,0.79289835,0.16618397,0.67149801,0.32850199,0.0610039,0.0859655,0.00147911,0.16939628,0.00871665,158203,0.62671438,0.68295928,-0.0562449,0.64046268,White,36417727
MA,MA-25,184372,-0.00338382,0.75583861,0.20825395,0.60693928,0.39306072,0.06673316,0.16266812,0.00149908,0.15436879,0.01042706,165435,0.54758466,0.64054892,-0.09296426,0.57357275,White,48659962
MA,MA-26,185242,0.00131893,0.74445755,0.22072288,0.43585538,0.56414462,0.25625299,0.17084596,0.00204231,0.14811245,0.01224112,156685,0.52373467,0.6639525,-0.14021783,0.56547395,Minority,57315298
MA,MA-27,184606,-0.00211894,0.79734535,0.17238946,0.24623136,0.75376864,0.50940602,0.20864883,0.00260932,0.06881826,0.01715785,144482,0.62495589,0.72643218,-0.10147629,0.65378132,Black,39340782
MA,MA-28,184924,-0.0004,0.56284892,0.40952076,0.85328263,0.14671737,0.03549312,0.0324938,0.00085893,0.06019423,0.0079243,144366,0.15332816,0.22832958,-0.07500142,0.17332863,White,3374379
MA,MA-29,184673,-0.00175678,0.65325005,0.31490968,0.80550003,0.19449997,0.04565124,0.04406618,0.00083461,0.08884774,0.0066208,142581,0.33834037,0.40262939,-0.06428902,0.35477004,White,5952985
MA,MA-30,185380,0.00206489,0.58795802,0.38748032,0.65074892,0.34925108,0.16900948,0.05473158,0.00122872,0.10072855,0.01035065,149749,0.2004777,0.2932851,-0.0928074,0.2264135,White,8431362
MA,MA-31,185546,0.00296219,0.63389358,0.33750026,0.69381192,0.30618808,0.06567485,0.0375152,0.00112293,0.18890491,0.00748842,150499,0.29639332,0.36915597,-0.07276265,0.31564754,White,8258292
MA,MA-32,184683,-0.00170272,0.49924577,0.47755195,0.91028779,0.08971221,0.02347564,0.01978315,0.00091275,0.0179784,0.00857431,144618,0.02169382,0.10464556,-0.08295174,0.0443444,White,2995947
MA,MA-33,185500,0.00271354,0.55657937,0.42291015,0.57048696,0.42951304,0.28877404,0.07215897,0.00160292,0.02280013,0.01192516,144736,0.13366922,0.24436059,-0.11069137,0.16556634,White,3449543
MA,MA-34,185097,0.00053514,0.50648718,0.46941759,0.86427622,0.13572378,0.04147528,0.03779923,0.00094431,0.03547219,0.01116979,148257,0.03706959,0.12398657,-0.08691698,0.06104192,White,2842633
MA,MA-35,185585,0.00317301,0.47456525,0.50543033,0.78566812,0.21433188,0.08236103,0.07789805,0.00155796,0.02349187,0.01298754,146987,-0.03086508,0.08928226,-0.12014734,0.00418403,White,4028325
MA,MA-36,184927,-0.00038379,0.49902374,0.48210967,0.75188152,0.24811848,0.07946529,0.11875324,0.00142167,0.01609654,0.0172487,148417,0.01691407,0.13817697,-0.1212629,0.05233504,White,3205093
MA,MA-37,184807,-0.00103244,0.54104082,0.43793417,0.88954129,0.11045871,0.0307449,0.02237171,0.00106933,0.01635753,0.01591036,154302,0.10310665,0.16320496,-0.06009831,0.11813942,White,1738856
MA,MA-38,185538,0.00291895,0.6215358,0.35634811,0.84565453,0.15434547,0.04595509,0.03903468,0.0015533,0.01682747,0.01319046,158372,0.26518769,0.30752578,-0.04233809,0.27430039,White,1349989
MD,MD-1,186986,-0.00078554,0.41967565,0.55365217,0.66708127,0.33291873,0.24537539,0.04496255,0.00121073,0.02668246,0.01810146,151148,-0.13397652,-0.10059223,-0.03338429,-0.12784842,White,480385
MD,MD-2,187698,0.00301924,0.41905957,0.55232633,0.78237341,0.21762659,0.12733845,0.05349458,0.00169577,0.01870081,0.01749147,148015,-0.13326676,-0.11196652,-0.02130024,-0.13116668,White,380421
MD,MD-3,186776,-0.00190773,0.31381041,0.65874578,0.8556142,0.1443858,0.06212641,0.03483,0.00113792,0.02005758,0.02262133,145880,-0.34493537,-0.32381277,-0.0211226,-0.3428945,White,1027512
MD,MD-4,186800,-0.00177948,0.4776634,0.49158454,0.68427292,0.31572708,0.19953834,0.05298614,0.00220369,0.04551034,0.01969372,143396,-0.01392114,0.00829884,-0.02221998,-0.01151448,White,4438265
MD,MD-5,186945,-0.00100463,0.45443325,0.51945692,0.60202288,0.39797712,0.25322266,0.08172433,0.00126953,0.03853237,0.02830636,143360,-0.06502367,-0.03744922,-0.02757445,-0.06083219,White,10093234
MD,MD-6,186921,-0.00113288,0.56231377,0.40424805,0.64818586,0.35181414,0.2055598,0.04321735,0.00115688,0.08916116,0.01439,147811,0.15806572,0.15046414,0.00760158,0.15053186,White,6675966
MD,MD-7,187562,0.00229249,0.56729066,0.39683114,0.74711866,0.25288134,0.1204648,0.0462436,0.00098808,0.07359181,0.01113284,147761,0.17045952,0.19393656,-0.02347704,0.1732852,White,2100955
MD,MD-8,186682,-0.00241005,0.83962922,0.13535275,0.18551047,0.81448953,0.70731607,0.06281495,0.00140549,0.04341924,0.01542607,145857,0.70427647,0.74648014,-0.04220367,0.71334436,Black,8887013
MD,MD-9,186917,-0.00115426,0.88409853,0.08635117,0.1543659,0.8456341,0.77383124,0.04608773,0.00140053,0.02314635,0.01539218,146373,0.79774736,0.84090516,-0.0431578,0.80713329,Black,31212454
MD,MD-10,187590,0.00244211,0.80871194,0.15591316,0.41407051,0.58592949,0.40998149,0.11593122,0.00109884,0.05183207,0.02031194,150158,0.65279878,0.68212397,-0.02932519,0.65757384,Minority,19936501
MD,MD-11,187649,0.0027574,0.84523888,0.11906426,0.33351343,0.66648657,0.54406681,0.04013175,0.00115871,0.07750343,0.01294762,153619,0.72617462,0.77097263,-0.04479801,0.73610729,Black,30787694
MD,MD-12,186831,-0.00161383,0.35915613,0.60739732,0.87136203,0.12863797,0.04358383,0.03616938,0.00102598,0.02668244,0.01753066,146201,-0.24824119,-0.23940544,-0.00883575,-0.25029594,White,1268690
MD,MD-13,187516,0.00204667,0.29233233,0.68295893,0.86519313,0.13480687,0.07165451,0.02764986,0.00112366,0.01486091,0.01793961,153961,-0.3906266,-0.38767605,-0.00295055,-0.39464308,White,457663
MD,MD-14,187569,0.00232989,0.52838418,0.44114839,0.67596227,0.32403773,0.15830717,0.10636369,0.00169852,0.0441479,0.02112657,147776,0.08723579,0.10160027,-0.01436448,0.08702395,White,1940031
MD,MD-15,187554,0.00224974,0.55684373,0.40682251,0.66064992,0.33935008,0.11090366,0.09680373,0.00160751,0.11489721,0.01841066,138724,0.15002122,0.17580398,-0.02578276,0.15361547,White,1594721
MD,MD-16,187236,0.00055041,0.43138116,0.53941435,0.7326732,0.2673268,0.16109926,0.045096,0.00254042,0.03761509,0.02344627,142496,-0.10803319,-0.06721166,-0.04082153,-0.09942601,White,1328972
MD,MD-17,186483,-0.00347347,0.64429138,0.32906257,0.42069473,0.57930527,0.46850833,0.05508037,0.00233978,0.04196768,0.02820466,141466,0.31522881,0.32737137,-0.01214256,0.31427633,Black,1287901
MD,MD-18,187399,0.00142145,0.56982382,0.39497612,0.73039156,0.26960844,0.1263293,0.0839479,0.00179956,0.04125413,0.01798205,147258,0.1748477,0.18351603,-0.00866833,0.17273714,White,2937261
MD,MD-19,187387,0.00135732,0.47886656,0.48837439,0.72374074,0.27625926,0.14511936,0.06154851,0.00205764,0.04757601,0.02115339,143854,-0.00950783,-0.00000995,-0.00949788,-0.01134187,White,7652957
MD,MD-20,187408,0.00146954,0.61334621,0.35233363,0.49699222,0.50300778,0.31050315,0.09872432,0.00263138,0.08145079,0.02341117,147451,0.26101258,0.26543275,-0.00442017,0.25748597,Minority,6788873
MD,MD-21,187043,-0.00048094,0.87440619,0.09970782,0.10234858,0.89765142,0.73962269,0.11368397,0.00204751,0.04696477,0.02086575,148473,0.77469837,0.81706489,-0.04236652,0.78382054,Black,2949751
MD,MD-22,186749,-0.00205202,0.91580692,0.058414,0.03166825,0.96833175,0.87457599,0.08336803,0.00136501,0.01522669,0.01657805,146519,0.85739292,0.90659288,-0.04919996,0.86879291,Black,14655439
MD,MD-23,187462,0.00175811,0.86353573,0.11103679,0.14701621,0.85298379,0.72812919,0.08783016,0.0012176,0.04156832,0.0172232,147011,0.75249894,0.79046821,-0.03796927,0.76015536,Black,6745632
MD,MD-24,186910,-0.00119167,0.83093844,0.1316409,0.10643621,0.89356379,0.47588923,0.38263424,0.00217304,0.04231,0.03396809,139896,0.69929754,0.79805434,-0.0987568,0.72721647,Black,24737933
MD,MD-25,186550,-0.00311543,0.79763782,0.16341771,0.26634185,0.73365815,0.4311156,0.18184678,0.00170663,0.12251618,0.01959616,149417,0.63422011,0.70307015,-0.06885004,0.65217012,Black,9983736
MD,MD-26,187622,0.00261311,0.80824476,0.15603089,0.26354428,0.73645572,0.25442369,0.38404528,0.00176527,0.098344,0.03897614,142754,0.65221387,0.75003529,-0.09782142,0.67982101,Hispanic,33417027
MD,MD-27,186594,-0.0028803,0.8124765,0.15159813,0.64941032,0.35058968,0.09692681,0.10656685,0.0017229,0.13280689,0.01134243,146265,0.66087837,0.6986804,-0.03780203,0.66847905,White,19055247
MD,MD-28,187387,0.00135732,0.72792067,0.2304867,0.526795,0.473205,0.09446314,0.10676955,0.0015802,0.26026788,0.01071937,146184,0.49743397,0.55158913,-0.05415516,0.51048569,White,7212207
MD,MD-29,187125,-0.00004275,0.71188657,0.24711226,0.27281796,0.72718204,0.24976123,0.27388625,0.00216488,0.19989105,0.02341047,141347,0.46477431,0.57039799,-0.10562368,0.4949822,Hispanic,20184063
MD,MD-30,187205,0.00038475,0.75510066,0.20834602,0.30766793,0.69233207,0.36031256,0.18623384,0.0016262,0.14128607,0.01845318,145124,0.54675464,0.63772851,-0.09097387,0.57207926,Black,12775807
MD,MD-31,186878,-0.00136267,0.6338461,0.32328777,0.57938898,0.42061102,0.11308746,0.10036538,0.00148808,0.19424747,0.01393071,143137,0.31055833,0.33879541,-0.02823708,0.31497069,White,2602810
MD,MD-32,186979,-0.00082294,0.74221318,0.21571951,0.43534893,0.56465107,0.29207539,0.09820628,0.00189882,0.1667741,0.01858885,142720,0.52649367,0.57598115,-0.04948748,0.5379895,Minority,11492281
MD,MD-33,186990,-0.00076416,0.65886255,0.29687653,0.49503443,0.50496557,0.25644342,0.06204187,0.00166215,0.17404548,0.01511927,143790,0.36198602,0.39367898,-0.03169296,0.36755034,Minority,11298590
ME,ME-1,194959,0.00172641,0.55527675,0.4255587,0.92727466,0.07272534,0.0130231,0.01595189,0.00086362,0.01621473,0.01838003,159793,0.12971805,0.14999542,-0.02027737,0.13147717,White,746332
ME,ME-2,194203,-0.00215802,0.73871675,0.23382828,0.87141764,0.12858236,0.04623821,0.02577921,0.00119203,0.03481982,0.01354522,159392,0.50488847,0.49871491,0.00617356,0.49783062,White,1621536
ME,ME-3,193978,-0.0033141,0.56042846,0.41590128,0.93580725,0.06419275,0.00955651,0.01308948,0.00112356,0.01086108,0.02029275,160205,0.14452718,0.14670321,-0.00217603,0.14025252,White,213065
ME,ME-4,195125,0.00257935,0.43045045,0.55089836,0.91855807,0.08144193,0.01262535,0.01479112,0.00093892,0.01487249,0.03229259,159758,-0.12044791,-0.09545483,-0.02499308,-0.11711688,White,87328
ME,ME-5,194374,-0.0012794,0.37730892,0.60569231,0.93676751,0.06323249,0.00804351,0.01063594,0.00102683,0.00834775,0.02693846,157767,-0.22838339,-0.1807502,-0.04763319,-0.21750566,White,35062
ME,ME-6,194952,0.00169045,0.50387398,0.47621336,0.91937214,0.08062786,0.020299,0.01468805,0.00095112,0.0147838,0.02046496,156658,0.02766062,0.04473624,-0.01707562,0.02835249,White,375655
ME,ME-7,194768,0.00074503,0.46696127,0.51023396,0.90695282,0.09304718,0.02882846,0.01635018,0.00114368,0.01355168,0.02455403,156512,-0.04327269,-0.00956793,-0.03370476,-0.03703777,White,530564
MI,MI-1,187268,0.00348843,0.43797729,0.54582463,0.85580785,0.14419215,0.03495092,0.01569918,0.0011363,0.01214662,0.07424459,153129,-0.10784734,-0.08256382,-0.02528352,-0.1044195,White,58148
MI,MI-2,187009,0.00210056,0.3558391,0.62991349,0.91419036,0.08580964,0.00618395,0.01223702,0.00100121,0.00697575,0.05336518,152815,-0.27407439,-0.25467621,-0.01939818,-0.27260833,White,74563
MI,MI-3,186708,0.00048763,0.46064115,0.52450821,0.92136378,0.07863622,0.00763439,0.02205345,0.00129106,0.0092087,0.02927944,151813,-0.06386706,-0.07394061,0.01007355,-0.07222491,White,277085
MI,MI-4,186531,-0.00046084,0.30990134,0.67713525,0.94007508,0.05992492,0.00602323,0.01449237,0.00079133,0.00591859,0.02418448,152908,-0.36723391,-0.34356402,-0.02366989,-0.36434395,White,108936
MI,MI-5,186505,-0.00060016,0.34726907,0.63734362,0.89576247,0.10423753,0.02506699,0.02583551,0.00074847,0.01272396,0.03449635,149639,-0.29007455,-0.2580665,-0.03200805,-0.2844052,White,212828
MI,MI-6,186737,0.00064303,0.30769162,0.67763241,0.89978902,0.10021098,0.01646093,0.03949802,0.00083572,0.00695976,0.02827061,145982,-0.36994079,-0.35083215,-0.01910864,-0.36857124,White,158095
MI,MI-7,187176,0.00299544,0.49744898,0.48732369,0.77036286,0.22963714,0.1306176,0.05567085,0.00096618,0.00922631,0.02941397,146971,0.01012529,0.02911642,-0.01899113,0.01145567,White,801063
MI,MI-8,186657,0.00021434,0.31349959,0.67179974,0.87499487,0.12500513,0.05253829,0.04249873,0.00088967,0.00515323,0.01813553,146122,-0.35830015,-0.33996041,-0.01833974,-0.3571869,White,307877
MI,MI-9,186481,-0.00072877,0.46488336,0.52012903,0.79548031,0.20451969,0.02387042,0.12171635,0.00115446,0.03739907,0.02037938,144656,-0.05524567,-0.05992048,0.00467481,-0.06180394,White,1355750
MI,MI-10,186255,-0.0019398,0.56841568,0.41402853,0.77439396,0.22560604,0.11999806,0.0616698,0.00114152,0.02530025,0.0185895,144544,0.15438715,0.1646839,-0.01029675,0.1528194,White,3565669
MI,MI-11,186071,-0.00292578,0.54441002,0.43789214,0.66628554,0.33371446,0.09775602,0.18970391,0.00135383,0.02983326,0.02728695,142559,0.10651788,0.10556674,0.00095114,0.10120083,White,8765502
MI,MI-12,186565,-0.00027865,0.54674457,0.43650466,0.73030444,0.26969556,0.12705698,0.05885754,0.00094477,0.06774821,0.01593412,141834,0.11023991,0.12080613,-0.01056622,0.10876198,White,2196991
MI,MI-13,186576,-0.0002197,0.3148454,0.67033481,0.89389449,0.10610551,0.02014698,0.04642875,0.00091415,0.01741882,0.01584762,140021,-0.35548941,-0.37006804,0.01457863,-0.36534895,White,1199768
MI,MI-14,186312,-0.00163436,0.34828127,0.63600613,0.8885417,0.1114583,0.02394623,0.0395195,0.00107254,0.01795431,0.02295234,139855,-0.28772486,-0.27552767,-0.01219719,-0.28865913,White,637364
MI,MI-15,186319,-0.00159685,0.44963627,0.53649228,0.75467824,0.24532176,0.12540087,0.06438632,0.00130476,0.02228387,0.02689173,145621,-0.08685601,-0.07689316,-0.00996285,-0.08853506,White,747778
MI,MI-16,187097,0.00257211,0.3200088,0.66641147,0.89460676,0.10539324,0.02352304,0.04355215,0.0006568,0.00736026,0.02477571,147685,-0.34640267,-0.31600147,-0.0304012,-0.34126894,White,385416
MI,MI-17,187314,0.00373492,0.31706222,0.66872101,0.87719213,0.12280787,0.03525472,0.04614241,0.00070176,0.00933131,0.02492982,143924,-0.35165879,-0.31884326,-0.03281553,-0.34572028,White,341490
MI,MI-18,187193,0.00308654,0.45644918,0.52903388,0.74813972,0.25186028,0.15177408,0.04577084,0.00095169,0.02719217,0.02557843,145005,-0.0725847,-0.04109476,-0.03148994,-0.06708805,White,1551575
MI,MI-19,186156,-0.0024703,0.37811939,0.60668189,0.9082777,0.0917223,0.01842826,0.02834418,0.00100556,0.01393816,0.02198961,143204,-0.2285625,-0.2115251,-0.0170374,-0.22788337,White,452913
MI,MI-20,186968,0.00188086,0.56006907,0.42247256,0.76053632,0.23946368,0.11097031,0.06953358,0.00107646,0.03433076,0.02449277,146778,0.13759651,0.16016433,-0.02256782,0.14011912,White,1044862
MI,MI-21,186772,0.00083058,0.6856392,0.29427796,0.68119258,0.31880742,0.14272242,0.07048412,0.00146402,0.08714232,0.02041059,151637,0.39136124,0.41356599,-0.02220475,0.39376282,White,4159001
MI,MI-22,186354,-0.0014093,0.36980102,0.61547674,0.92092135,0.07907865,0.00957904,0.02644888,0.00136058,0.00944161,0.02328793,145526,-0.24567572,-0.21436158,-0.03131414,-0.24023767,White,521300
MI,MI-23,186781,0.00087881,0.36352711,0.62187225,0.89591892,0.10408108,0.02696912,0.03398857,0.00057815,0.00899197,0.02573799,147020,-0.25834514,-0.21845756,-0.03988758,-0.25004928,White,853090
MI,MI-24,186170,-0.00239528,0.64943568,0.332977,0.72519146,0.27480854,0.15657775,0.05618054,0.00098622,0.03759199,0.0241794,147026,0.31645868,0.32262817,-0.00616949,0.31351518,White,4564336
MI,MI-25,186104,-0.00274895,0.62406566,0.34801152,0.72153231,0.27846769,0.15867124,0.04834377,0.00139031,0.04741915,0.02169159,148168,0.27605414,0.29791135,-0.02185721,0.27833988,White,1163561
MI,MI-26,186154,-0.00248102,0.79631352,0.18159857,0.67685295,0.32314705,0.09166372,0.04968382,0.00175906,0.16372099,0.01376432,155765,0.61471495,0.63983496,-0.02512001,0.61808829,White,4213440
MI,MI-27,186226,-0.0020952,0.41935164,0.56663783,0.89872604,0.10127396,0.01917714,0.03647244,0.00078523,0.01513593,0.02199312,147728,-0.14728619,-0.12734079,-0.0199454,-0.14563772,White,682910
MI,MI-28,185925,-0.00370813,0.48178381,0.50447632,0.70698523,0.29301477,0.18330981,0.07536751,0.0008469,0.01605674,0.019045,145235,-0.02269251,0.01311875,-0.03581126,-0.01575542,White,901572
MI,MI-29,186688,0.00038046,0.62400378,0.36079375,0.5686098,0.4313902,0.35826967,0.03773243,0.00078842,0.00941915,0.02654108,143325,0.26321003,0.33145408,-0.06824405,0.28095805,White,2870981
MI,MI-30,186524,-0.00049835,0.4512145,0.53395772,0.84387685,0.15612315,0.07308487,0.03142929,0.00084594,0.01881528,0.02536447,146583,-0.08274322,-0.04343547,-0.03930775,-0.07464064,White,1691628
MI,MI-31,186288,-0.00176297,0.40731238,0.57943647,0.91196509,0.08803491,0.01200694,0.02372572,0.00077531,0.02240153,0.01930717,145749,-0.17212409,-0.16876426,-0.00335983,-0.17600415,White,1991323
MI,MI-32,185974,-0.00344556,0.42336585,0.56221703,0.85727539,0.14272461,0.03981715,0.04625055,0.00072603,0.02799906,0.02020772,148755,-0.13885118,-0.12241624,-0.01643494,-0.13837287,White,4653444
MI,MI-33,186133,-0.00259355,0.38244819,0.60310931,0.88874117,0.11125883,0.01996311,0.03307695,0.00058469,0.02826715,0.0215919,143665,-0.22066112,-0.21160354,-0.00905758,-0.22264193,White,1635149
MI,MI-34,187037,0.0022506,0.28729466,0.7000225,0.9258977,0.0741023,0.01118716,0.02685188,0.00051924,0.00554301,0.02142351,148295,-0.41272784,-0.38403259,-0.02869525,-0.40816276,White,211904
MI,MI-35,187306,0.00369205,0.31028347,0.67554307,0.90338486,0.09661514,0.02522501,0.03371406,0.00059867,0.00793074,0.02161951,148662,-0.3652596,-0.3231838,-0.0420758,-0.35623433,White,665101
MI,MI-36,186639,0.00011789,0.32489345,0.66210344,0.87397318,0.12602682,0.03983516,0.03004978,0.00078882,0.03355864,0.01487189,147056,-0.33720999,-0.29874851,-0.03846148,-0.3293895,White,2304265
MI,MI-37,186942,0.00174153,0.39240204,0.59348284,0.84590548,0.15409452,0.07780065,0.02515774,0.00076011,0.02805021,0.01731444,148662,-0.2010808,-0.16268224,-0.03839856,-0.19328128,White,9669633
MI,MI-38,186165,-0.00242207,0.51779886,0.46728653,0.71750481,0.28249519,0.21511457,0.02475029,0.00082123,0.01840749,0.02010335,149776,0.05051233,0.08472634,-0.03421401,0.056917,White,13010756
MI,MI-39,187125,0.00272215,0.51030662,0.45876278,0.67363538,0.32636462,0.19719626,0.02249763,0.0010023,0.08143709,0.02102127,147660,0.05154384,0.12045118,-0.06890734,0.06951295,White,14722225
MI,MI-40,186075,-0.00290434,0.42264025,0.55119663,0.7627953,0.2372047,0.05917761,0.02205957,0.00077865,0.1400627,0.01077926,147691,-0.12855638,-0.03985526,-0.08870112,-0.10398934,White,11673324
MI,MI-41,186063,-0.00296865,0.56224755,0.41586006,0.5833815,0.4166185,0.20575282,0.08886595,0.00098404,0.10603496,0.01755436,145320,0.14638749,0.19406591,-0.04767842,0.1572803,White,8113939
MI,MI-42,186139,-0.0025614,0.64035839,0.34051146,0.80930577,0.19069423,0.05802728,0.03293458,0.00078032,0.07761261,0.0165221,155065,0.29984693,0.30913441,-0.00928748,0.29794276,White,14971492
MI,MI-43,186660,0.00023042,0.55789909,0.41761309,0.76429289,0.23570711,0.11116656,0.02284974,0.0007149,0.08618562,0.00859226,148273,0.140286,0.19597919,-0.05569319,0.1538504,White,7087289
MI,MI-44,186021,-0.00319371,0.55980537,0.41680451,0.64722485,0.35277515,0.10963179,0.03345743,0.00081224,0.1936104,0.01135779,147740,0.14300086,0.17319312,-0.03019226,0.14806495,White,8143978
MI,MI-45,186511,-0.00056801,0.54101683,0.42183808,0.7015415,0.2984585,0.11930445,0.03413754,0.00080308,0.1226801,0.01831422,146935,0.11917875,0.17306361,-0.05388486,0.13214037,White,9677230
MI,MI-46,186845,0.00122175,0.5370564,0.44115347,0.72049138,0.27950862,0.18789828,0.03236289,0.00084077,0.03613967,0.0205521,149863,0.09590293,0.12931691,-0.03341398,0.10204092,White,11708317
MI,MI-47,186384,-0.00124855,0.54157783,0.43939882,0.6569684,0.3430316,0.21748971,0.07429947,0.00129918,0.02291345,0.02780931,146246,0.10217901,0.15352916,-0.05135015,0.11429573,White,5970627
MI,MI-48,186570,-0.00025185,0.43802696,0.54545291,0.82437577,0.17562423,0.06411102,0.05402115,0.00093499,0.02492197,0.02724937,148664,-0.10742595,-0.05534318,-0.05208277,-0.09506503,White,4381229
MI,MI-49,187030,0.00221309,0.38770826,0.42862299,0.80617715,0.19382285,0.09008398,0.04704009,0.00088477,0.03701273,0.01293234,135629,-0.04091473,0.36013864,-0.40105337,0.08776973,White,17523399
MI,MI-50,186861,0.00130749,0.78519955,0.19214499,0.22032067,0.77967933,0.5147093,0.24991184,0.00140303,0.00888335,0.02764794,133283,0.59305456,0.69717018,-0.10411562,0.62275977,Black,14953152
MI,MI-51,187259,0.0034402,0.76522488,0.21784889,0.34346215,0.65653785,0.61001117,0.02039843,0.00089933,0.01987382,0.01263149,146776,0.54737599,0.58211743,-0.03474144,0.55395647,Black,15183484
MI,MI-52,187266,0.00347771,0.85735636,0.1254448,0.16433346,0.83566654,0.8041227,0.01778282,0.00078474,0.00753213,0.01612926,142722,0.73191156,0.77010153,-0.03818997,0.73964155,Black,17475324
MI,MI-53,187266,0.00347771,0.84931809,0.11693116,0.18605512,0.81394488,0.70340432,0.01549035,0.00111815,0.0905135,0.01226408,140410,0.73238693,0.87850141,-0.14611448,0.77609176,Black,15738162
MI,MI-54,187172,0.00297401,0.86449469,0.12069101,0.16599495,0.83400505,0.79503448,0.01618167,0.00084104,0.01826072,0.01306644,148625,0.74380368,0.79418971,-0.05038603,0.75559902,Black,14906234
MN,MN-1,184607,0.00286289,0.79860863,0.17233573,0.75395146,0.24604854,0.10337667,0.05367308,0.00155242,0.06717322,0.01961157,152665,0.6262729,0.62494605,0.00132685,0.62083062,White,14838898
MN,MN-2,184275,0.00105932,0.6956183,0.27748691,0.38933643,0.61066357,0.20850976,0.11050306,0.00218591,0.27355203,0.03031994,130838,0.41813139,0.50206821,-0.08393682,0.44111033,Minority,16897287
MN,MN-3,183470,-0.00331378,0.60523351,0.36920991,0.75597343,0.24402657,0.07241221,0.0483862,0.00128102,0.10370659,0.01692473,143636,0.2360236,0.24339785,-0.00737425,0.23348168,White,6815479
MN,MN-4,184231,0.0008203,0.55538973,0.42047949,0.77885182,0.22114818,0.06406906,0.04635945,0.00109912,0.08912311,0.01594812,137383,0.13491024,0.13942465,-0.00451441,0.13141504,White,2935383
MN,MN-5,184446,0.00198827,0.48589162,0.4868739,0.84432737,0.15567263,0.04485422,0.03157548,0.0016679,0.05350151,0.01937765,139697,-0.00098228,0.01139569,-0.01237797,-0.00185629,White,2207389
MN,MN-6,184097,0.00009235,0.71218709,0.25911803,0.40291111,0.59708889,0.33455644,0.08861212,0.00184228,0.15593907,0.0282965,131359,0.45306906,0.48505224,-0.03198318,0.45873012,Minority,14033713
MN,MN-7,184509,0.00233051,0.81975326,0.14326017,0.60595576,0.39404424,0.18912208,0.09047079,0.00149997,0.08902124,0.03257074,158670,0.67649309,0.72541649,-0.0489234,0.68780089,White,30001644
MN,MN-8,183888,-0.00104302,0.87661853,0.09461441,0.75727624,0.24272376,0.09455235,0.08063787,0.00157981,0.04167595,0.02600612,148119,0.78200412,0.77124595,0.01075817,0.77341806,White,21830115
MN,MN-9,184247,0.00090721,0.67153103,0.30191932,0.7387412,0.2612588,0.0816173,0.07911421,0.00135413,0.07967501,0.01802775,146219,0.36961171,0.36607785,0.00353386,0.36343376,White,8991076
MN,MN-10,184634,0.00300956,0.55202547,0.41895665,0.7484582,0.2515418,0.10946434,0.05894666,0.00116601,0.05664976,0.02386103,142366,0.13306882,0.14573044,-0.01266162,0.13228936,White,6814145
MN,MN-11,184172,0.00049978,0.71343242,0.26093058,0.76040767,0.23959233,0.11622036,0.04975994,0.00145309,0.05338262,0.01812679,149337,0.45250184,0.44006215,0.01243969,0.44335528,White,11087128
MN,MN-12,184042,-0.00020643,0.60521459,0.36805699,0.8151534,0.1848466,0.04513688,0.0405413,0.00105889,0.08156264,0.01183131,141658,0.2371576,0.23182001,0.00533759,0.2303784,White,5376711
MN,MN-13,184418,0.00183616,0.5355368,0.43789694,0.830682,0.169318,0.04167694,0.0269943,0.00100059,0.08229528,0.01231891,137918,0.09763986,0.08799858,0.00964128,0.0894261,White,2551093
MN,MN-14,183473,-0.00329748,0.60142785,0.37319025,0.76503304,0.23496696,0.07006113,0.0797357,0.00152645,0.06456309,0.01867072,141505,0.2282376,0.23215908,-0.00392148,0.22454476,White,5083866
MN,MN-15,183515,-0.00306932,0.51714089,0.45727041,0.73222492,0.26777508,0.08913152,0.07304686,0.00182946,0.08060621,0.02084858,136652,0.05987048,0.08129044,-0.02141996,0.06201047,White,3492802
MN,MN-16,183574,-0.0027488,0.53310277,0.44190466,0.80107543,0.19892457,0.05356511,0.05940631,0.00120801,0.06288303,0.01446671,135760,0.09119811,0.09495865,-0.00376054,0.08745162,White,1978263
MN,MN-17,183601,-0.00260213,0.3654744,0.61440775,0.89199705,0.10800295,0.02919656,0.04110549,0.00140905,0.01318208,0.0175165,139811,-0.24893335,-0.2184935,-0.03043985,-0.24378673,White,297663
MN,MN-18,184234,0.00083659,0.515565,0.45952908,0.81955479,0.18044521,0.05570058,0.0438823,0.00129107,0.06248227,0.01303842,140968,0.05603592,0.06068435,-0.00464843,0.0525854,White,525238
MN,MN-19,184676,0.00323772,0.29393189,0.68668252,0.88981589,0.11018411,0.01659365,0.0662752,0.00263425,0.00820807,0.01291564,140837,-0.39275063,-0.35871959,-0.03403104,-0.38640695,White,104931
MN,MN-20,183904,-0.00095611,0.40957515,0.57080963,0.88739592,0.11260408,0.01847642,0.05080487,0.0019497,0.02440295,0.01246542,142073,-0.16123448,-0.11903126,-0.04220322,-0.15216674,White,159521
MN,MN-21,184089,0.00004889,0.42848797,0.54816486,0.86455755,0.13544245,0.0390425,0.05709171,0.00114687,0.02206325,0.0134897,142998,-0.11967689,-0.08152492,-0.03815197,-0.11195957,White,244936
MN,MN-22,183441,-0.00347132,0.29374305,0.68665399,0.87178421,0.12821579,0.01616141,0.06884016,0.00155591,0.02277942,0.02061405,139468,-0.39291094,-0.36173288,-0.03117806,-0.38751825,White,63099
MN,MN-23,184038,-0.00022816,0.35499593,0.62331656,0.91921652,0.08078348,0.01821826,0.02272555,0.00085457,0.01889133,0.012206,132230,-0.26832063,-0.26588363,-0.002437,-0.2725083,White,584347
MN,MN-24,184033,-0.00025532,0.34610053,0.63326535,0.88978534,0.11021466,0.02970319,0.0273181,0.00114838,0.02596361,0.01761579,135844,-0.28716482,-0.27444529,-0.01271953,-0.28792498,White,1055841
MN,MN-25,184150,0.00038027,0.37089118,0.60677956,0.84794151,0.15205849,0.07723007,0.02984585,0.00104047,0.02685984,0.01475189,140321,-0.23588838,-0.19010263,-0.04578575,-0.22562646,White,548904
MN,MN-26,183866,-0.00116254,0.30628697,0.67519063,0.91589853,0.08410147,0.01495843,0.01777239,0.00093093,0.01559315,0.02469798,141793,-0.36890366,-0.34122856,-0.0276751,-0.36467863,White,200276
MN,MN-27,184471,0.00212408,0.30459775,0.67659367,0.92297542,0.07702458,0.01118099,0.0316198,0.00131252,0.00772071,0.02149866,142474,-0.37199592,-0.34462325,-0.02737267,-0.3678717,White,81214
MN,MN-28,184480,0.00217297,0.3043843,0.67832065,0.9221149,0.0778851,0.00687467,0.0120133,0.00078468,0.00697188,0.04274098,144007,-0.37393635,-0.34869449,-0.02524186,-0.3705224,White,89657
MN,MN-29,184206,0.00068449,0.36710805,0.6123241,0.87408099,0.12591901,0.02466255,0.03024842,0.00133544,0.01265078,0.05396324,139280,-0.24521605,-0.2036566,-0.04155945,-0.2363629,White,43656
MN,MN-30,184212,0.00071708,0.42886815,0.55072505,0.87085846,0.12914154,0.01346717,0.01335587,0.0012382,0.00774919,0.08667404,143757,-0.1218569,-0.08463243,-0.03722447,-0.11444874,White,44702
MN,MN-31,183492,-0.00319426,0.57544826,0.40252227,0.894616,0.105384,0.02559125,0.01484065,0.0011246,0.01485404,0.04214557,149387,0.17292599,0.18569235,-0.01276636,0.17218144,White,64159
MO,MO-1,186521,0.00004289,0.84550606,0.13532493,0.39389171,0.60610829,0.50909923,0.03123791,0.00125751,0.05334434,0.01463229,155068,0.71018113,0.73667099,-0.02648986,0.71401108,Black,14325458
MO,MO-2,186416,-0.00052007,0.62519522,0.35357491,0.7024123,0.2975877,0.17571667,0.05339125,0.00108921,0.04398263,0.02226529,149650,0.27162031,0.27259992,-0.00097961,0.26694685,White,14931083
MO,MO-3,186374,-0.00074526,0.72900654,0.25482404,0.42419615,0.57580385,0.48833787,0.02823902,0.00100655,0.04075498,0.01865941,144056,0.4741825,0.46458551,0.00959699,0.4659835,Black,5627635
MO,MO-4,186976,0.0024824,0.78957078,0.19425655,0.41323887,0.58676113,0.50404739,0.02406443,0.00100326,0.04757913,0.01273999,145526,0.59531423,0.62164143,-0.0263272,0.59908996,Black,13361603
MO,MO-5,186158,-0.00190335,0.62191282,0.36045256,0.60321123,0.39678877,0.23650724,0.05274907,0.0010513,0.08777631,0.01787202,146486,0.26146026,0.26369419,-0.00223393,0.2572049,White,8117646
MO,MO-6,186481,-0.00017157,0.57338847,0.40775333,0.88192814,0.11807186,0.0382125,0.02408813,0.0008009,0.03310166,0.01643205,147334,0.16563514,0.15019443,0.01544071,0.15548824,White,10167443
MO,MO-7,186777,0.00141545,0.45927592,0.51963149,0.84530333,0.15469667,0.03117438,0.03028428,0.00076493,0.07118022,0.01582014,143804,-0.06035557,-0.07054899,0.01019342,-0.06875338,White,4239977
MO,MO-8,186966,0.00242879,0.45553264,0.52796864,0.83890067,0.16109933,0.06273328,0.03699552,0.00133589,0.03267232,0.02118633,148964,-0.072436,-0.09129671,0.01886071,-0.0837229,White,2709040
MO,MO-9,186902,0.00208565,0.37630213,0.61002788,0.85227428,0.14772572,0.05369945,0.03044866,0.0012825,0.03456996,0.02187462,138791,-0.23372575,-0.22706047,-0.00666528,-0.23650399,White,5586062
MO,MO-10,186259,-0.00136184,0.27284284,0.71558048,0.92157848,0.07842152,0.01411057,0.01677768,0.00094955,0.00988647,0.02721573,143226,-0.44273764,-0.42720415,-0.01553349,-0.44255981,White,426744
MO,MO-11,186009,-0.00270222,0.3228966,0.66378034,0.90515536,0.09484464,0.01455425,0.02186294,0.00101003,0.01321456,0.03129691,142570,-0.34088374,-0.314218,-0.02666574,-0.33699516,White,1840642
MO,MO-12,187031,0.00277729,0.26729634,0.71980801,0.87051552,0.12948448,0.06168612,0.02313573,0.00157447,0.01108315,0.02650468,145446,-0.45251167,-0.4366976,-0.01581407,-0.45224031,White,220892
MO,MO-13,186507,-0.00003217,0.53290115,0.44527426,0.77925899,0.22074101,0.1029101,0.03839595,0.00175299,0.05004858,0.02434484,147177,0.08762689,0.11534005,-0.02771316,0.09186461,White,795390
MO,MO-14,186714,0.00107767,0.21202011,0.77774143,0.90926679,0.09073321,0.03454996,0.01748955,0.00108342,0.00631059,0.02508055,142142,-0.56572132,-0.53733886,-0.02838246,-0.5612605,White,101687
MO,MO-15,186002,-0.00273976,0.21956999,0.77053007,0.88734552,0.11265448,0.03866934,0.03264537,0.00288433,0.0110267,0.02301254,144921,-0.55096008,-0.52092242,-0.03003766,-0.54594753,White,73430
MO,MO-16,186854,0.00182829,0.28587998,0.70121334,0.88160034,0.11839966,0.03628121,0.03511685,0.00308659,0.01260817,0.02734526,145144,-0.41533336,-0.38550342,-0.02982994,-0.41039005,White,163886
MO,MO-17,186007,-0.00271295,0.40554879,0.57963052,0.85463798,0.14536202,0.04378796,0.0432047,0.00245697,0.02200334,0.0283827,137161,-0.17408173,-0.18562408,0.01154235,-0.18292918,White,924519
MO,MO-18,186750,0.00127069,0.56151391,0.42118136,0.71481788,0.28518212,0.11433717,0.09027412,0.00775852,0.0432505,0.03165038,146033,0.14033255,0.16052746,-0.02019491,0.14206419,White,6580981
MO,MO-19,186347,-0.00089002,0.66715444,0.31514692,0.69871632,0.30128368,0.16478389,0.07371224,0.00216666,0.03586089,0.02768369,153231,0.35200752,0.38036076,-0.02835324,0.3564586,White,6608010
MO,MO-20,186459,-0.00028952,0.77497493,0.2048826,0.29463634,0.70536366,0.51049256,0.1467599,0.00323509,0.02975279,0.03125582,139718,0.57009233,0.62587822,-0.05578589,0.58368763,Black,9499868
MO,MO-21,187276,0.00409087,0.52671111,0.45670808,0.72780476,0.27219524,0.14853727,0.06569918,0.00403392,0.02579198,0.02983983,143533,0.07000303,0.04703812,0.02296491,0.05734806,White,5561868
MO,MO-22,185990,-0.00280409,0.39914807,0.58682741,0.80377279,0.19622721,0.06724758,0.0654211,0.00656232,0.01609899,0.03783624,138518,-0.18767934,-0.17199173,-0.01568761,-0.18745014,White,1996648
MO,MO-23,186969,0.00244487,0.25915027,0.72730826,0.86325228,0.13674772,0.04342881,0.04118201,0.00302132,0.01308307,0.03158776,143315,-0.46815799,-0.44991909,-0.0182389,-0.46707836,White,172554
MO,MO-24,186899,0.00206956,0.19813313,0.79189079,0.85233017,0.14766983,0.04475155,0.04505332,0.00387504,0.01925174,0.03215939,145805,-0.59375766,-0.57470722,-0.01905044,-0.59240751,White,186413
MO,MO-25,186403,-0.00058977,0.21921802,0.77076833,0.91294637,0.08705363,0.01415987,0.02016477,0.00132901,0.00682596,0.03502046,143716,-0.55155031,-0.53475411,-0.0167962,-0.55095158,White,109382
MO,MO-26,186798,0.00152804,0.23636704,0.7507049,0.82467477,0.17532523,0.02241484,0.06332903,0.0073061,0.01680404,0.06228631,140978,-0.51433786,-0.50670935,-0.00762851,-0.51679502,White,494845
MO,MO-27,186407,-0.00056832,0.18378624,0.80723312,0.85574036,0.14425964,0.01186477,0.06185893,0.00612131,0.0128472,0.04690946,145557,-0.62344688,-0.6070582,-0.01638868,-0.62298399,White,236932
MO,MO-28,186336,-0.000949,0.47729586,0.50532662,0.82000855,0.17999145,0.05510238,0.04879876,0.00327341,0.03127485,0.03874848,152135,-0.02803076,-0.02333753,-0.00469323,-0.03146635,White,8779220
MO,MO-29,186235,-0.00149051,0.27239505,0.71602008,0.89419325,0.10580675,0.01630279,0.0278503,0.00159944,0.016353,0.03638541,139424,-0.44362503,-0.45003383,0.0064088,-0.4507613,White,887284
MO,MO-30,186325,-0.00100797,0.1621561,0.82896522,0.91926195,0.08073805,0.01251539,0.01691594,0.00120272,0.00624001,0.03634344,141346,-0.66680912,-0.64556278,-0.02124634,-0.66472701,White,116369
MO,MO-31,186146,-0.00196769,0.23292705,0.75676974,0.89320117,0.10679883,0.03359166,0.01579981,0.00098919,0.01541778,0.03175654,146584,-0.52384269,-0.493261,-0.03058169,-0.51864879,White,190028
MO,MO-32,185921,-0.00317404,0.14983706,0.84284152,0.91835023,0.08164977,0.01996715,0.01449195,0.00086633,0.00622371,0.03305218,144287,-0.69300446,-0.67305365,-0.01995081,-0.69135419,White,81784
MO,MO-33,186698,0.00099189,0.24269454,0.74823488,0.80918411,0.19081589,0.12434186,0.02600614,0.00081964,0.01194032,0.02361669,143966,-0.50554034,-0.48141439,-0.02412595,-0.50249836,White,238587
MS,MS-1,184647,-0.00233953,0.57994607,0.4097182,0.34654862,0.65345138,0.61925858,0.02108568,0.00046559,0.00801383,0.00894501,141755,0.17022787,0.22409974,-0.05387187,0.18318516,Black,131266
MS,MS-2,185184,0.00056192,0.52708218,0.46380274,0.39880856,0.60119144,0.57145463,0.01882582,0.00061747,0.00562038,0.0092831,142517,0.06327944,0.14262489,-0.07934545,0.08472792,Black,125567
MS,MS-3,185314,0.00126432,0.36699881,0.60777421,0.61566218,0.38433782,0.29597722,0.0459736,0.00122451,0.02142536,0.01915023,138014,-0.2407754,-0.23904419,-0.00173121,-0.24519833,White,1463871
MS,MS-4,185162,0.00044305,0.30563085,0.68351525,0.6818073,0.3181927,0.25477036,0.03401682,0.00099204,0.01423753,0.01412806,146163,-0.3778844,-0.29005856,-0.08782584,-0.35360912,White,226306
MS,MS-5,185144,0.0003458,0.16815306,0.82348744,0.82590377,0.17409623,0.1279937,0.01952741,0.00052927,0.00792518,0.01637266,143593,-0.65533438,-0.61018105,-0.04515333,-0.64528327,White,271220
MS,MS-6,184917,-0.0008807,0.52685823,0.4621391,0.47935076,0.52064924,0.47214841,0.02052222,0.00076212,0.01543458,0.01317569,145647,0.06471913,0.12961319,-0.06489406,0.08135048,Minority,223299
MS,MS-7,184913,-0.00090231,0.27080811,0.72091558,0.66049448,0.33950552,0.27126349,0.02340315,0.00065344,0.00668357,0.04053469,140793,-0.45010747,-0.40079497,-0.0493125,-0.43866997,White,162777
MS,MS-8,184795,-0.00153987,0.74083001,0.24513691,0.26874641,0.73125359,0.69400627,0.01849226,0.0006224,0.01360986,0.00903175,144601,0.4956931,0.52321282,-0.02751972,0.49986634,Black,1409159
MS,MS-9,185281,0.00108602,0.5554298,0.43445089,0.38701005,0.61298995,0.58001139,0.02013311,0.00065999,0.00535632,0.01065707,143942,0.12097891,0.17041541,-0.0494365,0.13245774,Black,163499
MS,MS-10,185514,0.00234493,0.25965831,0.72933368,0.74049226,0.25950774,0.19376662,0.02648268,0.000776,0.02137521,0.01571043,141753,-0.46967537,-0.45079394,-0.01888143,-0.46838156,White,891325
MS,MS-11,185435,0.00191809,0.39187679,0.59943779,0.54611307,0.45388693,0.38227058,0.04159821,0.00065723,0.01495907,0.01751654,139982,-0.207561,-0.14817573,-0.05938527,-0.19276591,White,197569
MS,MS-12,184976,-0.00056192,0.45548453,0.53465137,0.48584015,0.51415985,0.46391861,0.03083001,0.00097196,0.00849591,0.01234179,143010,-0.07916684,-0.00787725,-0.07128959,-0.06040364,Minority,259397
MS,MS-13,184892,-0.00101578,0.25625784,0.73394984,0.70404701,0.29595299,0.24655814,0.02145824,0.00101875,0.01172276,0.01576905,139387,-0.477692,-0.43716458,-0.04052742,-0.46918286,White,227804
MS,MS-14,184523,-0.00300951,0.16309154,0.82870955,0.79409088,0.20590912,0.14769977,0.02402167,0.00093124,0.00776031,0.02219447,141747,-0.66561801,-0.63045256,-0.03516545,-0.65889619,White,162243
MS,MS-15,185357,0.00149665,0.23739363,0.75209514,0.76522568,0.23477432,0.11979426,0.04612377,0.00209526,0.03706299,0.02825449,142703,-0.51470151,-0.5060311,-0.00867041,-0.51681137,White,663423
MS,MS-16,185225,0.00078344,0.44203716,0.54543796,0.5500662,0.4499338,0.33006789,0.07059553,0.0025917,0.03038199,0.02214914,141992,-0.1034008,-0.0517278,-0.051673,-0.09117647,White,3104674
MT,MT-1,179907,-0.00441053,0.48199923,0.48492488,0.89479198,0.10520802,0.0075956,0.03963221,0.0017576,0.01705219,0.02832152,145084,-0.00292565,0.04501818,-0.04794383,0.00805563,White,61803
MT,MT-2,180888,0.00101824,0.48796993,0.47917347,0.88017143,0.11982857,0.00842764,0.04172058,0.00235508,0.01587628,0.04337051,146067,0.00879646,0.04269407,-0.03389761,0.01509566,White,53205
MT,MT-3,180727,0.00012728,0.32016064,0.65232223,0.83888066,0.16111934,0.00504539,0.02622609,0.00237388,0.01085609,0.1093616,141119,-0.33216159,-0.28319651,-0.04896508,-0.3208399,White,35017
MT,MT-4,181093,0.00215269,0.38912604,0.57878517,0.8690767,0.1309233,0.01343236,0.03302475,0.00259777,0.01547397,0.05942483,142045,-0.18965913,-0.16195877,-0.02770036,-0.18542568,White,47066
MT,MT-5,180528,-0.00097397,0.23307562,0.73592401,0.83330071,0.16669929,0.00603978,0.02263648,0.00205918,0.00865,0.12327526,137919,-0.50284839,-0.47906315,-0.02378524,-0.49991998,White,6666
MT,MT-6,181082,0.00209182,0.36724428,0.60040425,0.81522819,0.18477181,0.01200966,0.04750198,0.00276309,0.01333681,0.10743424,137889,-0.23315997,-0.19731664,-0.03584333,-0.22621219,White,67584
NC,NC-1,185767,-0.00349215,0.59823853,0.3819251,0.61706178,0.38293822,0.24049253,0.08094969,0.00125257,0.04888543,0.01686363,141310,0.21631343,0.20147045,0.01484298,0.20636577,White,5213419
NC,NC-2,185798,-0.00332586,0.71542293,0.26136671,0.2850269,0.7149731,0.4374658,0.19937597,0.00167023,0.07391666,0.02344011,140699,0.45405622,0.49721476,-0.04315854,0.4634424,Black,5873111
NC,NC-3,186087,-0.00177558,0.81660015,0.15530046,0.22429288,0.77570712,0.55904241,0.13634827,0.00153805,0.0785301,0.01809103,144989,0.66129969,0.71171274,-0.05041305,0.67310404,Black,10094248
NC,NC-4,185966,-0.00242466,0.72225265,0.24924373,0.30255104,0.69744896,0.40005564,0.22915864,0.00151236,0.06063006,0.02454736,140178,0.47300892,0.53095073,-0.05794181,0.48732286,Black,11547735
NC,NC-5,186121,-0.00159319,0.60832272,0.37125007,0.75928167,0.24071833,0.11001223,0.06918342,0.00110473,0.04750976,0.01396688,152074,0.23707265,0.27206578,-0.03499313,0.24373703,White,14090773
NC,NC-6,185743,-0.00362089,0.5295459,0.44887527,0.67090748,0.32909252,0.11492097,0.08577517,0.00136388,0.11099982,0.01604688,140775,0.08067063,0.07637681,0.00429382,0.07423936,White,7414132
NC,NC-7,186685,0.00143227,0.50153398,0.48083306,0.59243859,0.40756141,0.22365102,0.1110368,0.00136661,0.05837883,0.02212013,137567,0.02070092,-0.00063885,0.02133977,0.00858766,White,4808655
NC,NC-8,185994,-0.00227446,0.30356857,0.68566176,0.73663585,0.26336415,0.14468746,0.07923279,0.00108321,0.01542707,0.02487926,144940,-0.38209319,-0.38460663,0.00251344,-0.387931,White,980352
NC,NC-9,186693,0.00147518,0.33135513,0.65660428,0.75977607,0.24022393,0.12092215,0.07065614,0.00118919,0.02774784,0.01973643,143795,-0.32524915,-0.32354866,-0.00170049,-0.32968232,White,1210044
NC,NC-10,185945,-0.00253731,0.40505508,0.58258005,0.68097446,0.31902554,0.19535608,0.08017164,0.00095508,0.02142709,0.02393245,144490,-0.17752497,-0.2099094,0.03238443,-0.19331978,White,3360384
NC,NC-11,186420,0.00001073,0.40950305,0.57530106,0.67857863,0.32142137,0.13096936,0.11877123,0.00133627,0.0520324,0.01973051,133955,-0.16579801,-0.15634432,-0.00945369,-0.16764678,White,3566132
NC,NC-12,186873,0.00244075,0.28680242,0.70307451,0.76986628,0.23013372,0.1285919,0.06300314,0.00094829,0.01610725,0.02224724,146580,-0.41627209,-0.39915075,-0.01712134,-0.41556498,White,453071
NC,NC-13,186518,0.00053643,0.5142505,0.4745134,0.43423367,0.56576633,0.40660171,0.07905242,0.00424618,0.02063036,0.07238994,141539,0.0397371,0.09691787,-0.05718077,0.05379736,Minority,418358
NC,NC-14,186312,-0.00056861,0.62010079,0.36338373,0.39450623,0.60549377,0.42968346,0.11508098,0.00747395,0.04547805,0.03361901,145037,0.25671706,0.28886611,-0.03214905,0.26243341,Black,4262431
NC,NC-15,187001,0.00312738,0.41325663,0.57665681,0.53604825,0.46395175,0.2986009,0.10656721,0.00339782,0.02144336,0.04723392,140090,-0.16340018,-0.12727312,-0.03612706,-0.15635783,White,364062
NC,NC-16,186336,-0.00043987,0.34047588,0.65212663,0.41048017,0.58951983,0.25781489,0.07026444,0.00135699,0.00855254,0.26499652,143700,-0.31165075,-0.23647797,-0.07517278,-0.29159316,Minority,312658
NC,NC-17,187073,0.00351361,0.56228391,0.41998421,0.68575393,0.31424607,0.17316603,0.08351518,0.001017,0.04245804,0.01997629,148476,0.1422997,0.13763121,0.00466849,0.13574354,White,4097996
NC,NC-18,186748,0.00177022,0.56234533,0.42352023,0.46815612,0.53184388,0.35925673,0.1462319,0.00193633,0.01487104,0.02449638,142021,0.1388251,0.16296254,-0.02413744,0.14187091,Minority,3168831
NC,NC-19,186677,0.00138935,0.56292523,0.41910647,0.67917476,0.32082524,0.18972553,0.06424572,0.00113608,0.05041107,0.01934027,148757,0.14381876,0.14128421,0.00253455,0.13797391,White,3793337
NC,NC-20,186820,0.00215644,0.61208881,0.36868534,0.4471432,0.5528568,0.35664083,0.10208668,0.00154366,0.08234008,0.02025204,146405,0.24340347,0.27045227,-0.0270488,0.24741974,Minority,6297234
NC,NC-21,186477,0.00031649,0.59375721,0.39152377,0.4209902,0.5790098,0.46556055,0.07471882,0.00106053,0.02852279,0.02356898,143324,0.20223344,0.22231152,-0.02007808,0.20392613,Black,1622706
NC,NC-22,186059,-0.00192578,0.48932886,0.49603529,0.63017267,0.36982733,0.21213121,0.11797135,0.00120982,0.02143996,0.02596992,145476,-0.00670643,-0.01250328,0.00579685,-0.01363871,White,1342813
NC,NC-23,185979,-0.00235492,0.65096151,0.33318514,0.66597661,0.33402339,0.16632721,0.07269595,0.00122206,0.07652908,0.01911891,149747,0.31777637,0.32794065,-0.01016428,0.31616446,White,679988
NC,NC-24,185742,-0.00362626,0.81091018,0.16829421,0.44182841,0.55817159,0.36338578,0.11397861,0.00102014,0.07196373,0.01883542,148019,0.64261597,0.65279908,-0.01018311,0.64101034,Minority,5387293
NC,NC-25,186101,-0.00170048,0.68012927,0.30270406,0.4885546,0.5114454,0.3233965,0.13162213,0.00116337,0.04389197,0.02286391,148706,0.37742521,0.39294384,-0.01551863,0.37759809,Minority,1154980
NC,NC-26,185897,-0.00279479,0.52154561,0.46718346,0.48859081,0.51140919,0.42109181,0.05744552,0.00118156,0.00867386,0.0312532,146417,0.05436215,0.10265219,-0.04829004,0.06545883,Minority,355005
NC,NC-27,186749,0.00177558,0.51184412,0.47893214,0.47912667,0.52087333,0.46011626,0.03984026,0.00134451,0.00815401,0.01731807,149497,0.03291198,0.08724805,-0.05433607,0.046024,Minority,204017
NC,NC-28,187113,0.00372818,0.50867816,0.48147508,0.48186692,0.51813308,0.41720841,0.07574499,0.00120819,0.01242509,0.0206078,145673,0.02720308,0.05480595,-0.02760287,0.03140404,Minority,726698
NC,NC-29,187023,0.00324539,0.51462132,0.47286441,0.53811291,0.46188709,0.36014541,0.06762012,0.00144455,0.02222968,0.01751948,146066,0.04175691,0.07813061,-0.0363737,0.04888148,White,857873
NC,NC-30,186722,0.00163074,0.6997805,0.28176022,0.36857923,0.63142077,0.43348336,0.16210795,0.00148846,0.02840841,0.02290818,141085,0.41802028,0.45860102,-0.04058074,0.42654719,Black,3596861
NC,NC-31,186978,0.003004,0.61036232,0.37031341,0.50917216,0.49082784,0.28921325,0.13581288,0.00149926,0.05614301,0.02132843,138735,0.24004891,0.24771662,-0.00766771,0.23760481,White,6108396
NC,NC-32,186097,-0.00172194,0.59653423,0.38484603,0.76266851,0.23733149,0.11748935,0.05761615,0.00129951,0.04737054,0.01436984,146209,0.2116882,0.21260437,-0.00091617,0.20699359,White,5000257
NC,NC-33,186765,0.00186141,0.66311823,0.31144372,0.68168101,0.31831899,0.13870432,0.07472785,0.00137115,0.08867005,0.01648588,156073,0.35167451,0.37056232,-0.01888781,0.35297045,White,7157163
NC,NC-34,186860,0.00237102,0.64501533,0.32992985,0.53959444,0.46040556,0.09230691,0.07323078,0.00162428,0.28106517,0.01354777,137292,0.31508548,0.32355277,-0.00846729,0.31290791,White,10132840
NC,NC-35,186636,0.00116941,0.51388717,0.46518074,0.72171728,0.27828272,0.123122,0.08911489,0.00152849,0.04739075,0.01987787,134119,0.04870643,0.02428405,0.02442238,0.03556564,White,3387753
NC,NC-36,186450,0.00017166,0.49871491,0.48693159,0.65569501,0.34430499,0.15964438,0.1350848,0.00227615,0.0299467,0.02493774,140149,0.01178332,0.02223046,-0.01044714,0.0102657,White,746892
NC,NC-37,187094,0.00362626,0.36224681,0.62406696,0.66884885,0.33115115,0.18204837,0.11230584,0.00189375,0.01414285,0.02803745,140990,-0.26182015,-0.27150862,0.00968847,-0.27004964,White,935775
NC,NC-38,187017,0.00321321,0.42588059,0.56155883,0.59161363,0.40838637,0.25984543,0.11433057,0.00191084,0.01817781,0.02155907,140776,-0.13567824,-0.13165427,-0.00402397,-0.13933692,White,1132373
NC,NC-39,186589,0.00091729,0.33282247,0.65613598,0.76650631,0.23349369,0.15815177,0.04336965,0.0015572,0.00986005,0.0201972,150912,-0.32331351,-0.28234031,-0.0409732,-0.31465578,White,175311
NC,NC-40,185753,-0.00356725,0.3321466,0.65636239,0.74756407,0.25243593,0.14589836,0.05704709,0.00285066,0.02627213,0.02320479,147685,-0.32421579,-0.30611532,-0.01810047,-0.3231823,White,403444
NC,NC-41,185978,-0.00236029,0.38426599,0.60688323,0.57926157,0.42073843,0.28098337,0.11592493,0.0014104,0.00869978,0.02123277,143222,-0.22261724,-0.16762621,-0.05499103,-0.2092869,White,329489
NC,NC-42,186094,-0.00173803,0.32060153,0.66641396,0.65276029,0.34723971,0.15341074,0.12827131,0.00779855,0.03919343,0.0308413,144514,-0.34581243,-0.28635685,-0.05945558,-0.3309939,White,1053738
NC,NC-43,185983,-0.00233347,0.51027209,0.47525481,0.76666426,0.23333574,0.1279217,0.06243235,0.00210579,0.02199597,0.01956218,152437,0.03501728,0.05081016,-0.01579288,0.03528157,White,6110182
NC,NC-44,186062,-0.00190969,0.37706333,0.61176282,0.8300124,0.1699876,0.08685399,0.04436191,0.00101523,0.01207359,0.02237372,155629,-0.23469949,-0.23128542,-0.00341407,-0.23856147,White,798863
NC,NC-45,186358,-0.00032186,0.24078437,0.74938173,0.79171073,0.20828927,0.07490202,0.09738783,0.00097464,0.01179935,0.02543047,144669,-0.50859736,-0.49619872,-0.01239864,-0.50946448,White,513447
NC,NC-46,185852,-0.00303619,0.25431658,0.73156173,0.79416325,0.20583675,0.0963119,0.06430855,0.00075463,0.02080732,0.02460793,145766,-0.47724515,-0.48432494,0.00707979,-0.48460508,White,1229474
NC,NC-47,186723,0.00163611,0.2620049,0.72858025,0.79824632,0.20175368,0.11798527,0.05651272,0.00066934,0.00713521,0.02109103,149400,-0.46657535,-0.43427091,-0.03230444,-0.4608072,White,533067
NC,NC-48,186472,0.00028967,0.21047804,0.77816779,0.86178336,0.13821664,0.04474567,0.06498054,0.00058583,0.00743404,0.02120453,148506,-0.56768975,-0.55748121,-0.01020854,-0.5692869,White,387512
NC,NC-49,186411,-0.00003755,0.33219675,0.65494603,0.86724907,0.13275093,0.04088682,0.05518976,0.00148408,0.01317529,0.02014854,154304,-0.32274928,-0.31378761,-0.00896167,-0.32476206,White,380916
NC,NC-50,186315,-0.00055252,0.29783989,0.69150481,0.78083289,0.21916711,0.08356688,0.08267794,0.00118073,0.03065815,0.02478845,147367,-0.39366492,-0.38429075,-0.00937417,-0.3955402,White,1137763
NC,NC-51,185997,-0.00225837,0.24526506,0.74526947,0.84099645,0.15900355,0.06582361,0.05267519,0.00098477,0.01534888,0.02326103,147242,-0.50000441,-0.50324536,0.00324095,-0.50608473,White,1001055
NC,NC-52,187089,0.00359944,0.30624379,0.68459197,0.76858494,0.23141506,0.13848024,0.04767984,0.00102668,0.02239108,0.02598446,148050,-0.37834818,-0.36225629,-0.01609189,-0.37798422,White,739694
NC,NC-53,186612,0.00104067,0.35231818,0.63463887,0.84883744,0.15116256,0.05338274,0.04540058,0.00130522,0.00951694,0.04198996,152465,-0.28232069,-0.28627002,0.00394933,-0.28863713,White,377097
NC,NC-54,186659,0.00129279,0.31558758,0.6702211,0.8834361,0.1165639,0.01352648,0.04091221,0.00088088,0.00766044,0.05191348,153255,-0.35463352,-0.34768319,-0.00695033,-0.35731674,White,225438
NC,NC-55,186534,0.00062226,0.56286636,0.41931204,0.79326206,0.20673794,0.0700882,0.09260907,0.00456699,0.01872595,0.02062341,152836,0.14355432,0.11442556,0.02912876,0.12884473,White,2081144
NC,NC-56,186571,0.00082074,0.56432464,0.4189687,0.84775329,0.15224671,0.03949441,0.06626299,0.00211766,0.01506849,0.0259546,151110,0.14535594,0.10172471,0.04363123,0.1258122,White,1232622
ND,ND-1,194320,-0.00233091,0.43789917,0.53286588,0.84325988,0.15674012,0.06142006,0.02888245,0.00138232,0.03617284,0.02771944,150472,-0.09496671,-0.0390238,-0.05594291,-0.08131907,White,188975
ND,ND-2,195239,0.00238738,0.31895754,0.65580587,0.87148565,0.12851435,0.02501638,0.03251015,0.00172278,0.02113848,0.04713088,152660,-0.33684833,-0.30018408,-0.03666425,-0.32962691,White,28164
ND,ND-3,194858,0.00043127,0.22357032,0.75480787,0.78274771,0.21725229,0.03561467,0.05353967,0.00290676,0.0187901,0.10698936,144491,-0.53123755,-0.51150917,-0.01972838,-0.52966142,White,24333
ND,ND-4,194677,-0.00049801,0.23250025,0.74278832,0.87643968,0.12356032,0.02180238,0.0306998,0.00316562,0.01217081,0.05527043,148470,-0.51028807,-0.48893366,-0.02135441,-0.50816993,White,33157
NE,NE-1,178311,-0.00004486,0.52010032,0.46563528,0.81882947,0.18117053,0.04382342,0.0720412,0.00170217,0.04343456,0.02092489,136297,0.05446504,0.08341071,-0.02894567,0.0591136,White,1206470
NE,NE-2,178842,0.00293295,0.46370903,0.51979899,0.80845629,0.19154371,0.04597194,0.068976,0.00137489,0.05168134,0.02158575,138193,-0.05608996,-0.01414747,-0.04194249,-0.04710913,White,681020
NE,NE-3,178546,0.001273,0.44211809,0.54446314,0.79463374,0.20536626,0.05101328,0.09155973,0.00291044,0.0376053,0.02214697,130221,-0.10234505,-0.10124524,-0.00109981,-0.10697845,White,2927781
NE,NE-4,178850,0.00297781,0.58458556,0.40051504,0.6590304,0.3409696,0.05599605,0.23003961,0.00219057,0.03439272,0.03074177,135581,0.18407052,0.19044747,-0.00637695,0.18119617,White,13232736
NE,NE-5,178237,-0.00045985,0.63062637,0.35277933,0.55739354,0.44260646,0.26572876,0.0850919,0.00257167,0.06953332,0.02863626,132210,0.27784704,0.30560368,-0.02775664,0.28209925,White,5853223
NE,NE-6,178322,0.00001682,0.51187766,0.47628498,0.8246584,0.1753416,0.05247027,0.04764766,0.00142725,0.05652667,0.01460304,133123,0.03559268,0.02462623,0.01096645,0.0269372,White,12512367
NE,NE-7,178590,0.00151975,0.33170927,0.65657282,0.83434367,0.16565633,0.01747148,0.08668895,0.00185932,0.02132842,0.03698667,130155,-0.32486355,-0.31217458,-0.01268897,-0.32563389,White,204476
NE,NE-8,177851,-0.00262451,0.21208167,0.77653186,0.85385439,0.14614561,0.01203023,0.10718593,0.00125846,0.00811254,0.01926635,133497,-0.56445019,-0.54633554,-0.01811465,-0.56341197,White,81312
NE,NE-9,177729,-0.00330868,0.27477061,0.71302659,0.77109408,0.22890592,0.02356551,0.17331761,0.00144356,0.01517625,0.02077665,132312,-0.43825598,-0.41348028,-0.0247757,-0.43499741,White,150751
NE,NE-10,177676,-0.0036059,0.21403419,0.77463791,0.91110706,0.08889294,0.01105608,0.04735615,0.00125273,0.00753824,0.01954115,137300,-0.56060372,-0.54932526,-0.01127846,-0.56184423,White,34708
NE,NE-11,178550,0.00129543,0.17294175,0.81629304,0.87383232,0.12616768,0.01062388,0.07443274,0.00164677,0.00802985,0.03081508,137238,-0.64335129,-0.62920092,-0.01415037,-0.6436345,White,15228
NH,NH-1,197236,0.59403375,0.59403375,0.39046747,0.8982407,0.1017593,0.01562318,0.02422022,0.00130705,0.03871431,0.01385591,162963,0.2390107,0.20356628,0.03544442,0.22219589,White,1639732
NH,NH-2,196100,0.41385984,0.41385984,0.57355968,0.9105209,0.0894791,0.01246746,0.03126779,0.00074843,0.02304784,0.01283847,156327,-0.10997205,-0.15969984,0.04972779,-0.13154798,White,1845807
NH,NH-3,197023,0.54626014,0.54626014,0.43849004,0.82355144,0.17644856,0.04591095,0.06687884,0.00119817,0.0423539,0.01844675,160245,0.16031321,0.1077701,0.05254311,0.13779884,White,2685475
NH,NH-4,196730,0.50997739,0.50997739,0.47490728,0.82522888,0.17477112,0.0267151,0.07025837,0.00122792,0.05436546,0.01404149,157177,0.08016339,0.0350701,0.04509329,0.06013229,White,3254744
NH,NH-5,196652,0.52116484,0.52116484,0.46237092,0.91832948,0.08167052,0.01310832,0.02150524,0.0012855,0.01683184,0.01890891,157915,0.11058186,0.05879392,0.05178794,0.08831921,White,419035
NH,NH-6,196793,0.54082452,0.54082452,0.44320539,0.91125353,0.08874647,0.01304863,0.01978556,0.00092944,0.02372202,0.02117668,164615,0.14592487,0.09761913,0.04830574,0.12482296,White,139176
NH,NH-7,196995,0.42440626,0.42440626,0.56316771,0.93119959,0.06880041,0.00931008,0.01580793,0.00089198,0.01248157,0.02108549,161438,-0.10565776,-0.13876145,0.03310369,-0.12169232,White,447994
NJ,NJ-1,185726,0.00035549,0.50864003,0.4716364,0.51976125,0.48023875,0.1943081,0.18724485,0.00281566,0.09899559,0.01689396,145259,0.03700363,0.15543869,-0.11843506,0.07148198,White,2896767
NJ,NJ-2,186368,0.00381342,0.40990542,0.57482373,0.69767397,0.30232603,0.12935606,0.14588568,0.00132418,0.01219536,0.02576011,154813,-0.16491831,-0.10608705,-0.05883126,-0.15030789,White,863494
NJ,NJ-3,186089,0.00231068,0.47294642,0.50732953,0.7447947,0.2552053,0.13770828,0.07134243,0.00124068,0.03052483,0.01911614,144276,-0.03438311,0.01885998,-0.05324309,-0.02163541,White,1459145
NJ,NJ-4,185073,-0.00316169,0.46635494,0.51600677,0.65565754,0.34434246,0.13717202,0.16932916,0.00140204,0.0304443,0.01891028,144789,-0.04965183,0.02316255,-0.07281438,-0.03038037,White,2609866
NJ,NJ-5,184980,-0.00366261,0.52195467,0.46003072,0.77010258,0.22989742,0.10946681,0.06249572,0.00120526,0.04630682,0.01332639,146026,0.06192395,0.10417894,-0.04225499,0.07100895,White,11104401
NJ,NJ-6,184979,-0.003668,0.61198308,0.36982271,0.59385799,0.40614201,0.22109017,0.096887,0.00139059,0.08221008,0.01635665,145262,0.24216037,0.30341339,-0.06125302,0.25757804,White,4757154
NJ,NJ-7,185424,-0.00127114,0.69930979,0.28167092,0.45524639,0.54475361,0.23357434,0.25237007,0.00240769,0.06797417,0.01749156,139553,0.41763887,0.48393619,-0.06629732,0.43473798,Minority,18314474
NJ,NJ-8,185219,-0.00237531,0.66864278,0.31616214,0.49451444,0.50548556,0.31649393,0.12421992,0.00155844,0.05570381,0.01784618,145017,0.35248064,0.39104168,-0.03856104,0.36033432,Minority,8381493
NJ,NJ-9,185231,-0.00231068,0.56024005,0.42286748,0.76774913,0.23225087,0.09064099,0.05338424,0.00139585,0.0783384,0.0124326,146148,0.13737257,0.15940451,-0.02203194,0.13971655,White,4712416
NJ,NJ-10,185181,-0.00257998,0.39377821,0.59003868,0.73377703,0.26622297,0.09983772,0.10969272,0.00221409,0.04345398,0.01862595,152207,-0.19626047,-0.1210161,-0.07524437,-0.17617901,White,735649
NJ,NJ-11,186190,0.00285468,0.34362765,0.64051829,0.85808538,0.14191462,0.03336281,0.06773917,0.00076822,0.02626805,0.01225928,154903,-0.29689064,-0.24978111,-0.04710953,-0.28618746,White,1377113
NJ,NJ-12,186042,0.00205752,0.33719107,0.6468522,0.82177045,0.17822955,0.03639968,0.0966885,0.00067395,0.03216625,0.01323684,152831,-0.30966113,-0.23645333,-0.0732078,-0.29025853,White,5945740
NJ,NJ-13,185406,-0.00136809,0.19214251,0.79779394,0.77850097,0.22149903,0.05167327,0.13365908,0.00077441,0.01869641,0.0109339,108470,-0.60565143,-0.47372489,-0.13192654,-0.56667592,White,6918374
NJ,NJ-14,185248,-0.00221911,0.36642152,0.61390032,0.85235159,0.14764841,0.02844222,0.07459237,0.00097524,0.03136126,0.01078774,149707,-0.2474788,-0.18202882,-0.06544998,-0.23066214,White,4347865
NJ,NJ-15,185300,-0.00193903,0.51864871,0.46079896,0.64004401,0.35995599,0.15110249,0.1375452,0.00112027,0.04250994,0.01424824,149071,0.05784975,0.14814478,-0.09029503,0.08294809,White,9070579
NJ,NJ-16,186121,0.00248303,0.42235147,0.55607841,0.7797029,0.2202971,0.04531344,0.10341212,0.00117096,0.06064485,0.01129432,146888,-0.13372694,-0.04693364,-0.0867933,-0.10979584,White,7724191
NJ,NJ-17,185653,-0.0000377,0.42514959,0.55372728,0.7049567,0.2950433,0.04348329,0.0964694,0.00091766,0.14698805,0.00845603,147114,-0.12857769,-0.01729981,-0.11127788,-0.09648506,White,4665390
NJ,NJ-18,186065,0.00218141,0.57301183,0.40413268,0.65156363,0.34843637,0.08555577,0.07602962,0.00135708,0.17924735,0.01073023,150323,0.16887915,0.21677193,-0.04789278,0.17984341,White,3597398
NJ,NJ-19,185506,-0.00082947,0.72286245,0.25949972,0.3039157,0.6960843,0.35768181,0.28879764,0.00203592,0.05618032,0.02121894,145389,0.46336273,0.55432164,-0.09095891,0.48868237,Black,14636117
NJ,NJ-20,185120,-0.00290854,0.48748062,0.48985372,0.8248382,0.1751618,0.03270269,0.06660714,0.00089293,0.06094073,0.00949996,148948,-0.0023731,0.02770618,-0.03007928,0.00265333,White,1191803
NJ,NJ-21,185456,-0.00109878,0.52381146,0.44722548,0.62113606,0.37886394,0.04762235,0.10522265,0.00141453,0.21600632,0.00844555,144218,0.07658598,0.14255981,-0.06597383,0.09357726,White,3802098
NJ,NJ-22,185624,-0.0001939,0.38795678,0.59070348,0.80942959,0.19057041,0.04663652,0.09461897,0.00078064,0.03206681,0.0142063,148596,-0.2027467,-0.1514795,-0.0512672,-0.19065763,White,1205303
NJ,NJ-23,186001,0.00183669,0.48194424,0.49291075,0.65364685,0.34635315,0.04382832,0.19601974,0.00086707,0.10022915,0.0117949,145317,-0.01096651,0.06720448,-0.07817099,0.01009049,White,3131360
NJ,NJ-24,185034,-0.00337175,0.48509558,0.48947434,0.64028437,0.35971563,0.04461338,0.10858983,0.00098571,0.19718871,0.01116685,148117,-0.00437876,0.08711319,-0.09149195,0.02111856,White,6486699
NJ,NJ-25,185239,-0.00226759,0.39322401,0.58727735,0.82645652,0.17354348,0.02472055,0.0794042,0.00079271,0.05215897,0.01322293,150118,-0.19405334,-0.12532315,-0.06873019,-0.17614328,White,1288628
NJ,NJ-26,185358,-0.00162663,0.40074625,0.57231463,0.76863286,0.23136714,0.03160702,0.11682603,0.00076388,0.07429023,0.00850984,149239,-0.17156838,-0.07451905,-0.09704933,-0.1442186,White,3948381
NJ,NJ-27,185975,0.00169665,0.52459227,0.45633739,0.74790064,0.25209936,0.03285197,0.07202136,0.00094164,0.13783072,0.00533361,142305,0.06825488,0.14955507,-0.08130019,0.09035494,White,6003431
NJ,NJ-28,186358,0.00375956,0.56149551,0.40008662,0.48301695,0.51698305,0.07616038,0.12055111,0.0012325,0.3125667,0.00955706,145233,0.16140889,0.28957134,-0.12816245,0.19912971,Minority,6100286
NJ,NJ-29,185840,0.00096951,0.65279404,0.30651562,0.3232169,0.6767831,0.20129051,0.27087744,0.00165554,0.20816371,0.01873338,147384,0.34627842,0.47792046,-0.13164204,0.3851591,Minority,11739765
NJ,NJ-30,185536,-0.00066789,0.44339443,0.5295397,0.45892895,0.54107105,0.10986462,0.33108048,0.00179632,0.11313379,0.01516893,145297,-0.08614527,0.08601879,-0.17216406,-0.03375725,Minority,10248138
NJ,NJ-31,186235,0.00309706,0.61981553,0.34695262,0.27093317,0.72906683,0.24331501,0.31607371,0.001625,0.16989247,0.0203091,144615,0.27286291,0.41444872,-0.14158581,0.31505818,Hispanic,18316108
NJ,NJ-32,185539,-0.00065173,0.53492057,0.43042071,0.34603434,0.65396566,0.09160263,0.12766666,0.00138014,0.43353816,0.00953616,144188,0.10449986,0.25136633,-0.14686647,0.14845535,Asian,13369012
NJ,NJ-33,185692,0.00017236,0.57953033,0.39673842,0.35382622,0.64617378,0.25538478,0.28361987,0.00156599,0.11331835,0.01611216,148149,0.18279191,0.32567064,-0.14287873,0.22541815,Minority,18038702
NJ,NJ-34,185366,-0.00158354,0.55892669,0.41754035,0.74327302,0.25672698,0.05391537,0.10032551,0.0009808,0.09213089,0.0075763,140702,0.14138634,0.20154472,-0.06015838,0.15643913,White,12794024
NJ,NJ-35,185252,-0.00219757,0.48034408,0.500253,0.78121208,0.21878792,0.02213479,0.09654161,0.00096086,0.09346968,0.00689433,142581,-0.01990892,0.05949159,-0.07940051,0.00155792,White,9973181
NJ,NJ-36,186305,0.00347409,0.49780877,0.48087999,0.56893545,0.43106455,0.05507724,0.18216384,0.00217464,0.19644261,0.00848657,146231,0.01692878,0.15028941,-0.13336063,0.05638232,White,20669939
NJ,NJ-37,186180,0.00280082,0.53018321,0.44808225,0.44134331,0.55865669,0.15817123,0.3079045,0.00112912,0.10512295,0.01472587,147903,0.08210096,0.27555779,-0.19345683,0.14158657,Minority,28561070
NJ,NJ-38,185556,-0.00056016,0.53098004,0.45066099,0.5727423,0.4272577,0.09907435,0.22085337,0.00136362,0.1060604,0.01289733,148868,0.08031905,0.18587634,-0.10555729,0.11050481,White,21731085
NJ,NJ-39,185267,-0.00211677,0.570613,0.41409784,0.43331989,0.56668011,0.07484983,0.14549691,0.00129841,0.34821947,0.00837132,146333,0.15651516,0.29113108,-0.13461592,0.19638713,Minority,14492509
NJ,NJ-40,185821,0.00086718,0.54985387,0.41875231,0.28744896,0.71255104,0.06711472,0.53146252,0.00168519,0.12670934,0.0280555,150131,0.13110156,0.32559722,-0.19449566,0.19093345,Hispanic,57052930
NJ,NJ-41,186237,0.00310783,0.60693977,0.36214701,0.32860455,0.67139545,0.06184389,0.53631449,0.00245237,0.09057741,0.02623437,149651,0.24479276,0.46612264,-0.22132988,0.31356939,Hispanic,92514501
NJ,NJ-42,185618,-0.00022622,0.68144746,0.27934608,0.33741267,0.66258733,0.09148279,0.19545056,0.00212524,0.3779612,0.01208202,153865,0.40210138,0.54276498,-0.1406636,0.44398925,Asian,50151210
NJ,NJ-43,185899,0.0012873,0.64696801,0.32220912,0.27151458,0.72848542,0.31117049,0.27276343,0.00304187,0.15643292,0.0173512,143333,0.32475889,0.48457736,-0.15981847,0.37303171,Black,38590449
NJ,NJ-44,185090,-0.00307013,0.58987829,0.37196532,0.13689727,0.86310273,0.26725136,0.57644019,0.00245278,0.05419411,0.02323229,137395,0.21791297,0.51442363,-0.29651066,0.31174986,Hispanic,48023515
NJ,NJ-45,185163,-0.00267694,0.46096094,0.50059187,0.37419378,0.62580622,0.08744457,0.47641821,0.001561,0.0819101,0.02643062,140935,-0.03963093,0.18100341,-0.22063434,0.02891385,Hispanic,33103704
NJ,NJ-46,185863,0.0010934,0.84025013,0.14425719,0.22831992,0.77168008,0.58245177,0.15652028,0.00178293,0.04125211,0.01549401,143023,0.69599294,0.77256278,-0.07656984,0.71651622,Black,28980733
NJ,NJ-47,185777,0.00063018,0.86051046,0.12650846,0.16371533,0.83628467,0.69721585,0.12062234,0.0016158,0.02998377,0.01344554,136774,0.734002,0.8489126,-0.1149106,0.76730553,Black,48913567
NJ,NJ-48,186252,0.00318862,0.71874789,0.26248055,0.17769279,0.82230721,0.55413728,0.2019102,0.00153805,0.05930417,0.01205034,145639,0.45626734,0.64152109,-0.18525375,0.51301859,Black,34058901
NJ,NJ-49,186228,0.00305936,0.60614917,0.37445454,0.20720116,0.79279884,0.16515634,0.54517156,0.00260791,0.08224958,0.02216381,144560,0.23169463,0.37650181,-0.14480718,0.27496369,Hispanic,35920136
NJ,NJ-50,186334,0.00363029,0.61652458,0.36295599,0.16640904,0.83359096,0.1943516,0.58730225,0.00199838,0.02170371,0.02132074,143616,0.25356859,0.41579778,-0.16222919,0.30264499,Hispanic,27454188
NM,NM-1,192846,0.00178699,0.68474893,0.30433156,0.43567515,0.56432485,0.04488948,0.41679907,0.00298712,0.03936648,0.08684267,157342,0.38041737,0.39615229,-0.01573492,0.38066234,Minority,12649621
NM,NM-2,192497,-0.00002597,0.55757282,0.43234624,0.58561791,0.41438209,0.03598411,0.27158822,0.0031324,0.06091494,0.05785957,155791,0.12522658,0.10168224,0.02354434,0.11237847,White,1693593
NM,NM-3,192504,0.00001039,0.60749151,0.38486378,0.20208175,0.79791825,0.03721652,0.70277797,0.00232991,0.02005239,0.06730544,145070,0.22262773,0.34979976,-0.12717203,0.26001841,Hispanic,5259764
NM,NM-4,192836,0.00173505,0.51392923,0.47789074,0.44865025,0.55134975,0.04046844,0.42507005,0.00411018,0.03608286,0.07108483,145249,0.03603849,0.0648433,-0.02880481,0.04064009,Minority,2390116
NM,NM-5,191911,-0.0030701,0.56158156,0.43189218,0.29658372,0.70341628,0.02514303,0.64505488,0.00208042,0.01959295,0.03686595,146124,0.12968938,0.21977638,-0.090087,0.15471838,Hispanic,411255
NM,NM-6,192331,-0.0008883,0.44239351,0.55012528,0.40993676,0.59006324,0.01622561,0.53043729,0.00212806,0.01311744,0.04687101,148962,-0.10773177,-0.05531464,-0.05241713,-0.09525939,Hispanic,25275
NM,NM-7,193191,0.00357918,0.25208987,0.74348276,0.46342129,0.53657871,0.04069202,0.43419754,0.00314362,0.01802155,0.05222329,142829,-0.49139289,-0.46638029,-0.0250126,-0.48805536,Minority,51115
NM,NM-8,192657,0.00080519,0.29031851,0.7051514,0.49380191,0.50619809,0.03328986,0.4306404,0.00238177,0.01578008,0.03693459,145690,-0.41483289,-0.38051727,-0.03431562,-0.40839435,Minority,27619
NM,NM-9,192404,-0.00050909,0.70460663,0.28840899,0.4431081,0.5568919,0.01457277,0.49271362,0.0021856,0.01896923,0.04212016,158309,0.41619764,0.46363755,-0.04743991,0.42701094,Hispanic,43195
NM,NM-10,192191,-0.00161557,0.56554406,0.42575186,0.44533553,0.55466447,0.01189868,0.38003695,0.00178218,0.01812321,0.15812923,152622,0.1397922,0.17750708,-0.03771488,0.14736383,Minority,60495
NM,NM-11,192154,-0.00180777,0.49225454,0.49306985,0.20670066,0.79329934,0.01134744,0.14998475,0.00195743,0.01368075,0.63615861,141001,-0.00081531,0.10166271,-0.10247802,0.02834403,Native,45917
NV,NV-1,183124,0.00273787,0.40108747,0.57511583,0.74603196,0.25396804,0.01904931,0.13967901,0.00612932,0.04705056,0.04293935,146672,-0.17402836,-0.16471391,-0.00931445,-0.17592354,White,97494
NV,NV-2,183007,0.00209721,0.55665444,0.41899293,0.64070544,0.35929456,0.03555188,0.20814955,0.01142276,0.07981592,0.03546312,146462,0.13766151,0.17027715,-0.03261564,0.14353339,White,7628945
NV,NV-3,183033,0.00223957,0.5247316,0.45200082,0.5291812,0.4708188,0.04259241,0.29697453,0.0133759,0.09397025,0.03946383,141598,0.07273078,0.12398831,-0.05125753,0.08481662,White,11393437
NV,NV-4,182741,0.00064066,0.26825802,0.70977282,0.75047046,0.24952954,0.01567736,0.14545455,0.00579943,0.02681451,0.05677708,142945,-0.4415148,-0.4146543,-0.0268605,-0.4375613,White,18729
NV,NV-5,182919,0.00161534,0.30503674,0.67610767,0.69572203,0.30427797,0.05767193,0.15742147,0.00818195,0.04591206,0.04386658,148131,-0.37107093,-0.37002935,-0.00104158,-0.37572374,White,10419
NV,NV-6,183044,0.00229981,0.46121948,0.52086343,0.53420599,0.46579401,0.1397937,0.21563723,0.01610287,0.08934428,0.02938018,138733,-0.05964395,-0.02832412,-0.03131983,-0.05420401,White,16686047
NV,NV-7,182437,-0.00102396,0.46798177,0.51489706,0.62076065,0.37923935,0.08190005,0.13095555,0.0112754,0.14878895,0.01829696,146691,-0.04691529,-0.00621159,-0.0407037,-0.03834739,White,14727295
NV,NV-8,182311,-0.0017139,0.57573023,0.40607735,0.3459314,0.6540686,0.2426258,0.28040515,0.02134033,0.11597781,0.02856995,134862,0.16965288,0.23552891,-0.06587603,0.18661156,Minority,11613506
NV,NV-9,182693,0.00037783,0.56810989,0.41441809,0.2918975,0.7081025,0.13759483,0.44383944,0.01656166,0.11226265,0.03172735,136822,0.1536918,0.24655023,-0.09285843,0.17964461,Hispanic,10304391
NV,NV-10,182336,-0.00157701,0.64177047,0.34077593,0.16970746,0.83029254,0.16310947,0.61891318,0.00831236,0.04225385,0.03733879,127160,0.30099454,0.4350816,-0.13408706,0.34069023,Hispanic,22017448
NV,NV-11,182420,-0.00111705,0.66019861,0.31979482,0.23626495,0.76373505,0.24681848,0.43358569,0.01365404,0.07268161,0.03172686,135784,0.34040379,0.43819004,-0.09778625,0.36799921,Hispanic,20747099
NV,NV-12,181914,-0.00388777,0.5430438,0.43856105,0.38802343,0.61197657,0.14351275,0.31155943,0.0156201,0.14030237,0.02885854,143597,0.10448275,0.19094618,-0.08646343,0.12830389,Minority,27347482
NV,NV-13,182281,-0.00187818,0.5080905,0.4761477,0.39921858,0.60078142,0.12847068,0.17736505,0.01983346,0.27920638,0.0215792,144352,0.0319428,0.13211448,-0.10017168,0.06033336,Minority,20660456
NV,NV-14,182682,0.00031759,0.53852362,0.44381676,0.38746736,0.61253264,0.1613331,0.30801862,0.01618338,0.12636835,0.02943724,147806,0.09470686,0.17504311,-0.08033625,0.11648561,Minority,15148703
NV,NV-15,182920,0.00162082,0.48841669,0.49555213,0.4296433,0.5703567,0.10707315,0.18265586,0.02905776,0.25814664,0.02353474,141408,-0.00713544,0.07301203,-0.08014747,0.01458038,Minority,13387951
NV,NV-16,181941,-0.00373992,0.48992052,0.49218685,0.56699229,0.43300771,0.093946,0.17078315,0.02034884,0.14566104,0.02438669,144136,-0.00226633,0.04538835,-0.04765468,0.00861856,White,17706349
NV,NV-17,182811,0.00102396,0.40632663,0.57660139,0.67460508,0.32539492,0.06241491,0.14163936,0.01252677,0.09374893,0.02683232,146167,-0.17027476,-0.16422881,-0.00604595,-0.17325944,White,313796
NY,NY-1,186419,-0.0033681,0.50581636,0.48388836,0.73433697,0.26566303,0.04604985,0.18452349,0.00098555,0.02037253,0.01973754,151184,0.021928,0.08568222,-0.06375422,0.03817941,White,1238244
NY,NY-2,186881,-0.00089816,0.4176121,0.57353702,0.6735257,0.3264743,0.08800254,0.1966429,0.00120089,0.03401631,0.01842494,148223,-0.15592492,-0.06869305,-0.08723187,-0.13184763,White,4015771
NY,NY-3,186934,-0.00061481,0.45233943,0.5337294,0.71798138,0.28201862,0.09085748,0.11331441,0.00091755,0.07209717,0.01248267,151490,-0.08138997,-0.00944069,-0.07194928,-0.06240688,White,6600394
NY,NY-4,186393,-0.0035071,0.36694056,0.62190926,0.79874778,0.20125222,0.0383768,0.11182241,0.0009107,0.04238792,0.00927445,149335,-0.2549687,-0.16605813,-0.08891057,-0.23033184,White,6530489
NY,NY-5,186994,-0.00029404,0.37067974,0.61573097,0.80843734,0.19156266,0.02700511,0.09482955,0.00081102,0.06093409,0.00795608,149194,-0.24505123,-0.15598413,-0.0890671,-0.2203622,White,8917960
NY,NY-6,186772,-0.0014809,0.51292141,0.47575529,0.30989393,0.69010607,0.15582269,0.50529655,0.00106916,0.0392212,0.02999268,142168,0.03716612,0.23355545,-0.19638933,0.09762923,Hispanic,17190768
NY,NY-7,187304,0.00136328,0.49299586,0.48670105,0.72589482,0.27410518,0.05534346,0.13848926,0.00097117,0.07403017,0.01281278,149304,0.00629481,0.11130605,-0.10501124,0.03629856,White,7501838
NY,NY-8,187687,0.00341087,0.49403959,0.49117179,0.52233763,0.47766237,0.19960265,0.226843,0.00155427,0.05204117,0.01788092,147979,0.0028678,0.11858224,-0.11571444,0.03643928,White,17232448
NY,NY-9,187148,0.00052927,0.3449188,0.64580425,0.78142701,0.21857299,0.03132468,0.10159231,0.00064696,0.07821598,0.00797476,151478,-0.30088545,-0.20276377,-0.09812168,-0.27317822,White,9732063
NY,NY-10,187107,0.00031008,0.48129267,0.504284,0.65910903,0.34089097,0.03319502,0.1199873,0.00081771,0.18202522,0.00685256,147974,-0.02299133,0.12310381,-0.14609514,0.02070705,White,7965958
NY,NY-11,187520,0.00251806,0.40456386,0.58328642,0.76106565,0.23893435,0.02782279,0.11186502,0.00089119,0.09204947,0.00710929,148116,-0.17872256,-0.0573334,-0.12138916,-0.14325951,White,25038845
NY,NY-12,186676,-0.00199413,0.72769681,0.26469798,0.18475358,0.81524642,0.42187446,0.37457023,0.00171559,0.03189879,0.02243516,143391,0.46299883,0.59745192,-0.13445309,0.50281653,Black,36388292
NY,NY-13,186675,-0.00199948,0.43779474,0.55404567,0.68592038,0.31407962,0.0884654,0.17647657,0.00106438,0.0435717,0.00986414,147504,-0.11625093,0.01817419,-0.13442512,-0.07644256,White,11382378
NY,NY-14,186555,-0.00264102,0.52255979,0.45845872,0.43505866,0.56494134,0.2478768,0.17804938,0.00164684,0.13765414,0.01322236,146948,0.06410107,0.20975938,-0.14565831,0.10765384,Minority,35305049
NY,NY-15,187103,0.00028869,0.45675122,0.52567276,0.54691831,0.45308169,0.07188257,0.15385958,0.00111415,0.22049358,0.00916822,148993,-0.06892154,0.0688184,-0.13773994,-0.02800823,White,20124532
NY,NY-16,186964,-0.00045443,0.47280381,0.51536885,0.62341847,0.37658153,0.02424164,0.10527955,0.00108312,0.24134009,0.00660705,147721,-0.04256504,0.12496915,-0.16753419,0.00827969,White,16467302
NY,NY-17,187123,0.00039562,0.60034401,0.39136702,0.291001,0.708999,0.49688661,0.18284379,0.0023021,0.04239474,0.01742525,144216,0.20897699,0.36134814,-0.15237115,0.25476737,Black,23869278
NY,NY-18,187369,0.00171078,0.79405851,0.19342451,0.02405868,0.97594132,0.59038459,0.15290222,0.00691133,0.17529519,0.03819029,148886,0.600634,0.80491425,-0.20428025,0.66372742,Black,91910286
NY,NY-19,187328,0.00149159,0.82732584,0.15761595,0.03902983,0.96097017,0.6864157,0.11852046,0.0037612,0.14782238,0.01887164,152345,0.66970989,0.82309955,-0.15338966,0.71583978,Black,69449578
NY,NY-20,186965,-0.00044908,0.5426774,0.42591694,0.24570387,0.75429613,0.11396679,0.14653907,0.0036462,0.47809976,0.01454531,151939,0.11676046,0.38120393,-0.26444347,0.19990828,Asian,62165585
NY,NY-21,186906,-0.00076451,0.48818407,0.49755783,0.21425281,0.78574719,0.03155349,0.1431359,0.00148427,0.61432703,0.00787558,156306,-0.00937376,0.20377448,-0.21314824,0.05667565,Asian,88045300
NY,NY-22,186931,-0.00063085,0.52154518,0.46254746,0.29660398,0.70339602,0.07065006,0.15621814,0.0017036,0.47793542,0.00912972,152031,0.05899772,0.26025017,-0.20125245,0.12108187,Asian,110885590
NY,NY-23,187008,-0.00021919,0.56988641,0.40272959,0.39638097,0.60361903,0.09806142,0.35994047,0.00246273,0.15413791,0.02483143,151864,0.16715682,0.34723584,-0.18007902,0.22218316,Minority,91537572
NY,NY-24,187413,0.00194601,0.54333921,0.43511337,0.14262611,0.85737389,0.12733656,0.38970499,0.00642175,0.29957817,0.03937278,148402,0.10822584,0.44815997,-0.33993413,0.21653722,Hispanic,117687524
NY,NY-25,186998,-0.00027266,0.56060221,0.4181836,0.20634744,0.79365256,0.03140241,0.26040238,0.00208737,0.50386294,0.01742755,152345,0.14241861,0.37138772,-0.22896911,0.21374165,Asian,166026454
NY,NY-26,186653,-0.00211709,0.62603918,0.34854276,0.40360308,0.59639692,0.04796468,0.26179556,0.00214378,0.28271808,0.02014644,157199,0.27749642,0.43413948,-0.15664306,0.32471077,Minority,89451188
NY,NY-27,186599,-0.00240579,0.67913732,0.29253647,0.4707083,0.5292917,0.08784369,0.26174745,0.0022421,0.17306219,0.01853341,159226,0.38660085,0.54704328,-0.16044243,0.43508166,Minority,123781329
NY,NY-28,187038,-0.00005881,0.58878992,0.39190631,0.08788398,0.91211602,0.07056368,0.66177323,0.00221705,0.19504608,0.04678323,146591,0.19688361,0.52530735,-0.32842374,0.30135819,Hispanic,334212793
NY,NY-29,187667,0.00330395,0.76486718,0.20138991,0.18271099,0.81728901,0.23947525,0.5111493,0.00414381,0.10374727,0.03383782,151310,0.56347727,0.76047056,-0.19699329,0.6241417,Hispanic,183889626
NY,NY-30,187482,0.0023149,0.75656325,0.22005959,0.58787175,0.41212825,0.08173792,0.23505045,0.00231678,0.09903744,0.01622411,150640,0.53650366,0.5976506,-0.06114694,0.55188597,White,145306417
NY,NY-31,187255,0.00110132,0.87631252,0.11541593,0.01729175,0.98270825,0.75230915,0.24855723,0.00340823,0.04107774,0.01908178,139662,0.76089659,0.8812253,-0.12032871,0.79600616,Black,145814157
NY,NY-32,186547,-0.00268379,0.67834107,0.31393728,0.26904789,0.73095211,0.57519395,0.0921333,0.00155562,0.0799183,0.00946899,147851,0.36440379,0.49018049,-0.1257767,0.40132936,Black,47291825
NY,NY-33,187575,0.0028121,0.70088316,0.28530657,0.24191731,0.75808269,0.60709485,0.08157377,0.00162265,0.08147872,0.01050988,147290,0.41557659,0.52622545,-0.11064886,0.44745954,Black,140977044
NY,NY-34,187544,0.00264637,0.88313482,0.09167674,0.1868048,0.8131952,0.62933744,0.14291862,0.00193644,0.06851878,0.01579146,153374,0.79145808,0.88019983,-0.08874175,0.81603866,Black,181093283
NY,NY-35,186813,-0.0012617,0.86541748,0.11313764,0.23254336,0.76745664,0.63544502,0.10255799,0.0018541,0.04766351,0.01173378,151017,0.75227984,0.83282099,-0.08054115,0.77412689,Black,225882124
NY,NY-36,186462,-0.00313822,0.88863667,0.0824926,0.1780964,0.8219036,0.61583167,0.19128505,0.00230488,0.05291973,0.01914568,151418,0.80614407,0.90153794,-0.09539387,0.83294203,Black,214092624
NY,NY-37,187085,0.00019246,0.875883,0.0990948,0.47908942,0.52091058,0.2512132,0.14246865,0.00280125,0.13497137,0.01430616,146720,0.7767882,0.82065697,-0.04386877,0.78641112,Minority,167034208
NY,NY-38,187576,0.00281744,0.78816361,0.17826771,0.45824339,0.54175661,0.10143543,0.26919058,0.00231676,0.1760941,0.02564244,145462,0.6098959,0.70640289,-0.09650699,0.6370649,Minority,118473337
NY,NY-39,187291,0.00129378,0.46311571,0.50912601,0.25756226,0.74243774,0.02835451,0.2241066,0.00134019,0.49475501,0.01978711,142517,-0.0460103,0.23556235,-0.28157265,0.04284725,Asian,185226168
NY,NY-40,187289,0.00128309,0.36420777,0.61693569,0.39370127,0.60629873,0.02139806,0.13556173,0.00137636,0.45060004,0.0143942,147490,-0.25272792,0.04642401,-0.29915193,-0.15801061,Asian,176236278
NY,NY-41,187561,0.00273725,0.38349867,0.59077786,0.64414788,0.35585212,0.04602194,0.14014294,0.00163914,0.16855909,0.01112225,150689,-0.20727919,-0.07224811,-0.13503108,-0.16726883,White,44842696
NY,NY-42,186377,-0.00359264,0.2274851,0.76153395,0.77493733,0.22506267,0.01905204,0.10276675,0.00114245,0.09817678,0.0067539,148803,-0.53404885,-0.42164143,-0.11240742,-0.50157971,White,21356508
NY,NY-43,186536,-0.0027426,0.54247298,0.43957339,0.36049554,0.63950446,0.25668737,0.28301016,0.00215451,0.12100227,0.02652564,142956,0.10289959,0.26522615,-0.16232656,0.15200844,Minority,50889391
NY,NY-44,187283,0.00125101,0.79607811,0.18276903,0.50806288,0.49193712,0.06809569,0.12142639,0.00298861,0.30290467,0.00903576,157264,0.61330908,0.71033709,-0.09702801,0.64065175,White,185812883
NY,NY-45,187310,0.00139536,0.81369991,0.16568358,0.54965781,0.45034219,0.09070027,0.17630455,0.00669033,0.18745313,0.01228823,169349,0.64801633,0.74935545,-0.10133912,0.67679604,White,357358614
NY,NY-46,186537,-0.00273725,0.83519302,0.14427245,0.65009635,0.34990365,0.06405681,0.11966193,0.00389575,0.16265791,0.00888588,168132,0.69092057,0.79186632,-0.10094575,0.71956915,White,167259316
NY,NY-47,186707,-0.0018284,0.75589857,0.22283814,0.65306306,0.34693694,0.05640949,0.08262916,0.00284866,0.19830879,0.00676482,166745,0.53306043,0.61692641,-0.08386598,0.55601576,White,255267304
NY,NY-48,186770,-0.00149159,0.84120875,0.13947612,0.65581467,0.34418533,0.06736062,0.12208185,0.00232278,0.14882471,0.00998919,161875,0.70173263,0.76119907,-0.05946644,0.71655478,White,174320633
NY,NY-49,186862,-0.00099974,0.77988193,0.19940965,0.72328858,0.27671142,0.05520778,0.10157252,0.0015524,0.11595897,0.00720265,159108,0.58047228,0.66609937,-0.08562709,0.60401464,White,487367828
NY,NY-50,187464,0.00221867,0.85625459,0.12464285,0.39703049,0.60296951,0.21688325,0.29573472,0.00216167,0.12381417,0.02178961,161912,0.73161174,0.82205292,-0.09044118,0.7567588,Minority,206333121
NY,NY-51,186454,-0.00318098,0.8561661,0.12556455,0.1606692,0.8393308,0.47518607,0.34662163,0.00284891,0.07536719,0.02889891,151286,0.73060155,0.84311885,-0.1125173,0.76310732,Black,189307622
NY,NY-52,186525,-0.0028014,0.74350689,0.2404142,0.21925018,0.78074982,0.18838074,0.63842763,0.00313862,0.04498045,0.02859202,156757,0.50309269,0.70906029,-0.2059676,0.56674856,Hispanic,144865393
NY,NY-53,187668,0.00330929,0.80541483,0.18229383,0.05905586,0.94094414,0.5434708,0.45968753,0.0040267,0.02818687,0.02628907,142797,0.623121,0.81127218,-0.18815118,0.68083806,Black,267116404
NY,NY-54,186938,-0.00059343,0.52317268,0.46394883,0.23707871,0.76292129,0.13500363,0.51341813,0.00327572,0.14531051,0.03255164,145922,0.05922385,0.30877948,-0.24955563,0.13740906,Hispanic,38629832
NY,NY-55,186857,-0.00102647,0.73668339,0.24798582,0.02633248,0.97366752,0.36277647,0.57117383,0.00368627,0.10521011,0.03316229,141878,0.48869757,0.73815433,-0.24945676,0.56684982,Hispanic,105137429
NY,NY-56,187032,-0.00009089,0.74529227,0.24688603,0.02177471,0.97822529,0.40857544,0.66767259,0.0036754,0.01532998,0.0383761,136856,0.49840624,0.74568529,-0.24727905,0.57583259,Hispanic,213921351
NY,NY-57,186709,-0.00181771,0.69272765,0.30055901,0.01461549,0.98538451,0.3865195,0.68956233,0.0042308,0.02071133,0.03328761,137799,0.39216864,0.70442815,-0.31225951,0.49125514,Hispanic,304117768
NY,NY-58,186906,-0.00076451,0.6905868,0.29586797,0.11218648,0.88781352,0.34304945,0.56334136,0.00415191,0.06214397,0.03091965,141140,0.39471883,0.66922534,-0.27450651,0.481221,Hispanic,173985557
NY,NY-59,186984,-0.0003475,0.14207592,0.84556132,0.72734231,0.27265769,0.02633068,0.09179548,0.00095672,0.12727742,0.00874361,120202,-0.7034854,-0.59341157,-0.11007383,-0.67179412,White,175746721
NY,NY-60,186549,-0.0026731,0.34727734,0.63914004,0.59738382,0.40261618,0.09335739,0.11122093,0.0014129,0.20142086,0.00943259,150754,-0.2918627,-0.15968142,-0.13218128,-0.25280227,White,126842310
NY,NY-61,187010,-0.0002085,0.66895352,0.31682508,0.07831602,0.92168398,0.27366101,0.67153447,0.00454792,0.07216868,0.03356699,143802,0.35212844,0.65866897,-0.30654053,0.44930862,Hispanic,238103732
NY,NY-62,187173,0.00066293,0.8029087,0.18745341,0.10109334,0.89890666,0.5949685,0.30215847,0.00303555,0.05280654,0.01793126,148902,0.61545529,0.74428752,-0.12883223,0.65339937,Black,112607851
NY,NY-63,187441,0.00209571,0.80307445,0.18615349,0.2215805,0.7784195,0.53349566,0.22685958,0.00270326,0.04538533,0.01684342,149079,0.61692096,0.71681085,-0.09988989,0.64521759,Black,60586496
NY,NY-64,187262,0.00113874,0.56879851,0.4235862,0.3257611,0.6742389,0.22490828,0.4177093,0.00199858,0.06700706,0.02433198,146104,0.14521231,0.32657629,-0.18136398,0.20066697,Hispanic,39777704
NY,NY-65,187330,0.00150228,0.61320786,0.38015564,0.54752076,0.45247924,0.15996401,0.20182843,0.00155232,0.0868747,0.01401892,145589,0.23305222,0.33777063,-0.10471841,0.26295836,White,23516584
NY,NY-66,186540,-0.00272121,0.63836934,0.35676319,0.56135879,0.43864121,0.07750804,0.27898717,0.00130225,0.07550941,0.01805735,143598,0.28160615,0.37896196,-0.09735581,0.30905809,White,13554792
NY,NY-67,187234,0.00098905,0.6555645,0.33877968,0.66012611,0.33987389,0.08670231,0.15549455,0.00091057,0.09280927,0.01046124,146063,0.31678482,0.38485786,-0.06807304,0.33447583,White,3280389
NY,NY-68,186721,-0.00175355,0.62135208,0.37328217,0.55236522,0.44763478,0.11488621,0.27876267,0.00128146,0.05767952,0.01676866,145927,0.24806991,0.3296073,-0.08153739,0.27024904,White,4082013
NY,NY-69,186631,-0.00223471,0.49948054,0.49016306,0.57449327,0.42550673,0.15265826,0.17155874,0.00141165,0.09892272,0.01171388,140261,0.00931748,0.1332379,-0.12392042,0.04562429,White,7677023
NY,NY-70,186542,-0.00271052,0.43227486,0.56027165,0.77356495,0.22643505,0.04620276,0.13670717,0.0010242,0.0341132,0.0131874,149385,-0.12799679,-0.06179529,-0.0662015,-0.11092962,White,1299052
NY,NY-71,187299,0.00133655,0.30244807,0.69139281,0.69246669,0.30753331,0.07959893,0.14280311,0.00114341,0.04403888,0.01176833,113695,-0.38894474,-0.2447302,-0.14421454,-0.34587323,White,3740402
NY,NY-72,186886,-0.00087143,0.44272801,0.55507762,0.69552578,0.30447422,0.09926746,0.15915063,0.0015318,0.03849244,0.01906921,146886,-0.11234961,-0.04344482,-0.06890479,-0.09438135,White,1199413
NY,NY-73,186835,-0.00114409,0.52697189,0.46901049,0.53760956,0.46239044,0.17830528,0.25384573,0.00132635,0.03284427,0.02548097,146266,0.0579614,0.12353123,-0.06556983,0.07481801,White,1937365
NY,NY-74,187270,0.00118151,0.53242818,0.45669054,0.64068726,0.35931274,0.15820095,0.14396153,0.00136815,0.05067478,0.01792546,150568,0.07573764,0.12598442,-0.05024678,0.08748657,White,3441721
NY,NY-75,186397,-0.00348572,0.54901887,0.44044969,0.83827875,0.16172125,0.04823334,0.05350743,0.00127757,0.03483519,0.01861983,152633,0.10856918,0.13157498,-0.0230058,0.11123778,White,543228
NY,NY-76,187022,-0.00014435,0.56609133,0.42410321,0.80284409,0.19715591,0.07040029,0.08046769,0.00106588,0.0237809,0.0210382,153863,0.14198812,0.16315158,-0.02116346,0.14404261,White,403298
NY,NY-77,187177,0.00068431,0.40954989,0.58350933,0.80927937,0.19072063,0.05963804,0.08653504,0.0015334,0.02023034,0.02106614,151950,-0.17395944,-0.13488092,-0.03907852,-0.16593327,White,189881
NY,NY-78,186892,-0.00083935,0.34710632,0.64704559,0.91662614,0.08337386,0.01595888,0.02360402,0.00087122,0.00934706,0.02113894,148068,-0.29993927,-0.2564832,-0.04345607,-0.29045391,White,230946
NY,NY-79,187590,0.00289229,0.3016229,0.6949264,0.91583802,0.08416198,0.02313479,0.0222406,0.00114296,0.0091571,0.01916134,148737,-0.3933035,-0.35156022,-0.04174328,-0.38438907,White,101378
NY,NY-80,187383,0.00178563,0.54099967,0.44541021,0.79256874,0.20743126,0.06679125,0.04110588,0.00090124,0.07991226,0.01562593,150903,0.09558946,0.15834372,-0.06275426,0.11150755,White,4314869
NY,NY-81,187458,0.00218659,0.68074171,0.30263863,0.6536184,0.3463816,0.18583925,0.07260455,0.00172195,0.07942663,0.01579989,152153,0.37810308,0.42865353,-0.05055045,0.38995323,White,2729390
NY,NY-82,187040,-0.00004812,0.52786011,0.46043865,0.71011918,0.28988082,0.10858364,0.08339289,0.00322627,0.05842675,0.02417659,146919,0.06742146,0.11709946,-0.049678,0.07898079,White,1946952
NY,NY-83,187227,0.00095162,0.45069987,0.54162041,0.83248946,0.16751054,0.07267902,0.04082362,0.00099941,0.02731503,0.0227548,151089,-0.09092054,-0.03928289,-0.05163765,-0.07870799,White,451973
NY,NY-84,187616,0.00303129,0.51255769,0.48250962,0.89905431,0.10094569,0.02052943,0.02853544,0.00089029,0.02225065,0.01919069,151636,0.03004807,0.05857664,-0.02852857,0.03455759,White,891582
NY,NY-85,187646,0.00319168,0.46841931,0.52560057,0.87097746,0.12902254,0.0395643,0.02927391,0.00101464,0.01144903,0.04281768,152764,-0.05718126,0.00408271,-0.06126397,-0.04175994,White,114114
NY,NY-86,187743,0.00371026,0.40470311,0.58881131,0.84359668,0.15640332,0.05873959,0.04595061,0.00255508,0.02073961,0.02606722,147158,-0.1841082,-0.12694394,-0.05716426,-0.17005345,White,184735
NY,NY-87,187446,0.00212244,0.39040552,0.60434112,0.8967212,0.1032788,0.02831936,0.03369389,0.00113575,0.01007301,0.02257301,147920,-0.2139356,-0.17789839,-0.03603721,-0.2069232,White,548902
NY,NY-88,186590,-0.0024539,0.43996911,0.556994,0.78717715,0.21282285,0.08131012,0.06227674,0.00116559,0.05498152,0.01465214,145849,-0.11702489,-0.05792048,-0.05910441,-0.10232342,White,1063339
NY,NY-89,187606,0.00297783,0.52273481,0.46943738,0.86456914,0.13543086,0.05740147,0.02442218,0.00095524,0.02398798,0.02284569,149700,0.05329743,0.075393,-0.02209557,0.05566262,White,700825
NY,NY-90,187537,0.00260894,0.52834129,0.46730888,0.87322734,0.12677266,0.04357013,0.02715503,0.00092574,0.03111961,0.0188435,149070,0.06103241,0.08702781,-0.0259954,0.06469754,White,2091141
NY,NY-91,187376,0.00174821,0.60049028,0.38674869,0.80152828,0.19847172,0.04324155,0.05053067,0.00151803,0.07740692,0.01888895,156123,0.21374159,0.22606113,-0.01231954,0.2128481,White,438911
NY,NY-92,187572,0.00279606,0.39696298,0.59903141,0.89297009,0.10702991,0.04073299,0.02333597,0.00098193,0.01369956,0.02081683,147669,-0.20206843,-0.17895616,-0.02311227,-0.19936434,White,362759
NY,NY-93,186712,-0.00180167,0.31502386,0.67646384,0.90038247,0.09961753,0.03160434,0.02394821,0.00100685,0.01483924,0.01958293,147986,-0.36143998,-0.34065972,-0.02078026,-0.35951323,White,216961
NY,NY-94,187061,0.00006415,0.46811581,0.52230285,0.88500744,0.11499256,0.03507921,0.04072085,0.00110308,0.01553612,0.01725719,150488,-0.05418704,-0.03707362,-0.01711342,-0.05348257,White,474939
NY,NY-95,186841,-0.00111201,0.67947494,0.3131281,0.6101618,0.3898382,0.2305545,0.07805301,0.00184292,0.06763239,0.02402569,147592,0.36634684,0.40568223,-0.03933539,0.37445864,White,13216566
NY,NY-96,186386,-0.00354453,0.51266108,0.48099058,0.80264767,0.19735233,0.07298171,0.04549936,0.00141323,0.05823156,0.01879264,152134,0.0316705,0.0617625,-0.030092,0.03670117,White,1226411
NY,NY-97,186436,-0.00327722,0.35825816,0.63240658,0.92530306,0.07469694,0.02045751,0.01846719,0.00064785,0.01564869,0.0133645,149725,-0.27414842,-0.23687694,-0.03727148,-0.26672459,White,462297
NY,NY-98,187708,0.00352314,0.37971081,0.61389257,0.85776552,0.14223448,0.03144323,0.05685189,0.00111501,0.0097918,0.03911989,147981,-0.23418176,-0.21698962,-0.01719214,-0.23345105,White,336773
NY,NY-99,186486,-0.00300991,0.33434861,0.66055749,0.89533165,0.10466835,0.03172616,0.03220565,0.00071257,0.00998934,0.02365477,150160,-0.32620888,-0.29304129,-0.03316759,-0.32015302,White,475741
NY,NY-100,186419,-0.0033681,0.45639535,0.53502702,0.81832016,0.18167984,0.0837249,0.05421027,0.00089438,0.02747891,0.01435017,149824,-0.07863167,-0.05547164,-0.02316003,-0.07591166,White,2876930
NY,NY-101,187389,0.00181771,0.58985778,0.39712432,0.80298659,0.19701341,0.06171449,0.03574158,0.00093537,0.08272732,0.01195558,151812,0.19273346,0.19196659,0.00076687,0.18747784,White,2687576
NY,NY-102,187490,0.00235767,0.62194262,0.36632892,0.83185759,0.16814241,0.06722927,0.05095764,0.00090984,0.03700016,0.01281688,151675,0.2556137,0.25895707,-0.00334337,0.25172816,White,6309960
NY,NY-103,187525,0.00254479,0.79955426,0.18850071,0.32873102,0.67126898,0.44174581,0.18790706,0.00228024,0.05373555,0.01950407,143406,0.61105355,0.65834785,-0.0472943,0.62181832,Black,21787528
NY,NY-104,187229,0.00096231,0.49176529,0.49604358,0.86868337,0.13131663,0.06681928,0.02709791,0.00068677,0.0253254,0.00962784,152890,-0.00427829,0.03145476,-0.03573305,0.00263273,White,5101784
NY,NY-105,187604,0.00296714,0.52049781,0.46826233,0.82749629,0.17250371,0.09215382,0.03420366,0.00068658,0.02383232,0.02211586,151475,0.05223548,0.09577917,-0.04354369,0.06175004,White,7001590
NY,NY-106,186696,-0.00188721,0.55400893,0.4323054,0.78865556,0.21134444,0.07279612,0.03314091,0.00080767,0.09223976,0.01119482,151052,0.12170353,0.15161676,-0.02991323,0.12667461,White,4812129
NY,NY-107,186643,-0.00217055,0.53925718,0.44621615,0.77467696,0.22532304,0.09541043,0.09156346,0.0009919,0.02605088,0.01739183,149208,0.09304103,0.15267059,-0.05962956,0.10791755,White,6088928
NY,NY-108,187054,0.00002673,0.8090167,0.16943259,0.33577418,0.66422582,0.48172197,0.09162762,0.00183595,0.08991926,0.01868563,141071,0.63958411,0.72739646,-0.08781235,0.66385489,Black,27718837
OH,OH-1,187720,0.00227985,0.53518301,0.45561906,0.76700008,0.23299992,0.12583956,0.06858015,0.00055913,0.01622868,0.02216516,144867,0.07956395,0.11947529,-0.03991134,0.08786773,White,5752307
OH,OH-2,187889,0.00318218,0.52973218,0.46069073,0.74092358,0.25907642,0.16336881,0.0463073,0.00087793,0.03041006,0.01772063,148076,0.06904145,0.09839126,-0.02934981,0.07382472,White,3129624
OH,OH-3,187918,0.00333702,0.52002526,0.46995317,0.70797533,0.29202467,0.19028718,0.06127534,0.0009736,0.02172551,0.01908387,146878,0.05007209,0.10262827,-0.05255618,0.06259082,White,1056645
OH,OH-4,186825,-0.00249876,0.89991447,0.0931235,0.14931332,0.85068668,0.779472,0.03322893,0.00097752,0.0370633,0.01334802,145265,0.80679097,0.84208544,-0.03529447,0.81355579,Black,16202545
OH,OH-5,187229,-0.00034171,0.66349377,0.32749352,0.5743101,0.4256899,0.18887417,0.19489377,0.00237421,0.03547864,0.02304935,148681,0.33600025,0.36532646,-0.02932621,0.34077565,White,15816103
OH,OH-6,187531,0.00127074,0.8448214,0.14926123,0.32238436,0.67761564,0.61874024,0.02402267,0.00109714,0.02988531,0.01263395,148568,0.69556017,0.7075179,-0.01195773,0.69454608,Black,12622861
OH,OH-7,187243,-0.00026696,0.52346664,0.46874935,0.710366,0.289634,0.21308821,0.02552876,0.00080958,0.0385495,0.01135436,148225,0.05471729,0.07053238,-0.01581509,0.05498899,White,5538945
OH,OH-8,187048,-0.00130811,0.48437151,0.50740062,0.84135012,0.15864988,0.05178178,0.05233362,0.00098681,0.03677182,0.01568515,154031,-0.02302911,-0.00565717,-0.01737194,-0.02223846,White,11328501
OH,OH-9,187201,-0.00049121,0.60596661,0.38559498,0.87607929,0.12392071,0.03789913,0.03537121,0.00080762,0.03521363,0.01100467,152299,0.22037163,0.21954833,0.0008233,0.2150972,White,10962586
OH,OH-10,187039,-0.00135616,0.6298262,0.36310656,0.77112117,0.22887883,0.13001508,0.02164572,0.00063013,0.06430032,0.00949891,149175,0.26671964,0.26895579,-0.00223615,0.26246502,White,5992554
OH,OH-11,187304,0.00005873,0.40891676,0.58252753,0.88117419,0.11882581,0.03683674,0.04215152,0.00078021,0.01619109,0.01709801,149959,-0.17361077,-0.16284512,-0.01076565,-0.17502222,White,3183113
OH,OH-12,187413,0.00064071,0.31619406,0.67601905,0.91066888,0.08933112,0.03047768,0.02432112,0.0007255,0.0058311,0.02000203,147485,-0.35982499,-0.3175675,-0.04225749,-0.35073916,White,466149
OH,OH-13,187065,-0.00121734,0.42149005,0.5705832,0.85385292,0.14614708,0.0942942,0.01697785,0.00070107,0.00856498,0.0192861,151197,-0.14909315,-0.08370002,-0.06539313,-0.13229544,White,1486854
OH,OH-14,186710,-0.00311277,0.49264491,0.50004505,0.73017594,0.26982406,0.18542164,0.05879794,0.00104399,0.01261486,0.01568659,149427,-0.00740014,0.07180092,-0.07920106,0.01400021,White,4545971
OH,OH-15,187671,0.00201823,0.38590994,0.60558581,0.91222287,0.08777713,0.03210749,0.01517219,0.00070254,0.01600308,0.01543564,148034,-0.21967587,-0.19704521,-0.02263066,-0.21713232,White,1094186
OH,OH-16,187612,0.00170321,0.54130747,0.44925637,0.82710308,0.17289692,0.08119858,0.02027494,0.00096171,0.05307187,0.01364178,151813,0.0920511,0.09824642,-0.00619532,0.08911621,White,4304191
OH,OH-17,187695,0.00214637,0.52386267,0.46723429,0.68283138,0.31716862,0.24863275,0.02097246,0.00102586,0.02191001,0.02337068,147193,0.05662838,0.11302425,-0.05639587,0.070427,White,5121738
OH,OH-18,187504,0.00112658,0.55169567,0.4392747,0.78153709,0.21846291,0.11722823,0.02118028,0.00076668,0.05647409,0.01924692,149998,0.11242097,0.13392409,-0.02150312,0.11458868,White,5928671
OH,OH-19,187051,-0.00129209,0.38287782,0.60825781,0.92030871,0.07969129,0.01699697,0.01994165,0.00063687,0.01755167,0.0161752,146026,-0.22537999,-0.21478142,-0.01059857,-0.22684713,White,1824349
OH,OH-20,187572,0.00148964,0.37074795,0.62030828,0.90790628,0.09209372,0.02652096,0.02552754,0.00094546,0.01655933,0.01698411,145960,-0.24956033,-0.24315568,-0.00640465,-0.25242545,White,855506
OH,OH-21,187369,0.00040578,0.50506529,0.48547713,0.7236259,0.2763741,0.12327707,0.12468867,0.00126908,0.01214786,0.02399712,147351,0.01958816,0.06998378,-0.05039562,0.0313867,White,2934797
OH,OH-22,187392,0.00052858,0.45576595,0.53505522,0.79522954,0.20477046,0.13706064,0.02980349,0.00081709,0.00928082,0.02439705,146862,-0.07928927,-0.04032017,-0.0389691,-0.07129957,White,6080593
OH,OH-23,187461,0.00089699,0.32864835,0.66316613,0.91361619,0.08638381,0.03117464,0.01494221,0.00081061,0.01423293,0.01823193,148037,-0.33451778,-0.30796069,-0.02655709,-0.33066542,White,1445817
OH,OH-24,187714,0.00224781,0.38871675,0.60235853,0.82378053,0.17621947,0.09376874,0.02127419,0.00089613,0.03603559,0.02146471,141721,-0.21364178,-0.2031486,-0.01049318,-0.21514405,White,1259462
OH,OH-25,186938,-0.00189543,0.32553638,0.66548684,0.91175878,0.08824122,0.02540035,0.01700768,0.00094487,0.01604196,0.02220447,143935,-0.33995046,-0.3326122,-0.00733826,-0.34250437,White,717166
OH,OH-26,187968,0.00360398,0.49852321,0.49217785,0.80396391,0.19603609,0.04869821,0.02881323,0.00103969,0.10010833,0.01335602,137541,0.00634536,0.00594918,0.00039618,0.0012133,White,4364074
OH,OH-27,187266,-0.00014416,0.6186376,0.37017587,0.74763931,0.25236069,0.10115366,0.04685105,0.00119745,0.08566209,0.01630584,146144,0.24846173,0.25519373,-0.006732,0.24570573,White,9860922
OH,OH-28,187819,0.00280843,0.72911973,0.2611818,0.80417554,0.19582446,0.05927142,0.03849744,0.00162287,0.08337655,0.01170786,163907,0.46793793,0.49202917,-0.02409124,0.47096834,White,18113334
OH,OH-29,187257,-0.00019221,0.54259277,0.44627767,0.74741676,0.25258324,0.06954844,0.0620611,0.00115515,0.10330133,0.01657357,141973,0.0963151,0.11330034,-0.01698524,0.09697685,White,7043170
OH,OH-30,187357,0.00034171,0.51828337,0.47275937,0.71358628,0.28641372,0.15546092,0.0792539,0.00136584,0.03017462,0.02410888,142769,0.045524,0.06367199,-0.01814799,0.04657333,White,5772469
OH,OH-31,187427,0.00071546,0.66003572,0.32836229,0.48515856,0.51484144,0.36317323,0.06635892,0.00115224,0.07039539,0.01918227,137992,0.33167343,0.38475071,-0.05307728,0.34436586,Minority,12611316
OH,OH-32,187821,0.00281911,0.72199097,0.2682196,0.43615877,0.56384123,0.43988123,0.06633004,0.00159227,0.04603225,0.02150275,139424,0.45377137,0.50926317,-0.0554918,0.46726864,Black,13727903
OH,OH-33,187804,0.00272835,0.6759904,0.31410231,0.47839463,0.52160537,0.42800796,0.05199543,0.00153115,0.02560611,0.02440659,141724,0.36188809,0.39354791,-0.03165982,0.36744136,Minority,6145748
OH,OH-34,187468,0.00093436,0.75918008,0.2319321,0.46806273,0.53193727,0.4350321,0.04568436,0.001163,0.03736229,0.01737538,143594,0.52724798,0.55092638,-0.0236784,0.53014078,Minority,15138339
OH,OH-35,187725,0.00230655,0.7351328,0.25516309,0.56946408,0.43053592,0.35228165,0.03631925,0.00162975,0.02718217,0.01566263,152784,0.47996971,0.50112757,-0.02115786,0.48202233,White,14262878
OH,OH-36,187426,0.00071012,0.50880626,0.48040335,0.82020843,0.17979157,0.0625569,0.0372596,0.00198905,0.06077097,0.01507193,142782,0.02840291,0.00655213,0.02185078,0.01611932,White,5823303
OH,OH-37,187378,0.00045383,0.32888524,0.66158449,0.86378044,0.13621956,0.07720877,0.01510412,0.00097157,0.02116781,0.01754338,145126,-0.33269925,-0.34637838,0.01367913,-0.34225896,White,4129507
OH,OH-38,187515,0.00118531,0.55033002,0.4393012,0.60150639,0.39849361,0.25444036,0.06148187,0.00187073,0.06565073,0.01877036,142725,0.11102882,0.11967338,-0.00864456,0.10891034,White,8006620
OH,OH-39,187692,0.00213035,0.35099689,0.64054222,0.8148701,0.1851299,0.07226628,0.04605204,0.0018297,0.0425027,0.0210897,145379,-0.28954533,-0.27461927,-0.01492606,-0.28956998,White,2740617
OH,OH-40,187941,0.00345982,0.30445419,0.68706306,0.91364161,0.08635839,0.02066661,0.01930534,0.00081126,0.01501526,0.02462668,145452,-0.38260887,-0.38963108,0.00702221,-0.38994961,White,1566518
OH,OH-41,187862,0.00303802,0.36658832,0.62314924,0.82176545,0.17823455,0.04391276,0.02808514,0.00135564,0.08446126,0.01606893,140893,-0.25656092,-0.25032674,-0.00623418,-0.25948286,White,2124780
OH,OH-42,187137,-0.00083292,0.29121425,0.70107327,0.8648253,0.1351747,0.05736227,0.03319969,0.00134354,0.01869648,0.02278368,141417,-0.40985902,-0.39019921,-0.01965981,-0.40830575,White,2344974
OH,OH-43,187244,-0.00026162,0.34713509,0.6443921,0.83045049,0.16954951,0.10143982,0.01919986,0.00125709,0.02290244,0.02231855,145574,-0.29725701,-0.29086818,-0.00638883,-0.3001274,White,1034712
OH,OH-44,187669,0.00200755,0.46870726,0.52129236,0.8294763,0.1705237,0.06869122,0.03254079,0.00137639,0.04740443,0.01922221,148214,-0.0525851,-0.06720283,0.01461773,-0.06245768,White,8758725
OH,OH-45,187185,-0.00057664,0.68685456,0.30393441,0.47999206,0.52000794,0.44286526,0.04241889,0.00162939,0.01734136,0.02234591,146067,0.38292015,0.43215594,-0.04923579,0.39433208,Minority,6216892
OH,OH-46,187249,-0.00023493,0.38714467,0.60341811,0.82070019,0.17929981,0.09939896,0.03137628,0.00173181,0.02207885,0.02384461,147245,-0.21627344,-0.16504193,-0.05123151,-0.20419627,White,1450665
OH,OH-47,187687,0.00210366,0.3140064,0.67516058,0.87190329,0.12809671,0.0557562,0.019723,0.00124725,0.02698721,0.02016159,145921,-0.36115418,-0.35745807,-0.00369611,-0.36492214,White,593762
OH,OH-48,186933,-0.00192212,0.38367051,0.607053,0.8587193,0.1412807,0.0578435,0.05429312,0.00057938,0.00746455,0.01946306,148435,-0.22338249,-0.19554886,-0.02783363,-0.21910461,White,668703
OH,OH-49,187417,0.00066206,0.29212671,0.69810287,0.9010888,0.0989112,0.02069278,0.04366189,0.00091191,0.01306154,0.01751138,145848,-0.40597616,-0.38753217,-0.01844399,-0.40482816,White,412750
OH,OH-50,186887,-0.00216773,0.25361772,0.73741428,0.89596426,0.10403574,0.01250638,0.06516739,0.00084588,0.00548771,0.01817584,143047,-0.48379656,-0.45390042,-0.02989614,-0.47883118,White,280466
OH,OH-51,186958,-0.00178864,0.23522757,0.75609508,0.86826113,0.13173887,0.07728177,0.02423894,0.00128126,0.00909486,0.0166634,142828,-0.52086751,-0.4872165,-0.03365101,-0.51465051,White,377773
OH,OH-52,187150,-0.00076351,0.17089938,0.8217079,0.94434163,0.05565837,0.01260789,0.01419006,0.00305838,0.00786139,0.01464211,141578,-0.65080852,-0.63262973,-0.01817879,-0.64974892,White,404663
OH,OH-53,187243,-0.00026696,0.2546016,0.73648594,0.91314892,0.08685108,0.02923446,0.01610355,0.00101167,0.0144336,0.02094709,144316,-0.48188434,-0.47088899,-0.01099535,-0.48321922,White,540949
OH,OH-54,186640,-0.00348652,0.28877903,0.7023206,0.89362117,0.10637883,0.03925703,0.0190335,0.00066809,0.02500452,0.01778084,143694,-0.41354157,-0.41239507,-0.0011465,-0.4181594,White,405048
OH,OH-55,186928,-0.00194882,0.28396258,0.7077764,0.8767809,0.1232191,0.072203,0.017162,0.0010556,0.00859462,0.01938898,146836,-0.42381382,-0.40240047,-0.02141335,-0.42167604,White,770949
OH,OH-56,186624,-0.00357194,0.26052555,0.73086694,0.93882469,0.06117531,0.01601384,0.01588358,0.00101308,0.00831446,0.01599936,138193,-0.47034139,-0.44972074,-0.02062065,-0.46846784,White,511430
OH,OH-57,186648,-0.0034438,0.27765185,0.71314243,0.88769615,0.11230385,0.06330834,0.01416943,0.00070335,0.00771637,0.02227503,146442,-0.43549058,-0.40563996,-0.02985062,-0.43054037,White,404948
OH,OH-58,186587,-0.00376949,0.20903814,0.78550187,0.93673738,0.06326262,0.0218386,0.00848586,0.00065862,0.00422906,0.0234817,144240,-0.57646373,-0.53179074,-0.04467299,-0.56657273,White,312596
OH,OH-59,186708,-0.00312345,0.22007157,0.77322059,0.94387364,0.05612636,0.01752956,0.00747614,0.0005804,0.00451885,0.02150946,144727,-0.55314902,-0.51067457,-0.04247445,-0.54399087,White,237690
OH,OH-60,186764,-0.00282445,0.34597844,0.64605502,0.91559418,0.08440582,0.03279343,0.01328906,0.00081185,0.01290975,0.02140756,150274,-0.30007658,-0.26238857,-0.03768801,-0.29251391,White,333824
OH,OH-61,186790,-0.00268563,0.24776158,0.74461298,0.92416452,0.07583548,0.0364389,0.00932913,0.00055975,0.00562512,0.01979849,144708,-0.4968514,-0.45906605,-0.03778535,-0.48925628,White,293533
OH,OH-62,186575,-0.00383357,0.26385726,0.72860946,0.92741941,0.07258059,0.02286702,0.01938917,0.00057625,0.00542354,0.02062303,147505,-0.4647522,-0.42677063,-0.03798157,-0.45709168,White,342013
OH,OH-63,186585,-0.00378017,0.25459262,0.73640663,0.91664488,0.08335512,0.03649258,0.01357411,0.00073066,0.00563745,0.01931211,149181,-0.48181401,-0.43995418,-0.04185983,-0.47286073,White,541363
OK,OK-1,189015,0.00251936,0.50679708,0.4783377,0.52069628,0.47930372,0.19800063,0.14239575,0.00346045,0.02183928,0.13471285,143045,0.02845938,0.075854,-0.04739462,0.03925759,White,3378638
OK,OK-2,189100,0.00297019,0.53040024,0.45497307,0.53786342,0.46213658,0.13953857,0.18344579,0.00235267,0.04578383,0.10858826,144942,0.07542717,0.04618544,0.02924173,0.06067993,White,13266310
OK,OK-3,189130,0.00312931,0.32043539,0.65171006,0.70585115,0.29414885,0.05382885,0.06192086,0.00169762,0.04856621,0.13281084,141374,-0.33127467,-0.3739088,0.04263413,-0.35048605,White,2970653
OK,OK-4,189105,0.00299671,0.28977459,0.6863958,0.68788086,0.31211914,0.05595294,0.0763245,0.00159583,0.04064426,0.14197954,141619,-0.39662121,-0.41121036,0.01458915,-0.40648426,White,1092117
OK,OK-5,188067,-0.00250875,0.22193776,0.75896911,0.69823835,0.30176165,0.02635506,0.04279298,0.00137389,0.01738639,0.21643373,143388,-0.53703135,-0.53441456,-0.00261679,-0.54115909,White,267621
OK,OK-6,189207,0.00353771,0.2208083,0.76389767,0.59488013,0.40511987,0.01561054,0.03919431,0.00191961,0.01049615,0.3433153,145863,-0.54308937,-0.51245828,-0.03063109,-0.53787901,White,203038
OK,OK-7,188882,0.00181394,0.26229782,0.72079095,0.62460466,0.37539534,0.08749254,0.04120444,0.00127606,0.00775242,0.24996398,145761,-0.45849313,-0.42407105,-0.03442208,-0.4520191,White,150406
OK,OK-8,188146,-0.00208974,0.16539213,0.82211967,0.68839812,0.31160188,0.04728565,0.04189087,0.00286013,0.00771473,0.21655275,144399,-0.65672754,-0.63408082,-0.02264672,-0.65417863,White,74120
OK,OK-9,187901,-0.0033892,0.1915985,0.79219444,0.75360892,0.24639108,0.02856199,0.05668802,0.00145552,0.00893705,0.15402519,142217,-0.60059594,-0.5894755,-0.01112044,-0.60188913,White,185471
OK,OK-10,188351,-0.00100244,0.18978141,0.7959705,0.71222697,0.28777303,0.04378808,0.08399243,0.00164283,0.01000256,0.15136244,144263,-0.60618909,-0.5939341,-0.01225499,-0.60710409,White,92819
OK,OK-11,188577,0.00019624,0.30784455,0.67348203,0.59813507,0.40186493,0.14031523,0.13032254,0.00748756,0.03178734,0.11225079,143705,-0.36563748,-0.33866414,-0.02697334,-0.36164637,White,158204
OK,OK-12,188543,0.00001591,0.1800778,0.8027163,0.72125455,0.27874545,0.04913124,0.14778585,0.00181809,0.01167856,0.07599621,140257,-0.6226385,-0.62489621,0.00225771,-0.62839107,White,45703
OK,OK-13,188101,-0.00232842,0.20754767,0.77482069,0.75090288,0.24909712,0.03088692,0.0704667,0.01380918,0.01127551,0.12622134,142876,-0.56727302,-0.57075521,0.00348219,-0.57343375,White,79850
OK,OK-14,188549,0.00004774,0.261222,0.71785793,0.7636696,0.2363304,0.0379518,0.04486501,0.00169964,0.02355885,0.13025151,148267,-0.45663593,-0.44281748,-0.01381845,-0.45702978,White,238887
OK,OK-15,187990,-0.00291715,0.28513589,0.69343009,0.70536511,0.29463489,0.05236204,0.07280518,0.00199275,0.03838489,0.13550028,143520,-0.4082942,-0.41324391,0.00494971,-0.4149441,White,596558
OK,OK-16,188510,-0.00015912,0.2975704,0.68015453,0.7469116,0.2530884,0.04571274,0.07911568,0.00202243,0.04141964,0.08860723,136964,-0.38258413,-0.42556996,0.04298583,-0.40191274,White,759817
OK,OK-17,188070,-0.00249284,0.4748536,0.50217282,0.69828608,0.30171392,0.06448317,0.08429951,0.00280658,0.05318874,0.09908854,146798,-0.02731922,-0.01282235,-0.01449687,-0.02748693,White,4698464
OK,OK-18,188448,-0.00048796,0.38178857,0.58740409,0.71566632,0.28433368,0.09414619,0.05977581,0.00225873,0.05780379,0.07531416,143001,-0.20561552,-0.25178695,0.04617143,-0.226006,White,2297376
OK,OK-19,188141,-0.00211626,0.53928932,0.44159695,0.62599425,0.37400575,0.12775884,0.11817392,0.00228594,0.05974868,0.07597754,149610,0.09769237,0.05866153,0.03903084,0.07968209,White,11870162
OK,OK-20,188739,0.00105548,0.52740495,0.45622508,0.36824832,0.63175168,0.11706486,0.42309145,0.00322258,0.02603993,0.09043968,134985,0.07117987,0.12753505,-0.05635518,0.08496493,Hispanic,8438445
OK,OK-21,188781,0.00127824,0.56519684,0.41827314,0.46975195,0.53024805,0.34825923,0.08229749,0.00374016,0.03441923,0.08434832,143844,0.1469237,0.20462615,-0.05770245,0.16115785,Minority,4600316
OR,OR-1,184627,0.00216035,0.4813658,0.48172359,0.79402552,0.20597448,0.01158512,0.11487327,0.00642174,0.02970141,0.04072575,146222,-0.00035779,0.01631885,-0.01667664,0.00020109,White,187389
OR,OR-2,184379,0.0008142,0.62459293,0.33199855,0.58881085,0.41118915,0.03759304,0.19616312,0.01206276,0.14397736,0.03451794,143085,0.29259438,0.30615378,-0.0135594,0.29211418,White,4426511
OR,OR-3,183967,-0.00142214,0.64480327,0.31342656,0.71338119,0.28661881,0.02803431,0.11519464,0.01251644,0.108772,0.02779643,142932,0.33137671,0.33309617,-0.00171946,0.32694986,White,10653733
OR,OR-4,183741,-0.00264888,0.73662961,0.22314828,0.63473829,0.36526171,0.03166089,0.11899935,0.00863671,0.18468621,0.02435453,142068,0.51348133,0.50854023,0.0049411,0.5068343,White,11009752
OR,OR-5,184146,-0.00045053,0.8692633,0.0894417,0.76445679,0.23554321,0.04174442,0.0723785,0.00619377,0.08472264,0.02860668,161291,0.7798216,0.78132136,-0.00149976,0.77532152,White,18885688
OR,OR-6,184767,0.00292028,0.87568022,0.07914997,0.69078723,0.30921277,0.09963573,0.1033439,0.01009591,0.06864043,0.03546346,152636,0.79653025,0.79895198,-0.00242173,0.79233749,White,10749782
OR,OR-7,183674,-0.00301256,0.81668001,0.13793973,0.68344076,0.31655924,0.05295782,0.09724168,0.00891415,0.12700001,0.03380173,149874,0.67874028,0.67146091,0.00727937,0.67131382,White,24729158
OR,OR-8,183995,-0.00127016,0.61147735,0.3496028,0.59048175,0.40951825,0.08561919,0.16071102,0.01505214,0.12245085,0.04043461,142106,0.26187455,0.24914747,0.01272708,0.25263219,White,12403361
OR,OR-9,184396,0.00090648,0.59903372,0.36246039,0.73330388,0.26669612,0.03038293,0.10460092,0.00888297,0.09405455,0.03325419,144884,0.23657333,0.24155864,-0.00498531,0.2332351,White,11123769
OR,OR-10,183767,-0.00250775,0.42563847,0.53767971,0.83661802,0.16338198,0.01260879,0.07423563,0.00539192,0.0299044,0.03582168,144661,-0.11204124,-0.08314167,-0.02889957,-0.10740805,White,353772
OR,OR-11,183638,-0.00320796,0.54296582,0.42044832,0.72050952,0.27949048,0.01331759,0.18641763,0.00586088,0.04543438,0.0363747,139740,0.1225175,0.13807952,-0.01556202,0.12270484,White,2158725
OR,OR-12,184382,0.00083049,0.45113927,0.51058641,0.77418275,0.22581725,0.01333259,0.12900257,0.00626185,0.02976124,0.04696391,143408,-0.05944714,-0.03893241,-0.02051473,-0.0576089,White,427528
OR,OR-13,184435,0.00111817,0.55558014,0.40667222,0.64562154,0.35437846,0.0238295,0.23559353,0.01834843,0.04018029,0.04623719,140666,0.14890792,0.16572548,-0.01681756,0.14951377,White,13165463
OR,OR-14,183790,-0.0023829,0.34016163,0.62502092,0.81231791,0.18768209,0.01126656,0.10233494,0.00589014,0.02110456,0.04299025,142102,-0.28485929,-0.26203027,-0.02282902,-0.28224962,White,194811
OR,OR-15,184358,0.00070022,0.60911506,0.35099159,0.78966272,0.21033728,0.01424882,0.08410345,0.00641,0.05885669,0.04286445,152574,0.25812347,0.25208668,0.00603679,0.25111121,White,360555
OR,OR-16,183960,-0.00146014,0.62990058,0.33113961,0.81129513,0.18870487,0.02078834,0.08056973,0.00592912,0.03504472,0.04444518,150950,0.29876097,0.3101016,-0.01134063,0.29754118,White,436458
OR,OR-17,185013,0.00425557,0.57258555,0.38920012,0.7941118,0.2058882,0.02136644,0.08640052,0.00697409,0.04830156,0.04214951,150844,0.18338543,0.19640394,-0.01301851,0.18272493,White,1142408
OR,OR-18,184159,-0.00037996,0.29414381,0.67711678,0.84715526,0.15284474,0.00812975,0.05609129,0.00435283,0.01798725,0.05650648,149328,-0.38297297,-0.3779385,-0.00503447,-0.38629481,White,61485
OR,OR-19,184410,0.00098247,0.36548429,0.60241614,0.84810619,0.15189381,0.00911666,0.06060207,0.00455174,0.0186549,0.05337593,151810,-0.23693185,-0.22561094,-0.01132091,-0.23815821,White,110728
OR,OR-20,184149,-0.00043424,0.49397229,0.47305624,0.78286112,0.21713888,0.01474003,0.12060463,0.00744515,0.0275334,0.04227344,146404,0.02091605,0.05118904,-0.03027299,0.02600705,White,474644
OR,OR-21,184730,0.00271944,0.55579943,0.40867405,0.8531062,0.1468938,0.00880902,0.07096682,0.00460102,0.02401474,0.03065539,147576,0.14712538,0.12666025,0.02046513,0.13530367,White,162226
OR,OR-22,184593,0.0019758,0.25709778,0.71249388,0.81220807,0.18779193,0.01173959,0.10321716,0.00601835,0.0144551,0.04711036,144724,-0.4553961,-0.44765112,-0.00774498,-0.45781444,White,13483
OR,OR-23,184180,-0.00026597,0.38916303,0.57668998,0.69210824,0.30789176,0.01129526,0.20957327,0.00507932,0.01788061,0.06716773,140767,-0.18752695,-0.14914632,-0.03838063,-0.17973341,White,44403
PA,PA-1,186127,0.00201343,0.53008843,0.4608564,0.86290839,0.13709161,0.026481,0.03462018,0.00070805,0.05948953,0.00871911,148295,0.06923203,0.10419686,-0.03496483,0.07588697,White,2556422
PA,PA-2,185854,0.00054373,0.48542995,0.50594234,0.87389896,0.12610104,0.02219867,0.03892985,0.00080503,0.05140779,0.00817775,149063,-0.02051239,0.0146306,-0.03514299,-0.01379806,White,6265991
PA,PA-3,185312,-0.00237412,0.49657484,0.49237125,0.7238114,0.2761886,0.09703759,0.08448418,0.00102574,0.07951851,0.01577328,147211,0.00420359,0.08250598,-0.07830239,0.02530439,White,9194042
PA,PA-4,185627,-0.00067832,0.45985267,0.52823818,0.69181725,0.30818275,0.09921094,0.07559987,0.00127245,0.12185926,0.00912261,148532,-0.06838551,-0.00387767,-0.06450784,-0.0518829,White,24618818
PA,PA-5,186116,0.00195421,0.68327083,0.3041325,0.31109839,0.68890161,0.3272279,0.24987525,0.00245098,0.11088118,0.0161662,136272,0.37913833,0.48293278,-0.10379445,0.40873648,Black,52662501
PA,PA-6,185635,-0.00063525,0.8440826,0.14495595,0.14217868,0.85782132,0.63557357,0.12864813,0.00165737,0.09568875,0.01357233,143601,0.69912665,0.76587288,-0.06674623,0.71637539,Black,60215178
PA,PA-7,186227,0.00255178,0.73092309,0.25804182,0.328576,0.671424,0.20463164,0.44667924,0.00319448,0.0473409,0.019857,140555,0.47288127,0.55236783,-0.07948656,0.49437679,Hispanic,46889691
PA,PA-8,185711,-0.00022611,0.87347623,0.11491264,0.37066518,0.62933482,0.54572523,0.04809073,0.00170713,0.03433445,0.01521197,151131,0.75856359,0.78510166,-0.02653807,0.76240961,Black,29538583
PA,PA-9,185707,-0.00024764,0.91524689,0.0733598,0.2983334,0.7016666,0.56528173,0.05846086,0.00249211,0.07853407,0.01292136,154086,0.84188709,0.88335279,-0.0414657,0.85070899,Black,49350727
PA,PA-10,185707,-0.00024764,0.82406394,0.1642109,0.67078546,0.32921454,0.08952272,0.0789795,0.00128204,0.15044383,0.01075689,163802,0.65985304,0.67277853,-0.01292549,0.65916154,White,89166273
PA,PA-11,185832,0.0004253,0.79687769,0.19004764,0.33473332,0.66526668,0.4593145,0.05877278,0.00152483,0.14669788,0.01219863,149525,0.60683005,0.66224952,-0.05541947,0.62030321,Black,26043678
PA,PA-12,185360,-0.00211571,0.8603404,0.12858459,0.3488729,0.6511271,0.56140596,0.03565822,0.00124186,0.05257687,0.01275352,143333,0.73175581,0.78450704,-0.05275123,0.74433955,Black,22496155
PA,PA-13,185733,-0.00010767,0.64450647,0.34423316,0.67981182,0.32018818,0.13258975,0.09067642,0.00135774,0.08836827,0.01348232,147304,0.30027331,0.33968567,-0.03941236,0.30841076,White,9024661
PA,PA-14,186326,0.00308474,0.67284833,0.31742989,0.71626829,0.28373171,0.15885021,0.0445528,0.00068879,0.07007195,0.01009991,146635,0.35541844,0.3885996,-0.03318116,0.36147883,White,11697195
PA,PA-15,185858,0.00056527,0.58263613,0.40551134,0.74423408,0.25576592,0.06581092,0.04119134,0.00099256,0.13636333,0.00865139,149109,0.17712479,0.20617653,-0.02905174,0.1818087,White,6599542
PA,PA-16,185146,-0.00326778,0.70496219,0.28119823,0.42490571,0.57509429,0.43725191,0.05047252,0.00132079,0.08182537,0.01368818,141582,0.42376396,0.44922084,-0.02545688,0.42724959,Black,24009860
PA,PA-17,185246,-0.00272943,0.60378638,0.38663194,0.84411917,0.15588083,0.04183832,0.02587101,0.00085259,0.07565547,0.00596813,146612,0.21715444,0.24511442,-0.02795998,0.22147443,White,10175531
PA,PA-18,185116,-0.00342929,0.56303979,0.42804246,0.68993887,0.31006113,0.2123027,0.04307671,0.0008911,0.0437813,0.01290367,144765,0.13499733,0.16724831,-0.03225098,0.14074766,White,11061434
PA,PA-19,185302,-0.00242796,0.58041993,0.40954478,0.81277222,0.18722778,0.04865738,0.04366409,0.00068522,0.08194141,0.00866362,147398,0.17087515,0.1996732,-0.02879805,0.1754745,White,4071799
PA,PA-20,185195,-0.00300399,0.55503943,0.43478554,0.72406323,0.27593677,0.10689699,0.12167016,0.00098345,0.03300979,0.01597041,140322,0.12025389,0.15291028,-0.03265639,0.12613935,White,1960559
PA,PA-21,185238,-0.0027725,0.55522534,0.43409807,0.82703156,0.17296844,0.03484581,0.03834588,0.0009296,0.08126932,0.01009176,141997,0.12112727,0.13972113,-0.01859386,0.12232522,White,2415474
PA,PA-22,186396,0.00346159,0.51194475,0.47760135,0.81420761,0.18579239,0.08364226,0.0399745,0.00094237,0.04735409,0.01187663,144317,0.0343434,0.06096263,-0.02661923,0.03821648,White,3808595
PA,PA-23,185587,-0.00089366,0.43778961,0.5519659,0.88341199,0.11658801,0.02626913,0.0431613,0.00092065,0.02989716,0.01168881,146636,-0.11417629,-0.0958629,-0.01831339,-0.11307183,White,2111384
PA,PA-24,186149,0.00213186,0.55632218,0.43342751,0.68292422,0.31707578,0.09943096,0.16556225,0.0014042,0.04675997,0.01414902,149551,0.12289467,0.15135179,-0.02845712,0.12738038,White,6431239
PA,PA-25,185150,-0.00324625,0.58045504,0.40850224,0.49139451,0.50860549,0.12916632,0.37092464,0.00174908,0.0314835,0.01761677,142932,0.1719528,0.25429694,-0.08234414,0.19440085,Minority,12999383
PA,PA-26,185123,-0.0033916,0.45552713,0.53173762,0.80731065,0.19268935,0.04786738,0.08597626,0.00105534,0.05067706,0.0114032,145924,-0.07621049,-0.04850249,-0.027708,-0.07197449,White,2513869
PA,PA-27,186088,0.00180347,0.40008242,0.5904489,0.8762426,0.1237574,0.03655706,0.05405079,0.00105311,0.01994205,0.01223488,149082,-0.19036648,-0.17402702,-0.01633946,-0.18991999,White,1501379
PA,PA-28,186319,0.00304706,0.54793179,0.44201044,0.49255727,0.50744273,0.11243458,0.39663826,0.00293134,0.02101982,0.02480196,139868,0.10592135,0.18206492,-0.07614357,0.12630254,Minority,11309827
PA,PA-29,185392,-0.00194344,0.34898224,0.64249049,0.89003924,0.10996076,0.02738974,0.05034622,0.0006295,0.01413685,0.01388238,149326,-0.29350825,-0.26263995,-0.0308683,-0.28821882,White,906512
PA,PA-30,186317,0.00303629,0.4848334,0.50543591,0.66434845,0.33565155,0.15321762,0.14634359,0.00153876,0.03041237,0.01878095,148821,-0.02060251,0.04636689,-0.0669694,-0.00327938,White,707779
PA,PA-31,185875,0.00065679,0.51041408,0.48241786,0.84755062,0.15244938,0.04226425,0.06205975,0.00102252,0.03507986,0.01185591,149630,0.02799622,0.08435952,-0.0563633,0.04178399,White,1488805
PA,PA-32,185541,-0.0011413,0.47528864,0.51442066,0.81320141,0.18679859,0.0716217,0.0892267,0.00116833,0.01911381,0.01277814,149787,-0.03913202,0.01485722,-0.05398924,-0.02613561,White,4601067
PA,PA-33,185371,-0.00205649,0.34159823,0.64757994,0.81588266,0.18411734,0.03252054,0.13389192,0.00138414,0.0130015,0.01174502,148829,-0.30598171,-0.27041649,-0.03556522,-0.29912664,White,617472
PA,PA-34,186410,0.00353695,0.28548626,0.70552375,0.90147058,0.09852942,0.03335621,0.04412402,0.00077294,0.00783598,0.01128754,150077,-0.42003749,-0.39828808,-0.02174941,-0.41778769,White,621155
PA,PA-35,186326,0.00308474,0.36898854,0.62048439,0.81975146,0.18024854,0.03593424,0.10570631,0.00137468,0.03015369,0.01142362,145488,-0.25149585,-0.24245553,-0.00904032,-0.25348241,White,1557189
PA,PA-36,186329,0.00310089,0.61054401,0.37814557,0.53737703,0.46262297,0.26834087,0.11733201,0.0015971,0.07642001,0.01642538,145263,0.23239844,0.27093086,-0.03853242,0.24024258,White,7504720
PA,PA-37,185909,0.00083982,0.48891265,0.49718595,0.81023656,0.18976344,0.05782008,0.0447883,0.00144348,0.07201878,0.01275522,148253,-0.0082733,-0.02028288,0.01200958,-0.01727649,White,5181635
PA,PA-38,185822,0.00037146,0.306632,0.68367762,0.92560233,0.07439767,0.01901099,0.02207816,0.00081973,0.01472105,0.01371005,146389,-0.37704562,-0.39162857,0.01458295,-0.3869066,White,454568
PA,PA-39,186010,0.00138356,0.32734692,0.66302817,0.89337786,0.10662214,0.02525726,0.04794874,0.00115392,0.01350086,0.01614129,147324,-0.33568125,-0.33925428,0.00357303,-0.34187226,White,899828
PA,PA-40,185707,-0.00024764,0.30690825,0.68432742,0.90304129,0.09695871,0.03158291,0.0316308,0.0007321,0.0126099,0.01672882,146155,-0.37741917,-0.3807487,0.00332953,-0.38352901,White,1306460
PA,PA-41,185542,-0.00113592,0.46948085,0.52001602,0.72239702,0.27760298,0.1202336,0.12657488,0.00114157,0.02597068,0.01559911,143662,-0.05053517,-0.03585265,-0.01468252,-0.050641,White,6083264
PA,PA-42,185283,-0.00253024,0.27266744,0.71852305,0.91784172,0.08215828,0.01676023,0.03867009,0.00082512,0.01456482,0.01023295,135738,-0.44585561,-0.44408529,-0.00177032,-0.4502655,White,1078375
PA,PA-43,185163,-0.00317626,0.40467441,0.5855047,0.87636693,0.12363307,0.03121375,0.05838419,0.00072766,0.02283196,0.01064027,145673,-0.18083029,-0.19528366,0.01445337,-0.19064808,White,2488635
PA,PA-44,185569,-0.00099056,0.55213517,0.43684024,0.67862593,0.32137407,0.09589763,0.1821877,0.00148493,0.04772984,0.01407603,146135,0.11529493,0.12911808,-0.01382315,0.11490265,White,5449602
PA,PA-45,185528,-0.00121129,0.27445114,0.71718477,0.92200412,0.07799588,0.01900757,0.02279838,0.00064183,0.00890541,0.01870002,149572,-0.44273363,-0.41400457,-0.02872906,-0.43815728,White,188450
PA,PA-46,185765,0.0000646,0.28355407,0.70782401,0.91355109,0.08644891,0.03893238,0.01549467,0.00091105,0.00990687,0.01647321,148180,-0.42426994,-0.41358826,-0.01068168,-0.42570938,White,187571
PA,PA-47,185282,-0.00253563,0.31897987,0.67104962,0.91420362,0.08579638,0.02500585,0.03081292,0.00104247,0.01313776,0.0137325,149645,-0.35206975,-0.34344809,-0.00862166,-0.35419586,White,554582
PA,PA-48,185917,0.00088289,0.50196435,0.48758765,0.81418316,0.18581684,0.0521779,0.03907605,0.00215495,0.07928058,0.01081302,156848,0.0143767,0.02842859,-0.01405189,0.01406066,White,699633
PA,PA-49,186167,0.00222877,0.22258207,0.77054249,0.93413519,0.06586481,0.0244695,0.01818083,0.0006309,0.00663465,0.01182432,147408,-0.54796042,-0.54394376,-0.00401666,-0.55162153,White,290987
PA,PA-50,185604,-0.00080214,0.25405748,0.7379958,0.88980257,0.11019743,0.03530436,0.04663023,0.00084996,0.0106072,0.01667438,144713,-0.48393832,-0.48511472,0.0011764,-0.48933045,White,416691
PA,PA-51,186025,0.00146431,0.2462196,0.74653893,0.93160964,0.06839036,0.02800402,0.01184684,0.00072059,0.00781415,0.01299053,151264,-0.50031933,-0.49640546,-0.00391387,-0.50401471,White,377090
PA,PA-52,185217,-0.00288555,0.28184087,0.70844331,0.91611376,0.08388624,0.04051377,0.0164475,0.00057174,0.00750575,0.01240543,150418,-0.42660244,-0.40435058,-0.02225186,-0.42418515,White,494231
PA,PA-53,185729,-0.0001292,0.25678966,0.73493422,0.9272262,0.0727738,0.02172342,0.01962864,0.00073583,0.00655614,0.01529324,150851,-0.47814456,-0.46667441,-0.01147015,-0.47932118,White,124876
PA,PA-54,185458,-0.00158813,0.23910596,0.75327095,0.95175545,0.04824455,0.01159777,0.00740054,0.00064469,0.00490907,0.01500927,148908,-0.51416499,-0.50569577,-0.00846922,-0.51634192,White,271055
PA,PA-55,185987,0.00125974,0.54976525,0.44081207,0.80208504,0.19791496,0.10090156,0.04428147,0.00076265,0.03476875,0.01396606,146856,0.10895318,0.12731574,-0.01836256,0.11007403,White,5138248
PA,PA-56,185175,-0.00311166,0.33261471,0.65901964,0.92912409,0.07087591,0.02431698,0.01269419,0.0006103,0.00638778,0.0162407,147469,-0.32640493,-0.3071345,-0.01927043,-0.32498145,White,361329
PA,PA-57,186024,0.00145893,0.33696907,0.65519884,0.89700358,0.10299642,0.05709599,0.01285614,0.00078342,0.00748602,0.01508587,149345,-0.31822977,-0.27585684,-0.04237293,-0.30910546,White,672124
PA,PA-58,186260,0.00272943,0.33907403,0.65274656,0.93071038,0.06928962,0.01557559,0.01567608,0.00066992,0.01782652,0.01183745,149272,-0.31367253,-0.31676079,0.00308826,-0.31970195,White,988949
PA,PA-59,185336,-0.00224492,0.30578456,0.68524208,0.93376974,0.06623026,0.02366071,0.01259933,0.00053894,0.00912252,0.01202095,152151,-0.37945752,-0.37176358,-0.00769394,-0.38189287,White,460831
PA,PA-60,185784,0.00016689,0.36214612,0.62711112,0.92934481,0.07065519,0.02344597,0.01251289,0.00056847,0.01589725,0.01087359,151284,-0.264965,-0.27293597,0.00797097,-0.27262199,White,2214141
PA,PA-61,185449,-0.00163658,0.30450409,0.68643937,0.90994593,0.09005407,0.04682071,0.01124518,0.00123108,0.00526849,0.01617611,151087,-0.38193528,-0.34053802,-0.04139726,-0.37313619,White,469516
PA,PA-62,186242,0.00263253,0.37225242,0.62142065,0.90718399,0.09281601,0.04145893,0.01635695,0.00087984,0.01316421,0.01279761,150028,-0.24916823,-0.2261411,-0.02302713,-0.24649252,White,916541
PA,PA-63,185955,0.00108747,0.40136887,0.58995095,0.88040151,0.11959849,0.06760263,0.01820789,0.00087371,0.00937073,0.01629373,149935,-0.18858208,-0.1595779,-0.02900418,-0.18391402,White,1272481
PA,PA-64,186294,0.00291247,0.52811996,0.46173227,0.85727949,0.14272051,0.0510736,0.01912869,0.0008403,0.05567131,0.01002207,146377,0.06638769,0.05185842,0.01452927,0.0565446,White,4622931
PA,PA-65,186173,0.00226107,0.47367902,0.51744713,0.90560974,0.09439026,0.04183122,0.01473005,0.00061624,0.01938827,0.01152959,150916,-0.04376811,-0.04675743,0.00298932,-0.04976455,White,3110622
PA,PA-66,186329,0.00310089,0.55586477,0.43531421,0.7260311,0.2739689,0.21833413,0.01928206,0.00091096,0.02002799,0.0145094,151488,0.12055056,0.12278414,-0.00223358,0.11629509,White,4247454
PA,PA-67,186315,0.00302552,0.51888576,0.4727457,0.83472698,0.16527302,0.08188213,0.01726693,0.00070409,0.05155268,0.01032663,149129,0.04614006,0.04797208,-0.00183202,0.04175073,White,8005277
PA,PA-68,185564,-0.00101748,0.54307676,0.44771565,0.85910632,0.14089368,0.04128637,0.0247544,0.00076394,0.05855548,0.01053436,149226,0.09536111,0.100244,-0.00488289,0.09198874,White,5445944
PA,PA-69,185540,-0.00114668,0.69493487,0.29417909,0.72476876,0.27523124,0.18920147,0.03293327,0.00110738,0.03880941,0.01413986,156225,0.40075578,0.40276521,-0.00200943,0.39642559,White,16290924
PA,PA-70,185828,0.00040376,0.83317682,0.15507493,0.58252549,0.41747451,0.27574341,0.03263653,0.00105685,0.09701,0.01192101,158963,0.67810189,0.69653938,-0.01843749,0.67924772,White,19256464
RI,RI-1,183250,0.00193005,0.73786924,0.22711281,0.375265,0.624735,0.17485351,0.39212061,0.00325991,0.0756035,0.03091006,143869,0.51075643,0.62882926,-0.11807283,0.54511404,Hispanic,36758305
RI,RI-2,183575,0.003707,0.61119307,0.36098529,0.84908458,0.15091542,0.05222297,0.047491,0.00189147,0.02621693,0.01554694,151734,0.25020778,0.29745331,-0.04724553,0.26095629,White,4426347
RI,RI-3,182726,-0.00093495,0.5687853,0.40481762,0.5862441,0.4137559,0.13725573,0.21907462,0.00235541,0.03453431,0.0201268,141801,0.16396768,0.25251417,-0.08854649,0.18848318,White,13517473
RI,RI-4,182102,-0.00434671,0.43672772,0.5406949,0.84212428,0.15787572,0.039576,0.06437625,0.00095694,0.03894696,0.01235328,149434,-0.10396718,-0.03125969,-0.07270749,-0.08473135,White,1915226
RI,RI-5,182502,-0.00215969,0.53825776,0.43658069,0.76296356,0.23703644,0.06142166,0.11602761,0.00172066,0.0487008,0.01782259,149361,0.10167707,0.17011649,-0.06843942,0.11949021,White,11327677
RI,RI-6,183224,0.00178789,0.53050635,0.44159576,0.90281713,0.09718287,0.01806533,0.0287526,0.00108986,0.02708148,0.01637438,151395,0.08891059,0.13536649,-0.0464559,0.09939589,White,1371350
SC,SC-1,182302,-0.00272974,0.4139482,0.5741243,0.73801449,0.26198551,0.12574794,0.10436575,0.00131624,0.01764165,0.01507632,148909,-0.1601761,-0.120463,-0.0397131,-0.1519384,White,1349141
SC,SC-2,183229,0.00234134,0.5184344,0.46317292,0.69957916,0.30042084,0.21740147,0.04157649,0.00163661,0.02277889,0.01543754,149700,0.05526148,0.11028395,-0.05502247,0.0686023,White,645779
SC,SC-3,182827,0.00014223,0.6220017,0.35882138,0.48229483,0.51770517,0.36712755,0.10284762,0.00281134,0.03301058,0.02057231,143348,0.26318032,0.34845958,-0.08527926,0.28660674,Minority,8077835
SC,SC-4,182234,-0.00310173,0.3865575,0.59644878,0.66011556,0.33988444,0.24341167,0.04913332,0.00196677,0.02040258,0.02746279,138806,-0.20989128,-0.1661035,-0.04378778,-0.20029535,White,532300
SC,SC-5,183102,0.0016466,0.39932389,0.58618175,0.6439238,0.3560762,0.21443587,0.07710152,0.00258068,0.03562212,0.02392931,137948,-0.18685786,-0.14657807,-0.04027979,-0.17843126,White,847517
SC,SC-6,182277,-0.00286651,0.44839703,0.53759315,0.7052544,0.2947456,0.23647581,0.02848329,0.00093581,0.01682379,0.01121586,144260,-0.08919612,-0.01877197,-0.07042415,-0.0707214,White,372555
SC,SC-7,182381,-0.00229758,0.31166548,0.67872373,0.82855155,0.17144845,0.06956236,0.05843135,0.00181008,0.01878358,0.0191443,155242,-0.36705825,-0.32771327,-0.03934498,-0.35894326,White,3403399
SC,SC-8,182338,-0.00253281,0.29305701,0.69785121,0.75921981,0.24078019,0.15498268,0.04800632,0.00117055,0.01474762,0.02092025,146939,-0.4047942,-0.34170021,-0.06309399,-0.38876287,White,731672
SC,SC-9,183052,0.00137308,0.54304962,0.44557767,0.40291353,0.59708647,0.53627403,0.03881249,0.00122951,0.00971176,0.01574879,144773,0.09747195,0.20110871,-0.10363676,0.12701754,Black,178352
SC,SC-10,182292,-0.00278445,0.54528811,0.44184814,0.44239282,0.55760718,0.49520496,0.03253755,0.0017749,0.01777008,0.01711764,142543,0.10343997,0.18947993,-0.08603996,0.12711996,Black,349791
SC,SC-11,183314,0.00280633,0.49507565,0.49311112,0.45832074,0.54167926,0.49101477,0.02334685,0.00096986,0.00695064,0.02413398,142289,0.00196453,0.088478,-0.08651347,0.02580235,Black,335293
SC,SC-12,182730,-0.0003884,0.41120814,0.57203202,0.58353606,0.41646394,0.35838716,0.02885664,0.00076196,0.01518329,0.01607108,143052,-0.16082388,-0.09181893,-0.06900495,-0.14282223,White,365877
SC,SC-13,183457,0.0035886,0.57847613,0.40436514,0.57163883,0.42836117,0.31348132,0.06365936,0.00223818,0.03950733,0.01707802,147441,0.17411099,0.19790512,-0.02379413,0.17704237,White,877659
SC,SC-14,183073,0.00148796,0.62173056,0.3601499,0.42343998,0.57656002,0.49406455,0.0474487,0.00196335,0.02664841,0.01577664,143123,0.26158066,0.32928297,-0.06770231,0.2791481,Black,3738610
SC,SC-15,183079,0.00152078,0.59645057,0.38911656,0.4608454,0.5391546,0.45679065,0.04872793,0.00198484,0.02085504,0.01886311,141069,0.20733401,0.24224156,-0.03490755,0.21396986,Minority,490864
SC,SC-16,183159,0.00195841,0.37828909,0.60737814,0.71592035,0.28407965,0.16197372,0.05886863,0.00095474,0.0401354,0.02270409,138257,-0.22908905,-0.21006783,-0.01902122,-0.22774864,White,1082027
SC,SC-17,183327,0.00287745,0.30781964,0.6802681,0.76115471,0.23884529,0.15365612,0.04349782,0.00074972,0.01782896,0.0223701,140053,-0.37244846,-0.3461182,-0.02633026,-0.36867171,White,783752
SC,SC-18,182261,-0.00295403,0.39059129,0.59336202,0.6920507,0.3079493,0.18685497,0.06629262,0.00151794,0.03193338,0.0256985,140981,-0.20277073,-0.17632652,-0.02644421,-0.19895599,White,2866025
SC,SC-19,182960,0.0008698,0.26109766,0.72657851,0.75205899,0.24794101,0.15099031,0.06363636,0.00106156,0.01348675,0.02098889,140360,-0.46548085,-0.40889176,-0.05658909,-0.45161782,White,365356
SC,SC-20,182582,-0.00119802,0.36497357,0.62142084,0.65478389,0.34521611,0.25433846,0.0550979,0.00155624,0.01477393,0.02299089,144579,-0.25644727,-0.2204212,-0.03602607,-0.24943858,White,521974
SC,SC-21,183441,0.00350107,0.30433705,0.68371983,0.67077044,0.32922956,0.26100857,0.04201355,0.00092733,0.00863662,0.01785455,144501,-0.37938278,-0.30224919,-0.07713359,-0.35867158,White,347782
SC,SC-22,182907,0.00057987,0.26934306,0.71844506,0.75901102,0.24098898,0.16127915,0.04142451,0.00121608,0.01593631,0.02055318,141438,-0.449102,-0.3956095,-0.0534925,-0.43627117,White,1320561
SC,SC-23,182534,-0.0014606,0.22630361,0.76047494,0.84469948,0.15530052,0.06656885,0.03917352,0.00085087,0.02196182,0.02474893,149259,-0.53417133,-0.49865549,-0.03551584,-0.52733272,White,593869
SC,SC-24,182397,-0.00221005,0.27823232,0.7060545,0.78737066,0.21262934,0.09283337,0.07589835,0.00131338,0.02019416,0.02174381,143903,-0.42782218,-0.41400659,-0.01381559,-0.42821698,White,1558632
SC,SC-25,182785,-0.00008753,0.51178659,0.46916449,0.55125132,0.44874868,0.28554811,0.12642228,0.00183292,0.02195982,0.02100106,141850,0.0426221,0.1147506,-0.0721285,0.06166493,White,5668324
SC,SC-26,182464,-0.00184353,0.34938831,0.63270614,0.73961131,0.26038869,0.12478738,0.07039195,0.00125222,0.04503637,0.01745865,138155,-0.28331783,-0.25507518,-0.02824265,-0.27890361,White,2948823
SC,SC-27,183262,0.00252187,0.25225458,0.7365061,0.76948766,0.23051234,0.12223491,0.06436421,0.00102041,0.0219138,0.02187099,140140,-0.48425152,-0.45133886,-0.03291266,-0.47828063,White,1156155
SC,SC-28,182659,-0.0007768,0.42439979,0.56301682,0.58359356,0.41640644,0.29712029,0.07288296,0.00136355,0.03147476,0.0185528,141542,-0.13861703,-0.06581985,-0.07279718,-0.1193513,White,995707
SD,SD-1,177489,0.0008797,0.44591389,0.52969738,0.81394619,0.18605381,0.05987294,0.05301943,0.00134529,0.02993274,0.04078475,133800,-0.08378349,-0.05806861,-0.02571488,-0.08021186,White,2355415
SD,SD-2,177483,0.00084587,0.33285436,0.64499784,0.90998129,0.09001871,0.01503833,0.02754135,0.00101865,0.01499306,0.02729989,132528,-0.31214348,-0.27576596,-0.03637752,-0.30501764,White,105305
SD,SD-3,177578,0.00138158,0.32121872,0.65682406,0.87440953,0.12559047,0.01203551,0.03937679,0.00146829,0.0243973,0.04866853,134851,-0.33560534,-0.29863153,-0.03697381,-0.32828074,White,43127
SD,SD-4,177128,-0.00115602,0.29805339,0.68048496,0.71881683,0.28118317,0.00747694,0.02113246,0.00173367,0.00625496,0.24782336,130936,-0.38243157,-0.34656896,-0.03586261,-0.37547737,White,14225
SD,SD-5,176989,-0.00193985,0.31649512,0.65719675,0.83522678,0.16477322,0.01713577,0.03670701,0.0021365,0.01680764,0.09137378,137140,-0.34070163,-0.32333334,-0.01736829,-0.3399122,White,41657
TN,TN-1,186793,0.00007495,0.20378528,0.78657863,0.92133476,0.07866524,0.02493604,0.01701743,0.0006923,0.00905926,0.02297782,151668,-0.58279335,-0.55422127,-0.02857208,-0.57826932,White,721398
TN,TN-2,186239,-0.00289112,0.27046469,0.71713246,0.87952357,0.12047643,0.04046744,0.03579176,0.00089281,0.01517777,0.02478705,151208,-0.44666777,-0.41931278,-0.02735499,-0.44254944,White,1209409
TN,TN-3,186555,-0.00119928,0.15739077,0.83341976,0.92635,0.07365,0.02004441,0.01971669,0.00076914,0.00641394,0.02325473,149518,-0.67602899,-0.63342367,-0.04260532,-0.66682722,White,386204
TN,TN-4,186798,0.00010172,0.18298255,0.8077405,0.86610472,0.13389528,0.02675729,0.06794432,0.00211582,0.01060631,0.02664163,146988,-0.62475795,-0.58025914,-0.04449881,-0.61492501,White,721020
TN,TN-5,186713,-0.00035336,0.23927478,0.74874167,0.88720073,0.11279927,0.02580801,0.04143784,0.00079223,0.01345454,0.02784231,148946,-0.50946689,-0.47553715,-0.03392974,-0.50315698,White,717036
TN,TN-6,186945,0.00088875,0.55965883,0.41963827,0.71828946,0.28171054,0.16233899,0.06430635,0.00148754,0.02929658,0.02807891,151929,0.14002056,0.18589707,-0.04587651,0.15031273,White,7911647
TN,TN-7,186284,-0.00265019,0.36714891,0.61755077,0.84417223,0.15582777,0.04204721,0.04361588,0.00140831,0.04299538,0.02113864,143434,-0.25040186,-0.2227374,-0.02766446,-0.24618037,White,4443624
TN,TN-8,186641,-0.00073884,0.27494783,0.71338224,0.88780415,0.11219585,0.03902346,0.02798948,0.00104017,0.01310073,0.02765635,147091,-0.43843441,-0.40656898,-0.03186543,-0.4328126,White,1091297
TN,TN-9,186480,-0.00160082,0.19918169,0.79045372,0.89549876,0.10450124,0.02196284,0.04261756,0.00062387,0.00835178,0.02734957,149070,-0.59127203,-0.55956035,-0.03171168,-0.58570147,White,532969
TN,TN-10,186293,-0.00260201,0.18520817,0.80505081,0.86129874,0.13870126,0.04495232,0.04652685,0.00133596,0.01148516,0.03440097,146711,-0.61984264,-0.58439342,-0.03544922,-0.61302623,White,449179
TN,TN-11,186689,-0.00048185,0.30438722,0.68125462,0.8332936,0.1667064,0.06776556,0.03931478,0.00128052,0.03111399,0.02518135,146815,-0.3768674,-0.36776628,-0.00910112,-0.37883369,White,1484464
TN,TN-12,187294,0.00275727,0.57180282,0.41010544,0.60094376,0.39905624,0.27787263,0.07797481,0.00105535,0.02255892,0.02445451,148766,0.16169738,0.19701191,-0.03531453,0.16846889,White,4858361
TN,TN-13,186935,0.00083521,0.44298574,0.54131834,0.58373209,0.41626791,0.25153175,0.09918233,0.00775645,0.04180522,0.02759734,135629,-0.0983326,-0.03101128,-0.06732132,-0.08089216,White,3139739
TN,TN-14,186590,-0.00101189,0.60566478,0.37504301,0.56154971,0.43845029,0.31452771,0.08757441,0.00143542,0.01527943,0.0241845,146995,0.23062177,0.27545063,-0.04482886,0.24056472,White,1427792
TN,TN-15,187345,0.00303032,0.64032826,0.3403592,0.69880107,0.30119893,0.18447917,0.04919235,0.00126038,0.05232135,0.01442223,159476,0.29996906,0.37290322,-0.07293416,0.31928045,White,10317017
TN,TN-16,187081,0.00161688,0.55154769,0.42558494,0.61147438,0.38852562,0.14358704,0.15425707,0.00155946,0.07517578,0.02222921,146204,0.12596275,0.17454977,-0.04858702,0.13715842,White,5548178
TN,TN-17,187019,0.00128494,0.60446653,0.37695157,0.5218867,0.4781133,0.27389677,0.15132169,0.00162859,0.03631474,0.02397717,146139,0.22751496,0.25464273,-0.02712777,0.23155755,White,5924116
TN,TN-18,186358,-0.002254,0.33638424,0.64695381,0.83284479,0.16715521,0.04603768,0.05370575,0.00112572,0.04675404,0.01658614,136801,-0.31056957,-0.25050684,-0.06006273,-0.29554866,White,1888406
TN,TN-19,186579,-0.00107078,0.33309867,0.65173199,0.77633476,0.22366524,0.0960107,0.04927303,0.0012492,0.05576293,0.01942537,135287,-0.31863332,-0.27643008,-0.04220324,-0.30956557,White,1231945
TN,TN-20,186304,-0.00254311,0.45800672,0.52611637,0.57081573,0.42918427,0.22411932,0.13915045,0.00192331,0.0463954,0.02408071,139863,-0.06810965,0.05450071,-0.12261036,-0.03223953,White,6366440
TN,TN-21,186629,-0.00080309,0.29621168,0.69156762,0.82840836,0.17159164,0.07420883,0.04575683,0.00118227,0.02484184,0.02278693,142099,-0.39535594,-0.3766652,-0.01869074,-0.39412569,White,1002898
TN,TN-22,187092,0.00167578,0.2909087,0.69753258,0.81079926,0.18920074,0.08579716,0.05638539,0.00147129,0.01964521,0.0241992,142732,-0.40662388,-0.37572423,-0.03089965,-0.401324,White,1605267
TN,TN-23,186631,-0.00079238,0.15822498,0.8346722,0.93718438,0.06281562,0.01248409,0.01718572,0.00084388,0.00539147,0.02283169,149310,-0.67644722,-0.64971964,-0.02672758,-0.67253803,White,257830
TN,TN-24,187367,0.00314811,0.1906857,0.79989801,0.89569139,0.10430861,0.03259559,0.03518265,0.00096168,0.01021956,0.02509177,147658,-0.60921231,-0.55302408,-0.05618823,-0.5954829,White,269280
TN,TN-25,186733,-0.00024628,0.17918498,0.81133783,0.8973876,0.1026124,0.02250062,0.04226143,0.00098633,0.00725362,0.02665142,145996,-0.63215285,-0.58580074,-0.04635211,-0.62170215,White,233594
TN,TN-26,186970,0.0010226,0.21416447,0.7759454,0.86828857,0.13171143,0.06048521,0.02955304,0.00094434,0.01008879,0.02767115,147193,-0.56178093,-0.51037949,-0.05140144,-0.54964712,White,285832
TN,TN-27,187061,0.00150981,0.24642259,0.74325828,0.79031863,0.20968137,0.0984848,0.07530573,0.00111875,0.01055119,0.02388527,143017,-0.49683569,-0.42551441,-0.07132128,-0.47806193,White,476288
TN,TN-28,186178,-0.00321771,0.14799841,0.84401212,0.90343532,0.09656468,0.04655883,0.01921661,0.00075683,0.00546294,0.02135638,145343,-0.69601371,-0.65211709,-0.04389662,-0.6863815,White,165393
TN,TN-29,186440,-0.00181498,0.23050909,0.75861439,0.85091748,0.14908252,0.05900022,0.05103456,0.00129625,0.00977762,0.02647553,143491,-0.5281053,-0.48996733,-0.03813797,-0.52039264,White,373018
TN,TN-30,186864,0.00045508,0.1961527,0.79445879,0.86411695,0.13588305,0.07812331,0.02362714,0.0013351,0.00708679,0.02283822,148304,-0.59830609,-0.54701697,-0.05128912,-0.58620972,White,171881
TN,TN-31,187254,0.00254311,0.23065929,0.76088199,0.74782169,0.25217831,0.19223808,0.0276059,0.00133294,0.00776613,0.02200755,142542,-0.5302227,-0.47754703,-0.05267567,-0.51766414,White,306215
TN,TN-32,187055,0.00147768,0.36577514,0.62374938,0.59721332,0.40278668,0.34295272,0.03168394,0.00102511,0.01141108,0.01692103,148277,-0.25797424,-0.19754853,-0.06042571,-0.24283234,White,295474
TN,TN-33,186660,-0.00063712,0.5835891,0.40061715,0.35538859,0.64461141,0.55740265,0.04918385,0.0011603,0.02497511,0.0167599,139619,0.18297195,0.25891841,-0.07594646,0.20328744,Black,1625957
TN,TN-34,186777,-0.00001071,0.62131802,0.36009656,0.39949442,0.60050558,0.47251765,0.09033456,0.00106843,0.02519535,0.01723452,143201,0.26122146,0.29781384,-0.03659238,0.26841892,Black,8822010
TN,TN-35,186920,0.0007549,0.58327644,0.39884074,0.41698411,0.58301589,0.44313003,0.07741962,0.00119821,0.0504218,0.01565985,144382,0.1844357,0.20953415,-0.02509845,0.18780185,Black,6431748
TN,TN-36,187416,0.00341045,0.71611367,0.26543791,0.32106309,0.67893691,0.54603631,0.10136869,0.00118403,0.0246321,0.01504003,141888,0.45067576,0.49393619,-0.04326043,0.4600959,Black,12455208
TN,TN-37,186858,0.00042296,0.59028555,0.39172806,0.36070356,0.63929644,0.54861126,0.0311819,0.00101503,0.05107075,0.01079619,140883,0.19855749,0.26535232,-0.06679483,0.21582243,Black,4079931
TX,TX-1,186106,0.00251023,0.53789176,0.44719791,0.19791983,0.80208017,0.06088617,0.70715619,0.00391297,0.03299628,0.02692068,138258,0.09069385,0.24414054,-0.15344669,0.13684275,Hispanic,4889845
TX,TX-2,185240,-0.00215471,0.59837996,0.38314088,0.17129461,0.82870539,0.04626801,0.75388027,0.00378931,0.02694391,0.02592107,145673,0.21523908,0.36603986,-0.15080078,0.26050601,Hispanic,10600201
TX,TX-3,185289,-0.00189076,0.56913994,0.4179357,0.09770865,0.90229135,0.04556436,0.83846523,0.0035113,0.01955974,0.02284595,133284,0.15120424,0.37783449,-0.22663025,0.22174766,Hispanic,18132863
TX,TX-4,185498,-0.00076492,0.61393428,0.37139908,0.06089545,0.93910455,0.01693421,0.91440501,0.00139649,0.0075749,0.02569401,141784,0.2425352,0.45336882,-0.21083362,0.30781307,Hispanic,11921686
TX,TX-5,186209,0.00306507,0.4330266,0.5555962,0.16793012,0.83206988,0.02587068,0.78942542,0.00260334,0.0135418,0.02097462,135211,-0.1225696,0.05664625,-0.17921585,-0.06783098,Hispanic,20794
TX,TX-6,186205,0.00304353,0.39679894,0.59054649,0.43853263,0.56146737,0.13181743,0.36745041,0.00165773,0.04587777,0.0293626,144776,-0.19374755,-0.09344962,-0.10029793,-0.16531491,Minority,7797269
TX,TX-7,186012,0.00200388,0.60375604,0.38473881,0.28938784,0.71061216,0.43892181,0.21971101,0.00103564,0.0453146,0.01820475,141941,0.21901723,0.28802247,-0.06900524,0.23701898,Black,3120501
TX,TX-8,185462,-0.00095885,0.17226231,0.82104992,0.75777864,0.24222136,0.09917192,0.09702949,0.00081751,0.0209803,0.02381338,141895,-0.64878761,-0.61500006,-0.03378755,-0.64252509,White,329158
TX,TX-9,185860,0.00118509,0.50398606,0.4865171,0.03445506,0.96554494,0.00501633,0.95425441,0.00041676,0.00636513,0.01182854,131969,0.01746896,0.25408483,-0.23661587,0.09134092,Hispanic,21074163
TX,TX-10,185604,-0.00019392,0.42938501,0.56392863,0.07879792,0.92120208,0.0142355,0.89398962,0.00096694,0.00801179,0.01603892,130308,-0.13454362,0.10408541,-0.23862903,-0.06000061,Hispanic,69074
TX,TX-11,185424,-0.00116354,0.43578525,0.55902039,0.11998259,0.88001741,0.01535931,0.84526348,0.00087051,0.01021741,0.01329369,135553,-0.12323514,0.01180157,-0.13503671,-0.0832229,Hispanic,79119
TX,TX-12,185576,-0.00034475,0.53851452,0.4501588,0.24250926,0.75749074,0.05726658,0.67365153,0.00190053,0.01909582,0.02258361,143644,0.08835572,0.18077756,-0.09242184,0.114163,Hispanic,11436924
TX,TX-13,185336,-0.00163758,0.57470438,0.4111737,0.30603255,0.69396745,0.37966478,0.24068565,0.02218553,0.06398503,0.03306527,131437,0.16353068,0.25750863,-0.09397795,0.18985666,Black,8770535
TX,TX-14,185311,-0.00177225,0.31131947,0.67420228,0.61040604,0.38959396,0.12490229,0.20991857,0.00526555,0.03184202,0.03289371,140726,-0.36288281,-0.3286895,-0.03419331,-0.35648504,White,754349
TX,TX-15,184987,-0.00351756,0.42765532,0.55838746,0.49878197,0.50121803,0.18516914,0.26734895,0.0019247,0.03266312,0.02776969,140801,-0.13073214,-0.03734159,-0.09339055,-0.10460196,Minority,4604082
TX,TX-16,185675,0.00018854,0.49673461,0.49363561,0.05426902,0.94573098,0.00515624,0.93178949,0.00071824,0.00840724,0.01357859,132267,0.003099,0.24471838,-0.24161938,0.07863879,Hispanic,11874407
TX,TX-17,186065,0.00228938,0.45112508,0.53965577,0.13897211,0.86102789,0.00854451,0.83867553,0.00079589,0.01084957,0.01655592,133185,-0.08853069,0.05845144,-0.14698213,-0.04453665,Hispanic,1018221
TX,TX-18,185641,0.00000539,0.47211193,0.51945547,0.09909538,0.90090462,0.00573235,0.88761078,0.00077299,0.00615328,0.01470206,130662,-0.04734354,0.1695394,-0.21688294,0.01995077,Hispanic,1784516
TX,TX-19,185129,-0.00275264,0.49206541,0.49876627,0.06627565,0.93372435,0.00335832,0.9248713,0.00029169,0.00380768,0.01300759,126849,-0.00670086,0.21335023,-0.22005109,0.0616495,Hispanic,6054351
TX,TX-20,185343,-0.00159987,0.47942805,0.51163785,0.06391801,0.93608199,0.01470036,0.90017212,0.0003677,0.02038805,0.01556095,127820,-0.0322098,0.16188835,-0.19409815,0.02748958,Hispanic,943640
TX,TX-21,185554,-0.00046326,0.48687382,0.50218456,0.08462572,0.91537428,0.00864794,0.88190506,0.00050219,0.02298239,0.0171334,135408,-0.01531074,0.15049611,-0.16580685,0.03495821,Hispanic,8864571
TX,TX-22,185054,-0.00315665,0.42982117,0.55315255,0.51250588,0.48749412,0.12273369,0.26779786,0.00202271,0.08515557,0.02216921,148810,-0.12333138,0.0065647,-0.12989608,-0.08503269,White,4865739
TX,TX-23,184966,-0.00363068,0.45063204,0.54222211,0.07963571,0.92036429,0.00529237,0.90482333,0.00045341,0.00961538,0.01438399,127920,-0.09159007,0.1041662,-0.19575627,-0.03133798,Hispanic,2574289
TX,TX-24,186236,0.00321051,0.53281012,0.44975798,0.55797682,0.44202318,0.14187056,0.22318933,0.00255754,0.05333909,0.03318536,143497,0.08305214,0.10567135,-0.02261921,0.08559188,White,5249376
TX,TX-25,185094,-0.00294118,0.51570397,0.47204943,0.22620606,0.77379394,0.08343857,0.65575587,0.00390465,0.03192668,0.03100475,129077,0.04365454,0.14867361,-0.10501907,0.0736609,Hispanic,2100596
TX,TX-26,185255,-0.00207391,0.54749329,0.43918212,0.2698782,0.7301218,0.11001466,0.56148252,0.00533427,0.05725551,0.02938712,133664,0.10831117,0.22051486,-0.11220369,0.1407124,Hispanic,10410488
TX,TX-27,185577,-0.00033937,0.65779526,0.32806835,0.13403448,0.86596552,0.13395453,0.71982934,0.00236946,0.01402779,0.03121729,137584,0.32972691,0.463906,-0.13417909,0.36945327,Hispanic,12119673
TX,TX-28,186289,0.00349601,0.63665039,0.35225936,0.09983475,0.90016525,0.04343916,0.84587544,0.00206192,0.01237881,0.025306,136766,0.28439103,0.46440464,-0.18001361,0.33939557,Hispanic,13406379
TX,TX-29,185850,0.00113122,0.67150013,0.31399949,0.10611492,0.89388508,0.03773276,0.84590498,0.00171027,0.01021172,0.03009357,140329,0.35750064,0.49753369,-0.14003305,0.39917832,Hispanic,21844461
TX,TX-30,186138,0.00268261,0.57286358,0.41145198,0.30260389,0.69739611,0.0871985,0.5238216,0.00365326,0.08113258,0.03139201,145897,0.1614116,0.22889808,-0.06748648,0.17890709,Hispanic,20804530
TX,TX-31,185250,-0.00210084,0.46788972,0.51671917,0.5059151,0.4940849,0.066496,0.34926968,0.00408058,0.06754928,0.02643657,143362,-0.04882945,-0.03147678,-0.01735267,-0.04804523,White,9311279
TX,TX-32,185319,-0.00172915,0.57715474,0.40620284,0.32721923,0.67278077,0.07183403,0.53122033,0.00286851,0.06548425,0.02919688,148509,0.1709519,0.23027414,-0.05932224,0.18572598,Hispanic,13744344
TX,TX-33,185630,-0.00005387,0.54235275,0.44016706,0.45962737,0.54037263,0.09305556,0.39810976,0.00384824,0.03957995,0.02869241,147600,0.10218569,0.1350533,-0.03286761,0.10814156,Minority,14080198
TX,TX-34,185954,0.00169145,0.55400215,0.43103118,0.30265984,0.69734016,0.2183939,0.42651395,0.00664778,0.04970183,0.03221226,137339,0.12297097,0.186322,-0.06335103,0.13908798,Hispanic,10993008
TX,TX-35,186147,0.00273109,0.8425615,0.14330501,0.09603579,0.90396421,0.56957224,0.25951,0.00128312,0.07900072,0.01961549,141062,0.69925649,0.78945586,-0.09019937,0.72432295,Black,12361808
TX,TX-36,185736,0.00051713,0.83468078,0.15138845,0.148801,0.851199,0.50613675,0.29113445,0.00237639,0.05524425,0.01763387,148124,0.68329233,0.76330852,-0.08001619,0.70496439,Black,13447699
TX,TX-37,185720,0.00043094,0.74309778,0.24145471,0.11903076,0.88096924,0.51052267,0.26286759,0.00162965,0.11064655,0.01868566,135612,0.50164307,0.60122497,-0.0995819,0.52983704,Black,10791653
TX,TX-38,185092,-0.00295195,0.55186685,0.4361309,0.09290296,0.90709704,0.0381571,0.8515931,0.00091417,0.01617998,0.03000394,134549,0.11573595,0.29567744,-0.17994149,0.17071645,Hispanic,19641547
TX,TX-39,185674,0.00018315,0.56403565,0.42204541,0.12225346,0.87774654,0.17115338,0.63611737,0.00150495,0.07352974,0.02577505,136217,0.14199024,0.28924201,-0.14725177,0.18607416,Hispanic,17708587
TX,TX-40,185756,0.00062487,0.58536903,0.40454154,0.11177312,0.88822688,0.20181279,0.66822473,0.00124543,0.01951167,0.03022079,130076,0.18082749,0.33815976,-0.15733227,0.22827158,Hispanic,8445142
TX,TX-41,185928,0.00155139,0.59199284,0.3963172,0.24753542,0.75246458,0.33710853,0.36238097,0.00667156,0.04474452,0.02534122,130854,0.19567564,0.2371969,-0.04152126,0.20451606,Hispanic,7332795
TX,TX-42,186165,0.00282805,0.60481368,0.38162881,0.20047141,0.79952859,0.37046601,0.3802321,0.00371577,0.04478441,0.0313626,133216,0.22318487,0.3023831,-0.07919823,0.24458428,Hispanic,14136216
TX,TX-43,186268,0.00338289,0.69496294,0.29027865,0.07005815,0.92994185,0.37519415,0.4772538,0.00173326,0.08015007,0.02755205,133275,0.40468429,0.54838519,-0.1437009,0.44758459,Hispanic,18092075
TX,TX-44,186139,0.002688,0.58618666,0.40331312,0.07436314,0.92563686,0.103141,0.81089927,0.00139617,0.01237478,0.03496525,131073,0.18287354,0.38763792,-0.20476438,0.24612833,Hispanic,16329871
TX,TX-45,186324,0.00368455,0.6603835,0.32275287,0.12211145,0.87788855,0.22515438,0.58307418,0.00188974,0.07197381,0.03482628,134410,0.33763063,0.47803666,-0.14040603,0.37943264,Hispanic,31006793
TX,TX-46,185617,-0.0001239,0.57074411,0.41351325,0.07811359,0.92188641,0.22281073,0.51916878,0.0015934,0.18120523,0.02577475,135559,0.15723086,0.30407384,-0.14684298,0.20117852,Hispanic,33158811
TX,TX-47,185604,-0.00019392,0.59984096,0.38483831,0.24547514,0.75452486,0.15786862,0.54304821,0.00145975,0.04856722,0.03135225,139065,0.21500265,0.29309486,-0.07809221,0.23603339,Hispanic,19348967
TX,TX-48,185394,-0.00132515,0.49830614,0.48094636,0.2674844,0.7325156,0.10616926,0.5120119,0.0016911,0.10936275,0.03605748,137780,0.01735978,0.0822104,-0.06485062,0.03397665,Hispanic,13347719
TX,TX-49,185244,-0.00213316,0.65437075,0.32395017,0.59220927,0.40779073,0.08640676,0.15100261,0.00215102,0.15527849,0.01602474,152951,0.33042058,0.33743969,-0.00701911,0.32776028,White,28639844
TX,TX-50,185882,0.0013036,0.5937363,0.38446043,0.53221371,0.46778629,0.12060475,0.22366688,0.00160525,0.11209885,0.020088,156362,0.20927587,0.23646357,-0.0271877,0.21333844,White,26878060
TX,TX-51,185715,0.00040401,0.43906525,0.54058129,0.54484584,0.45515416,0.14444644,0.17265993,0.001382,0.12800066,0.01654252,144718,-0.10151604,-0.05839854,-0.0431175,-0.09214354,White,20903177
TX,TX-52,185871,0.00124434,0.5265905,0.45207892,0.23803638,0.76196362,0.22309223,0.44143669,0.00188403,0.09481212,0.02985817,132694,0.07451158,0.20583776,-0.13132618,0.11328697,Hispanic,15198139
TX,TX-53,185236,-0.00217626,0.2907878,0.70048883,0.35430064,0.64569936,0.02069218,0.60333888,0.00159336,0.00909365,0.02283819,139328,-0.40970103,-0.31706917,-0.09263186,-0.38382374,Hispanic,65757
TX,TX-54,185293,-0.00186921,0.33720769,0.65099552,0.59366398,0.40633602,0.04204024,0.28970849,0.00302713,0.05542029,0.0273453,138415,-0.31378783,-0.2836422,-0.03014563,-0.30873929,White,1610034
TX,TX-55,185651,0.00005925,0.33873436,0.64877006,0.5966765,0.4033235,0.07930366,0.2717588,0.00393347,0.03267918,0.02927302,140334,-0.3100357,-0.2708026,-0.0392331,-0.301958,White,2113444
TX,TX-56,185637,-0.00001616,0.2755251,0.71476617,0.54036481,0.45963519,0.04098658,0.38766708,0.00215307,0.011412,0.0276631,140729,-0.43924107,-0.40028583,-0.03895524,-0.43125599,White,287021
TX,TX-57,184982,-0.00354449,0.55901026,0.42588539,0.38649611,0.61350389,0.07037709,0.48837094,0.01887595,0.04303462,0.02983138,141026,0.13312487,0.21239426,-0.07926939,0.154548,Hispanic,1135903
TX,TX-58,185429,-0.00113661,0.6453117,0.33371138,0.62313198,0.37686802,0.04553644,0.24524238,0.00242971,0.06541592,0.02807286,144873,0.31160032,0.33459472,-0.0229944,0.31426512,White,3163562
TX,TX-59,185420,-0.00118509,0.43246471,0.5499769,0.75393774,0.24606226,0.0228805,0.12503945,0.00210156,0.06958829,0.02545546,139420,-0.11751219,-0.08607658,-0.03143561,-0.11203365,White,1059257
TX,TX-60,185806,0.0008942,0.73686315,0.23972877,0.32568261,0.67431739,0.09563402,0.52792719,0.0021693,0.04305755,0.03518785,146130,0.49713438,0.6155482,-0.11841382,0.53160565,Hispanic,4663619
TX,TX-61,185973,0.00179379,0.67208328,0.30139397,0.71141177,0.28858823,0.03190689,0.15188648,0.00214588,0.08356504,0.02102701,152851,0.37068931,0.43943237,-0.06874306,0.38860366,White,7654133
TX,TX-62,185494,-0.00078647,0.72172716,0.2551257,0.25297749,0.74702251,0.15441627,0.52734862,0.00205013,0.06172521,0.0360838,135601,0.46660146,0.55389489,-0.08729343,0.49069927,Hispanic,3496301
TX,TX-63,185868,0.00122818,0.8226982,0.14986236,0.55544254,0.44455746,0.09620589,0.22563774,0.00212214,0.10928406,0.02136583,159273,0.67283584,0.73726086,-0.06442502,0.68931085,White,20646950
TX,TX-64,186231,0.00318358,0.65958665,0.31571055,0.40642468,0.59357532,0.15975107,0.29973389,0.00310463,0.12339665,0.02871605,142046,0.3438761,0.39413859,-0.05026249,0.35563026,Minority,11969670
TX,TX-65,185005,-0.0034206,0.66617501,0.30732524,0.55615763,0.44384237,0.0678661,0.16641954,0.00248041,0.19241939,0.02266531,146347,0.35884977,0.38141636,-0.02256659,0.36137197,White,12581649
TX,TX-66,186099,0.00247253,0.50229544,0.47390536,0.61461217,0.38538783,0.05738465,0.18114814,0.00272369,0.12427979,0.02697505,133642,0.02839008,0.04835073,-0.01996065,0.03004363,White,8742530
TX,TX-67,185949,0.00166451,0.53010231,0.44985855,0.48441051,0.51558949,0.12559735,0.30111749,0.00355499,0.0723527,0.02994784,137272,0.08024376,0.13166848,-0.05142472,0.09238533,Minority,5109407
TX,TX-68,185410,-0.00123896,0.33524431,0.65024937,0.70485172,0.29514828,0.05956335,0.18992577,0.00235248,0.0227102,0.0268323,142403,-0.31500506,-0.32697273,0.01196767,-0.32399428,White,275978
TX,TX-69,185070,-0.00307046,0.36131009,0.63043447,0.37859975,0.62140025,0.02891378,0.54999855,0.00187404,0.02860988,0.02282134,138204,-0.26912438,-0.19880685,-0.07031753,-0.2506852,Hispanic,547214
TX,TX-70,185224,-0.0022409,0.26190858,0.73048974,0.44099936,0.55900064,0.07293505,0.45690838,0.00097331,0.01846483,0.01946615,142812,-0.46858116,-0.40802221,-0.06055895,-0.45339484,Hispanic,147672
TX,TX-71,185278,-0.00195001,0.51220359,0.45613304,0.30977486,0.69022514,0.18075568,0.13999754,0.00165001,0.36312518,0.01369219,138181,0.05607055,0.137654,-0.08158345,0.07826503,Asian,10017739
TX,TX-72,186029,0.00209545,0.52229046,0.42749915,0.20705858,0.79294142,0.22174457,0.21835494,0.00138931,0.35006328,0.01527517,137478,0.09479131,0.25063911,-0.1558478,0.14174058,Asian,13990077
TX,TX-73,185380,-0.00140056,0.48784017,0.48628859,0.27977883,0.72022117,0.24577248,0.26132888,0.00170461,0.20906597,0.01943834,139621,0.00155158,0.10084732,-0.09929574,0.02965016,Minority,14923065
TX,TX-74,185035,-0.003259,0.39995529,0.57515772,0.47079797,0.52920203,0.11809109,0.24879537,0.00152164,0.14899378,0.02026614,134066,-0.17520243,-0.14803859,-0.02716384,-0.17114782,Minority,9478411
TX,TX-75,185473,-0.00089959,0.38526243,0.59461658,0.42888949,0.57111051,0.13329972,0.30534114,0.00140413,0.11883946,0.0195648,128905,-0.20935415,-0.17021139,-0.03914276,-0.20130656,Minority,1231366
TX,TX-76,186078,0.00235941,0.61545265,0.37106452,0.20263874,0.79736126,0.21128503,0.56134381,0.00160861,0.01620986,0.04020757,129304,0.24438813,0.35601277,-0.11162464,0.27659634,Hispanic,7092983
TX,TX-77,186077,0.00235402,0.67398421,0.30938282,0.18704709,0.81295291,0.22962577,0.56163976,0.00135407,0.01594375,0.03445428,134410,0.36460139,0.47887023,-0.11426884,0.397691,Hispanic,19322876
TX,TX-78,185578,-0.00033398,0.55437712,0.42793908,0.26247622,0.73752378,0.16033512,0.50348957,0.00159121,0.06247178,0.03419999,135117,0.12643804,0.22153014,-0.0950921,0.15313541,Hispanic,18599559
TX,TX-79,185098,-0.00291963,0.46276744,0.51292114,0.44899079,0.55100921,0.17504044,0.20033758,0.00174415,0.15671988,0.02725227,142190,-0.0501537,-0.00134399,-0.04880971,-0.0388838,Minority,8595543
TX,TX-80,186143,0.00270955,0.84124198,0.14217407,0.06711094,0.93288906,0.62241802,0.30467906,0.00114796,0.00655232,0.02032784,134151,0.69906791,0.81597144,-0.11690353,0.73303575,Black,4917014
TX,TX-81,186006,0.00197156,0.82146011,0.1641543,0.09818277,0.90181723,0.62794011,0.25910987,0.00120564,0.01291129,0.02178186,136857,0.65730581,0.73600218,-0.07869637,0.67853793,Black,11805753
TX,TX-82,186146,0.00272571,0.63060297,0.35265898,0.25843351,0.74156649,0.35608311,0.27526736,0.0017394,0.1015264,0.02687962,135679,0.27794399,0.34651615,-0.06857216,0.29580138,Black,9174615
TX,TX-83,185601,-0.00021008,0.70469023,0.27695671,0.1457796,0.8542204,0.14956419,0.67772574,0.00127858,0.02184539,0.03485033,136871,0.42773352,0.58916573,-0.16143221,0.47654426,Hispanic,11952754
TX,TX-84,186270,0.00339367,0.5290129,0.44924747,0.22749758,0.77250242,0.11733868,0.59391013,0.00214432,0.0504211,0.03745905,135241,0.07976543,0.1986587,-0.11889327,0.11439652,Hispanic,14174654
TX,TX-85,185458,-0.00098039,0.59394523,0.38319576,0.27541639,0.72458361,0.10012974,0.54771205,0.00184438,0.06673446,0.03350749,142595,0.21074947,0.33053804,-0.11978857,0.24567899,Hispanic,13638071
TX,TX-86,185929,0.00155678,0.51823016,0.46048802,0.60914924,0.39085076,0.12610141,0.16575519,0.00170862,0.08361654,0.02169453,160363,0.05774214,0.17739206,-0.11964992,0.09262545,White,30862001
TX,TX-87,185790,0.00080802,0.55513308,0.4208307,0.65195406,0.34804594,0.12398798,0.15913083,0.00139281,0.04623048,0.02295743,145748,0.13430238,0.17329833,-0.03899595,0.14230103,White,16113562
TX,TX-88,185946,0.00164835,0.56360185,0.40061167,0.35399546,0.64600454,0.23884098,0.27542678,0.00179438,0.12159888,0.02268459,143225,0.16299018,0.26261908,-0.0996289,0.19119981,Minority,22143640
TX,TX-89,185338,-0.0016268,0.54081101,0.43533484,0.54047995,0.45952005,0.15636039,0.16704902,0.0017923,0.11946505,0.02272638,153434,0.10547617,0.14615014,-0.04067397,0.11403416,White,19802908
TX,TX-90,186182,0.00291963,0.5277219,0.42323045,0.32990213,0.67009787,0.15193269,0.16328241,0.00203478,0.3429698,0.0191368,142030,0.10449145,0.20881474,-0.10432329,0.13426588,Asian,10728413
TX,TX-91,185074,-0.00304891,0.51162164,0.44736295,0.50761613,0.49238387,0.10647457,0.18063474,0.00189802,0.18614998,0.02488051,145415,0.06425869,0.11041239,-0.0461537,0.07464326,White,15483030
TX,TX-92,185618,-0.00011851,0.52831042,0.45130316,0.43328378,0.56671622,0.24859128,0.18179555,0.01111764,0.11376223,0.02594116,144635,0.07700726,0.13843536,-0.0614281,0.09248329,Minority,12209056
TX,TX-93,185753,0.00060871,0.58760814,0.39534517,0.25394793,0.74605207,0.27866508,0.35715944,0.0026357,0.10343614,0.03033298,133551,0.19226297,0.28171951,-0.08945654,0.21708182,Hispanic,21314355
TX,TX-94,185823,0.00098578,0.59468079,0.3930753,0.19612173,0.80387827,0.16020541,0.60706075,0.00162603,0.02809626,0.02669712,132224,0.20160549,0.34389497,-0.14228948,0.24403532,Hispanic,12118689
TX,TX-95,186212,0.00308123,0.66752483,0.31725117,0.25905522,0.74094478,0.34322359,0.33639873,0.00211831,0.05348545,0.02495698,138318,0.35027366,0.43054843,-0.08027477,0.37203192,Black,12063899
TX,TX-96,185536,-0.00056022,0.49138753,0.49424872,0.56478553,0.43521447,0.12752268,0.24999496,0.00227671,0.03822725,0.02626613,148899,-0.00286119,0.04619295,-0.04905414,0.00849019,White,12785486
TX,TX-97,186303,0.00357143,0.59401971,0.39266749,0.34621468,0.65378532,0.26501604,0.32883694,0.00179416,0.04959943,0.0264584,136554,0.20135222,0.25130103,-0.04994881,0.21300182,Minority,15272998
TX,TX-98,185651,0.00005925,0.40416933,0.58008934,0.63701969,0.36298031,0.12905668,0.15916118,0.00225695,0.04930629,0.03114454,141341,-0.17592001,-0.1758108,-0.00010921,-0.18088361,White,7172022
TX,TX-99,185376,-0.00142211,0.51480084,0.46802957,0.40698955,0.59301045,0.15976804,0.25823032,0.00229292,0.15904581,0.02960459,142613,0.04677127,0.12484664,-0.07807537,0.06779639,Minority,13134853
TX,TX-100,185279,-0.00194462,0.43715403,0.54411532,0.53696777,0.46303223,0.12929273,0.15237493,0.00201285,0.16034149,0.02511048,129667,-0.10696129,-0.044384,-0.06257729,-0.09110219,White,10279820
TX,TX-101,185993,0.00190153,0.48271859,0.48579522,0.49465461,0.50534539,0.09098341,0.09178697,0.00212418,0.30564445,0.01628073,143114,-0.00307663,0.0649286,-0.06800523,0.01459178,Minority,15225258
TX,TX-102,184986,-0.00352295,0.46218477,0.50603856,0.46627273,0.53372727,0.12530975,0.11885174,0.00230262,0.26996302,0.02032709,131155,-0.04385379,0.04326201,-0.0871158,-0.01981519,Minority,13160609
TX,TX-103,185541,-0.00053329,0.44511202,0.51140254,0.51811025,0.48188975,0.12419938,0.16451192,0.00182363,0.17322233,0.02547147,134896,-0.06629052,-0.00203808,-0.06425244,-0.04987304,White,11092939
TX,TX-104,185942,0.0016268,0.34525381,0.64055793,0.72856748,0.27143252,0.04530304,0.1100882,0.00168112,0.08784059,0.02819341,137408,-0.29530412,-0.27304596,-0.02225816,-0.29288473,White,5044798
TX,TX-105,185915,0.00148136,0.34142428,0.64376201,0.73982257,0.26017743,0.03925353,0.10799138,0.00212773,0.08588697,0.02491076,141465,-0.30233773,-0.2805041,-0.02183363,-0.30005985,White,7196163
TX,TX-106,186013,0.00200927,0.40229236,0.58404012,0.58331578,0.41668422,0.09459308,0.2215013,0.00465557,0.07304965,0.0327786,142410,-0.18174776,-0.16947137,-0.01227639,-0.18265563,White,15169917
TX,TX-107,185954,0.00169145,0.34378587,0.64430145,0.6525965,0.3474035,0.07675032,0.1979715,0.00232599,0.04629373,0.03163053,137146,-0.30051558,-0.29958661,-0.00092897,-0.30520592,White,3101367
TX,TX-108,186183,0.00292502,0.24900327,0.7392684,0.69615987,0.30384013,0.04595022,0.20517021,0.00518898,0.01498235,0.03617127,138563,-0.49026513,-0.52255809,0.03229296,-0.50602945,White,956858
TX,TX-109,186199,0.0030112,0.33441726,0.65368413,0.59134369,0.40865631,0.13102518,0.23920344,0.00202367,0.01160676,0.03031103,136386,-0.31926687,-0.34012931,0.02086244,-0.33122102,White,831895
TX,TX-110,186234,0.00319974,0.37840875,0.60856629,0.59641691,0.40358309,0.10646777,0.17509299,0.00378046,0.098254,0.02956806,131730,-0.23015754,-0.1791174,-0.05104014,-0.21814416,White,6751047
TX,TX-111,186137,0.00267722,0.47329581,0.50940035,0.33495755,0.66504245,0.18922737,0.33654134,0.00219733,0.13097667,0.02659628,140170,-0.03610454,0.03122275,-0.06732729,-0.01866211,Hispanic,17449883
TX,TX-112,185573,-0.00036091,0.2223968,0.76913502,0.35073143,0.64926857,0.05305044,0.56504746,0.00238228,0.017681,0.02481295,134325,-0.54673822,-0.49802603,-0.04871219,-0.53550082,Hispanic,231156
TX,TX-113,185685,0.0002424,0.18669822,0.80231037,0.47765184,0.52234816,0.06676894,0.41241697,0.00188407,0.02429925,0.02641417,134284,-0.61561215,-0.57862832,-0.03698383,-0.60828421,Minority,150195
TX,TX-114,185089,-0.00296811,0.25820362,0.73004601,0.55781773,0.44218227,0.07493824,0.29750133,0.00111489,0.0434225,0.03444507,137233,-0.47184239,-0.44476336,-0.02707903,-0.46781605,White,8369348
TX,TX-115,186242,0.00324284,0.16545426,0.82702349,0.42095652,0.57904348,0.03102971,0.53034584,0.0014955,0.00577909,0.02346956,133066,-0.66156923,-0.60759559,-0.05397364,-0.64857802,Hispanic,46358
TX,TX-116,186035,0.00212777,0.12860917,0.86416265,0.64168077,0.35831923,0.04177643,0.27132547,0.00104227,0.01492729,0.03589403,140079,-0.73555348,-0.71772804,-0.01782544,-0.73461167,White,48553
TX,TX-117,185877,0.00127666,0.22603756,0.76436997,0.54735963,0.45264037,0.04958011,0.36582782,0.00219592,0.01782695,0.02866624,142537,-0.53833241,-0.50410475,-0.03422766,-0.53192319,White,93224
TX,TX-118,185339,-0.00162142,0.1935415,0.79748399,0.63611703,0.36388297,0.03782668,0.28522191,0.00137434,0.02045677,0.02424879,138976,-0.60394249,-0.58103165,-0.02291084,-0.60130554,White,58740
TX,TX-119,185721,0.00043633,0.21792519,0.77266055,0.67566204,0.32433796,0.09768483,0.17202451,0.00299846,0.02519673,0.03513172,144741,-0.55473536,-0.52402165,-0.03071371,-0.54949746,White,65091
TX,TX-120,185840,0.00107735,0.21713638,0.7728379,0.64930458,0.35069542,0.08380674,0.22147674,0.00249063,0.02317821,0.02868417,142936,-0.55570152,-0.51326209,-0.04243943,-0.54655504,White,112449
TX,TX-121,186076,0.00234863,0.20579141,0.78502814,0.76303611,0.23696389,0.01183303,0.1851029,0.00202381,0.01144409,0.02731156,151694,-0.57923673,-0.55525275,-0.02398398,-0.57624207,White,93872
TX,TX-122,185879,0.00128744,0.22688508,0.76619634,0.6434405,0.3565595,0.20258157,0.11290503,0.00150335,0.01126463,0.03181507,143014,-0.53931126,-0.46702358,-0.07228768,-0.52021537,White,183304
TX,TX-123,185044,-0.00321051,0.31115388,0.678203,0.58747105,0.41252895,0.09996375,0.25815521,0.00219001,0.03189577,0.02807804,135159,-0.36704912,-0.35750245,-0.00954667,-0.3688669,White,3188072
TX,TX-124,186164,0.00282267,0.35768228,0.63293628,0.37358565,0.62641435,0.10027211,0.48695988,0.00149551,0.02496407,0.02883051,137077,-0.275254,-0.21743642,-0.05781758,-0.26098147,Hispanic,6681087
TX,TX-125,185062,-0.00311355,0.39206625,0.58718731,0.54003771,0.45996229,0.08859157,0.24214657,0.0020525,0.10988889,0.02725306,143727,-0.19512106,-0.16274399,-0.03237707,-0.1893287,White,8156821
TX,TX-126,185584,-0.00030166,0.36858573,0.61397311,0.50121673,0.49878327,0.12212909,0.24219553,0.00173046,0.11879176,0.02455097,129445,-0.24538738,-0.24120165,-0.00418573,-0.24899214,White,3229123
TX,TX-127,185250,-0.00210084,0.36510989,0.61723036,0.54932753,0.45067247,0.12306375,0.20620028,0.00189076,0.10320003,0.02423745,140155,-0.25212047,-0.24468216,-0.00743831,-0.25464103,White,13163143
TX,TX-128,185465,-0.00094268,0.36770855,0.61493213,0.53291846,0.46708154,0.11906535,0.23945054,0.00239635,0.09201242,0.02812207,135623,-0.24722358,-0.23354057,-0.01368301,-0.24766258,White,9919288
TX,TX-129,186121,0.00259104,0.3496256,0.63655294,0.6497639,0.3502361,0.06243737,0.18315972,0.00228526,0.08094294,0.02224705,138715,-0.28692734,-0.26544929,-0.02147805,-0.28476799,White,7963681
TX,TX-130,185955,0.00169683,0.29939123,0.69145813,0.53603553,0.46396447,0.11321208,0.30761724,0.00121627,0.02160293,0.0284692,141416,-0.3920669,-0.40695325,0.01488635,-0.40202902,White,585059
TX,TX-131,185829,0.0010181,0.34369843,0.64194642,0.55622635,0.44377365,0.10469483,0.235711,0.00162595,0.08388564,0.02493602,137151,-0.29824799,-0.26600597,-0.03224202,-0.29250065,White,4467521
TX,TX-132,185949,0.00166451,0.32700969,0.65981541,0.6159224,0.3840776,0.082134,0.22394827,0.00172445,0.05385306,0.02709538,139175,-0.33280572,-0.30214651,-0.03065921,-0.32758598,White,6145461
TX,TX-133,185204,-0.00234863,0.3649128,0.6250739,0.53505793,0.46494207,0.18868531,0.23293922,0.00177491,0.02408005,0.02665157,143106,-0.2601611,-0.17530106,-0.08486004,-0.23687442,White,504953
TX,TX-134,185249,-0.00210623,0.23108142,0.76052628,0.58855731,0.41144269,0.06575383,0.30029191,0.00163807,0.0255651,0.02464106,142851,-0.52944486,-0.48648682,-0.04295804,-0.52012551,White,166789
TX,TX-135,185881,0.00129821,0.29344061,0.69460217,0.58946006,0.41053994,0.08670972,0.29312625,0.00123801,0.00889114,0.0294097,142164,-0.40116156,-0.35276028,-0.04840128,-0.3900278,White,176773
TX,TX-136,184989,-0.00350679,0.27265581,0.71603287,0.59362695,0.40637305,0.1509177,0.21261274,0.00119319,0.02133708,0.02391297,142475,-0.44337706,-0.42739027,-0.01598679,-0.44304813,White,320338
TX,TX-137,185380,-0.00140056,0.21305762,0.77935381,0.64752286,0.35247714,0.06263997,0.23993325,0.00198662,0.02380333,0.03223383,138426,-0.56629619,-0.5524613,-0.01383489,-0.56668456,White,2424310
TX,TX-138,186021,0.00205236,0.30387577,0.68541972,0.56478726,0.43521274,0.06977558,0.29973289,0.00303637,0.0405534,0.03468613,131407,-0.38154395,-0.39658163,0.01503768,-0.39155651,White,2657069
TX,TX-139,184987,-0.00351756,0.20824913,0.78492915,0.64663177,0.35336823,0.12453017,0.18927394,0.00153733,0.0135989,0.02599232,147659,-0.57668002,-0.53306955,-0.04361047,-0.5671432,White,360948
TX,TX-140,185363,-0.00149214,0.15296085,0.84211413,0.70277652,0.29722348,0.08223904,0.17873084,0.00107093,0.00868246,0.02784426,139131,-0.68915328,-0.66935711,-0.01979617,-0.68755456,White,233093
TX,TX-141,185076,-0.00303814,0.16986223,0.82163585,0.73548299,0.26451701,0.03056428,0.19448695,0.0020358,0.01110124,0.03090586,146380,-0.65177362,-0.62943569,-0.02233793,-0.64932764,White,82108
TX,TX-142,185142,-0.00268261,0.22029739,0.76966358,0.69471897,0.30528103,0.09785719,0.15517721,0.00701426,0.0212854,0.03034044,140143,-0.54936619,-0.51162758,-0.03773861,-0.54178665,White,198258
TX,TX-143,185549,-0.0004902,0.13683471,0.85569391,0.81110775,0.18889225,0.01746329,0.12984022,0.00165695,0.00897228,0.0316883,145448,-0.7188592,-0.6984923,-0.0203669,-0.71707023,White,91875
TX,TX-144,185023,-0.00332364,0.15984658,0.83188408,0.809894,0.190106,0.01506763,0.12373958,0.00165665,0.01056383,0.03664711,139438,-0.6720375,-0.65277315,-0.01926435,-0.67061605,White,565532
TX,TX-145,184946,-0.00373842,0.21685254,0.77249252,0.74875988,0.25124012,0.036749,0.15781886,0.00165596,0.01839298,0.03841974,135269,-0.55563998,-0.55853311,0.00289313,-0.56160436,White,276194
TX,TX-146,185572,-0.0003663,0.22205136,0.76753809,0.74204136,0.25795864,0.06876831,0.12479575,0.001472,0.01651595,0.04795611,141984,-0.54548673,-0.51112023,-0.0343665,-0.53903123,White,380505
TX,TX-147,185561,-0.00042555,0.3585972,0.62049177,0.67075901,0.32924099,0.09649919,0.13664352,0.00211804,0.07065916,0.02781434,132198,-0.26189457,-0.25432887,-0.0075657,-0.26437267,White,2871653
TX,TX-148,185740,0.00053868,0.29903685,0.68530458,0.66306263,0.33693737,0.08613094,0.17412114,0.0018518,0.04660852,0.03461665,133924,-0.38626773,-0.35610721,-0.03016052,-0.38121422,White,1792126
TX,TX-149,185378,-0.00141133,0.20251128,0.79140407,0.66580156,0.33419844,0.17848627,0.1218464,0.00134338,0.00881987,0.02712074,142179,-0.58889279,-0.54510596,-0.04378683,-0.57929718,White,160333
TX,TX-150,185942,0.0016268,0.35027965,0.63983456,0.49920214,0.50079786,0.25429162,0.21260259,0.00108766,0.0148552,0.02549571,139749,-0.28955491,-0.21416271,-0.0753922,-0.26942418,Minority,1729860
TX,TX-151,185661,0.00011312,0.25029797,0.74111216,0.61604985,0.38395015,0.15599725,0.19472897,0.00090733,0.01307834,0.02498706,141073,-0.49081419,-0.42360569,-0.0672085,-0.47341136,White,290323
TX,TX-152,185899,0.00139517,0.21549433,0.77269864,0.71525855,0.28474145,0.11282275,0.12136141,0.00133526,0.02403474,0.02704963,142294,-0.55720431,-0.52790029,-0.02930402,-0.5524363,White,706290
TX,TX-153,186092,0.00243482,0.16701022,0.82644148,0.76273453,0.23726547,0.08967448,0.09886061,0.00135111,0.0098199,0.03808171,143586,-0.65943126,-0.62682826,-0.032603,-0.65356359,White,202833
TX,TX-154,185057,-0.00314049,0.18764448,0.80575589,0.67759374,0.32240626,0.14624014,0.14124684,0.00111639,0.00779442,0.02781499,147798,-0.61811141,-0.56817458,-0.04993683,-0.6064658,White,99317
TX,TX-155,185294,-0.00186382,0.20487626,0.78697623,0.69174809,0.30825191,0.07279089,0.19223877,0.00448721,0.0086473,0.03344427,140622,-0.58209997,-0.56397254,-0.01812743,-0.58105749,White,248484
TX,TX-156,185022,-0.00332902,0.15842828,0.83480939,0.72664988,0.27335012,0.1036024,0.13318457,0.00098266,0.00827072,0.02873599,146541,-0.67638111,-0.64298371,-0.0333974,-0.67024864,White,274657
TX,TX-157,184950,-0.00371687,0.32797834,0.6619526,0.61139363,0.38860637,0.14917131,0.18622727,0.00233913,0.02064504,0.03697453,135093,-0.33397426,-0.35334557,0.01937131,-0.34543136,White,681918
UT,UT-1,181354,-0.00221176,0.38380342,0.58310655,0.85885701,0.14114299,0.0116029,0.07378149,0.01408519,0.02841295,0.01474013,123676,-0.19930313,-0.23884546,0.03954233,-0.21748391,White,4114571
UT,UT-2,181325,-0.00237131,0.3327142,0.63579925,0.78448023,0.21551977,0.02391042,0.1224533,0.01166998,0.0406412,0.02339701,122708,-0.30308505,-0.31908884,0.01600379,-0.31341965,White,1373930
UT,UT-3,182129,0.0020522,0.47859259,0.49389001,0.74461395,0.25538605,0.02244681,0.18339203,0.00630345,0.02536178,0.02561333,135164,-0.01529742,0.00631179,-0.02160921,-0.01309435,White,258859
UT,UT-4,182098,0.00188164,0.31135936,0.65591798,0.84935701,0.15064299,0.01081627,0.09274642,0.0065426,0.02440654,0.01722678,128695,-0.34455862,-0.36951819,0.02495957,-0.35787848,White,247321
UT,UT-5,182304,0.00301503,0.24155077,0.72739381,0.84197553,0.15802447,0.01081241,0.10136136,0.00553826,0.02038432,0.02316145,124949,-0.48584304,-0.49166141,0.00581837,-0.4927825,White,46382
UT,UT-6,181474,-0.00155153,0.17489213,0.80467951,0.86422632,0.13577368,0.00806204,0.0821776,0.0065739,0.01284097,0.02757663,130364,-0.62978738,-0.63463629,0.00484891,-0.63640368,White,18461
UT,UT-7,181692,-0.00035212,0.22879277,0.75310699,0.84030754,0.15969246,0.0092067,0.09831198,0.01303597,0.0177702,0.02289334,133707,-0.52431422,-0.51837596,-0.00593826,-0.5273348,White,181030
UT,UT-8,181570,-0.00102335,0.28722112,0.6879668,0.77382996,0.22617004,0.00859312,0.1123407,0.00947528,0.01995873,0.07908666,126962,-0.40074568,-0.40338805,0.00264237,-0.40662647,White,31394
UT,UT-9,181572,-0.00101235,0.22442496,0.74561968,0.8383598,0.1616402,0.00753315,0.11489803,0.0113782,0.01375847,0.01795227,114693,-0.52119472,-0.54042751,0.01923279,-0.53260565,White,378264
UT,UT-10,181460,-0.00162856,0.36642161,0.59731202,0.73230454,0.26769546,0.01731489,0.16918093,0.024414,0.04252249,0.02312981,138609,-0.23089041,-0.22903597,-0.00185444,-0.23527226,White,3293781
UT,UT-11,181988,0.00127644,0.26967776,0.69740613,0.85885592,0.14114408,0.00952078,0.07961635,0.01458559,0.02414167,0.01557385,113331,-0.42772837,-0.46494312,0.03721475,-0.44513329,White,7033590
UT,UT-12,181767,0.00006052,0.32288572,0.64926296,0.81701632,0.18298368,0.01481973,0.09480544,0.01555136,0.0426046,0.01688701,117546,-0.32637724,-0.33682215,0.01044491,-0.33485888,White,5807538
UT,UT-13,181931,0.00096283,0.40270688,0.56835105,0.7693997,0.2306003,0.01599572,0.13135177,0.01735332,0.04976801,0.0189505,125221,-0.16564417,-0.1848863,0.01924213,-0.17705821,White,4008629
UT,UT-14,181728,-0.00015405,0.49396726,0.47912546,0.78531204,0.21468796,0.01804606,0.11239227,0.01158247,0.0539896,0.01887816,134600,0.0148418,0.00826429,0.00657751,0.0076493,White,11018510
UT,UT-15,181795,0.00021457,0.62174746,0.35272459,0.80816277,0.19183723,0.02270975,0.08927548,0.00860989,0.05124196,0.01754522,141349,0.26902287,0.25293653,0.01608634,0.25866076,White,4071837
UT,UT-16,181889,0.00073175,0.5009507,0.46977784,0.58112317,0.41887683,0.02800003,0.27713469,0.03676277,0.05792304,0.03076761,132607,0.03117286,0.05035875,-0.01918589,0.03256816,White,19086647
UT,UT-17,181721,-0.00019257,0.51433422,0.45241955,0.48670527,0.51329473,0.02865047,0.37399986,0.04211368,0.05321808,0.03580525,127607,0.06191467,0.11922744,-0.05731277,0.07601893,Minority,2835740
UT,UT-18,181819,0.00034662,0.77167576,0.19869642,0.72647984,0.27352016,0.03457176,0.1279628,0.01159835,0.07651235,0.02464157,152263,0.57297934,0.58526803,-0.01228869,0.57207557,White,4726982
VA,VA-1,188239,0.00319763,0.51303923,0.47056733,0.61283017,0.38716983,0.23709701,0.07946878,0.00333347,0.05704971,0.02180448,149694,0.0424719,0.09069491,-0.04822301,0.05354624,White,727798
VA,VA-2,187689,0.00026647,0.54457989,0.43753476,0.51594187,0.48405813,0.25560429,0.07892509,0.00524687,0.13904196,0.02297933,144086,0.10704513,0.14903796,-0.04199283,0.11604274,White,17217825
VA,VA-3,187693,0.00028779,0.56706938,0.41678984,0.50545271,0.49454729,0.36352111,0.06392665,0.0035581,0.05285313,0.02415022,142773,0.15027954,0.18319676,-0.03291722,0.15625195,White,3461225
VA,VA-4,186998,-0.00341613,0.73119166,0.25036327,0.39130082,0.60869918,0.52303796,0.04470485,0.00298528,0.03193975,0.01987708,148060,0.48082839,0.50991611,-0.02908772,0.4855243,Black,12556453
VA,VA-5,187919,0.00149223,0.62642097,0.35505,0.46553671,0.53446329,0.36977636,0.09855333,0.00568501,0.05512674,0.02744122,151451,0.27137097,0.31173433,-0.04036336,0.27982542,Minority,12125628
VA,VA-6,188285,0.00344278,0.67435535,0.30812538,0.39466588,0.60533412,0.50173735,0.05820443,0.00383692,0.03727579,0.02290747,149078,0.36622997,0.39769708,-0.03146711,0.37171901,Black,10493946
VA,VA-7,188175,0.00285655,0.59448113,0.38690074,0.54391573,0.45608427,0.30918923,0.08668556,0.00357839,0.05159855,0.02098788,149229,0.20758039,0.22095277,-0.01337238,0.20703785,White,4073861
VA,VA-8,187092,-0.00291517,0.50913677,0.47735377,0.52421551,0.47578449,0.41244531,0.03021905,0.00184304,0.01847819,0.01927002,146497,0.031783,0.05843652,-0.02665352,0.03566751,White,333487
VA,VA-9,187066,-0.00305374,0.44639656,0.54464077,0.54008695,0.45991305,0.41077825,0.03006933,0.00091039,0.0084904,0.01408469,151583,-0.09824421,-0.04070877,-0.05753544,-0.08406573,White,191012
VA,VA-10,187297,-0.00182265,0.55847751,0.42929642,0.45479843,0.54520157,0.45767508,0.05341577,0.00244079,0.01755492,0.0231741,149132,0.12918109,0.15782973,-0.02864864,0.13373064,Black,497332
VA,VA-11,188298,0.00351206,0.81009848,0.16690788,0.37257507,0.62742493,0.51352231,0.05252636,0.0015108,0.05326873,0.01734164,153561,0.6431906,0.69143642,-0.04824582,0.65427254,Black,11691778
VA,VA-12,188338,0.00372524,0.56708413,0.41021033,0.65626496,0.34373504,0.12010989,0.06100192,0.00105451,0.14636854,0.01279285,144143,0.1568738,0.13330006,0.02357374,0.14401589,White,9960049
VA,VA-13,187822,0.00097528,0.57119618,0.41307836,0.4747912,0.5252088,0.3418127,0.13281174,0.00183438,0.03994636,0.02192915,143918,0.15811782,0.17643937,-0.01832155,0.159225,Minority,5040429
VA,VA-14,188190,0.00293649,0.7178973,0.25827442,0.54404643,0.45595357,0.30585055,0.1039664,0.001484,0.03628522,0.01739067,150943,0.45962288,0.451652,0.00797088,0.45196592,White,10153341
VA,VA-15,188152,0.00273397,0.43040043,0.55321489,0.7629626,0.2370374,0.13814673,0.04028233,0.00132645,0.04015666,0.01764882,143239,-0.12281446,-0.1954758,0.07266134,-0.15203491,White,792921
VA,VA-16,187828,0.00100725,0.37497095,0.60993891,0.77923786,0.22076214,0.11526905,0.03733141,0.00281786,0.04364563,0.02284749,144436,-0.23496796,-0.23720622,0.00223826,-0.24071405,White,913944
VA,VA-17,187437,-0.00107654,0.37820809,0.60935945,0.72445457,0.27554543,0.20081799,0.03550799,0.00177938,0.01475958,0.02462586,150614,-0.23115136,-0.19096208,-0.04018928,-0.22275493,White,264896
VA,VA-18,188098,0.00244619,0.30786515,0.67712432,0.8579613,0.1420387,0.04027375,0.06094072,0.00108058,0.01772425,0.02095241,147143,-0.36925917,-0.35402733,-0.01523184,-0.36918189,White,488181
VA,VA-19,187066,-0.00305374,0.4223527,0.56015098,0.78577157,0.21422843,0.08114015,0.08985498,0.00131658,0.02822963,0.01778387,149630,-0.13779828,-0.11502449,-0.02277379,-0.13520702,White,1081515
VA,VA-20,187093,-0.00290984,0.27571183,0.71010892,0.89704336,0.10295664,0.04029779,0.03293282,0.00131066,0.01028568,0.01783029,150306,-0.43439709,-0.4215178,-0.01287929,-0.43510399,White,179012
VA,VA-21,188178,0.00287254,0.21911654,0.77138007,0.92015892,0.07984108,0.032971,0.01878999,0.00075396,0.00675941,0.01916369,152528,-0.55226353,-0.53333126,-0.01893227,-0.55095277,White,229739
VA,VA-22,187676,0.00019719,0.16058913,0.83280667,0.93316822,0.06683178,0.03192132,0.01070833,0.00090002,0.00465779,0.01606249,152218,-0.67221754,-0.64520288,-0.02701466,-0.66821265,White,217644
VA,VA-23,188014,0.00199852,0.50031473,0.48230991,0.71099183,0.28900817,0.18394897,0.05213806,0.00109764,0.03445529,0.01958356,149411,0.01800482,0.03374213,-0.01573731,0.01825059,White,7166509
VA,VA-24,186986,-0.00348009,0.4194922,0.561863,0.82441387,0.17558613,0.0567009,0.03445715,0.0011109,0.06325002,0.01734806,154830,-0.1423708,-0.1212941,-0.0210767,-0.14034523,White,631816
VA,VA-25,187175,-0.00247283,0.23560176,0.75298407,0.88311182,0.11688818,0.06174701,0.02426106,0.00080011,0.00953515,0.01791311,151230,-0.51738231,-0.497359,-0.02002331,-0.51570787,White,287300
VA,VA-26,186946,-0.00369326,0.30226151,0.68796168,0.7221199,0.2778801,0.22048905,0.03179982,0.00071663,0.00922918,0.01640892,149309,-0.38570017,-0.3429086,-0.04279157,-0.37643631,White,332953
VA,VA-27,188253,0.00327224,0.40434799,0.5803139,0.7651444,0.2348556,0.10626625,0.05802638,0.00382682,0.05074993,0.02029997,145813,-0.17596591,-0.21210205,0.03613614,-0.19301129,White,1976394
VA,VA-28,187405,-0.00124708,0.6519769,0.32753111,0.71821836,0.28178164,0.12635838,0.05748078,0.00125822,0.0816982,0.01540326,151007,0.32444579,0.35522968,-0.03078389,0.32970709,White,622836
VA,VA-29,187940,0.00160414,0.41471067,0.56967135,0.6948022,0.3051978,0.23285491,0.03373107,0.00157868,0.01760883,0.01986502,152026,-0.15496068,-0.08891767,-0.06604301,-0.13794634,White,301831
VA,VA-30,187710,0.00037839,0.41542488,0.56898983,0.72364501,0.27635499,0.15293532,0.07020855,0.00165205,0.03128521,0.02280378,144669,-0.15356495,-0.16582375,0.0122588,-0.16265122,White,737885
VA,VA-31,187732,0.00049563,0.51449793,0.46497656,0.59919797,0.40080203,0.21343761,0.11558112,0.003475,0.05360201,0.02722914,140144,0.04952137,0.07894819,-0.02942682,0.05433031,White,3080931
VA,VA-32,187208,-0.00229696,0.63623444,0.33308378,0.3136313,0.6863687,0.32144953,0.25354241,0.0040558,0.10925719,0.02628568,136348,0.30315066,0.35600669,-0.05285603,0.31576934,Black,3980568
VA,VA-33,187040,-0.0031923,0.58979896,0.37536241,0.39075854,0.60924146,0.19994091,0.28660479,0.00273122,0.11655593,0.02504936,138766,0.21443655,0.26416175,-0.0497252,0.22601162,Minority,10922866
VA,VA-34,187359,-0.00149223,0.50125931,0.46992799,0.52476305,0.47523695,0.12589954,0.20170986,0.00209162,0.1350705,0.0224959,136736,0.03133132,0.18801619,-0.15668487,0.07855961,White,3679193
VA,VA-35,187968,0.00175337,0.37397809,0.61030428,0.76695827,0.23304173,0.1091129,0.08096537,0.0019104,0.02102131,0.02246442,145519,-0.23632619,-0.19585596,-0.04047023,-0.22783611,White,354415
VA,VA-36,187551,-0.00046899,0.50476749,0.47042665,0.70400709,0.29599291,0.07627302,0.11926169,0.00193078,0.08174116,0.01950952,138804,0.03434084,0.05810615,-0.02376531,0.03726261,White,1118214
VA,VA-37,188071,0.00230229,0.58896596,0.36998911,0.5182219,0.4817781,0.0904081,0.17149053,0.00199682,0.20885043,0.01591016,139722,0.21897685,0.34117966,-0.12220281,0.25471112,White,11340901
VA,VA-38,187226,-0.00220103,0.61026703,0.35115311,0.40941439,0.59058561,0.09428714,0.08643176,0.00199023,0.40241843,0.01110458,132648,0.25911392,0.37203486,-0.11292094,0.29175423,Minority,8615402
VA,VA-39,187882,0.00129504,0.68309773,0.2812812,0.65893946,0.34106054,0.03973487,0.07156643,0.00186664,0.21464294,0.0097629,141966,0.40181653,0.37477433,0.0270422,0.38780246,White,8359815
VA,VA-40,187445,-0.0010339,0.68606674,0.278536,0.54875993,0.45124007,0.0831815,0.15430219,0.00189682,0.20188595,0.01608561,147088,0.40753074,0.43980613,-0.03227539,0.4132892,White,14116857
VA,VA-41,187249,-0.00207846,0.61563,0.35013606,0.50428536,0.49571464,0.09015126,0.11883074,0.00222204,0.27593988,0.01363586,144912,0.26549394,0.36518782,-0.09969388,0.29372523,White,8561464
VA,VA-42,187223,-0.00221702,0.63194465,0.33132844,0.49401394,0.50598606,0.11117375,0.15259349,0.00250153,0.23338242,0.01600981,141913,0.30061621,0.41198937,-0.11137316,0.3327406,Minority,10641915
VA,VA-43,187754,0.00061288,0.66669659,0.29303513,0.38143363,0.61856637,0.11021643,0.26337736,0.00193086,0.23766681,0.02330725,146049,0.37366146,0.50087221,-0.12721075,0.41106504,Minority,21773538
VA,VA-44,187508,-0.00069815,0.68442343,0.28467219,0.48068346,0.51931654,0.19864013,0.19493394,0.00338911,0.11716047,0.02058834,141925,0.39975124,0.46129346,-0.06154222,0.41526531,Minority,9446795
VA,VA-45,187653,0.00007461,0.77728161,0.19242257,0.60262411,0.39737589,0.1004871,0.13767679,0.00221639,0.1482126,0.01737551,157463,0.58485904,0.64509556,-0.06023652,0.59993788,White,35608833
VA,VA-46,187466,-0.00092198,0.77111835,0.19826401,0.51765315,0.48234685,0.20771309,0.17301664,0.00233452,0.09475783,0.01954175,152494,0.57285434,0.63682161,-0.06396727,0.58917676,White,40361934
VT,VT-1,214826,0.00217859,0.74678282,0.2145001,0.87506142,0.12493858,0.02664829,0.02590273,0.00100538,0.04393749,0.01872384,177047,0.53228272,0.55175951,-0.01947679,0.53377498,White,564344
VT,VT-2,214219,-0.00065311,0.60959328,0.35388648,0.91819334,0.08180666,0.01341465,0.01986619,0.00090378,0.01274392,0.02314596,175927,0.2557068,0.30040164,-0.04469484,0.26560508,White,197634
VT,VT-3,214032,-0.00152548,0.55365677,0.40593961,0.91939735,0.08060265,0.01142804,0.01767848,0.00105534,0.00958556,0.0314446,171508,0.14771716,0.19505351,-0.04733635,0.15849594,White,160505
WA,WA-1,188202,0.00142603,0.36723392,0.60005971,0.75241706,0.24758294,0.00719702,0.14352065,0.00379147,0.01406906,0.07407583,147700,-0.23282579,-0.2145217,-0.01830409,-0.23172443,White,41201
WA,WA-2,187989,0.00029266,0.54089834,0.42576951,0.81815324,0.18184676,0.01563232,0.0571282,0.00568973,0.02597902,0.07272844,155895,0.11512883,0.08521235,0.02991648,0.10015667,White,105054
WA,WA-3,188462,0.0028095,0.48656161,0.47509643,0.80106674,0.19893326,0.02309487,0.06793786,0.0135409,0.0469498,0.0460364,149990,0.01146518,-0.02207031,0.03353549,-0.00471332,White,555524
WA,WA-4,187927,-0.00003725,0.63494245,0.32738743,0.73405378,0.26594622,0.04724289,0.08018082,0.01678759,0.08904923,0.04142797,150647,0.30755502,0.28434286,0.02321216,0.29481763,White,2688969
WA,WA-5,188454,0.00276693,0.65519786,0.30318568,0.73022755,0.26977245,0.04872109,0.08036103,0.01673324,0.09132695,0.03853128,149463,0.35201218,0.3292714,0.02274078,0.33943192,White,2597638
WA,WA-6,188488,0.00294784,0.3885333,0.57529036,0.78908986,0.21091014,0.02569596,0.08153077,0.01157074,0.04282202,0.04720311,145626,-0.18675706,-0.19125313,0.00449607,-0.19325575,White,209961
WA,WA-7,187985,0.00027137,0.40168939,0.56707933,0.83645938,0.16354062,0.01208996,0.06752805,0.0070027,0.02680251,0.04472806,145658,-0.16538994,-0.16257961,-0.00281033,-0.16945316,White,239946
WA,WA-8,187944,0.00005321,0.37037612,0.59728184,0.79607255,0.20392745,0.01208936,0.11931609,0.00536204,0.02640701,0.03595682,141364,-0.22690572,-0.23017325,0.00326753,-0.2329949,White,111305
WA,WA-9,187465,-0.00249556,0.54157228,0.42344435,0.75238062,0.24761938,0.03222662,0.09054818,0.01253179,0.08150608,0.03174626,141560,0.11812793,0.08955612,0.02857181,0.10360399,White,8321566
WA,WA-10,188346,0.00219226,0.60302609,0.36145074,0.70504928,0.29495072,0.04368419,0.12859017,0.02053352,0.07306489,0.03701013,148635,0.24157535,0.21976223,0.02181312,0.22930431,White,12448221
WA,WA-11,188146,0.00112806,0.47881821,0.48946027,0.36274873,0.63725127,0.01470266,0.54180857,0.00309609,0.01842552,0.08503681,132425,-0.01064206,0.08275273,-0.09339479,0.01548954,Hispanic,247606
WA,WA-12,187868,-0.00035119,0.41673118,0.54870961,0.59559693,0.40440307,0.02395337,0.30506596,0.00560845,0.04361231,0.03269639,136223,-0.13197843,-0.11014446,-0.02183397,-0.12970044,White,6494454
WA,WA-13,187389,-0.00289995,0.42011014,0.5455514,0.67601009,0.32398991,0.02676938,0.21629579,0.00720501,0.04900793,0.03214543,144344,-0.12544126,-0.10651643,-0.01892483,-0.12413298,White,88125
WA,WA-14,187649,-0.00151649,0.34038169,0.62644551,0.86685754,0.13314246,0.01568817,0.04477406,0.00462228,0.02673336,0.03524664,144950,-0.28606382,-0.28492407,-0.00113975,-0.2906839,White,104259
WA,WA-15,188111,0.00094182,0.50144266,0.45931459,0.79773812,0.20226188,0.03650831,0.05914739,0.0144584,0.04202079,0.04869807,147665,0.04212807,0.04717378,-0.00504571,0.03880997,White,8710753
WA,WA-16,187372,-0.00299041,0.52706992,0.43450662,0.82058049,0.17941951,0.03214433,0.05857036,0.00954179,0.03934466,0.03821453,147771,0.0925633,0.08671331,0.00584999,0.0856133,White,6831306
WA,WA-17,187777,-0.0008354,0.34849199,0.61764567,0.64948645,0.35051355,0.01263748,0.27726181,0.00399153,0.02324355,0.03780551,140297,-0.26915368,-0.23855391,-0.03059977,-0.26395376,White,85911
WA,WA-18,188225,0.00154842,0.33666047,0.63099734,0.77211238,0.22788762,0.02441027,0.11654341,0.01008265,0.03609969,0.04063934,142522,-0.29433687,-0.28499754,-0.00933933,-0.29622376,White,205023
WA,WA-19,187490,-0.00236253,0.66595848,0.29397282,0.67867702,0.32132298,0.09290902,0.08826686,0.01607306,0.09693222,0.03865173,151869,0.37198566,0.36071876,0.0112669,0.36323003,White,8121461
WA,WA-20,187651,-0.00150585,0.60335101,0.35773722,0.54527064,0.45472936,0.15280963,0.13299571,0.03249898,0.12729401,0.03481291,144343,0.24561379,0.25172754,-0.00611375,0.24265171,White,4098375
WA,WA-21,188284,0.00186236,0.52023484,0.44564065,0.54594308,0.45405692,0.12893157,0.13086646,0.04575948,0.12918579,0.04317492,141610,0.07459419,0.1089665,-0.03437231,0.08105163,White,9276430
WA,WA-22,187722,-0.00112806,0.48793862,0.47639472,0.72686332,0.27313668,0.05160621,0.08680798,0.01949615,0.08446449,0.03595705,141669,0.0115439,0.00400756,0.00753634,0.00403179,White,6548898
WA,WA-23,187426,-0.00270308,0.543439,0.41700549,0.77367777,0.22632223,0.02647301,0.0682523,0.00746821,0.08663831,0.03516459,140596,0.12643351,0.1183808,0.00805271,0.11874927,White,401796
WA,WA-24,187739,-0.0010376,0.58733298,0.37656431,0.45211036,0.54788964,0.12421583,0.13593734,0.02911494,0.24717278,0.02859041,142985,0.21076867,0.27732905,-0.06656038,0.22795546,Minority,11334442
WA,WA-25,187678,-0.00136218,0.58488521,0.38065022,0.48989251,0.51010749,0.12250972,0.16484267,0.03885458,0.16339277,0.03998383,143458,0.20423499,0.22967879,-0.0254438,0.20771626,Minority,10793602
WA,WA-26,187811,-0.00065449,0.69347952,0.26675916,0.42174016,0.57825984,0.16050123,0.16282548,0.02395661,0.2163708,0.03412942,148435,0.42672036,0.47159328,-0.04487292,0.436678,Minority,12513091
WA,WA-27,187859,-0.00039908,0.83986094,0.11197412,0.42667347,0.57332653,0.16458626,0.10016575,0.01013005,0.28775979,0.02897488,156860,0.72788682,0.75832162,-0.0304348,0.73303175,Minority,17126898
WA,WA-28,187931,-0.00001596,0.86055551,0.10460586,0.67910594,0.32089406,0.04331651,0.0673602,0.00568105,0.18264896,0.02120927,163702,0.75594965,0.75316637,0.00278328,0.75002189,White,10884942
WA,WA-29,187857,-0.00040972,0.89236198,0.06428936,0.65964384,0.34035616,0.04873114,0.06699008,0.00586285,0.20224397,0.0175337,164084,0.82807262,0.84731672,-0.0192441,0.82948732,White,24578317
WA,WA-30,188517,0.00310215,0.87829708,0.08477728,0.68661493,0.31338507,0.05496841,0.07224763,0.00596424,0.15586715,0.02448943,158109,0.7935198,0.80073162,-0.00721182,0.79092374,White,25869107
WA,WA-31,187273,-0.00351719,0.67517255,0.28601138,0.52865835,0.47134165,0.07323227,0.10108281,0.01040872,0.2715754,0.02402805,145455,0.38916117,0.39960575,-0.01044458,0.3876427,White,8917363
WA,WA-32,187807,-0.00067577,0.69802918,0.25808872,0.49757997,0.50242003,0.03076413,0.06174459,0.00455615,0.3936606,0.01278966,147932,0.43994046,0.46565373,-0.02571327,0.44351155,Minority,10415195
WA,WA-33,187265,-0.00355976,0.70027091,0.25146238,0.57476872,0.42523128,0.02390142,0.0585863,0.00419919,0.32036716,0.01420208,138360,0.44880853,0.45901397,-0.01020544,0.44721034,White,6489060
WA,WA-34,187244,-0.0036715,0.74695771,0.21200183,0.66497727,0.33502273,0.04216108,0.07183272,0.00653634,0.1901975,0.0217811,149166,0.53495588,0.53808313,-0.00312725,0.5309983,White,12863869
WA,WA-35,188402,0.00249024,0.69150795,0.26802815,0.65685202,0.34314798,0.04857588,0.08779469,0.00935044,0.17231341,0.02685765,150795,0.4234798,0.42525393,-0.00177413,0.41907118,White,13584057
WA,WA-36,188520,0.00311812,0.62785991,0.33305954,0.62173137,0.37826863,0.06193344,0.12045141,0.01366868,0.1558759,0.03338064,147271,0.29480037,0.29676756,-0.00196719,0.2904561,White,9596873
WA,WA-37,188477,0.00288931,0.61083384,0.34766498,0.58357893,0.41642107,0.04947654,0.09444117,0.00999916,0.23969911,0.02296649,142512,0.26316886,0.28855551,-0.02538665,0.26663108,White,4724441
WA,WA-38,188098,0.00087265,0.45798628,0.50185618,0.79463991,0.20536009,0.02162276,0.08431613,0.00851019,0.05105413,0.03698039,142535,-0.0438699,-0.02917431,-0.01469559,-0.04397137,White,345485
WA,WA-39,188316,0.00203263,0.5201726,0.44291905,0.7593987,0.2406013,0.03225763,0.08251812,0.01036589,0.06814266,0.04895302,149143,0.07725355,0.06636155,0.010892,0.06862288,White,1739017
WA,WA-40,188267,0.0017719,0.60464391,0.35768172,0.78331535,0.21668465,0.01318144,0.11550858,0.00582772,0.03996527,0.03833403,152032,0.24696219,0.22540128,0.02156091,0.23477522,White,278380
WA,WA-41,187848,-0.00045761,0.56804948,0.39298948,0.7707756,0.2292244,0.01820402,0.09025518,0.00719975,0.06223454,0.05074044,149033,0.17506,0.17328827,0.00177173,0.16946942,White,282619
WI,WI-1,184794,0.00333914,0.58064633,0.40363791,0.62767763,0.37232237,0.16453692,0.1747768,0.00136912,0.01639379,0.02288285,140236,0.17866444,0.21163613,-0.03297169,0.184655,White,12690514
WI,WI-2,184207,0.00015203,0.37496169,0.61041206,0.86286196,0.13713804,0.03410126,0.05953678,0.00108236,0.02155819,0.01723559,145977,-0.24106182,-0.22815491,-0.01290691,-0.24175952,White,1074447
WI,WI-3,183776,-0.00218809,0.62885303,0.34776822,0.7783096,0.2216904,0.05307157,0.09753029,0.00128415,0.04962773,0.01966431,154188,0.28108481,0.28374975,-0.00266494,0.27697312,White,11001261
WI,WI-4,184429,0.00135738,0.5552999,0.42145342,0.79867617,0.20132383,0.0606721,0.07764426,0.00107943,0.04490156,0.01928717,147300,0.13384648,0.11760959,0.01623689,0.12343418,White,8691524
WI,WI-5,183897,-0.00153112,0.60718492,0.37152306,0.42273456,0.57726544,0.08795374,0.43248648,0.0015221,0.05005036,0.03653796,134025,0.23566186,0.28783148,-0.05216962,0.24805173,Hispanic,23906012
WI,WI-6,184519,0.00184603,0.83580374,0.14419404,0.30705886,0.69294114,0.57714448,0.06363293,0.00148998,0.04746122,0.01720379,137586,0.6916097,0.72419173,-0.03258203,0.69747038,Black,28371664
WI,WI-7,184546,0.00199263,0.81654318,0.16666858,0.32472488,0.67527512,0.55756469,0.04631659,0.00132419,0.06736143,0.0138254,133667,0.6498746,0.6529583,-0.0030837,0.6459025,Black,11924952
WI,WI-8,184510,0.00179716,0.47017511,0.51270105,0.86326078,0.13673922,0.02317934,0.04644964,0.00110544,0.04893339,0.01250971,142929,-0.04252594,-0.04760187,0.00507593,-0.04921792,White,1700397
WI,WI-9,183541,-0.00346402,0.44954776,0.53152042,0.83252385,0.16747615,0.03045148,0.06127924,0.00094072,0.05824803,0.01228512,143507,-0.08197266,-0.10010362,0.01813096,-0.09301631,White,4937778
WI,WI-10,183959,-0.00119449,0.54403121,0.44023352,0.84078348,0.15921652,0.05032633,0.07004006,0.00115466,0.01633423,0.01869988,142033,0.10379769,0.13754832,-0.03375063,0.1100479,White,773508
WI,WI-11,184195,0.00008687,0.54111749,0.44233836,0.89362428,0.10637572,0.02704999,0.04428956,0.00080071,0.01739276,0.01324997,143623,0.09877913,0.13261271,-0.03383358,0.10505699,White,193084
WI,WI-12,184056,-0.00066783,0.50701892,0.47849402,0.91180937,0.08819063,0.01803021,0.01997681,0.00093188,0.03055195,0.01322583,144868,0.0285249,0.06830774,-0.03978284,0.03678585,White,260656
WI,WI-13,184308,0.00070041,0.852572,0.12869044,0.73777382,0.26222618,0.07075904,0.06544829,0.00125446,0.10868569,0.01607234,157040,0.72388156,0.75236893,-0.02848737,0.72837735,White,15690089
WI,WI-14,184227,0.00026062,0.68971937,0.29356608,0.80588415,0.19411585,0.06108387,0.0656609,0.00161083,0.04867976,0.01616509,140921,0.39615329,0.39852183,-0.00236854,0.3919428,White,1553362
WI,WI-15,184475,0.00160713,0.64303043,0.33907507,0.85693789,0.14306211,0.02499756,0.04724393,0.00092635,0.04998816,0.01539276,143574,0.30395536,0.31174099,-0.00778563,0.30155057,White,470893
WI,WI-16,184528,0.0018949,0.45637228,0.52772325,0.91135015,0.08864985,0.01523935,0.03221587,0.00100142,0.02002848,0.01562085,146791,-0.07135097,-0.05311137,-0.0182396,-0.0702711,White,257044
WI,WI-17,184539,0.00195462,0.35908589,0.62690405,0.88562717,0.11437283,0.00978746,0.06376301,0.00070894,0.02007048,0.01452288,145288,-0.26782433,-0.25784143,-0.0099829,-0.2694967,White,997893
WI,WI-18,184542,0.00197091,0.38358328,0.60125601,0.88082285,0.11917715,0.02738524,0.06029242,0.00076845,0.01071064,0.01486569,147050,-0.21767273,-0.19978313,-0.0178896,-0.21670953,White,431609
WI,WI-19,184753,0.00311653,0.33230692,0.65308953,0.9281328,0.0718672,0.00922159,0.02572448,0.00082758,0.01856836,0.0110367,143793,-0.32078591,-0.33266953,0.01188362,-0.32974712,White,1314710
WI,WI-20,184258,0.00042893,0.30867009,0.67764164,0.92381018,0.07618982,0.01582541,0.02948221,0.00102254,0.01251072,0.01386268,145715,-0.3689875,-0.37139481,0.00240731,-0.37478994,White,329142
WI,WI-21,184359,0.00097731,0.36159222,0.624988,0.91138443,0.08861557,0.00894506,0.02728103,0.00055907,0.01350252,0.03481073,141307,-0.26339578,-0.2555892,-0.00780658,-0.26579359,White,440623
WI,WI-22,184347,0.00091216,0.31344302,0.67436252,0.90389892,0.09610108,0.00552187,0.01853427,0.00087115,0.00581682,0.05999973,145784,-0.3609195,-0.342328,-0.0185915,-0.35972233,White,100313
WI,WI-23,183704,-0.00257901,0.43762039,0.54699512,0.91162781,0.08837219,0.00862475,0.01275454,0.00126151,0.00738316,0.05200746,150613,-0.10937473,-0.07762598,-0.03174875,-0.10379181,White,68876
WI,WI-24,183551,-0.00340973,0.39302478,0.59300771,0.9010335,0.0989665,0.01056604,0.02347776,0.0010573,0.04351053,0.01587357,142816,-0.19998293,-0.19301197,-0.00697096,-0.20265928,White,269466
WI,WI-25,183556,-0.00338258,0.35804404,0.62173005,0.90459334,0.09540666,0.01767798,0.03913314,0.00126371,0.00813383,0.02589559,143229,-0.26368601,-0.23095973,-0.03272628,-0.25777725,White,116790
WI,WI-26,183785,-0.00213922,0.34142425,0.64438052,0.9183778,0.0816222,0.01099253,0.02293134,0.00064034,0.00949128,0.03090715,140550,-0.30295627,-0.27702478,-0.02593149,-0.29931244,White,90986
WI,WI-27,183597,-0.00315997,0.34079476,0.63673333,0.92973685,0.07026315,0.01008242,0.01827525,0.00091341,0.00863908,0.02401372,143418,-0.29593857,-0.26284448,-0.03309409,-0.28990721,White,141525
WI,WI-28,184702,0.00283963,0.43491522,0.55057165,0.8746999,0.1253001,0.03543875,0.04173073,0.00107901,0.02683364,0.01761485,148284,-0.11565643,-0.10188261,-0.01377382,-0.11606516,White,1069471
WI,WI-29,184216,0.00020089,0.3805348,0.60492061,0.92033873,0.07966127,0.00951475,0.03281256,0.00073874,0.01539051,0.015883,146194,-0.22438581,-0.22254322,-0.00184259,-0.22877161,White,316836
WI,WI-30,184144,-0.00019003,0.51348473,0.47037773,0.85353514,0.14646486,0.02467783,0.05187824,0.00132805,0.0463693,0.01977318,142314,0.043107,0.04001025,0.00309675,0.03707475,White,6765701
WI,WI-31,183989,-0.00103161,0.50678462,0.47707118,0.77165682,0.22834318,0.04585071,0.10271773,0.00137616,0.0370292,0.04512382,141699,0.02971344,0.0296008,0.00011264,0.02467589,White,6337414
WI,WI-32,183709,-0.00255187,0.51581371,0.46578718,0.9006172,0.0993828,0.0164953,0.02381132,0.00141799,0.03538132,0.0164542,145981,0.05002653,0.06227373,-0.0122472,0.04910893,White,688400
WV,WV-1,178738,-0.00353455,0.25609646,0.72556561,0.92591878,0.07408122,0.02957602,0.01127952,0.00071616,0.00656939,0.01789711,145219,-0.46946915,-0.45393653,-0.01553262,-0.46929161,White,266623
WV,WV-2,178732,-0.003568,0.39732246,0.57786533,0.87665846,0.12334154,0.04407058,0.02217891,0.00125838,0.02851183,0.02057174,146220,-0.18054287,-0.15416817,-0.0263747,-0.1767513,White,772221
WV,WV-3,179777,0.00225788,0.34562153,0.6351662,0.81764221,0.18235779,0.0860638,0.04937245,0.00125799,0.01897105,0.02461031,138316,-0.28954467,-0.23977132,-0.04977335,-0.27795355,White,1244840
WV,WV-4,179666,0.00163905,0.21394948,0.76925073,0.93565868,0.06434132,0.02202856,0.01273451,0.00053089,0.00587428,0.01848468,145039,-0.55530125,-0.52355892,-0.03174233,-0.54972047,White,103993
WV,WV-5,179619,0.00137703,0.23545821,0.74471591,0.92438583,0.07561417,0.0284435,0.01489931,0.00091505,0.0059723,0.01937679,143161,-0.5092577,-0.47985512,-0.02940258,-0.50445684,White,193062
WV,WV-6,179906,0.00297705,0.255979,0.72647288,0.93881546,0.06118454,0.01453106,0.0107004,0.00064315,0.00944943,0.02023465,141490,-0.47049388,-0.4425331,-0.02796078,-0.46617362,White,435162
WV,WV-7,179184,-0.0010481,0.22457823,0.75754571,0.90151244,0.09848756,0.05175518,0.01107538,0.00077759,0.00812615,0.02235392,142749,-0.53296748,-0.49514464,-0.03782284,-0.52535987,White,192163
WV,WV-8,179463,0.00050733,0.17701678,0.80851911,0.91865144,0.08134856,0.04547959,0.00933165,0.00052307,0.00393352,0.01882371,143383,-0.63150233,-0.60443189,-0.02707044,-0.62747885,White,237579
WV,WV-9,179248,-0.0006913,0.29598026,0.68444348,0.92024746,0.07975254,0.03479781,0.01079305,0.00069204,0.01093985,0.01882493,143055,-0.38846322,-0.34755931,-0.04090391,-0.37982858,White,398794
WV,WV-10,179383,0.00006133,0.40315342,0.57479672,0.86188496,0.13811504,0.08390159,0.01258489,0.00080388,0.01500347,0.02172557,144300,-0.1716433,-0.14417915,-0.02746415,-0.16748858,White,751012
WY,WY-1,191858,-0.00218434,0.30724409,0.66660943,0.80684954,0.19315046,0.02241729,0.11489942,0.00270657,0.02156608,0.03155445,150375,-0.35936534,-0.31968762,-0.03967772,-0.35113943,White,20528
WY,WY-2,191889,-0.00202311,0.19123163,0.78455327,0.87660489,0.12339511,0.01030308,0.06235748,0.00186575,0.01073151,0.03296848,144714,-0.59332164,-0.58759202,-0.00572962,-0.59641177,White,26074
WY,WY-3,193104,0.00429586,0.27526265,0.69836114,0.83320114,0.16679886,0.00728899,0.08103359,0.00227012,0.0117882,0.06097177,146248,-0.42309849,-0.39833321,-0.02476528,-0.4198434,White,17142
