CD,T_20_CENS_Total,T_20_CENS_White,T_20_CENS_Hispanic,T_20_CENS_Black,T_20_CENS_Asian,T_20_CENS_Native,T_20_CENS_Pacific,T_24_ACS_Total,T_24_ACS_White,T_24_ACS_Hispanic,T_24_ACS_Black,T_24_ACS_Asian,T_24_ACS_Native,T_24_ACS_Pacific,V_20_VAP_Total,V_20_VAP_White,V_20_VAP_Hispanic,V_20_VAP_Black,V_20_VAP_Asian,V_20_VAP_Native,V_20_VAP_Pacific,V_24_CVAP_Total,V_24_CVAP_White,V_24_CVAP_Hispanic,V_24_CVAP_Black,V_24_CVAP_Asian,V_24_CVAP_Native,V_24_CVAP_Pacific,V_24_CVAP_BlackAlone,V_24_CVAP_AsianAlone,V_24_CVAP_NativeAlone,V_24_CVAP_PacificAlone,E_16_PRES_Total,E_16_PRES_Dem,E_16_PRES_Rep,E_20_PRES_Total,E_20_PRES_Dem,E_20_PRES_Rep,E_24_PRES_Total,E_24_PRES_Dem,E_24_PRES_Rep,X_20_2020_Density_aland,X_22_2022_Education_NoHS,X_22_2022_Education_HS,X_22_2022_Education_SomeCol,X_22_2022_Education_Assoc,X_22_2022_Education_Bach,X_22_2022_Education_Master,X_22_2022_Education_Prof,X_22_2022_Education_Doc,X_22_2022_Expanded_Age_Age_0_5,X_22_2022_Expanded_Age_Age_5_9,X_22_2022_Expanded_Age_Age_10_14,X_22_2022_Expanded_Age_Age_15_19,X_22_2022_Expanded_Age_Age_20_24,X_22_2022_Expanded_Age_Age_25_29,X_22_2022_Expanded_Age_Age_30_34,X_22_2022_Expanded_Age_Age_35_39,X_22_2022_Expanded_Age_Age_40_44,X_22_2022_Expanded_Age_Age_45_49,X_22_2022_Expanded_Age_Age_50_54,X_22_2022_Expanded_Age_Age_55_59,X_22_2022_Expanded_Age_Age_60_64,X_22_2022_Expanded_Age_Age_65_69,X_22_2022_Expanded_Age_Age_70_74,X_22_2022_Expanded_Age_Age_75_79,X_22_2022_Expanded_Age_Age_80_84,X_22_2022_Expanded_Age_Age_O84,X_22_2022_Income_Expanded_U10K,X_22_2022_Income_Expanded_U15K,X_22_2022_Income_Expanded_U20K,X_22_2022_Income_Expanded_U25K,X_22_2022_Income_Expanded_U30K,X_22_2022_Income_Expanded_U35K,X_22_2022_Income_Expanded_U40K,X_22_2022_Income_Expanded_U45K,X_22_2022_Income_Expanded_U50K,X_22_2022_Income_Expanded_U60K,X_22_2022_Income_Expanded_U75K,X_22_2022_Income_Expanded_U100K,X_22_2022_Income_Expanded_U125K,X_22_2022_Income_Expanded_U150K,X_22_2022_Income_Expanded_U200K,X_22_2022_Income_Expanded_O200K,X_22_2022_Sex_Male,X_22_2022_Sex_Female
AK-AL,733391,421758,49824,35454,61460,160287,18668,735706,424584,53803,38531,67445,150191,18582,554003,340580,33441,23665,43407,105737,11184,538572,347314,32570,21184,33777,92294,6286,16549,28621,68091,6286,318608,116454,163387,359530,153778,189951,338177,140026,184458,1478938612480,31689,140126,121302,43357,93744,39645,9589,6419,48991,52030,49376,47306,51247,57587,57690,52839,46093,42248,43779,45940,45535,38509,24906,14860,9232,6653,10232,6532,8396,6849,7122,7516,7812,9122,7900,16194,25350,37590,30275,21713,29177,32596,386649,348172
AL-01,717322,525017,34300,120182,14707,22536,1259,735677,540121,38279,126276,14536,15027,1813,556295,420554,21907,85470,10234,16801,842,558115,435527,17945,86862,7334,9140,243,83931,5653,2227,243,290795,60811,220751,323017,75574,243377,331585,71048,256993,18880308606,60275,160924,110203,49744,75341,32913,6737,4309,42973,42639,48807,45000,38900,43278,44784,42873,44107,44391,46588,46835,51024,42922,38760,26356,15477,13075,15886,14315,12836,11770,12481,11381,12092,11962,11327,21261,24816,36048,24948,17022,18406,16363,351452,367337
AL-02,718179,282858,21804,386452,15955,14455,960,707557,273850,22350,388241,17184,9719,572,560788,236466,14343,289118,11942,10680,629,535692,225915,9033,286420,7416,6469,187,281972,6437,2493,187,322446,181634,132767,329795,190183,135968,301873,166589,131582,30479385496,62263,159903,96739,37983,74571,35267,7911,4970,42461,43203,46773,50660,53251,48395,45069,42421,42701,40603,42069,47598,46544,41737,31562,22457,14500,13925,23042,19771,16692,15667,14509,13973,12825,13198,11885,20491,25552,29462,21128,13547,13703,12451,340414,375515
AL-03,717621,469213,32697,184944,16577,15389,1189,726606,479347,35196,187553,15233,11010,841,561329,378617,20925,137840,12387,11650,769,554388,389733,14037,137444,6231,6332,224,133351,4851,655,224,284385,85051,189909,314481,99884,210528,311867,90121,218076,23571482787,66538,154741,103298,45172,67579,33502,6016,6533,40515,41119,45676,51006,55282,48464,45893,44648,42490,44822,44997,47685,45976,37545,33607,23641,12953,10658,21157,14753,13807,13952,12131,12843,11180,11627,10515,19994,26327,35205,24007,15331,14887,13392,352152,364825
AL-04,716922,595844,57024,33470,6103,25935,828,724933,606744,61395,33787,6143,15918,1444,553924,474314,33341,22817,4107,19361,496,539557,485564,19707,21980,2913,9141,247,19533,2256,1308,247,299317,41959,248568,327190,47188,276249,329476,43477,282838,25006853665,80725,163827,103529,50999,61411,26320,5391,4653,41376,42390,49594,46032,42979,41466,42236,41929,44169,45430,48176,49843,48941,42638,36996,25473,16488,13054,14781,15997,13616,14733,14573,12425,11914,11916,11183,20871,25129,34494,23861,15639,16260,13305,358052,361158
AL-05,717587,477670,46251,151182,20109,24601,1583,746770,499029,51129,161629,21334,19329,2207,561944,388001,29131,112564,14355,18278,1027,566787,407021,21161,116932,9720,11106,264,110925,7181,2701,264,297210,98907,182044,347003,131634,208326,351317,128683,216194,8684710963,52489,127367,102663,39655,105976,53558,7089,7884,40483,42076,44936,46894,48731,49186,47008,46380,43666,43379,47896,50693,49131,37946,31751,21162,16235,12237,14550,11290,11325,12248,11369,12434,11004,11197,10182,21755,25983,37783,25724,19995,25400,26415,354293,365497
AL-06,718453,546036,31924,106505,15718,17201,712,722748,549251,33125,113620,15600,9586,1301,555831,432651,20158,77816,11060,12938,476,545807,435873,12994,81808,8445,6075,229,78572,6728,971,229,325505,72130,239623,362395,95430,261431,355446,92617,257462,9077083394,47121,131261,106360,41527,106846,43470,13326,7228,39681,44191,46921,46273,39203,41017,44040,45723,49125,48274,48039,47853,48124,42950,32905,21986,16137,11086,12186,9982,8832,9391,9095,10172,9105,9110,8644,19002,26001,35632,28396,20979,24892,28954,347529,365999
AL-07,718195,274713,40047,382001,13608,10913,948,722477,276518,42661,383005,14336,10028,1946,567055,233941,27051,288747,10824,8406,651,545410,235182,11770,286261,6193,4847,192,281702,4835,909,192,304166,189115,104967,319401,209731,105291,283526,179877,99471,15475635744,51769,143702,103957,40941,80528,36009,10104,7403,44367,43586,43303,55672,62619,56419,51411,43440,42734,40112,39928,41540,45923,40365,27916,18320,12660,13554,23366,17961,15351,15760,13930,13729,13399,11882,12071,20561,27375,32047,19474,14875,15230,14497,342103,381766
AR-01,752941,632747,29437,52091,8342,25556,1941,761451,642785,31912,53353,7750,16677,1765,580561,499456,17802,33797,5773,19448,1141,578438,515530,14590,33455,3732,10137,339,30263,2529,1608,339,286497,63913,206929,308937,66394,234086,305338,62921,236364,44765958729,63381,198308,113290,44491,63580,26760,5166,3542,43081,45307,51831,50067,45277,44788,46408,45958,44122,45143,46437,51041,50253,44911,37423,28129,17783,16181,16408,18019,16565,17460,16290,16130,14488,13270,13218,24544,29048,36240,23750,13620,13537,11588,373178,380962
AR-02,753677,372131,47520,302899,17280,17686,1082,748304,369071,49348,302812,16230,11687,1001,584200,308425,31118,220254,12670,13397,697,555325,305901,17733,217464,7042,6810,319,211167,5206,890,319,287548,151825,120937,298987,163060,127423,268908,144505,118192,24782856908,52629,156707,107619,38811,89687,40364,10697,6816,46991,48729,47643,49814,56380,53228,50362,50439,45184,43986,43586,47890,47105,41471,31932,21367,12763,13991,22299,17324,15657,16253,15654,15117,13953,13598,12576,22260,27178,34140,23441,14703,17537,18597,367494,385367
AR-03,752341,508958,124065,31869,33245,45308,13591,786502,487354,135056,34862,35423,31136,12480,565710,405017,78665,20167,23654,31828,7662,542920,436832,52882,18776,15431,15898,1619,14471,13245,3912,1619,258663,82403,156071,299482,110402,180098,308582,111893,188286,10694177318,60816,146231,97311,34271,95975,41365,9219,6212,48760,53435,50977,55559,57306,53769,53524,52390,49384,45284,44056,44755,40192,35710,28254,20039,12338,11681,12919,10654,9824,12318,11806,12189,12589,12419,11542,22485,28812,38784,27684,17539,19480,25037,379308,378105
AR-04,752565,549714,55825,109109,9691,27064,1260,753134,555838,59255,109602,9897,16890,1288,581802,440874,34417,77660,6642,20239,793,568798,450851,24982,77450,4930,9503,206,74359,3334,1872,206,297784,82304,200807,311663,84076,219040,299596,77508,216237,54417857546,62829,192629,118604,41941,68195,26265,4740,3396,42492,46342,50089,50487,46255,43793,43707,44236,46632,45736,46088,49959,52978,45305,38994,28196,17729,15237,19148,16295,15478,15750,16078,13605,13952,12739,14074,22502,29355,36413,25495,14355,15076,10836,371642,382613
AZ-01,793933,378928,166584,36443,37522,186063,4284,822629,384913,182075,44339,40202,186803,5321,607280,315746,114565,24792,26458,129513,3009,608517,324129,113412,25302,18428,124203,1736,21367,15334,112324,1736,287962,131081,134206,373765,187902,180239,379072,178754,196140,140991176973,61997,140761,131298,49199,90679,42891,7327,7046,42914,50237,56723,58950,58054,51393,51348,49885,49403,48037,45558,45334,46564,44775,40503,28559,17431,12411,19428,10078,9117,10304,11782,10168,9059,10918,9980,20861,28773,36644,25920,19419,21479,23240,412646,385433
AZ-02,794183,482656,207236,45321,41631,28653,4361,811202,483052,214749,50176,49082,27825,4059,642694,417066,146020,31088,31481,21313,2888,629650,422208,139325,28396,24878,11203,999,22367,18459,4634,999,344658,164214,154374,422370,226422,189233,417657,221004,191552,20341066237,40918,105423,132131,52292,120766,63890,13540,14120,37901,41546,43104,51078,66633,52993,47739,45940,43039,41385,42649,47307,53621,51064,44335,32714,20824,19507,17793,13762,11830,14456,15190,14268,13407,14005,12972,24225,30390,43568,30832,21422,27111,27541,388067,395312
AZ-03,795276,238949,464674,45309,21797,47131,3388,812467,242858,481223,44527,22469,47078,3227,594883,205140,322347,30567,15816,32963,2337,543804,209710,274660,27006,11305,19163,474,24000,8551,14829,474,239329,138666,85426,310546,185706,120309,307617,169069,135433,41248459759,95855,138472,123851,47887,70264,31090,5993,4336,52891,54889,60237,59563,62615,58072,54926,53051,47982,46565,45805,42272,43130,40908,32906,24617,15556,11958,15067,10976,10729,12327,12293,12283,11076,12832,12484,23130,29493,38690,26679,18582,17292,13840,408778,399165
AZ-04,794117,596303,129658,17310,20399,31103,3373,842033,622835,148317,21100,23871,27633,3122,654864,514749,88741,11490,14923,22891,2326,670916,541390,88217,12430,12503,13821,830,9033,8672,6024,830,336906,94296,223045,449183,140899,302645,488172,144799,339657,87254487396,52372,160623,166186,57826,105485,47499,12343,7464,34624,38023,42401,42349,34833,34966,37679,39452,37846,41796,48498,57144,68281,73593,67971,51244,29600,21712,16475,11816,13087,14140,14988,14758,12812,13664,14388,25427,35168,45355,33471,21883,25749,32098,400619,401393
AZ-05,795010,552111,146545,38071,38924,24147,5098,843710,578668,158756,42844,45000,26348,3889,592425,432141,93222,24112,26868,16262,3117,609481,455009,92241,24744,23503,10972,817,19497,17390,4471,817,289584,94278,171017,409206,156640,245878,436586,163135,268991,1646408719,32549,123833,137755,55283,123367,46731,8625,6273,45566,56021,59500,55383,43297,43504,47285,52801,53060,51844,47625,48189,46397,42871,39528,28855,16555,15901,9294,5260,6704,6968,8369,7562,9401,8554,8997,20133,27610,41055,36284,25608,33138,35564,390155,404027
AZ-06,795255,530848,142475,42154,54490,30794,3049,807145,526336,153657,48668,56378,29305,4171,645008,455801,98962,29985,39596,22137,1960,613041,453809,87755,28679,25449,14167,1329,23103,19898,9413,1329,351266,163533,163142,439617,230428,203096,423733,213570,205820,1076743290,37732,96535,122386,44988,168184,74795,24541,12253,40459,39465,40806,38862,47846,63412,61818,53611,49978,47249,51878,54557,53162,44375,37999,26288,16957,20110,14410,8475,9700,10436,12943,10725,10036,12316,12623,23894,31077,44499,36836,24267,33427,56964,390992,397840
AZ-07,794503,139499,512096,102094,31551,36965,3955,819263,142470,534397,106300,30047,39241,3578,556450,118214,337105,67699,22786,25521,2558,463112,123343,249770,61675,14239,12389,881,56097,12249,8343,881,160107,109914,38823,216268,154630,58151,202621,132462,67496,541135538,127808,144377,97403,34356,46482,17396,3359,2319,60138,63457,70574,71070,66748,67215,61245,57061,56265,48904,44209,39919,33987,22504,18914,10729,6944,5610,13180,10348,8178,9061,11672,10716,11779,11674,10926,23343,26619,35270,22973,13848,14131,10329,407066,398427
AZ-08,794900,508262,175934,51575,42596,24746,4119,815582,505358,189095,56609,49050,26790,4948,623271,425683,117616,34467,30467,17364,2584,611451,428050,112066,32596,23394,11578,1010,26021,18571,5607,1010,314387,116566,176665,406132,172191,228282,402474,166315,232440,813754010,48095,137016,146176,58200,105344,49206,8726,6344,41711,45888,50538,48326,45554,45753,47517,49485,47678,49022,46210,48527,48397,46199,46702,37552,22955,23104,13039,6091,8417,8800,10237,9615,9490,10931,11865,23761,30206,44220,35875,24154,28526,25958,382021,409097
AZ-09,794325,388991,247051,68117,62222,43958,5585,804807,393104,251537,70301,67619,37686,5323,625101,333554,171039,47976,49235,31266,3702,574615,338761,138652,42576,34648,16431,1143,35395,27576,11430,1143,280458,148619,105703,358207,217325,133853,331387,193752,132713,447759353,54106,104340,121641,45835,127876,55819,9443,9638,46432,44888,49931,55254,76044,84054,71798,55043,53034,46774,47037,45341,40652,30591,21458,14487,9844,8582,15786,9344,8865,9498,11378,11185,12013,12841,12929,23953,33567,45300,33483,23618,26664,27357,408166,393078
CA-01,760503,471680,168476,21739,54801,49431,5375,759678,462762,179771,25835,60327,38437,5761,593145,388001,115599,15724,39810,35694,3851,548681,387186,94367,14630,31718,17687,1368,10804,27543,6546,1368,298998,106234,172053,350425,137208,204620,328497,118328,200992,68500118439,67616,132625,143852,55588,79346,25073,8448,4344,44670,48878,49657,49930,56312,51214,50715,48636,44417,40445,42849,46585,50900,45790,37865,25515,15473,16488,15288,12832,10964,12655,12785,12412,11269,10969,11085,21536,26910,36696,27639,17902,21039,21911,387016,379323
CA-02,759916,497784,152980,19033,49092,44535,4960,754799,491215,158071,22275,47855,36868,5033,615068,422658,108683,15554,36229,32946,3618,561414,423697,77257,13063,27370,16279,1165,9254,20963,7691,1165,362875,250067,85064,422382,310446,101577,391228,277106,100770,33651794177,47215,101028,123233,46212,139263,60795,23781,11719,35549,41809,42388,46024,43819,41790,42308,45102,47770,48660,50501,54624,56517,54113,47359,29416,17270,17816,13016,10090,8500,8961,9107,9489,8403,9448,9577,15599,22160,34057,26556,20926,31599,61543,378482,384353
CA-03,759308,525240,109382,18803,76050,30249,5782,781518,529585,118396,25768,83907,24435,5592,602439,434359,75911,14542,53415,21922,3936,587587,443323,71581,14264,43395,10931,1029,11020,35715,3734,1029,345187,147293,172936,438001,210766,216412,430051,201109,215394,55060820156,31574,104503,136094,59067,142323,54598,16183,7526,37210,42988,48734,44644,38883,40164,45075,51640,50166,48923,48523,53159,54789,50775,43206,27666,18418,19364,11056,7006,7185,8335,8711,8115,7817,7811,8388,15290,23898,35017,31596,23917,34513,54074,380819,383508
CA-04,759818,388426,241153,31376,79090,32792,7232,765387,379417,251320,36068,87066,29574,7132,610381,335375,169749,25047,61616,24680,5201,547907,330532,131809,21172,50781,7851,1877,16745,43247,2360,1877,314138,200166,92001,372945,250271,113645,350815,224864,115006,10043370672,66184,102835,121296,49180,110352,45038,16703,11448,37862,41517,45809,53107,62236,48522,49356,48556,46832,43654,46183,48667,49040,45203,38045,25643,15609,17726,12454,8046,6396,6471,7997,8250,8225,7480,9108,17927,22480,34937,30118,22542,32790,44472,379385,384182
CA-05,759428,458293,190030,19608,64218,34804,5879,774445,457517,207925,24105,67963,27192,6313,592331,378970,129766,14564,45641,25586,4324,562870,380377,118277,13730,36086,10478,1659,9871,30678,2814,1659,320738,116508,185202,406144,161652,235733,390002,144347,236040,26842934042,50826,125073,141305,54632,103762,36485,12792,5896,41563,47932,54851,49125,41691,43307,44278,47668,48690,46396,46552,51980,52510,48297,40739,25915,16263,18176,9879,6823,7490,7130,8421,8228,8156,8934,8976,16041,23546,35706,30289,21612,31478,41133,383672,382261
CA-06,760389,363297,178631,87099,113085,29534,11868,751648,352219,182330,93206,118299,28723,8338,587418,303752,123547,61550,82256,22629,8743,523311,283235,105556,57292,63286,9371,2410,48166,55097,1747,2410,260182,150482,91223,336255,204370,122903,304276,177396,116140,602983173,56147,119499,125183,49444,105360,38525,14709,6131,45549,46634,48260,45171,48841,61650,64580,57461,46418,42880,43022,45458,45274,36489,28502,17643,11324,14297,13038,11658,8587,9484,9022,9633,9554,9801,9160,19244,25598,38957,30149,22423,26314,30043,369943,379510
CA-07,759862,233387,197661,105743,207954,26460,18954,769182,236908,204184,108858,212829,24616,21819,573353,195916,133898,74961,154574,19793,13831,525007,196969,112022,69892,125950,5641,9363,61537,118732,1199,9363,257024,163390,78087,337405,218410,111162,306888,185035,111302,1910907610,69039,109415,122863,49839,105071,34582,12283,6097,46862,48657,55371,51815,47230,54347,56390,53668,51330,47576,47987,45125,44227,36309,28030,17855,12829,13516,11610,8096,6651,7624,7281,7715,7253,7891,8237,16093,23820,34327,27769,21907,27492,31763,373086,386038
CA-08,759707,190539,261093,135762,167096,27582,12555,753074,187450,270271,127934,171278,27913,15900,589466,165445,181555,101501,132501,20965,8992,501462,164422,130122,87693,103656,5573,4536,80315,95856,1168,4536,260065,194956,51085,325387,246427,72077,288950,202786,76717,1221873101,76881,118570,118920,47009,105681,37710,8425,7166,44448,45686,48669,46102,49951,52584,56314,54361,51699,46535,48649,47707,47037,41466,30172,18836,12109,12893,10417,7345,5634,6125,6439,6900,6729,7408,7650,14128,20958,33955,29589,22524,30365,39215,372491,382727
CA-09,760048,203846,320933,73094,157885,29841,10155,779723,202691,334707,71910,172836,44649,10778,560735,172055,214820,51536,114842,21325,7263,486379,170885,166563,44369,92514,5882,2969,40304,86345,1657,2969,214773,119150,83965,278938,158165,114759,254616,124068,122730,3553792032,96957,137631,106548,45325,66559,21906,6160,3178,50720,54641,61878,57697,52797,53110,52743,52862,50308,46222,45605,44159,40528,32861,25804,17385,11046,11631,10496,6610,6564,7575,8103,8004,7384,6904,6940,15506,20760,32323,24769,19488,24775,25188,382234,379763
CA-10,760371,365364,148685,53422,183335,18886,8057,758609,352248,148300,61199,189891,17000,7244,587577,303260,104418,37387,132131,13941,5649,527774,293401,82644,36594,104229,4843,1624,31811,93698,1057,1624,325625,209801,96296,410542,278983,122976,378347,244426,121358,1385597103,32913,78154,96049,43791,165614,76606,21693,13760,39306,45067,51296,50772,40308,42181,43642,51041,52420,54864,54023,54588,47404,38245,34857,23618,15302,16395,8197,5258,3741,4011,5004,4420,5110,4564,5077,10015,14634,25634,26271,22288,36907,90883,372188,383141
CA-11,760790,328584,108199,51871,262354,14569,5710,721024,291974,109844,51449,261832,14611,5126,665461,297147,88592,43331,227230,12898,4603,540430,250550,65428,34482,180840,3959,1970,29194,167741,1183,1970,363453,312541,32267,394165,340100,46255,361830,296091,50901,107476263,56836,60300,67709,28577,218364,106168,33436,20837,32408,25259,24988,25514,36906,78922,90765,69981,51622,49061,47487,42459,40910,36134,31658,19846,13847,19535,14251,15118,7873,8179,7620,5794,5017,5934,5692,11755,14513,26840,22326,20711,37409,118287,381171,356131
CA-12,759576,248877,177909,139242,188516,22727,7956,747529,246062,176517,137706,186178,21902,6572,620513,218022,130301,111157,154513,18851,5772,522275,209414,86322,96880,119287,4402,2111,88660,108340,1317,2111,325542,285094,21374,367944,328187,32114,318062,268509,34244,238965232,61996,77348,80849,30419,157013,85959,23679,22027,38452,36590,37867,44629,52555,62871,70628,59803,53459,48920,45814,43850,41278,35476,31858,19209,12380,13744,14769,11263,7498,8453,7265,7875,7373,6237,7484,13854,19665,29575,24396,20081,31575,70157,368643,380740
CA-13,760308,183364,482843,32822,55244,38847,6905,778802,176453,506123,35217,58384,28508,7547,549056,154462,321738,23212,39444,27957,5025,442130,146953,236515,19808,29102,5655,2495,17248,26291,1669,2495,186209,100740,74422,237018,130312,101176,219462,103926,109582,14248874647,135932,133810,98488,32468,44288,12982,3238,2119,56263,60396,67033,63058,56542,58281,56279,52041,47216,43604,42766,41671,36195,29282,21901,14188,9797,10104,11662,9262,8977,9616,9090,10201,9026,8663,8910,17896,22804,31147,20986,14670,14070,13696,386905,379712
CA-14,760504,193038,195259,53290,310166,20171,15300,739393,178036,188167,51845,316995,14715,15156,591004,165550,139924,40090,235271,15468,11611,467460,151525,97743,33776,171001,3492,5909,30744,163101,1217,5909,269465,191010,62653,333135,239746,86457,290801,191806,87857,1544360790,59253,101199,93156,39208,148705,74065,10934,13301,42049,45588,46873,42891,35705,48618,58319,63341,55462,51928,51512,52344,46928,35645,28852,19246,13167,14459,7202,4154,3843,4226,4760,4157,4331,4298,4644,8589,14561,24833,22524,20337,34233,78417,377229,375698
CA-15,760488,220015,199320,29093,299926,16569,14066,736318,206029,187870,28619,303230,16815,13418,609991,186412,148292,22642,241007,13042,10647,487499,171640,98495,17098,190040,2192,5184,14970,182459,683,5184,289186,223944,51308,351609,273685,71257,305907,221151,73994,308610843,66294,90569,89431,38454,155018,71278,18998,20676,38132,40374,42214,39197,40622,54270,58872,59171,52442,51440,51208,52205,46586,38956,30402,21120,15278,18768,7164,4788,4093,4711,4513,4739,4738,5262,4909,9563,15271,23798,22483,19798,32747,87231,375254,376003
CA-16,760306,407336,128319,22063,187933,17313,5772,742164,386781,126341,22665,196028,14971,5214,613997,347121,93947,16748,142893,13521,4329,513517,318763,71119,12339,102974,3867,1967,8856,93253,578,1967,357637,267081,66862,407684,317461,80590,374127,280843,79174,2379453627,25642,54287,77516,34425,160336,111163,26397,35579,35700,39168,43297,52459,50948,48385,50944,49143,47878,49841,50910,51083,48530,41001,32562,21460,15207,18401,8505,5285,4503,4857,5188,5055,4601,5531,4685,9723,15187,23729,21641,18934,34047,109661,373412,373505
CA-17,760213,151669,106292,18960,478861,11481,5511,754039,141020,109128,21103,478276,9711,6857,601777,131809,78256,14144,372622,8722,4063,421166,113956,60610,11614,228312,2198,1712,9835,222094,915,1712,245927,181516,50612,306431,222063,78304,267265,177593,77696,445758960,40955,60075,56978,32974,167243,142909,13141,28152,42609,41252,42582,40829,43289,69351,73706,62927,52422,51652,48314,46996,40344,30837,22419,17378,11956,14125,7704,3852,2809,4547,3573,3133,2929,3098,2841,7447,11476,19206,20759,19199,37943,110511,390717,362271
CA-18,759555,183115,278632,30633,265063,22887,6407,738345,171265,264406,32170,270501,20006,5636,595787,157754,201676,22361,209411,18883,4744,473598,143354,136886,18894,167357,3291,1374,15937,161000,1352,1374,267621,196934,55657,332940,236265,89881,288558,190406,88042,620093606,85461,91455,88285,38958,129317,61105,10790,11779,39629,42920,49682,50557,52279,52408,54999,54124,53383,52506,51798,48362,42462,36362,26588,18299,12039,13820,6195,5706,4357,4649,4709,4808,4635,4773,5282,9532,14499,24056,22191,17996,30481,71878,383144,369073
CA-19,760608,240415,433225,21938,61316,35338,6521,763812,234109,442863,22701,59502,26002,6490,572676,206263,296072,16111,46441,26852,4694,447683,202052,190126,13283,33402,4529,1797,10890,28496,893,1797,250172,156674,78101,314462,205223,102318,287272,171467,107288,16588096049,109089,105184,100361,43987,84506,34757,9683,5921,49030,52586,59284,55386,52006,49161,50237,51885,48394,45138,45712,45666,43114,38406,29905,18715,13079,14076,6605,5700,4871,6377,7310,6263,6638,7196,7047,13885,19585,31601,26779,19142,26658,39703,384972,376808
CA-20,759782,343216,313344,35401,50965,36398,3741,772384,333177,335352,39199,54557,27169,3495,561867,276582,208385,23821,36647,25545,2556,511198,269558,182204,21567,27914,8073,708,18398,24281,2555,708,250320,79133,157203,318902,114634,197029,300227,98289,195124,30798711124,73281,122206,125841,49763,74026,30470,7759,3615,52761,55015,62573,54600,48836,53608,55938,52770,46603,41879,43510,44481,43227,35556,28679,18235,11127,11348,12063,8273,7497,8753,10033,8219,9178,8388,9029,17278,23508,34801,25913,18053,24557,26400,385436,375310
CA-21,760248,159249,446372,54108,99830,33830,3337,765286,157584,454787,53630,102736,27436,4641,543024,134610,297202,35182,70316,22769,2256,469714,134265,242009,31356,55059,5628,724,27759,52570,1941,724,191408,110098,71153,248537,147118,96246,217370,112599,98930,1203395675,109978,109849,109111,42090,64620,20570,6949,3225,58533,59957,63628,58233,57432,60881,59315,52966,45662,41489,39569,39214,35722,30390,23442,15721,10186,11835,16855,12628,10034,10559,11242,10095,9959,8825,9630,18134,22586,30281,21454,15963,14956,15890,383809,380366
CA-22,760190,118586,558926,43082,39595,35289,2630,782658,119637,577726,45253,37941,23906,3000,544361,101673,375877,32400,28658,22031,1950,419036,99146,265546,27481,20007,5239,821,25373,18444,2494,821,148370,82159,57885,190078,105777,79703,174078,80711,88727,9550150408,153323,131885,89854,28710,33610,9925,2429,1368,59484,66224,71541,66284,64214,63403,57950,53715,49523,43773,39942,37923,33410,24773,18389,12157,8220,7926,12759,12312,10173,10507,12973,11217,9744,10873,10353,17684,22747,25886,18296,10822,10675,7405,403806,375045
CA-23,760206,311447,315486,79133,41673,34403,6418,768921,296373,343579,79896,44739,29643,7420,568245,257862,211906,53624,31283,25108,4272,518334,242858,194044,47670,21301,8739,1930,42039,17310,2499,1930,241290,93049,134946,306061,130041,168948,283108,110203,165637,51025834074,75814,139228,130246,43606,57244,26759,4909,3581,54271,56600,60944,54145,53745,49670,53447,51422,46985,42936,40883,45005,45592,36459,28149,18839,11121,10879,11871,10503,8274,9381,10772,10141,9491,9900,9516,16555,23616,31685,25498,16614,20601,19204,387801,373291
CA-24,760529,381895,291758,19253,55399,30439,3994,758713,374707,298462,21640,55417,27714,4037,612199,333521,205749,15663,44570,23338,2850,535262,329055,151398,13045,32776,5953,780,9905,25370,1317,780,324028,190531,111122,378486,238403,131085,351488,212814,127664,16101934828,68274,86441,108402,45545,112491,46479,14549,11542,40428,41132,44946,62125,78879,50536,45878,44621,43222,40061,41620,45233,46424,42221,36165,24627,14926,18189,12107,7999,7669,6827,7391,6986,8939,8761,8555,15111,22588,33463,26986,22113,28894,44277,383075,378158
CA-25,759359,214817,470907,38564,32750,32664,3210,772400,210536,488231,42869,32061,27693,4167,587425,194452,333487,28269,24541,21803,2132,501580,186095,264612,24829,17159,6450,1120,21818,15153,2895,1120,222455,128118,84546,286266,167647,113521,270833,144658,120361,23416740094,113488,140593,115188,39433,70522,28588,8137,4172,42394,45362,52514,52188,46285,48974,49568,46876,44416,41131,43464,44585,47863,44484,38156,31149,20644,18811,15305,11775,12840,13106,12027,11733,10739,11040,11206,17907,23106,32277,24140,16533,17548,21378,385350,373514
CA-26,759445,316680,331715,23185,81838,27573,4531,751367,306597,337642,24977,78580,26741,5067,586590,267411,233196,15906,61838,20479,3094,508871,260733,180507,13131,46774,4197,770,10635,39505,933,770,309733,171490,119892,377254,221656,147662,344450,190022,144696,1807700434,76597,100078,104290,50245,114273,46188,12868,8551,41464,46499,52683,51903,51483,50402,49091,47748,48318,48155,50075,51454,48517,38681,30413,20325,13385,16526,7873,4592,4391,5135,6153,5962,6246,6028,7080,12932,17438,30217,26010,21650,30998,49957,377568,379554
CA-27,760672,239001,354488,92681,72088,29074,3900,745440,216956,363660,88540,73868,23117,4386,570331,198882,247188,65323,53437,21181,2737,491039,179141,205473,55991,43240,4554,853,52332,39104,973,853,256784,133758,107517,330366,183291,139663,299667,151685,139198,6500677715,79965,120551,109581,43751,86004,31698,6658,4728,48183,50385,63376,55587,47224,50483,49935,51970,47655,48811,51391,48407,44442,33162,23457,15102,9438,8683,10442,6758,6003,5831,6936,5513,7026,7159,6596,12869,18689,29546,25677,20538,25089,32992,375275,372416
CA-28,759688,120146,220952,22555,398644,15862,3025,740356,111968,212387,24454,393334,15691,4856,622127,106777,169262,16769,329529,12624,2315,505224,97507,141966,15840,243070,2822,1276,13934,238245,1665,1276,256765,171237,71562,338101,224799,107023,291972,177116,104967,376803046,78764,107191,84547,42746,154478,59423,18653,12043,36026,35811,41742,40448,39626,52377,51684,50235,48868,51738,52861,55310,50047,45126,34692,25107,17608,22192,11900,7453,6101,7636,6645,7409,6557,6537,7335,13702,20402,30801,27667,20852,30052,44325,367847,383651
CA-29,760105,153769,489758,39565,81396,29084,3016,731615,143060,476210,34374,77404,19183,2903,591421,131791,363228,29018,65913,21665,1898,435326,114924,243314,23890,48404,2515,824,21624,45520,930,824,211203,161431,38248,269854,196042,67826,228999,145487,76240,207456751,144984,121428,92952,34216,82675,22489,5268,2574,42206,44632,49178,49119,54759,61644,59873,53816,50343,49000,50770,47291,40804,32620,23678,14889,10596,11262,12006,10713,7532,9253,8907,9485,7524,9227,8466,16208,20394,27525,22596,15825,19029,19798,374293,372187
CA-30,759716,433703,157143,46955,115805,15794,2908,741538,414280,157171,51775,112412,14609,2673,641724,377728,123823,39140,94727,12933,2247,547104,332727,99808,35778,72184,3532,631,30755,63132,914,631,321463,234109,70279,395053,283381,104573,353442,242495,99442,354011936,48456,87003,95889,44540,188258,70515,25019,12339,33539,32281,34894,32247,38552,63248,72298,59897,53919,52657,51443,50983,43295,38524,30774,21663,15971,17347,16885,15439,7535,10939,9219,8899,8700,8327,8187,16740,23476,37880,30321,23386,31494,62958,368420,375112
CA-31,759802,136295,442564,29727,155792,28405,3398,734884,120326,435014,29620,151125,32461,4210,597653,119395,328531,20967,127660,21621,2373,485074,106641,257946,19416,94884,3422,973,17170,91241,1510,973,246630,158647,73444,315169,201272,107329,276392,157633,110357,412132647,105306,130891,102711,37585,89066,33321,6842,5945,37651,40965,49336,50868,55762,52137,51694,49123,48154,48782,52009,50395,46156,37488,27318,19417,14396,14598,7171,6840,6042,6819,6538,7408,6285,7324,6906,13520,19599,29684,23850,19551,23506,28381,370616,375633
CA-32,759469,417485,171736,47155,116315,15656,3184,766903,405095,178160,55043,122302,14700,3403,619326,354491,128922,36880,92281,12081,2436,554780,329495,106908,36450,75036,3828,600,31353,66025,1121,600,327744,225912,84775,403158,277750,118059,364509,232763,121115,809685476,44388,80155,99759,41767,177414,67185,31282,14013,39418,38520,41319,43309,43510,55462,55219,55043,51756,52576,54095,51068,49029,40469,34443,22066,15412,19325,13167,8261,6594,7634,6845,6867,6536,6940,6888,15217,19552,32585,27982,22731,32247,71842,375717,386322
CA-33,760663,119732,488691,89775,66743,31562,4967,761294,118377,497972,84806,67073,22926,4789,552107,100121,336992,63488,49533,21762,3160,464276,96669,271725,54440,35276,3233,1591,50826,32760,1237,1591,197640,128548,58175,260576,165959,88536,232566,126687,99055,496500102,106914,135656,94613,33760,60814,23264,5726,3642,49551,56687,62097,62652,61001,62340,56671,52082,50370,47839,45070,41365,33791,27939,19155,11329,8024,8414,8580,7358,6245,7295,7942,7842,7331,7189,6933,13996,21123,29323,23943,17054,19832,19585,378179,378198
CA-34,759403,121277,421531,50841,168806,27745,3193,756920,122608,408358,55498,172927,31400,2750,627515,111734,324061,42352,148710,25635,2227,458939,106308,197678,41884,106655,3960,654,36399,101645,1549,654,211388,175789,23369,271484,219205,46236,233334,173267,49274,122623268,150972,110233,85127,30437,128786,39468,11796,6115,36327,36378,37956,38661,55034,77676,83523,63789,55477,49646,46594,43810,41476,33784,23871,16391,11934,14963,22287,20794,12264,12308,13504,12270,11533,10488,9936,20988,25338,34061,22958,16042,19655,24880,396254,371036
CA-35,760423,157974,421109,58591,125735,28752,4492,766172,149337,426802,62607,132168,25670,5595,587903,137377,305568,44194,98215,21029,3138,505111,128277,253898,41894,74306,3432,1079,38502,70373,1190,1079,237632,137158,87472,313682,183422,123628,281745,143880,129520,525818187,90124,116362,114773,45943,92891,34561,6968,4920,48413,45338,52630,52800,58513,62920,58733,50213,51416,48844,49602,45398,45168,33621,23732,16303,10116,10476,9438,6051,5229,6251,6818,7059,6408,6885,6513,15833,22691,31649,26900,19357,27034,27650,377713,386523
CA-36,759444,423277,116089,36335,172187,13658,4684,734705,388063,113163,40886,182369,12858,5323,631913,366126,89241,28320,137879,10766,3566,544638,325288,74725,28117,107916,3631,1322,23694,94684,851,1322,354937,240898,92990,419925,289626,121671,381514,249899,119354,274166351,22640,56005,74470,31951,205530,89502,37641,19191,36391,36309,37511,42323,46294,54156,57969,54640,49195,49221,49082,48674,46294,37369,31653,22014,15847,20816,15158,6952,5975,7606,6364,6788,6725,5511,5872,13413,20141,31660,28287,23884,38098,90777,361036,374722
CA-37,760417,127924,387919,174453,72439,26394,3161,748378,126376,390241,163285,71313,21316,2925,597743,112773,283164,140815,59846,21571,2171,450484,106473,173148,122335,42611,3406,875,116113,36686,621,875,248747,215998,21245,295922,253856,36345,254578,202830,43552,142578613,133346,95547,87366,29852,102260,43888,11971,8539,41844,43948,48725,51446,62560,69457,68065,55784,51999,48154,46361,43645,39818,31967,21111,14352,10962,11094,17845,11666,9524,9634,11124,9733,8927,9213,9083,16214,21563,29428,22980,17192,22956,32550,376662,384630
CA-38,760629,97212,567730,25961,75178,33744,3610,735363,92871,545401,22491,75232,30061,3329,589820,85768,424652,17338,60602,25526,2394,474238,82482,327552,13385,46766,1915,929,11953,44438,898,929,244831,169697,61111,309222,209777,92553,268217,159835,99928,268895794,122721,131195,102134,37391,76701,26599,5416,3675,42108,45435,50192,51929,56538,60500,56422,52189,47897,50036,47294,45601,42867,33407,24174,16906,12471,16068,10109,7289,6258,7317,7526,6851,6692,6795,7622,14413,19732,29903,25052,17456,24277,23158,375086,376948
CA-39,759592,143541,479788,81607,55737,32143,5505,765632,136735,492205,82701,56721,24131,6345,562867,122758,334446,58409,43053,22037,3692,491625,116648,280372,54068,33228,3402,2126,50326,30272,907,2126,206300,128131,65896,266176,166876,93468,235605,126751,101719,836936368,102822,140901,103048,34941,56581,22760,4476,4324,47469,51428,59675,62700,66358,63400,58257,54307,48997,45229,44312,41677,34803,28640,21096,13279,7619,8237,8248,5474,4872,5963,6353,6504,6580,7230,7694,14763,21339,29636,25395,16938,20443,18217,379656,377827
CA-40,760855,404099,170130,19535,157834,17088,4606,753618,387775,166730,19752,173172,14592,4594,599501,335815,121094,13808,119455,12625,3195,538453,316855,99385,11438,104073,3338,954,8563,93502,629,954,344581,153365,171443,435136,215943,210443,405329,190754,201072,1277928296,32006,73841,105927,44705,172381,73827,20841,11461,42600,44345,46497,46813,40014,41944,44565,49345,49813,51804,58478,56392,51573,41475,34635,23490,14178,17297,7967,4610,3455,5031,4596,4337,5100,4752,5191,11116,16118,26364,26462,24128,37855,80535,371421,383837
CA-41,759807,265754,343894,58970,86311,28797,5889,793920,256883,376765,62959,94788,27549,6279,574215,221879,237373,42760,64083,20115,4127,532815,215038,216694,39354,53007,4544,1250,36122,48506,1582,1250,245291,113972,118919,332419,164618,161452,318830,143102,166439,3563924415,77394,133828,122228,45984,83434,33898,6049,5306,48002,52463,58865,54892,50524,52850,52176,50465,51576,50689,52256,49121,41841,34172,27633,21069,12908,11365,8903,4980,5767,6343,7336,6779,6482,5780,7104,14137,19225,29864,25116,21469,26949,34947,389357,383510
CA-42,759566,160706,452534,63398,84159,29974,6291,736322,154717,446889,55415,80959,28185,6698,592393,141904,332763,46953,66735,23043,4559,472670,135235,241878,37445,50375,3629,1803,34485,46517,1267,1803,253084,176176,61059,312466,217880,87159,272028,172324,90367,562652121,117277,108438,105721,36636,94290,35205,7430,5071,41813,43826,49658,50613,53841,62311,61675,54689,50851,50686,48811,46003,41110,33782,23393,15917,9533,11307,11211,9117,7450,8320,9051,9059,7744,9451,7935,17515,22827,34179,26213,20095,24172,27354,372485,377334
CA-43,760171,71350,527306,84093,80795,31495,8627,742820,70110,520463,76381,81775,26786,6656,573651,63617,381973,61183,64568,23666,6302,435366,60802,267579,49646,50192,2379,2391,47150,47892,688,2391,207242,162648,33713,259149,193827,59005,217013,142218,67702,197556041,153702,121042,97206,31184,65697,18624,3955,2658,46642,50907,57118,54532,56337,61120,58883,52510,49983,49887,47839,44530,41119,31433,23504,14416,8880,9964,10379,8976,7304,8302,8719,8154,8259,9346,8144,16683,22116,29060,22410,14664,18393,17218,377166,382438
CA-44,760301,38325,430315,232107,62903,27270,6606,733163,37625,425035,210999,64704,25599,5631,572586,33108,306664,181693,51088,19871,4961,440275,32636,202189,158814,40195,2863,1856,154580,38145,920,1856,227118,196850,20932,277436,229727,41869,228858,172122,49874,185749679,137870,122072,104222,33817,67074,21957,3274,2100,47495,50212,55069,51206,52499,59876,57103,50831,49263,47336,48971,45494,44291,29647,22872,15035,10329,11338,14367,10387,7521,8915,9251,8709,8846,8603,8146,15847,21650,29815,23500,16431,16671,17039,365063,383804
CA-45,760233,194148,227320,24660,310738,18507,6636,745548,187321,228483,23301,307487,15030,7244,604714,168515,163614,17713,249202,13713,4899,505723,160085,124700,12924,200187,2755,2113,11502,192975,821,2113,273014,147191,110287,357150,186765,163462,322519,159151,153789,268238882,76537,104907,104748,43195,130141,45208,12193,7390,39049,41385,50463,47174,48942,51532,50530,45948,45957,51873,51142,52134,50594,38228,30341,21742,16152,18146,11283,5821,5014,5925,6323,6103,5938,6351,6897,12911,18116,28460,24523,20963,29681,42055,372546,378786
CA-46,760059,112511,501525,22955,126116,32146,5490,759758,110276,503261,19643,127100,21962,4320,578902,99996,358015,14920,102438,25290,3739,437479,96929,237311,10482,87536,2068,1507,8916,83612,817,1507,191361,127949,52326,248765,159556,83830,214947,123611,84753,191722588,141618,119994,93854,29993,77760,21819,5477,3003,45499,47731,54182,58030,62018,67008,59411,55894,49208,48621,48679,44945,36729,28824,20234,13106,8909,11950,8618,6667,5004,6395,6139,7153,6371,6648,6634,13603,19566,29813,24145,17743,21663,21369,382320,378658
CA-47,760308,384173,131445,19874,214187,14589,5127,754673,376611,128742,22778,214367,13033,6566,617176,329224,98407,14943,164580,11048,3692,535161,314455,78545,13500,119143,3976,2252,10218,108295,1032,2252,305726,154821,132682,393251,213778,171122,364804,183489,168709,420597861,29932,61947,92312,39977,184671,84734,26911,16230,40045,36893,41957,48104,51032,59741,57744,50706,49629,48773,51468,50460,43520,36084,33984,22182,15363,17060,14588,6520,5369,6467,6608,6910,5688,6144,5708,12584,17512,29958,31168,24066,37508,79573,375883,378862
CA-48,759815,420097,203699,41854,75242,31951,8105,767344,413455,216782,45920,78626,27956,8291,579648,341008,138841,28677,54442,22789,5497,550445,335411,130269,26913,44276,8034,1824,22154,36931,3088,1824,301736,106055,178882,393782,159184,226107,378732,146964,222668,9746776254,43062,113489,140091,52603,105818,40602,9973,5264,47446,50824,54505,51447,44826,43951,49558,50965,51264,47008,47179,49175,51659,40354,32222,20772,13777,13018,7699,4816,4518,5523,5656,5027,5396,5903,5338,12588,20481,31231,29652,23778,33588,42734,380573,379377
CA-49,760114,406753,239257,29829,72022,23882,8431,758024,393468,242373,33498,79708,20565,8153,596357,339964,168947,21252,53780,18173,6001,536741,328810,132304,18706,46194,5084,2145,15239,37148,1206,2145,307562,152351,135976,386638,211211,166473,367000,193437,163191,1199804208,53139,84360,109751,42626,134824,55672,15800,11043,44663,44702,51098,51806,59423,51175,51171,51178,47643,46549,48491,48383,45869,36221,30743,21507,13503,14782,9251,5033,5006,6769,7260,6801,6366,7088,7406,13446,20957,29393,26971,21665,32584,55040,387599,371308
CA-50,760450,393694,161360,29293,164944,16849,5828,747883,378173,163419,31143,166012,15057,5710,607942,335817,115289,21970,124244,12016,4236,533013,318314,92356,19984,93826,3943,1620,15952,83306,894,1620,319619,180570,119053,395513,244002,142075,364412,216942,135746,682561637,37635,63291,84997,36960,166601,84521,25471,24763,40758,40674,42618,43016,43756,60298,58295,54203,50023,48521,46515,46826,43106,37314,30044,21438,13524,14132,11531,6450,5392,6014,6549,5922,5329,6214,6121,13100,18248,27380,27772,22874,35649,74368,375073,359988
CA-51,759527,350970,203011,65413,131281,21490,7766,769732,354260,213282,66091,131520,17166,8481,620521,305797,150407,48326,106947,16268,5820,560420,302266,128015,39496,79777,4400,2597,34048,68456,1181,2597,306285,199131,87508,370648,255193,106657,337844,224549,102140,437435277,52340,83691,108600,44319,151785,66489,16923,15902,43733,38212,37261,44613,64351,76600,78594,60250,51702,44774,43371,41995,39595,33394,26184,17758,11708,14124,13113,8747,8579,9563,9125,8563,7900,9259,8353,19314,25829,40126,32900,25625,31242,43495,385648,382571
CA-52,760751,115198,453104,72417,127837,28282,9345,754055,118313,447647,75880,127087,26302,8598,581163,100090,328283,53794,100076,18987,6740,496790,104456,258667,47283,76991,2733,2505,43805,70362,833,2505,251259,171515,66523,316571,208498,101443,281675,163483,110998,385554373,94231,127641,120566,46421,84451,27559,6195,2976,44091,49136,55552,54385,57634,60557,59500,56974,50381,48176,47755,44817,42117,33643,25502,15937,12296,12385,8789,7210,6631,6787,7076,7923,7864,6597,6836,14577,20833,30948,25787,20169,24718,23144,389353,381485
CO-01,721086,392550,200399,77883,39705,25530,2964,724236,391547,202231,81590,39452,21635,3260,586003,344501,143229,56720,30710,19518,2092,542211,349049,109487,51995,22477,6584,824,46262,16903,1779,824,334672,246660,63177,397020,315925,72083,366104,280680,75210,398819500,49410,80367,81520,28071,173894,75349,23817,11333,39650,35280,38080,35120,44671,83943,83054,65913,52763,44551,39143,35630,32929,28959,23704,13535,9493,10141,15229,11358,8827,9441,9649,9609,9158,10292,10870,20474,28544,40779,32218,24947,34848,49778,362093,354466
CO-02,721178,548191,103859,13411,35818,18424,1989,721567,547708,104940,13977,35917,12743,1658,585165,460112,72309,9492,27186,13704,1460,565426,471622,59905,7821,18902,5469,578,4797,13461,1469,578,399271,242064,122281,444899,304353,129119,429171,292578,124317,30134756482,21136,67564,81779,36063,159483,81465,17558,19322,30323,35690,38691,56641,71883,55340,49681,48624,45233,43734,42604,45080,44246,40073,30585,17844,10453,10869,14366,7353,7366,8090,7818,8247,7856,8788,8972,17095,23868,35752,30690,23964,32070,49291,365516,352078
CO-03,721807,482062,185394,13117,11632,37950,2216,730194,488051,190821,13851,12314,33304,1537,568642,398984,129237,8457,8151,27584,1465,559562,413826,118068,7138,5838,13721,283,5044,3667,6133,283,357673,139462,189921,412513,184272,218483,407253,178703,218335,128844377417,42709,141890,116398,47527,105093,40313,9549,6103,37370,41643,45166,46744,42853,43167,45471,47720,44915,40771,41836,47366,53203,50939,38728,24031,15810,15621,14873,12247,12957,12268,12993,12336,11698,11760,11556,23087,30576,38773,28079,19279,19674,20832,365254,358100
CO-04,721975,501995,159759,18787,21054,24911,2449,758651,520863,175997,23680,22590,20265,2739,542778,396274,104506,12057,13838,17562,1539,547834,420187,95125,12466,11378,6732,679,9620,8395,1790,679,331018,95475,207912,402272,140135,251146,425021,149034,265317,84815307773,41839,116518,108383,48558,106003,48380,7530,6237,43605,48826,53149,50624,42713,45360,49020,48925,49654,46625,45493,46383,44583,38312,27761,17615,11646,12063,8931,6811,6784,7553,8021,7673,8395,7388,8167,16568,22838,34514,29859,25259,29489,33828,368937,353420
CO-05,721519,477848,130126,61083,33360,28753,6386,729265,480867,139930,63466,34865,26093,6404,564449,393582,87683,41830,23650,20705,4040,553959,402789,84294,36614,17437,8316,1275,30334,11792,1934,1275,318498,113317,174054,371795,164809,193376,367561,166299,190879,18388852385,29154,110659,120267,52496,109826,51058,8491,7109,43682,44174,43876,45720,59394,61795,59115,51045,43951,39518,39637,44260,42641,37567,28489,18689,11228,11152,11237,8909,8277,8920,10362,9862,10533,10796,9463,21884,30550,41326,31246,21298,24846,22541,374511,351422
CO-06,722292,528771,82435,34519,60825,18094,2728,743155,538197,89272,39438,62568,14728,3137,545229,413494,54750,22790,41464,12810,1729,547172,434086,53621,22453,29827,4320,614,17895,24489,1189,614,378539,162771,182488,452947,233531,207947,455101,231633,211407,2494043866,15461,67765,89434,36919,180451,81899,16460,10079,38576,46842,51789,49987,37973,43130,48070,51349,56380,53673,51724,48342,43623,35924,28105,17567,9812,10764,6616,3330,3466,3966,4295,4965,5683,5394,5561,12606,18951,32269,30352,27096,40790,67953,363941,359689
CO-07,722312,532868,113559,16654,38913,23506,2091,721772,534689,116995,16827,38113,17775,2086,576929,441226,79674,11124,28233,17385,1410,564685,451111,75360,9059,21948,5916,343,6136,17041,1341,343,397275,194964,166114,462235,268657,180728,447099,261644,172718,2147798279,24416,96281,98345,40775,164708,72180,12210,11507,35227,38763,41076,42077,40140,51220,57134,55869,49238,46564,45918,49064,47352,39309,33069,19910,12150,13640,8448,4763,4880,6639,5995,6553,7178,7649,7644,16894,24613,37733,33610,28135,39439,52617,360675,357045
CO-08,721545,296378,287859,82725,44477,30619,3891,733349,295990,300751,87996,46322,31783,3926,540381,247491,192808,56631,32606,21956,2615,474323,250476,143073,48457,24054,6048,987,42893,19354,1692,987,263301,144157,96537,313299,192670,111725,295435,167590,119258,1194791262,72959,133164,98930,44314,84160,31149,4429,4544,48756,47560,53380,49491,50825,59839,62292,57286,50942,44943,41514,39901,37118,27992,22122,12941,8687,8054,9405,7188,6078,7093,8325,8171,8980,9471,10202,19697,27413,39034,30317,21742,24801,19321,366661,356982
CT-01,720758,384538,147986,138124,53218,11668,1307,720762,385352,153604,143934,52850,9672,1626,573290,327485,103566,101445,39514,8576,914,526286,325099,95999,78378,22857,3248,155,72837,19904,416,155,316640,199264,102723,341207,225829,109911,326341,206365,114188,1953662787,50370,129041,81319,39483,104699,63015,13921,8683,37905,38877,44664,53957,56652,50128,48078,47015,43547,42724,46365,49086,46791,38712,29028,19863,12877,16326,15847,12293,8831,9224,9642,9778,8509,8280,9617,17285,22332,35145,27939,22370,29070,38175,351387,371208
CT-02,721029,558151,72622,45291,31924,16049,1614,722813,555374,78495,47405,32984,14059,1762,587409,471621,48953,31543,23816,11692,1086,568079,473141,43135,26043,18930,5146,331,21223,16034,979,331,355604,174824,162462,401395,220191,173839,394220,209054,178632,4380370195,33228,148795,96927,44652,111535,65768,12782,9477,32170,34322,41708,45477,44761,42051,43203,43528,39355,43017,52175,57904,56397,46789,37301,25316,16843,19285,9996,8696,8043,8898,8811,8737,7516,8712,9400,17284,25950,38470,33522,24445,34455,42210,357949,363653
CT-03,722095,290654,210261,191093,36321,13926,1534,724141,304263,217491,174106,38527,10641,2007,567599,253573,145871,140029,27985,10323,1179,509139,263338,119778,103001,18931,2697,222,97631,16490,722,222,263264,170798,83440,284359,191011,89997,264560,165906,93253,569953431,65429,149014,81881,33710,84427,51480,13504,9947,38987,39899,44203,52647,58260,53431,50210,45574,44983,44053,47170,47279,47560,35454,28291,18351,11876,15160,18097,15448,10628,11680,10846,9946,12082,10148,9462,19307,27042,33847,23860,17528,23366,27296,348803,374585
CT-04,721776,470942,128561,55452,53367,8619,756,731440,447641,136593,81274,55338,7191,1106,560000,380445,90298,40635,37818,6219,566,499997,358055,62532,49753,27238,1320,186,45489,24728,367,186,337004,189825,132607,380313,235866,139015,367185,214425,146793,1371018301,39064,87488,62976,28739,150439,92036,25505,10201,39311,44176,48496,51086,43385,38819,40851,44383,46724,48673,54448,55763,49446,36381,29805,20182,13692,17281,7882,5618,6006,6259,5439,5252,6039,6611,5976,11174,16379,24862,24629,18204,30252,82607,356333,366569
CT-05,720286,574947,63863,37456,30863,10648,760,725352,550089,76328,53842,35729,8742,935,580929,480669,42007,25548,21591,7887,549,560192,463375,44193,29955,18114,3279,205,25029,15836,189,205,372143,162706,191877,416353,207813,201846,406704,196303,204052,4266683802,31985,136450,91430,45583,122817,68904,15973,8113,34395,39326,43196,44334,38333,39132,43563,46687,43256,44500,51984,56085,55744,43293,37311,24122,15624,19945,8851,6027,6338,8179,7763,7815,7355,7707,8317,16357,22436,36532,31391,26629,35715,49141,354724,366106
DE-AL,989948,579851,104290,244944,50969,21392,1547,1021191,593492,112835,258469,52896,15932,1842,783543,489226,67906,178357,37878,15627,1057,764039,505776,52322,172671,25951,7046,254,161216,22794,1182,254,441052,235154,185062,504346,296268,200603,512912,289758,214351,5046731558,61344,208129,130994,58540,139213,75033,13180,13931,53990,55978,60495,62986,59822,62852,65031,59234,58690,56174,62706,68936,71725,65911,51913,36040,21733,19419,16749,12173,10775,12267,13820,13903,14294,13700,13210,27203,36164,54374,40249,30916,39006,40197,482909,510726
FL-01,769572,532981,59353,118144,35233,25359,3526,793291,550029,64979,123484,38253,16442,4266,606172,436430,40492,83197,25641,19268,2300,601667,451475,35523,81779,19823,8853,629,75285,13693,1100,629,367432,103881,243525,421933,138643,274815,419586,129271,284108,8363763084,43325,143332,123376,62560,102611,44504,8458,6262,45008,45959,46804,47649,52166,56082,54677,49441,46783,43301,46512,54384,51644,42277,36414,24002,15032,13896,12696,10721,9545,10482,11466,12527,12485,11790,11921,23288,31196,41613,31569,21484,22723,24550,389386,382645
FL-02,769202,434683,70317,216040,37592,13994,1332,783371,439952,75070,221185,38393,11854,1214,622567,368115,53950,161708,29588,10796,963,608931,370420,50525,160685,19747,6366,242,154352,16396,434,242,371600,202225,151874,402547,230066,166720,390230,208810,175007,13838122926,47924,120367,85490,46512,100107,50558,15913,16429,39069,39986,41972,64910,101559,57472,50618,46087,43624,40131,40347,41380,44691,40904,30885,20919,12857,13371,25170,14724,12786,13076,14043,12186,13192,12417,13748,21512,26588,35645,23271,16574,19162,20854,379945,390837
FL-03,769842,553012,73738,107623,16413,20471,1773,809213,572221,87497,118431,17534,15501,1439,621119,460602,52404,79953,11935,15859,1171,625298,476645,48206,81005,9355,8799,481,75656,6908,1627,481,357639,99510,245281,404223,118150,281585,427032,114115,308272,30568258131,70197,200831,125063,54113,76410,31550,7123,3996,38032,40302,46396,42306,40872,45856,47658,47816,46707,45538,49091,54057,57601,53153,46941,33815,21457,19589,15952,13524,14583,15873,15968,14380,14049,13930,15375,27160,31103,38144,25712,16709,15621,15423,395833,381354
FL-04,768646,564491,70390,77445,39621,16937,2406,823654,597537,81813,84651,44289,9219,2396,598206,455318,47806,53601,27441,12434,1560,619879,483051,51889,54838,23494,4163,434,50582,19051,477,434,388329,113869,257005,469639,161027,301984,500558,163649,329700,4700089183,32715,128041,110909,54418,139656,59248,13452,7773,41855,46310,50638,47572,41704,40862,47897,51565,50215,50821,52514,55543,52415,46596,41360,26451,14976,14990,9277,5395,6398,6600,8475,8490,8271,9855,9585,19079,27625,38574,33553,25170,32695,41402,383445,390839
FL-05,768810,333981,89539,292491,48026,14813,2366,788680,336776,99805,298271,49473,11421,2034,599195,281574,64077,210749,36371,11384,1709,574362,283169,55236,202433,27286,4743,480,194201,22902,484,480,319686,167035,139264,359356,200217,153329,336644,178405,152725,1436853422,54862,156994,111313,50537,101414,34091,8323,4849,50112,47886,50468,46123,52175,66241,63414,53692,47363,44281,46315,49316,45666,37816,26630,17967,11832,11858,19784,13672,11362,14432,14556,13717,13274,13433,14854,25318,31654,41390,27382,17080,18478,16359,371500,397655
FL-06,769976,539200,116274,83270,17139,17551,1486,816586,562958,136438,90085,19585,10583,760,628246,460671,83038,58572,13006,13607,1085,637946,478967,85559,56649,10834,5099,214,51907,9042,616,214,364603,131490,219142,430367,160289,265396,449099,153169,291032,8900564638,57906,191089,126643,65605,88192,33403,8303,5106,36376,40145,43036,43874,39800,41787,43791,43299,39763,45021,48936,56579,58001,59052,53664,39180,24405,22745,15835,11746,12929,13343,13855,14036,14399,14728,12906,24300,34230,42796,29169,18115,19598,18833,383301,396153
FL-07,769731,409294,199181,103360,55975,15067,2027,782299,410126,209857,112116,54468,12176,1714,616940,344136,149752,76605,42382,11450,1475,589594,343847,141611,69023,29139,3777,416,63639,25532,545,416,356351,179419,156771,406289,219842,180359,390128,197153,185974,1384474889,35342,111081,93295,59371,144026,60527,14079,8539,38122,40288,42800,57887,65128,61494,57774,54120,52208,49584,47909,47564,44744,34821,29475,19710,12547,14302,13712,6938,7655,9566,10076,10068,9839,9989,9758,21377,27622,39767,31133,23552,26759,32356,381727,388750
FL-08,769602,553646,76381,95783,27972,17090,1913,796464,571816,86109,101562,26656,9377,1808,635434,476883,55029,68215,21144,13302,1354,638638,492377,58791,65563,15266,4888,372,59830,11978,1014,372,396749,153296,223678,452609,186927,259395,448500,173183,269028,3362095166,43911,158414,126429,70436,112560,53054,9742,7318,33273,35757,40094,40502,43492,44405,43386,41166,42137,43293,49505,62514,64540,58316,47725,36789,24369,23845,14205,11945,12594,13765,14725,13797,13458,12677,13136,25253,33788,44675,30997,22218,22732,24026,380709,394399
FL-09,768697,216245,414449,104335,42636,14702,2513,815884,213960,455077,118813,45391,12191,2636,592097,178808,309819,75558,32339,11319,1856,535840,175158,272634,58115,24602,2346,435,54969,22332,283,435,278842,174719,92153,335723,197902,133667,324707,166997,152718,4312686690,57256,140159,99493,60513,105247,38515,8156,4965,43497,47261,51154,48487,52682,57720,57792,56317,56449,53050,50598,43583,40605,34440,24946,17555,10797,10449,9175,7659,8143,9888,9485,9710,9903,10175,12301,20812,27721,36370,24358,15561,15652,15379,376523,380859
FL-10,768586,287429,186481,234393,46395,13089,2113,799632,288055,195215,252978,50754,9543,1643,588745,237262,135520,168411,35097,9950,1561,522617,235802,105261,148079,28985,2981,517,143624,25699,542,517,291991,171606,107656,348672,211753,132573,329243,185122,138729,953059886,64211,132353,92910,55533,121474,46403,13520,6368,48399,50335,52909,47696,48388,59627,63471,58509,57901,51942,50069,48777,42679,33564,27957,16125,11163,10996,13986,8904,8956,9624,11196,11233,10399,11588,10595,19774,24388,33966,25583,18185,20410,29210,378962,401545
FL-11,769849,567899,97708,70591,19016,15604,1416,827846,596291,117425,81919,21963,10247,1718,648242,499201,70389,50944,14534,12269,980,671526,524151,74941,52390,12910,5472,465,48314,10681,995,465,378638,126296,239652,455455,160949,290383,491590,162904,323739,5608689818,56755,193950,135716,65381,96565,43999,8046,5280,30266,33144,38493,34870,32721,35257,37316,37191,38995,39037,42828,52506,58308,70037,72356,57951,35150,28754,14646,10861,12167,14134,15623,16402,15484,13362,14674,28649,34563,46759,32825,18622,20395,17059,378978,396202
FL-12,769906,567893,111263,50496,26669,16195,1536,819202,587752,134670,62556,30121,10324,1691,625918,481676,78318,34264,19310,12313,1041,634985,493684,85272,34861,15524,4086,349,29714,12543,629,349,365278,136212,212625,434625,171498,257705,443849,164289,273773,2194718796,49617,185065,121502,60061,107178,41318,9350,6358,35622,39180,45130,41426,38507,40440,42488,47623,43723,48869,52686,53704,57177,55677,47793,41250,24365,24622,14952,13470,12915,15296,14779,14199,13929,12725,14477,26995,30932,40458,28770,18844,22392,22966,378940,401342
FL-13,768405,530232,84718,102780,36586,15010,1709,770694,529491,87605,105171,37876,9955,1585,649744,470969,62707,74497,28498,11953,1193,620907,465321,55099,70739,24120,4853,419,64872,21478,682,419,387982,189935,178483,438478,225034,207403,403069,195244,201918,496245877,47157,159760,124532,57803,131586,51074,14401,7833,31224,33783,33389,35185,38567,47994,50218,45674,41474,43589,51923,61925,62278,55743,47353,35357,24202,26438,19088,12154,12731,13665,13287,13808,13927,13699,14725,26978,32721,42673,30977,20108,24850,29234,372594,393722
FL-14,768763,300970,236216,197531,39889,14299,2058,791403,311863,246646,205016,39970,11235,2000,602853,256374,176048,140355,30908,10870,1447,554791,261907,142148,125218,19527,3587,534,117770,15874,452,534,288809,170635,103648,346340,206781,134130,319200,170469,143193,690171530,61569,137022,89940,48524,113343,45580,13372,6892,46167,46041,45526,52035,57739,67629,64291,58768,50408,50009,44568,44070,39540,31920,26021,17658,10521,10844,19399,12725,11082,12599,12678,13090,13010,14168,12568,22352,28690,38600,27722,17237,19502,26103,378128,385627
FL-15,768932,400447,209753,101456,53128,15446,1665,814599,407922,234825,116747,55144,11407,1401,594777,329444,149912,72018,37855,11652,1183,570559,335241,132451,70483,27338,3645,425,65586,24225,619,425,342826,152863,174016,403493,189863,208257,389933,168420,214970,2052594042,52754,140004,96227,53331,127155,54720,13023,8105,43320,47151,52942,49532,44728,45771,51589,53711,52789,52397,55622,54148,49428,40136,36499,23505,14633,15088,13116,8000,7870,9409,10412,11170,10091,8905,10531,20213,28206,36950,29332,21066,28233,33223,384163,398826
FL-16,769853,573853,107017,54490,20886,12236,1072,818105,604437,118073,61565,22937,9513,969,650639,510434,74333,38135,15923,9556,732,648744,531173,60501,38863,13544,3649,364,34880,11123,595,364,384403,159428,209478,453996,197673,251669,470973,187395,278080,3187929053,45364,168745,117807,55919,131202,65316,16948,10817,28620,31510,37376,35893,33234,35418,35967,35384,38537,38753,47464,56538,62551,68570,64398,57377,35109,36003,13248,9556,10210,13103,12558,12736,13078,13406,13294,24650,33640,45384,33680,23996,27324,36465,374883,403819
FL-17,768659,495037,165047,82351,15298,13613,1065,844679,524946,200895,93788,17418,12045,1244,626681,431143,116772,57040,11537,10462,775,627524,456453,102490,53228,10095,3757,267,49083,8547,478,267,324088,122360,190756,391402,151983,236076,404535,136360,264189,4761319157,67749,202953,129594,57280,88538,34088,8915,5317,36544,37355,42426,41207,40277,41475,43483,42180,40699,45350,48711,55675,59497,60838,58742,45686,28310,23811,16827,10428,12560,12355,14510,12708,13368,13283,13970,28863,34229,44796,28975,19728,17118,17370,395237,397029
FL-18,768527,433913,194596,114598,19041,16967,1394,839143,442040,242643,132709,20796,13966,1202,603813,367438,134338,80318,14329,12756,1025,608771,374925,137029,79696,11729,4374,305,74915,9906,698,305,309580,118476,178331,370008,147020,218462,378091,139958,233812,7063297620,71517,188177,119608,53315,78100,27927,5832,4284,43447,45049,50553,49925,47238,49871,50451,48895,45774,46105,45182,47917,47076,48177,43054,35099,21124,20071,14966,11260,11206,13106,13501,14867,12739,12649,13176,23422,33080,40094,24779,16308,15783,14689,388282,396726
FL-19,768792,513046,182048,47741,16633,11482,1014,799966,524635,194125,55934,19455,15974,848,647565,462348,130205,33943,12652,8510,691,603133,465338,92097,30523,10360,3759,231,27617,8285,1266,231,351624,123532,216874,421867,156764,261897,429703,142685,282299,14861851418,62637,155774,105190,51560,128323,61024,18803,9837,30955,31017,36462,37934,37279,36910,36212,38644,35543,38379,43577,49903,57341,64053,62744,58278,39176,32401,14638,9256,9534,11709,12142,12823,12612,11754,11146,23037,30097,40369,32426,21141,26532,43041,381506,385302
FL-20,769818,502750,128922,108560,18330,13860,1358,818874,514797,149134,127027,22380,10825,1748,630613,439779,89802,76990,13583,10482,970,631422,451239,85781,76697,12200,3953,262,71784,9907,925,262,373664,151624,208962,443967,190015,249913,461508,182735,273668,4606597728,54482,161415,127812,61518,115526,47413,12955,7222,34000,35786,43298,40517,37989,39179,40321,38505,41252,42204,49476,56549,60848,59431,55801,45942,31228,27504,14540,9509,10285,11774,13415,11606,12410,12018,12042,24311,32628,41528,30135,22323,22194,29155,383519,396311
FL-21,769091,315449,233108,192338,27750,14904,1449,791243,306899,247213,210164,28106,8919,1507,605694,274664,169556,137916,21185,10793,1144,522129,264782,116548,121096,15250,3209,321,115936,13353,394,321,303917,174997,119652,353899,200391,150325,340456,169901,166211,4472457104,80359,137049,95704,52748,111346,44414,16280,6513,43485,44426,44662,47094,43797,48411,51596,51696,46410,49855,49866,52061,47105,42438,33962,29110,20053,21845,14932,10117,9758,10823,11176,11687,9676,11270,10564,20503,27206,36522,27479,19105,20669,32565,380845,387027
FL-22,768932,467093,132231,114726,35880,7769,1110,791276,455661,140868,134389,36876,7507,1154,632706,407418,98667,84113,26875,5805,815,582873,394369,87253,76420,21158,2201,134,72080,18573,451,134,376041,213760,152350,439661,250786,185616,425008,216533,203325,635523437,40622,123606,104137,50856,152725,69113,24678,11668,34293,35557,43140,43336,39399,38658,40590,41698,43079,44859,49756,54185,51097,50838,49401,45105,30282,37857,14070,7582,9956,11094,11234,11316,10840,11309,9744,20465,25908,38539,31000,22573,29108,49013,371897,401233
FL-23,769547,237360,167595,331960,24034,8771,1464,781773,218187,182325,347759,26565,12807,1090,620781,215338,131150,245226,19325,6984,1171,519856,191291,105738,203593,14932,2757,298,198181,13220,556,298,322358,228028,86728,363731,254575,106466,329537,212332,113537,325423071,74384,167267,110477,53506,100518,40124,9905,5148,44390,40550,43644,39810,42005,51520,51818,50857,49619,46443,48600,53658,54016,46179,37217,29396,18563,23452,18796,15126,14104,14945,15503,14586,13828,13982,14692,25164,32835,39247,27547,16103,17746,17457,375018,396719
FL-24,769777,312688,294276,113734,47356,10076,1431,780439,294805,313886,124756,48723,9002,1282,611499,263770,225524,83187,35646,7706,1080,522480,239517,182646,70537,23695,2399,573,65852,21334,854,573,349055,207167,130656,400431,231026,166085,368979,187612,176390,2577672953,37915,116670,94747,56007,141556,60292,23307,8444,40051,41672,49241,46229,45123,45788,49605,50935,53298,55394,56738,56357,49900,38587,32254,21851,13589,14638,12326,8391,7464,7892,9029,9194,8628,8592,9609,19337,24091,35695,31576,22348,31352,40931,375333,385917
FL-25,768681,68855,298559,398806,22547,7418,1133,790137,68689,318560,407792,18349,7903,1022,601321,56270,238495,303153,17703,5782,913,490962,53181,170561,254387,10586,1839,86,250358,9936,525,86,292074,243675,42095,327665,253678,71557,289715,198381,88084,314857380,90614,188027,89357,50145,77171,29233,8777,2996,47870,47540,49606,46198,50913,54156,57126,52697,54513,50101,51592,47579,48731,38259,30149,21674,14426,15311,20764,13653,11553,14368,12918,12782,13309,11436,13889,21589,27199,36296,19812,12196,13053,10810,383748,394693
FL-26,769698,211016,464391,70384,23114,7777,784,778865,197314,481300,71221,27831,7321,769,637989,175757,385348,57353,19059,6246,647,478338,145346,273589,42328,13935,1613,188,39492,11534,514,188,297531,188384,99614,349749,198585,148447,329895,159621,165894,272375267,69843,108406,72848,46194,148667,70179,34528,13216,40828,36572,35983,37925,41693,55206,61781,56637,51892,53599,53796,52863,45490,38334,33672,24334,17225,19049,20460,18029,13084,13826,12075,11964,10695,9663,10334,20967,26318,33310,24819,16770,25073,52109,375964,380915
FL-27,768626,48756,692472,26772,11402,4518,521,767360,40410,699750,27377,10125,4025,433,633697,31057,581341,22200,9026,3568,424,443175,26489,401606,9921,3754,745,188,9339,3393,386,188,270076,137482,124643,319231,119284,198018,304314,87736,214234,1340830538,116375,154039,72879,55199,107148,35475,14649,5076,35441,34878,39711,43945,48861,44407,50185,49317,51507,60917,59631,60062,45808,37438,32237,24559,20586,24173,12876,15278,11637,11324,12101,12341,10361,10174,9939,19657,24787,35558,23738,16597,17503,16388,370059,393604
FL-28,769667,128284,541217,91754,18444,9467,820,781399,132523,544358,96860,18831,6432,800,605979,103821,427893,66686,14469,7344,608,497664,102371,331932,51361,8552,1476,226,49025,7708,422,226,286251,163071,112974,345513,166324,176499,339384,130589,205517,5672929640,83510,146209,84682,58085,105896,35427,11493,5715,44299,44136,50968,48906,44711,47490,50757,51070,52888,53918,56219,54900,42913,36390,31677,22481,15219,15112,13271,9408,7816,9642,9152,9570,9130,8811,8245,17367,24269,33542,26240,18462,23058,20821,376361,387693
GA-01,765246,426579,58548,244912,24547,15896,2787,789563,431846,64266,264138,25280,12852,2664,591570,346902,39080,177590,18392,11682,1790,588947,352667,31975,184783,11658,5433,565,177631,9053,702,565,270525,116453,146062,334885,151592,178452,362134,160069,199975,14848907762,51528,145465,116585,43578,90601,40785,10042,7103,47874,47681,49941,54681,62842,58607,55740,51113,47074,43471,43612,47512,43241,38726,31070,21569,12401,11551,17025,11164,10089,12937,14417,10885,12187,10889,11927,23452,29027,38553,27426,19613,20358,18980,378875,389831
GA-02,764575,308117,44395,388153,18601,11999,2041,754316,294081,45510,390648,19336,10889,1911,588682,254120,29825,285661,13608,8932,1367,562656,242538,21433,283163,9318,5610,505,276955,7538,619,505,284564,151578,127292,322258,177120,142040,321097,174102,145559,23409316076,71691,158077,109468,45855,65691,34664,9609,5769,46761,48740,52605,53197,55194,52821,50628,49364,43860,44140,43908,47002,47484,41201,31620,20276,13827,14682,25846,18776,14507,16358,13875,15275,12633,11841,12679,21079,27775,32683,22467,13993,13752,12815,369386,387924
GA-03,764851,505055,43318,183505,18479,15854,956,792611,515032,49607,196798,18949,12634,766,589543,402343,28135,134487,12945,11867,604,593053,413259,23508,140268,8088,7096,183,135376,6014,666,183,320531,96458,215239,390948,127337,259114,429485,139545,287592,14299940250,58704,168736,108233,44648,87935,37383,10869,5923,41825,46602,53907,53451,50702,46527,45172,47112,46334,49725,52856,53810,50066,43737,36303,24211,14646,11940,13775,10090,11775,10861,10060,9956,10954,10658,9669,19942,27296,39198,29062,20944,22506,26842,376692,392234
GA-04,764860,180393,87396,447452,50698,13482,1078,775881,179251,90273,459619,50451,16056,2482,585165,151138,58338,337823,37038,9979,755,532841,150236,30287,323347,24404,3859,239,316169,22646,778,239,304819,238689,57605,365277,297492,63816,361675,290702,67432,796035908,48311,116695,95834,44117,124388,62193,14741,12423,50039,48204,55309,48803,47460,57710,58684,56319,51364,51605,50995,50119,44334,35815,26722,15953,9074,10021,11641,7720,8603,10066,10428,10811,10164,10144,10722,20179,26395,36301,26521,20696,23171,29606,364669,403861
GA-05,765740,232157,48267,450112,34290,10245,1024,774303,230755,51367,453075,41346,9999,911,620177,203232,36163,349665,29269,8004,810,592333,199930,28267,335910,23287,4061,207,327407,19788,574,207,306793,255408,41770,367815,312658,51062,378529,319864,55118,979719520,38946,101571,76616,34484,153963,78576,23788,13261,42826,41293,40248,48551,65103,79883,71979,58936,49608,48408,44845,40596,37050,31336,23798,14945,10032,9788,23701,15390,12061,11997,11076,12216,11069,10453,11564,21741,25251,41779,29428,21204,26390,46879,368036,391189
GA-06,764960,442606,79273,96767,134236,11697,1060,765358,431539,80863,106418,135278,9199,1046,577934,349805,53664,72016,93001,8328,729,508532,340210,35214,71163,57659,2656,63,65907,53783,361,63,334633,141234,177600,413962,209171,198748,418088,208295,204237,883208967,21385,52867,68654,29090,206019,106752,22013,13332,41280,51411,57566,53990,34733,38253,46799,56817,58694,60040,57487,55264,44174,34885,27816,17855,11159,10870,8122,3575,4167,4818,5613,5526,5766,6112,6320,13997,19951,32028,26981,24162,38411,82922,374535,384558
GA-07,764584,247685,194060,198409,124152,17447,1371,778211,237021,201822,213717,129179,11935,1425,566671,200189,129505,140036,94806,12307,923,463574,187501,68330,134984,67982,3222,220,129735,64869,516,220,248432,122918,115531,317045,179335,133226,321712,177855,139705,853159814,63912,109988,81856,44883,120731,47902,9440,7613,48250,54843,60469,60134,52274,49335,50439,53847,55489,56148,53830,48572,39920,27372,23455,12987,8258,6657,9293,5949,6536,6779,9473,8738,8974,9680,8558,18204,23916,33848,27230,21404,25244,28314,376736,385543
GA-08,764887,462339,61772,222187,9309,13124,1059,768357,459430,67057,224125,10126,13409,872,583834,368136,40217,161042,6718,9772,717,565391,367855,26457,159839,4470,6073,154,156278,3381,1014,154,265448,76724,184085,310498,92544,215328,319264,88963,229328,39296364863,85225,191331,99640,45607,50232,22417,6744,3826,46897,49210,54033,55435,53607,49108,48994,47509,48153,45145,46020,48459,45959,42331,32723,23296,14572,12750,23377,18456,17281,15264,16222,15302,11988,12059,10689,20889,25788,32345,21263,12424,12507,9737,380706,383495
GA-09,765061,543923,117134,58467,27449,20461,941,812935,571527,127624,67312,34918,13901,2670,582211,433775,74895,40550,18547,14999,646,572570,459285,49587,42002,15407,4262,417,38430,12905,270,417,296498,62468,222803,385425,102517,276899,435321,117796,314420,4990095519,60096,136670,110113,40449,116717,42201,9930,6269,44227,48278,56068,53815,49376,45686,47037,49460,52577,54670,55990,51194,47484,40737,31988,23240,12483,9904,9434,6383,6482,8233,8087,8059,7988,9628,8233,16303,26146,36466,31346,24282,30430,35271,386311,387903
GA-10,765810,562868,60024,103561,21790,17480,1022,803058,580654,71625,113120,24113,16546,1881,599124,455337,39089,74451,16254,13157,672,604941,473607,30095,79800,12688,8301,111,75360,10637,776,111,298471,81272,207688,374529,110458,259232,422506,121886,298071,13216059509,67139,156000,104816,40191,84022,40195,10959,10251,41130,44051,50518,57617,64007,48729,47803,45077,47291,47399,48190,48730,48030,43334,35877,26354,13982,12775,16137,11869,11640,12255,12845,12382,11072,11395,11887,20203,26918,38994,27442,18550,20741,19384,376970,393924
GA-11,766095,317619,117346,285206,37171,16576,1264,780420,310422,123867,299012,41014,13514,1721,592048,265898,78149,210859,28288,12252,881,544435,261139,49125,208349,19876,4188,357,200052,16886,453,357,307098,161602,133325,372361,222248,144432,380816,230686,146577,1242499914,42489,109671,100031,41258,143204,58889,12594,7559,45500,48395,50444,54049,54231,60140,58044,56328,51460,53476,52891,47503,43525,33235,24896,15898,8992,9313,10938,6449,6335,7257,8752,8573,9654,9646,10490,21201,28727,40420,32138,24110,29850,35976,372647,395673
GA-12,764584,379682,40842,311582,24575,13499,2169,776795,379836,45411,321198,24851,10696,2177,586970,306459,27077,228043,17936,9978,1394,580247,304791,23633,231511,13087,5428,550,225215,10703,534,550,299042,134053,157798,355163,168848,181999,365179,169501,193737,21417047086,61231,164127,106800,51114,77345,35675,10373,6779,46698,49188,53670,52289,52557,53836,51888,48632,50706,44002,45448,49817,48707,40986,33334,19798,13408,12885,17266,14300,13491,13250,12589,11485,11337,10096,10233,19570,26586,33902,25799,16423,18629,17342,376913,390936
GA-13,764909,190395,79260,465602,29420,13842,1287,782602,180224,84584,489625,33684,14793,1304,572989,158194,51091,339241,22180,10142,849,550182,148237,34649,342502,17804,6015,308,333310,16765,507,308,282680,179549,96835,346113,237748,104881,357137,252717,102266,2322545703,54112,157101,112142,48316,76916,33159,6314,4005,47500,54061,58835,58715,53012,53145,50422,50509,48595,51980,52161,50524,43051,32612,27438,14985,8216,8425,12163,7055,7897,9761,11035,12266,10873,10852,12811,23114,29731,40847,26662,18262,19462,14746,361804,402382
GA-14,765746,562738,91822,82231,10927,22439,961,785997,572332,100740,88529,13588,19077,1541,583356,446805,57690,56522,7602,16486,591,574804,459577,42910,57662,6429,6974,444,53715,4664,461,444,272839,59557,205471,342203,85439,252608,377123,96036,279100,10931334031,83870,174997,113551,41049,66825,28513,7718,4567,44492,47900,54297,52830,47984,49075,48652,47318,50652,50777,52181,50691,48623,40987,32890,23812,13553,11878,12474,11261,11617,12147,11886,13021,12857,12090,11202,22485,28297,40004,26319,19156,19118,15280,380196,388396
HI-01,727502,206377,82691,20556,327531,25516,243268,725682,195703,85266,24306,337511,25279,244939,568488,180865,54401,13651,245927,17248,161334,529125,169063,50134,11257,150426,4879,57763,9075,129551,776,57763,219892,134784,65259,294623,187236,100560,267966,159783,102476,16049978647,33445,149122,107679,53842,100441,37627,11026,7501,45888,45862,47321,42388,45332,45529,47625,49589,43701,41417,41403,44675,49460,45705,37059,24854,13442,16224,10602,6823,5514,6752,6409,7034,6416,6747,6754,14045,19861,30691,26179,20033,25677,34654,367006,360468
HI-02,727769,107988,56232,26227,496612,16012,150834,719553,106656,58325,29530,486488,14941,146717,587417,94759,38706,18333,400628,10881,103117,525105,91122,36561,14581,294869,3089,29132,11671,270078,535,29132,209045,132107,63588,279846,178894,96304,248735,153261,91185,575701911,41148,123705,99387,59218,126802,48357,14513,8716,38664,39121,40422,36516,46546,52975,52432,50338,45769,43898,45818,44233,43959,42101,33348,24933,17200,24842,9944,5780,4910,6507,5553,6078,6653,7206,7404,13658,20578,32102,27697,22338,31080,42227,365054,358061
IA-01,797654,650763,56222,50059,24383,14205,1743,798193,648379,59909,50306,27804,11152,2001,618850,522403,35634,30261,17732,10122,1062,598478,523771,30794,25396,12891,4251,259,20808,9900,665,259,391213,177576,185721,417983,200944,208398,410350,186036,216764,29100898551,37281,164877,107789,61203,102298,40427,10287,9369,45709,48699,51631,55797,61532,50226,48941,50790,46789,44705,47194,49840,54406,45264,36572,24447,15971,18386,15760,13186,11725,13143,12916,13454,13261,12656,13485,25751,31901,43191,34336,23621,23373,21488,399176,397723
IA-02,797263,683609,31432,49161,16102,13215,3158,795293,683904,33878,47124,17488,10877,2686,616703,544172,19499,29555,11023,9083,1922,602374,549510,15246,23707,8245,4665,315,19093,6406,1195,315,407080,179402,198365,433124,202573,221720,420003,185266,227436,33601247597,33168,176084,108188,70533,103607,34732,8128,4839,46963,48011,51485,53737,56214,48182,46184,50687,45492,43355,47127,52575,55424,48216,36538,26131,18651,20717,12776,11768,12125,13034,12294,13677,13489,12797,13722,25357,33941,48868,34927,23176,23243,21397,397343,398346
IA-03,797716,619338,65828,53334,44213,13125,2460,820363,633718,71814,57132,47101,10217,1099,606646,490432,41140,32418,30955,9280,2009,591863,506799,30716,28654,21596,2805,206,24075,18201,409,206,375690,181788,162850,426391,226020,190696,430852,219101,203821,10438972619,31575,125077,97835,55473,140271,47882,11292,9938,50084,53533,53229,58004,65410,57732,56190,57979,51857,46574,46310,46968,44432,36918,29711,18263,12553,13856,12074,9356,9636,9451,10183,11479,11049,11461,12453,23004,31855,44734,34279,25593,31126,31453,401034,398569
IA-04,797736,684491,62504,20434,12163,15413,2712,796658,676645,68105,22229,13830,12227,3289,607904,536762,37831,11902,8240,10232,1635,588228,536097,27717,10908,6061,5949,688,8054,4540,1652,688,392048,114903,254047,413373,129524,276858,402301,116875,278998,71518570081,46621,186754,115443,67972,87204,25248,6324,3483,47041,52424,54089,55569,48473,43688,44191,48473,44230,43768,46128,53294,57346,49842,38241,26351,19759,23738,12934,12544,14173,12764,13309,13437,12564,12864,13223,25584,33747,47124,36502,22156,20776,17414,401002,395643
ID-01,919790,750658,103820,8842,15928,36542,3926,962179,779062,113394,9645,17569,31427,4011,688197,577005,65715,5255,10838,25057,2404,702045,614785,54946,4635,7864,17289,632,2852,4020,8078,632,354723,84275,220963,450757,114918,323215,434619,121552,300247,161521276274,52341,168368,152625,61848,108411,36384,8685,7385,57527,65125,65793,76182,66306,57599,55934,56054,57127,49407,48864,54161,58879,53832,42681,27736,16981,16792,13785,12704,12437,14857,14247,14115,13283,13758,14563,27900,36176,48050,31815,23304,22064,19462,466933,460047
ID-02,919316,699865,135587,18803,31585,29010,5367,972083,740362,150541,19115,35033,25594,5121,688203,544461,85985,10792,21524,20468,3322,708823,593055,78001,8067,16708,9754,1147,5475,10754,2419,1147,335701,105487,188095,454300,160054,282031,432662,165469,253872,48233679926,51379,150810,150939,57763,135961,49376,11999,8022,55049,60275,69804,66205,59547,62975,63488,63408,62091,56207,54689,55583,53287,48003,39803,27607,15639,13469,11075,9902,10296,11343,11529,13255,12911,12794,13652,27745,37577,52656,36984,25622,25952,29510,466795,460334
IL-01,753630,254096,105635,378155,15577,11978,764,731821,240596,120522,351969,17075,11410,895,586480,208976,70635,293706,11433,8680,579,534183,193539,59749,267900,9067,3719,116,261986,8026,460,116,340694,250094,76991,340387,246718,88961,293980,194440,91679,367201910,57445,143451,126205,46466,87998,43462,6204,4404,44892,44958,48249,46568,44491,50269,50032,47050,44746,42403,46196,53514,50937,43124,33327,23016,15122,15958,25260,16655,11624,13433,13395,13385,12115,10381,10253,20801,25695,36122,25333,19995,22131,20037,353889,390963
IL-02,753578,248880,109113,383185,10580,13054,754,743449,247633,110495,373164,12432,11731,1251,578585,204814,73288,289990,7401,9453,540,543931,203603,57254,273432,6487,3308,211,268161,5116,330,211,355230,254781,86095,367309,263142,99300,333026,225146,102179,2069572384,44576,143229,131543,44455,87284,44263,6266,4428,41899,45908,56999,56111,47884,47113,43612,45557,47006,49352,51302,50825,50586,40437,30968,20470,14502,14263,18491,10258,9907,9869,10673,10059,8591,9086,9984,18908,25538,35837,28998,19872,27217,22842,360701,394093
IL-03,753310,322835,338218,40435,55206,25137,1365,740160,320071,319725,45289,60442,20693,1344,601699,279467,249176,29342,43679,19026,1037,495806,256469,175519,23892,36580,2208,200,20277,32876,366,200,275162,200586,58572,307792,223466,78703,277184,187086,83327,169140374,76750,126699,85404,35338,131602,55702,13582,6000,45458,41516,43697,43124,46880,66085,74807,63378,53578,48768,45604,44066,42040,31935,24115,14683,10273,11778,11713,9168,7934,9485,10061,9584,9434,8857,9227,17325,25092,38305,30502,21390,30020,37313,373230,378555
IL-04,753750,181544,478819,45498,49492,36458,930,730221,174568,460748,49857,48738,28658,1110,567619,152994,340613,34522,39118,26787,661,445925,145427,238286,32500,27611,1580,142,30890,26295,373,142,232319,167913,51129,248301,178483,65330,218873,136886,76956,221995526,109362,150146,78976,29895,74244,32198,7027,4017,42699,45401,55565,52775,52320,53410,51735,51397,50838,48682,46729,43622,38593,31855,26843,19109,9976,13065,11662,8220,8070,12841,13441,10558,9491,9240,9921,17246,23335,30122,24827,16794,20607,20940,373556,361058
IL-05,754068,530355,113293,69945,26083,17088,816,753247,526316,121849,67636,28014,16773,702,580520,432506,72865,44534,18610,12125,528,549593,430713,58683,38264,14685,6217,139,33830,12227,556,139,328877,147037,157908,363891,178025,177774,355567,169228,178034,5757804202,45452,144513,118363,48077,96143,41597,7489,4483,42563,45671,52274,53672,53771,45201,44920,45929,45467,47202,50330,53127,48643,42805,31687,21936,12819,16127,14119,9887,10231,10085,11452,11178,10654,10122,10005,20491,27643,38350,30483,22720,29126,26622,373652,380492
IL-06,753527,449677,145342,80370,71675,13314,806,755676,440148,154924,81208,76368,13491,881,573741,361681,97162,57176,51406,9339,592,523129,343012,81140,53253,42817,1949,79,49457,40000,190,79,324268,171866,130620,367079,207729,152734,346516,181030,153859,888506862,47282,115773,97818,40038,125708,60478,13617,7910,42016,48975,54168,53517,45589,42403,46021,50605,53012,51748,52329,51730,47134,37670,30553,19951,12689,12782,8761,5387,5404,7176,6339,7494,7206,7119,7801,14892,22636,32744,29790,24990,31041,47400,374942,377950
IL-07,753400,241666,104910,340729,67248,11203,1097,756910,241540,119071,324316,73793,10968,765,620074,218508,76714,265491,57775,8502,834,559338,210572,61605,245158,38094,2588,136,238970,34447,458,136,327207,281604,30606,335354,290307,39864,295192,245127,44303,167114797,51022,92947,81726,28947,139054,86021,33043,18662,37479,36287,38263,41044,57287,87063,74228,57181,45570,42339,39627,41356,42048,34582,27425,18362,10626,11003,29704,19249,12777,11847,10889,10082,9793,10209,9622,18094,22434,37358,30000,21389,30669,57385,352217,389553
IL-08,753998,474163,114851,25071,134375,11571,760,738397,453058,118141,33529,130589,9604,1071,594172,392024,78417,17597,100902,8292,584,491965,350377,52433,17675,68350,1895,135,15579,65325,345,135,324719,183364,118849,366787,217537,142996,339358,191582,140735,607036873,41075,97184,86974,39369,162377,79746,17957,8523,44245,46880,47558,42540,32695,39743,49140,51797,51270,49263,50914,51902,52263,43206,32730,24230,16216,20477,10112,4835,6137,7649,8049,7669,7662,7835,8089,17201,23306,37407,30814,25491,34242,53090,366890,380179
IL-09,753771,450111,93942,83273,120606,12031,1222,747119,445138,97729,84156,116710,11002,1687,622353,384653,71771,64953,94983,9210,963,548875,367734,57410,53246,65730,2969,322,48143,59565,483,322,348870,272480,54329,382959,307473,68905,353604,274928,70039,162643807,36157,63216,65752,24650,192810,105527,32787,17077,42013,38562,37201,40846,56409,76182,68688,60766,48805,46129,46840,42315,39842,34801,27900,17858,12311,15567,16427,12240,8726,9077,8755,9779,9181,9297,10173,19573,26879,41038,29186,23637,31407,65697,375784,377251
IL-10,752957,442339,174001,58640,69749,17635,1464,752673,434967,179653,61291,73669,14656,1272,573408,358207,117372,41056,49021,12409,1009,513371,352120,83774,37227,36704,2444,236,33991,32979,502,236,324184,181253,118726,357669,216708,133992,335954,196236,130780,1306965873,43872,98823,87064,32138,135730,71556,17707,9719,40978,49357,52415,58795,53257,41964,40554,47407,47310,49132,52750,54812,48769,38220,30009,19269,12754,13652,8750,5407,5799,7287,6470,7297,6678,6469,7644,13926,19462,32436,28154,22343,30898,59752,378875,372529
IL-11,754138,465718,127890,42907,109271,12926,967,751456,453644,132023,45493,113501,9814,992,585291,381447,86712,30188,79718,9282,662,524520,366798,64819,28788,61409,1691,198,25946,57627,171,198,340164,182437,130905,384414,223699,152514,364758,198831,151334,701713425,36370,96143,87966,39680,154867,76133,16019,9714,42164,46463,47773,50683,48468,47358,48180,52245,48410,48324,50156,53357,49004,41770,29249,20813,13151,14881,8732,4427,4460,6135,6121,6555,6702,6449,7439,16208,22374,36723,30623,25712,36749,54447,373142,379307
IL-12,753019,661535,20145,41794,9643,16143,953,745389,657805,21423,40609,10301,13399,733,592087,525623,13729,30093,7040,12053,623,580615,526476,11466,28764,4580,8254,115,25948,3281,806,115,365269,92318,253116,380183,100781,272648,370069,95936,267007,38105332379,50238,171756,125448,66829,73267,31447,6113,4470,41262,43312,46357,46678,45442,44986,45004,46241,46470,44742,47420,54352,53780,45912,37785,25589,17945,19397,16302,14769,13234,15521,13841,12309,12674,12065,12818,24138,29306,39887,29287,19607,20437,16153,384034,368640
IL-13,753744,529653,29368,160003,16929,16749,1168,744419,532391,30412,150447,16568,14375,1179,586386,431086,19005,109937,11958,12513,752,571280,436561,16544,101622,7854,8125,195,94447,5710,730,195,360405,161038,175079,378492,183092,186935,359431,171741,178465,6892875243,39711,152201,120495,51492,93398,46021,8591,5881,42998,45089,48983,49505,47388,47573,48211,48885,45133,44472,46510,52706,51375,43601,34524,22628,15595,16531,18303,13011,10950,12870,13277,11411,12926,11414,11896,23208,30133,42235,28629,20635,24745,22354,364756,386951
IL-14,753785,409250,235248,52589,50714,22063,983,757706,400893,245179,53687,53265,18852,2017,564047,329497,156670,34916,36709,15157,674,505824,323598,115898,31611,30181,3322,66,28660,27015,783,66,289120,149576,119869,336614,188166,141480,325862,173035,147161,2264474472,61738,117393,98958,41329,113832,50483,7397,5610,45761,51502,55782,56067,47921,44795,46244,51988,52946,52855,51161,50220,43014,36515,26370,18712,10853,11076,8186,5001,4948,5712,6381,6365,6178,7732,7566,15224,24456,34776,34194,24811,31811,37935,378088,375694
IL-15,754611,644672,34221,50902,8161,14247,868,746693,639530,36919,50822,8757,9133,700,591050,515895,22274,33960,5738,10607,556,576615,514630,19282,32758,4444,4984,161,29478,3264,414,161,355018,102567,230814,374574,112049,255212,359149,103856,247820,41013225278,46576,196444,115339,55218,73422,29624,5060,3275,41569,44671,48474,48325,46962,43261,44288,45285,45134,44204,46614,52362,54069,46550,38416,26405,18183,20178,16018,11950,11883,13193,14355,13576,12989,13017,12912,25413,31028,42487,31076,20345,19062,15128,377581,377369
IL-16,753255,618333,68674,39042,11700,15196,829,745849,610302,72221,39655,13157,8852,1280,589647,500007,44134,25010,7969,11011,520,569997,498396,39913,22869,5061,3256,190,19427,3546,298,190,353009,135132,191983,375984,152574,215568,365896,142437,215391,31880196416,45395,178622,124682,56945,76569,32623,5364,3831,40211,44862,47614,48857,45888,42579,43063,45886,44595,43762,46574,53488,53096,46362,39921,26423,18213,19895,14979,11439,11401,13369,13715,12271,13339,12368,12330,23005,31141,44304,32322,22859,22814,18212,378667,372622
IL-17,753967,547924,43740,99675,48479,14192,1096,753613,552065,46015,97183,49520,6924,939,592310,446163,29775,65910,38729,10492,835,559862,452412,23957,59995,19669,2795,177,54020,17322,365,177,345410,156683,160424,365649,181966,173975,355205,175338,170010,11202654806,29715,127366,99630,47115,106034,51216,9892,12895,42958,44937,45602,60012,76957,49442,47040,47004,44875,41505,41993,44213,45458,38836,32279,22043,13503,15767,24464,11727,11338,12031,13053,11127,11936,11522,12388,21627,28933,38915,28806,20641,24337,24388,373015,381409
IN-01,753822,447117,125226,156811,14878,16928,805,756863,453791,132166,151051,15495,10967,565,580271,366444,83330,109940,10648,12218,533,567071,373136,79703,102607,7833,3494,109,97283,6458,402,109,312683,165856,128635,340254,181782,152966,326570,161562,159878,2770965605,46429,183868,110824,44416,85144,34461,6617,4575,42082,46712,50031,49817,47949,46558,45527,51598,46379,46849,47209,51278,51269,43129,34096,21587,15610,15250,15995,10927,9414,12878,11670,11884,12312,10544,11673,21099,27128,40825,29461,21768,23919,20160,371831,381099
IN-02,754157,567816,90351,63449,15833,17483,967,753242,565445,95390,65248,16487,10678,708,570301,449638,55855,40063,11380,12503,612,541226,450809,40100,37232,7485,4397,323,31805,5334,740,323,289418,100287,171018,310577,118482,186354,298571,108309,185639,10486097667,63615,173097,98239,41181,75125,32185,6429,5342,48040,48330,54555,54496,51567,48404,46290,45672,44208,44195,45233,47749,47831,41716,32108,22361,13443,16000,14483,10606,10422,12049,12807,12814,13040,12625,12959,22638,29957,39513,28327,17716,18352,14826,374239,377959
IN-03,754216,607963,49316,57957,24104,14665,947,763026,613564,52991,60157,26401,10258,866,563698,468994,30352,37100,15506,10509,638,553740,476729,23531,36482,11737,4211,362,30562,9945,294,362,293999,87777,188509,328872,111478,210346,321414,107602,208402,11917968998,56539,171505,97704,49119,81931,30920,5764,3870,50391,51410,54403,52320,48714,49721,47026,44855,45351,44360,46015,49150,47611,40269,33015,21767,12857,15347,10607,10154,10328,11729,12564,12842,13051,12468,12412,25714,31820,45331,30745,19067,18466,15693,374973,379609
IN-04,753732,624981,40986,35909,33474,15194,3700,759875,633027,43345,37675,35383,9095,492,598490,503990,27407,24384,28146,11426,3372,579481,515284,19869,23559,15392,4621,107,19742,12563,404,107,297206,108595,170089,327076,128599,191749,314083,120204,188305,19406520507,42460,161247,95096,43760,79334,39784,6467,10873,39602,41329,43982,66768,84778,51861,45599,44164,41253,41014,43291,44179,47397,39481,31203,21745,13532,14306,19591,13343,11756,15555,15362,13271,12826,12807,12156,24732,28629,41354,28567,17773,17468,14519,383910,371574
IN-05,754210,560309,47756,87913,44605,12370,1077,780084,575792,49814,96900,48927,6763,1213,566848,435298,30255,60461,30360,8798,685,557784,448397,22483,60486,23081,2632,193,54006,19445,229,193,349636,148707,175437,409304,205956,195012,398541,202089,189115,2820594520,22092,86324,83677,38803,172194,71652,20821,11278,46039,53557,54319,50043,45198,49337,53498,56421,52144,49847,48669,48408,43637,35729,28256,17374,10410,13105,8858,4684,5241,7204,7347,7132,8519,8315,8827,18586,26007,38271,32957,24993,35334,51468,369818,386173
IN-06,753981,643034,32327,51599,9363,15531,859,761170,651415,35754,48523,10461,14758,888,589114,513930,20046,34721,6614,11653,522,585596,525064,15940,30665,4558,8885,103,25147,3460,557,103,314301,92946,201910,334672,107553,220250,331016,104101,220966,13131572323,50416,192786,109880,49026,73016,30817,3924,3658,42240,45500,46193,52844,55243,46175,45023,43758,43515,45730,49115,51690,49872,43868,36275,25869,15991,16649,15179,12431,12778,14776,14204,13590,14887,12753,12369,25742,34055,41666,29239,19774,16698,12504,374812,380738
IN-07,753724,356360,107660,240793,39193,16295,1195,754211,347674,114166,251329,40046,16303,1243,563856,294851,67147,167051,26184,12012,838,498132,288156,37040,153082,14181,4727,180,142590,12333,423,180,256199,147223,93377,270460,168054,97394,243546,148422,91219,783225554,72422,150185,93561,37677,86380,32639,7807,4463,53840,53335,53154,50753,53333,63129,58346,53514,44921,43508,43787,44159,42030,32756,24035,14794,9624,10538,22146,13484,13275,14436,12999,14476,14329,15021,14872,24211,30973,37790,24168,15418,16359,12382,365515,384041
IN-08,753899,647114,29374,48031,11354,15021,1585,758545,651917,31959,48948,11138,12357,1223,581628,511377,17848,30884,7771,11207,962,575611,520599,13240,28589,5462,7002,173,23303,3886,385,173,329206,105021,205480,355311,124961,223850,348092,118125,224182,16358081657,50101,183660,103782,57070,81764,32692,6048,3883,43815,46230,49791,48742,46121,47352,47404,46541,47461,44864,46873,51269,53694,43871,35762,22833,15408,15668,12692,12197,10777,12371,12833,13780,13258,12337,13514,23682,32380,41753,31998,20265,21158,16219,374399,379300
IN-09,753787,666310,31195,17555,19845,15956,880,764057,671558,34763,21335,24128,10556,1042,578373,521128,18689,10476,13610,11898,529,572391,531156,14155,11894,9399,5019,115,9323,7580,277,115,317880,76743,222785,354730,95633,251936,351929,93258,252634,15113956460,49180,193146,101730,47826,80965,36853,5725,4248,43524,46364,51213,47995,45650,47219,45962,48122,47636,48077,49574,53893,49620,42266,34604,23482,14672,14540,11952,9851,9743,9963,11545,11322,11306,10539,11828,20066,31153,45760,32576,21598,23299,19663,377301,377112
KS-01,734718,570082,106206,21875,10165,28612,1732,728115,565314,110210,23644,10679,22861,1751,556658,450015,66267,13593,6887,19769,1065,526382,447717,48767,11586,5452,11539,291,8956,3733,2854,291,300559,63184,218892,329872,77971,245361,314368,71881,236946,171011056724,51290,150520,120910,51340,76456,27618,5419,3665,45171,50232,50450,53506,47463,41138,42210,44874,40094,38412,40300,47039,52897,43795,34289,23787,17094,21309,13187,13425,12819,14142,14760,13239,13759,13687,13193,26419,30226,40538,26673,17312,15958,11824,372292,361768
KS-02,734185,556736,69286,58877,21936,30881,2588,739028,565197,72768,58249,24485,22991,2538,566102,443919,44934,39262,16130,21743,1644,555023,456259,39575,34862,10867,11666,611,28169,7098,2947,611,290336,116261,149378,338327,152916,176682,333154,147229,179332,25111426899,28146,130334,104806,38687,97575,46815,8114,9010,43665,47156,46820,56709,77219,48938,46766,50210,40263,38725,39599,43915,43629,38388,28256,19292,12628,12863,15615,9572,10445,11308,12390,10716,10536,11491,12838,23262,28442,38511,30650,19606,22554,18712,372258,362783
KS-03,734397,487946,105934,74799,48431,19126,1577,741396,496479,110427,76486,50438,16036,1384,553458,387503,67490,51239,33385,13677,985,521485,396804,48148,47105,23560,4858,240,42067,20423,804,240,325796,154623,142736,381924,212819,161351,370985,205843,158713,1118370275,32959,84923,91869,36922,149468,70425,17302,10073,45795,48961,51620,48286,44702,50092,50523,53711,49182,45867,45460,45975,43142,37106,29333,17920,12008,13637,9363,6910,6373,6902,8941,8497,8295,7833,8548,18800,26597,36983,33584,22774,32589,44250,363789,369531
KS-04,734580,507811,101177,67724,31663,32686,1993,738658,516344,106613,67803,33095,23347,1832,553098,402545,62895,44079,22532,22708,1274,530765,411346,50556,39506,18016,9898,206,33038,15160,2424,206,276994,92937,160012,322180,126617,188012,309084,119900,183811,14512923976,45974,128956,115903,44716,93764,40455,7332,4774,45852,49109,54875,51846,49965,49221,48073,47586,44574,41292,41765,44991,47063,39395,29633,19243,13428,15590,13101,11268,10127,11157,14533,11386,11754,11367,13542,22906,29794,39591,26984,19155,20041,16881,366609,366892
KY-01,750253,632121,27821,63919,9122,15835,1305,751046,637230,30563,60658,9846,11638,1514,577638,498384,16787,42777,6053,12001,772,570131,505079,13460,39013,4320,6828,489,34168,3122,655,489,324477,84106,226906,349952,98392,246075,337900,87360,246013,28839112520,58290,193056,108572,49759,59584,30902,5684,3181,45468,48666,47567,48775,50043,47687,44973,43733,45271,43799,46499,48539,52441,45386,34913,25394,15994,14399,18907,17548,13791,13532,14471,13500,14012,12351,12034,24302,29299,37875,25254,15124,15933,12260,374211,375336
KY-02,751552,632346,30679,53429,16323,16171,2112,767811,650885,33181,55680,17209,11142,2011,575735,495510,18978,35925,10694,12181,1363,575091,513302,13680,34461,6668,5843,234,29416,5100,426,234,310481,81289,215469,351491,100728,245000,353509,93385,255188,19680080586,60600,184465,105222,46944,65688,33433,7490,3452,44650,47423,50612,50745,53051,48043,46092,46056,46285,47127,49146,50952,50202,41070,33787,21933,14085,12516,15300,15555,12958,12758,14353,13072,11796,12522,13549,21735,30780,39451,26915,17913,17207,13584,374969,378806
KY-03,751130,464600,57910,184891,31171,14622,1431,748988,458168,65371,183462,31212,18091,1247,589995,387029,40358,130115,22143,11063,984,544523,379793,21545,118128,13618,11062,132,110145,10250,679,132,337043,185643,133743,366023,220398,138745,332956,194638,132166,810193758,46532,136641,110139,43329,107033,51604,13530,9036,45270,43864,46970,44759,47900,56184,54261,49901,45771,44226,44594,48561,49811,41961,32543,21335,13896,14805,17462,13686,12055,12740,13416,13515,13678,12637,12735,25243,31089,41661,29643,19800,21512,23905,363377,383235
KY-04,750663,647596,32085,37376,14709,15805,1389,763154,659893,35061,37583,15463,9740,1410,569567,502785,19385,23460,9771,11469,901,569430,520613,14664,21421,6925,5136,318,17075,5325,354,318,327397,95539,213623,376794,125790,244223,377116,121247,249320,12352091219,46240,154670,99553,46469,102328,47815,10296,5579,44933,50316,50003,49532,44611,47840,47294,48545,48950,48354,50436,51258,50260,41836,32748,20829,13421,11174,12754,10691,9232,10793,9361,11036,9735,10540,10134,19030,27112,37242,31096,22451,25854,28617,376268,376072
KY-05,751297,704131,12016,15354,4316,13635,553,742812,695867,12358,16362,4935,7277,596,585637,551554,7737,11126,3013,10676,328,575180,550207,5904,10605,2440,5114,286,8562,1585,699,286,306148,53281,243849,330962,61443,265467,320417,52507,264099,31754027381,105081,202408,98440,41913,41862,26488,6422,2932,43050,43753,49000,46111,42452,45093,45065,45338,46441,48590,51178,53077,52416,46915,38138,24049,15723,13530,26282,28103,18367,17886,16631,16151,13170,11558,11932,21773,25574,32081,20041,10844,9615,6754,376555,373364
KY-06,750941,583970,47343,81090,23122,15138,1659,761013,596044,50210,83526,24159,10084,1064,585328,470283,29830,55788,16933,11510,1403,567015,480142,18096,52658,10178,4708,160,46853,7819,375,160,317829,128989,169367,360214,165723,187136,352629,154906,190705,8847290616,46704,132030,97116,40997,101639,50943,13517,11501,43182,44213,47280,53888,67739,53869,49205,49140,45245,46304,45413,46443,44762,38993,30369,21085,12668,10944,17420,12880,11679,13136,12816,12615,13157,12364,11908,24009,28640,38389,29405,21014,21021,21791,368661,382081
LA-01,776576,479025,86073,165437,23549,26796,951,761525,476043,85401,158211,22478,25876,1499,597524,388449,59502,115670,17116,18451,635,558728,388719,39293,104947,11707,12436,578,99782,9887,6885,578,342041,96665,232489,366819,111035,249634,340609,102883,232279,15026465133,74114,178375,109482,37277,86930,31779,9268,4824,47795,49387,50743,45829,43504,50805,51561,52574,46615,42928,48394,51844,54105,43613,36181,23565,14167,15728,19229,14423,13710,14006,13817,12743,11641,11561,11709,21648,27840,39400,29557,18824,20868,21141,377739,391599
LA-02,776265,270156,74875,402886,27050,12828,964,758820,254297,80488,394512,27088,17265,603,606273,228964,53190,300452,21329,9814,709,563563,216064,34175,290692,16073,6425,133,283925,14055,1276,133,335262,225499,97693,359885,247842,106069,323591,217105,99789,5157825320,74558,152189,115321,34464,94563,43236,14298,7762,45601,43904,50128,48434,48730,56209,59445,56721,47169,45619,47796,51683,51683,42139,33267,20121,12085,12445,27246,20996,14121,15820,14438,13869,11852,11766,11321,20110,28330,32555,23578,16839,19533,20087,372513,400666
LA-03,775735,546308,42129,153518,17260,16787,1412,768372,541777,43873,153470,15175,11757,1295,585318,425018,28766,106564,12304,12132,939,562283,424133,19817,103337,7084,6674,330,98033,6096,1368,330,328093,73869,242591,343596,80979,256645,330307,74826,251000,26026617439,63737,181771,102566,38650,85573,28481,8081,4839,51766,52544,54186,48474,48924,54398,54594,53618,47667,44324,45427,48647,48466,39901,30548,20893,12722,12488,18340,13937,13133,15136,13488,12340,12072,10187,11600,20738,25209,36109,27740,18799,21736,19733,382748,386839
LA-04,776115,445575,34665,264174,12623,20227,1192,765077,437792,35701,265767,11797,14647,944,596526,356150,24196,191826,9170,15130,765,578457,353704,17413,192009,6012,8567,387,187662,4636,2678,387,344734,117902,216952,353937,123498,225133,329014,109048,216002,34029453195,67553,183925,110768,37953,75275,32723,7548,4354,46586,47870,53581,51754,54636,50120,51395,50318,46837,44420,44295,48423,50280,41906,36812,24410,15359,15502,23290,21654,17804,18334,15231,14842,13483,11579,11828,20397,25503,31347,21853,15651,16788,15632,380454,394050
LA-05,776858,296479,33369,427279,13133,10501,774,762536,290206,33686,417283,12986,10234,938,594889,244950,23668,310435,10267,7684,542,566335,239017,13213,301950,6255,5978,343,294663,5337,1108,343,334123,189626,135761,351206,201230,144246,312916,169788,138327,23777677839,84519,180909,101674,30549,61385,26581,5250,4141,49490,49503,52496,59101,66731,53346,50517,50974,43969,41395,43641,48859,46135,40665,30301,21309,12366,11550,28707,24369,16582,17610,16644,14906,10732,12657,12430,20620,23381,26311,19390,12955,12356,11366,380501,391847
LA-06,776208,559159,51438,129825,18221,15989,807,795631,570424,53567,137772,18947,11570,1295,590018,438579,34340,90822,12761,11694,570,584779,450988,25096,93141,9111,5911,547,87292,7227,1006,547,344779,76593,253152,372619,91450,274049,370538,93220,271108,7895845978,49873,148289,110087,36974,115755,43917,11887,7119,48604,51080,54162,52327,51530,49750,51366,56182,50314,47186,47631,47927,50331,43835,32449,21380,13079,12457,13042,9977,9991,11116,10103,10679,10340,10945,10061,20629,25902,36664,31246,22047,28946,32469,381394,400196
MA-01,780843,535222,141202,68505,32861,14347,1526,777808,534753,146508,71921,31014,10303,1149,632959,456976,96365,48378,25821,10828,1091,608556,458301,93898,36252,15801,3204,105,30801,12983,411,105,371130,226442,116006,393808,258545,126051,378020,233245,134037,6520350899,53714,146841,91715,50443,104474,61533,11934,12210,35255,39999,42776,57699,62014,47401,46791,45217,44035,43174,49741,53374,54818,49698,38199,25047,15274,20095,16305,16638,12307,13262,12445,11685,11638,10751,10465,21065,27877,38108,30926,22496,26078,29630,373146,397461
MA-02,781640,566664,106247,60682,32773,13329,1204,785783,568680,109875,63851,33693,8279,1226,623609,472147,72450,41248,24748,9871,862,590837,476940,63517,27590,18433,3210,127,23247,15323,322,127,350081,170905,148731,387414,213812,163084,379456,194506,175404,4274281836,49669,157724,100453,51699,112337,54906,8488,8203,39378,41174,47054,53033,54276,50197,51449,48458,46133,50058,53205,58257,57266,42874,33928,21179,15008,15467,13181,12020,10396,10892,10690,10386,9229,8862,9517,18779,26121,38197,31066,25338,33753,35804,386882,391512
MA-03,780862,556897,59041,38297,100814,7616,864,787282,551284,64419,43164,105729,6478,1008,616653,457466,40515,26338,72424,5670,631,563086,455599,34148,18006,51995,2166,170,15704,48429,233,170,394772,219368,144567,433064,273280,149577,414584,248198,154993,1461527776,36578,116600,75344,38388,153311,95009,14419,17431,41480,45522,48316,49257,45008,44185,49585,53694,51383,49999,58479,59931,54603,39854,32339,21434,14378,17216,8959,6510,6509,5938,7124,6404,6535,6114,6519,13887,19914,30246,29307,24795,41073,73116,383554,393109
MA-04,781506,609787,46350,40463,54267,8616,893,787140,597360,55615,48493,58572,7904,910,614843,494972,31094,27664,37928,6244,639,570373,490660,26989,23076,26258,2617,94,19868,23221,431,94,390682,212974,146761,437170,268767,157568,428257,246395,170579,2211190509,34875,120056,78867,42769,151514,86683,15301,15806,40100,46193,50053,51834,44418,41435,49111,50003,50411,50533,58686,60258,53155,43070,35328,21754,14915,17212,8485,6645,6530,7442,6554,5944,6412,7175,6464,13132,20839,32593,30208,24754,38345,71948,384013,394456
MA-05,780544,503704,67781,56787,138419,7099,1186,771455,488901,65714,59035,145651,6812,1229,660544,439630,52247,44704,112004,5492,955,566414,416679,38882,34489,73017,2015,333,29583,64463,473,333,375303,292166,59917,397753,327865,61506,368172,290809,63201,258986710,25315,58154,43391,21115,170534,133560,36814,53925,33772,30461,32380,52331,79606,90842,74801,56265,43708,42915,40968,41569,38554,34943,30346,19835,12558,15511,13912,9463,6769,6211,5932,5336,5583,6648,6362,12262,18269,31518,29820,26521,40688,92250,373840,397525
MA-06,781210,514939,180246,52570,34538,11556,1268,784281,504306,192018,58762,35694,9605,1379,617214,430046,125259,37184,24858,8424,906,561130,423654,93731,20907,19766,2154,174,17383,17248,330,174,371014,215925,129011,405413,259197,137294,386868,230007,147224,1247715742,54505,129008,84553,44695,134984,70322,12736,10494,42699,42820,48734,51452,50535,47648,48778,48286,47956,47529,53988,58441,52974,45810,34054,22685,14006,19142,12400,12194,8965,8670,8864,8413,7919,8496,7651,16088,21853,35674,28164,24529,33982,55429,378131,399406
MA-07,781174,314254,184622,190733,88542,11583,1389,778151,308563,192730,213588,85037,10787,1800,643185,281866,134942,145184,75769,8962,1125,524135,269023,87929,116225,46257,3388,257,109880,42958,945,257,293408,222527,55918,316111,246445,64174,280468,198501,73062,164889886,81095,131498,75654,30471,129372,65198,20209,13381,41819,35518,39502,49245,62178,82091,79170,60851,47903,45222,46246,45843,39873,33066,25143,16954,11289,13220,23559,17923,12160,10683,9727,8340,7595,7312,8358,16030,20740,33889,27082,21228,31903,51723,380073,395060
MA-08,781499,513620,46162,116833,84465,7553,971,784641,505881,51353,119007,89325,5501,777,617471,421454,31871,84896,63224,5571,727,563439,414459,29396,68045,47764,2648,289,64318,44566,621,289,382833,226052,130492,423234,278571,135389,400829,246044,143845,1039065533,41770,120317,78919,41757,146881,84809,19259,12900,41726,44861,48908,49921,45448,46715,49953,51254,50223,51287,53673,57361,53628,43088,32626,22565,14708,19531,10391,7932,6789,7854,6901,6565,6043,7396,6807,14541,19851,31974,27681,24018,37028,71561,379294,398182
MA-09,780639,633810,56034,44996,15805,12341,1135,787515,631663,58621,47550,19138,10397,1419,637245,534428,36765,30717,11344,8874,849,608529,541369,28200,22371,10338,5346,333,17468,8045,998,333,395528,208691,159355,437192,255561,172476,437014,238813,188958,3026388007,54066,147701,98028,53543,130913,65297,13885,9779,34979,38034,42274,45950,44112,42356,42848,44471,41729,45547,55407,59998,60616,55706,48689,32930,19770,23145,13750,11548,10343,9840,10679,10820,9880,10186,8788,19356,27492,38652,30273,25651,35297,47694,380406,398155
MD-01,771487,552781,43272,133839,26553,15789,1360,781386,554726,47510,142097,27434,9623,1532,607604,452961,27526,96346,18785,11741,922,595478,459506,21804,93752,14834,4343,257,87493,12116,363,257,372363,132718,218108,409218,169781,228952,423649,170177,241521,9815423440,44711,164833,110215,42868,104048,55849,10591,7648,40899,45614,47936,49752,48752,45338,46253,47731,43449,45945,53019,56998,56603,46650,38738,26649,17044,16347,12949,7821,8794,8720,9764,9423,9952,9378,9339,18891,24702,38309,34316,24672,33145,39275,381116,392601
MD-02,771491,442017,44264,217761,57570,11589,1065,773312,439114,52360,222876,56962,8133,1097,606291,363071,29382,164759,41994,8811,730,573438,359783,25021,154332,30028,3319,131,148648,26675,500,131,376065,199504,151725,411484,248137,151846,410009,240369,155636,2495980250,34008,113769,96631,39312,140523,77407,19422,12318,42128,45531,48291,53937,48696,45400,49509,49128,44609,47682,50891,52666,53727,43616,35098,23862,16967,20268,10443,5802,5798,7074,7248,7922,7224,8751,9386,17229,24551,38366,32336,26333,37423,49212,369288,402718
MD-03,772487,428511,79321,180319,74470,15542,1820,789649,429121,85965,194721,75793,13481,2146,597053,351181,51698,131243,54049,11965,1279,572096,356769,39302,128756,40917,4274,262,120273,35165,638,262,357140,193826,137653,398872,246903,140329,400139,242663,142768,943374395,35292,107388,100037,38114,138693,88333,15396,14028,47198,47861,50959,45629,48173,53494,58123,57610,55004,48969,50763,52701,48380,35722,30858,20527,12200,12924,9045,4078,5304,4425,5532,5503,6135,6273,5639,14543,20374,36322,33560,28363,43643,63436,384113,392982
MD-04,772454,120700,199693,401099,54101,16128,1246,769547,114312,206326,403670,54207,16071,1201,597959,106350,136424,314121,43905,15266,984,466409,97978,58758,274998,29069,4636,83,266747,26260,661,83,299128,258514,28636,316464,277546,31939,301950,252269,39799,530629533,76162,111690,86534,33588,107109,68866,13799,14035,52234,50263,48210,51333,52924,54864,57467,56237,51740,47134,50490,48997,44881,35237,26770,15505,10797,11674,11032,6129,4860,6556,6839,6901,7608,7189,7853,16886,23807,36463,31924,24070,32381,38981,374346,392411
MD-05,772235,274305,65597,395162,29114,17418,1804,774694,275854,72985,395943,29003,17382,1971,598598,220971,42797,307918,21391,13396,1233,576260,222926,30833,300054,14011,6974,349,289981,11863,1093,349,346359,226283,104335,400505,281404,110673,402621,271007,120607,3784726329,39107,153831,121567,39283,106658,62076,7476,6786,43452,45814,49050,47609,44454,48764,50806,51741,48685,51453,57419,59710,52576,41089,31212,20270,11795,11269,9410,5354,4040,5634,4638,5893,6119,6218,6003,14544,21571,35241,34200,28995,40414,53826,373262,393906
MD-06,771489,472905,95385,110301,83233,14427,1413,795876,474106,106429,120735,90514,11250,1119,599500,386080,64078,79994,60489,11344,950,562500,388283,45591,73852,49562,3534,159,67524,46123,733,159,345354,163768,159306,380294,204459,166013,395835,203691,179264,6259854702,46416,136264,93182,42073,118286,70851,12211,15307,44545,47623,50663,51376,48481,45744,49126,55412,50528,51963,55130,54884,50517,40645,31038,21169,14401,14038,10198,7849,7112,6644,8165,8047,7274,7491,8239,16247,22386,35919,30930,24614,34695,50673,387887,389396
MD-07,772525,257200,64642,407056,34068,14135,941,752078,246291,62727,410870,29039,12367,1366,611826,221992,43315,311615,29036,11582,754,559226,213013,25807,300102,14225,4991,210,291580,11361,1133,210,315121,237294,62993,308125,240995,60690,302084,228070,64490,366402663,69214,161668,103896,30899,88760,54501,14265,11027,46422,42550,45064,45227,48935,66680,67470,56657,44916,40592,44991,46709,51340,39703,30546,20279,11445,12864,26255,19576,13059,13635,12040,11750,13204,11130,12547,22925,29831,37735,27088,17840,21546,25278,357596,404794
MD-08,771235,364844,137499,118822,143735,11716,1380,769469,357432,140644,125174,140993,11165,1642,596371,298754,97042,86993,106910,9528,997,512700,286822,66282,75909,78669,2776,368,71031,72513,823,368,369916,266021,80413,412066,315798,85969,402047,294331,91465,955504453,39007,63281,60556,25953,148839,112704,42719,38215,41661,47808,53031,50082,41445,39703,44817,51619,49347,51675,54232,53036,49897,42178,33198,25391,16921,19250,7264,4804,3959,4710,4873,4931,4248,5433,4964,10659,16392,26649,25144,22722,37998,93150,375288,390003
ME-01,681292,602850,15284,27261,16291,13412,814,694993,610222,16946,27444,17636,8086,708,553146,499983,10265,16332,11446,10015,586,552438,516505,10425,9971,10019,4775,153,7112,6927,634,153,375846,198403,151230,420595,248852,159584,423837,249172,164980,6942016038,25234,134145,91573,51025,121380,53837,13864,8380,32337,34417,37098,39701,39899,43117,45095,44202,39297,42122,46566,51361,50846,46034,35443,23857,15863,15635,10355,9659,8614,9489,10371,9191,9200,10354,10519,20428,27565,39310,31634,24222,27967,28317,335154,347736
ME-02,681067,625414,11325,9043,9182,20090,805,692824,637583,13320,10124,8782,14255,687,556939,517521,7391,5628,6565,14790,562,561332,533593,8316,4870,4584,9350,132,3228,2787,3134,132,372089,159332,184363,398774,186218,201183,407529,186473,212996,72946412934,34526,177450,96637,52109,93353,37024,8201,7223,30845,34563,35293,39686,37149,36989,39165,39688,37440,40307,45822,52620,57836,51622,42748,26804,17199,18283,13940,16185,13699,14792,13944,13814,13441,13397,12028,23426,29099,39265,27269,16746,17458,14474,339076,344983
MI-01,775201,691787,16034,12725,7711,40976,1074,782652,697614,18500,16620,9098,32995,782,632410,573377,10382,9115,5420,28713,666,635543,585809,11292,10780,4513,22284,187,8121,2797,10557,187,399772,143891,234051,463665,184241,272235,483918,189291,287507,69271474224,40158,182249,132338,62349,95112,41792,9168,5950,34696,37458,42118,46131,47563,41455,40638,42033,40616,41780,48472,57962,67270,63600,49370,34182,20399,21340,15901,15063,14692,15282,15568,15838,15126,14852,14036,28507,34837,47080,30593,18193,17414,15778,396733,380350
MI-02,775012,683257,35691,21571,7749,21460,817,784200,688375,37400,25790,8538,15748,838,606504,542804,22883,15651,5122,15329,484,611778,558890,20947,16707,4293,9959,169,12432,2705,3113,169,349460,112448,216331,417373,143329,266862,445065,149102,289361,25694473032,45940,195227,125923,54309,74955,31611,5207,4476,40616,46752,46950,51972,53583,45116,44700,48135,44004,45766,49814,55558,58340,49849,39557,24716,16850,15218,13048,12772,11565,12506,13833,12742,13479,13023,12664,23712,32001,43613,28658,19169,18450,14195,398331,379165
MI-03,775810,543361,82916,105835,29830,18226,1073,779429,547238,84994,110558,30041,12912,1114,598198,442082,52771,70414,20934,12810,682,571008,446982,40125,63610,14367,4836,191,55687,11533,1220,191,354907,167650,164882,416068,222527,185454,426489,227271,192072,2016791104,39801,130345,107454,49827,121118,46674,10420,6570,47911,49126,50331,54861,59910,61640,58203,51309,45755,42099,44002,48446,44891,38448,30745,19294,12760,14604,12128,11209,10017,11250,11519,10250,11938,12456,11776,23441,29960,42858,31759,21668,22437,23524,383558,390777
MI-04,775449,582564,66316,82063,25192,19733,967,780467,587308,70927,81569,25685,13184,1521,594718,466554,41892,53331,17442,13903,644,581984,476820,35806,50642,12356,5730,210,44179,10142,1130,210,360825,152633,186868,417967,196881,213405,434380,201778,225940,6268267200,39724,146860,113651,46868,102585,44921,7500,6624,45777,50177,51085,54344,65127,51416,47356,49815,45252,43371,45348,48606,49677,42775,33506,21895,14522,15217,13179,11040,10378,11964,13763,13137,12224,10712,11926,22841,30403,41992,30100,21471,24184,22689,385260,390006
MI-05,775117,654747,40203,44572,10746,20877,705,774059,657461,42883,45329,11113,12533,753,606782,525377,25082,29652,7427,15078,471,598078,534243,22979,27956,5788,6117,168,22901,3504,1029,168,347843,120456,208391,405861,150581,248242,422441,151365,265003,13468591944,47274,186618,126175,57529,79302,34745,5369,4424,41163,44998,49028,50269,47726,44415,45496,45077,45518,46527,51125,55679,57776,49488,40499,26065,16943,16819,12569,11110,11461,13149,13383,13576,13404,13191,12299,24586,33529,41749,30799,19044,21898,17734,390517,384094
MI-06,775498,558235,40394,79657,79044,15565,1002,771255,550074,43545,82315,83012,10301,903,620068,459297,28170,58159,59883,11694,731,578568,449694,24557,56207,41731,5236,137,49247,36555,875,137,393036,223372,151068,460175,282229,171753,469576,276810,180774,2495798528,25168,98445,98601,41070,132615,83742,19579,19266,39509,41170,46635,57596,67613,53151,46801,46540,45737,47499,49846,50306,50582,42644,34549,22134,14464,14234,14106,8427,7812,8416,8490,9260,10210,9751,9327,19086,25868,37684,32174,23672,33265,47721,381324,389686
MI-07,775630,621955,43664,60896,29217,18393,1032,777437,626680,44934,59515,32154,11325,969,613748,505173,29054,41361,21755,13561,724,601058,514022,28653,36675,14840,5539,98,31205,10793,1009,98,389116,175144,191232,449428,221965,219689,463753,224187,232088,7160168376,28781,130658,123953,53867,115178,49389,10722,9532,40226,44538,44312,55225,67079,50327,46760,48340,43549,44825,50727,52328,54342,44826,35655,22433,12899,15097,12985,10264,8797,10912,11451,10842,12397,11069,11650,23774,29497,42948,34286,22662,28165,27971,384613,388875
MI-08,775257,569115,41474,132417,12567,18965,798,770460,568241,43342,132503,13461,10883,729,606496,462400,26898,91889,9001,14005,494,597796,466653,27170,90333,6995,5850,124,84133,5084,1115,124,381814,183284,179419,429440,215792,207149,434018,209563,218254,5747317000,46904,169864,132583,61234,83306,34116,7222,4538,42804,45916,47923,50046,47724,50278,46175,45739,44147,45996,50585,54400,55820,47699,38032,25579,16312,19005,19191,15891,12730,14145,14452,15166,15264,15571,14058,25264,31805,41925,26822,18427,20642,18722,378503,395677
MI-09,774772,679889,28487,27403,16651,16601,596,778298,684395,29944,29523,18154,9138,792,609045,544277,18273,18138,11438,11978,370,599388,548127,17589,18678,9350,4912,261,15174,7165,592,261,386358,118980,248939,460630,156604,297723,482335,155742,320073,11862317272,40259,168330,128611,61409,92716,43625,7634,3351,38239,45176,50086,50189,45123,42210,40430,43841,47620,51276,58639,60380,58979,48620,37638,26253,15456,14593,10288,9476,8965,9663,10502,10875,10255,11026,12544,20837,28957,42314,31085,24540,32127,29349,389384,385364
MI-10,775309,564537,22711,119360,51380,14507,776,771422,546317,24248,126964,59207,9945,1329,627107,475560,15673,83687,38234,10922,551,599383,457209,14452,87550,33773,5231,231,80589,29869,689,231,376397,188813,169336,435408,236949,192299,440498,227668,203451,505282632,52069,156641,127282,54506,109854,47875,10240,4981,40635,39539,40925,40782,48269,65312,60820,50630,44434,48558,49827,54226,55437,44896,34306,22181,14801,18015,14572,11589,10895,12891,13082,13895,13645,12466,12696,24445,32986,48676,35642,23996,27577,22568,381390,392203
MI-11,774475,528257,44413,94146,93238,12171,670,777233,521393,48005,96453,96171,8568,1399,612832,434263,29370,69808,67705,8891,488,562397,424728,23103,67847,41269,3931,241,62089,37530,761,241,393044,194583,180402,456270,248533,201836,455243,237401,208326,1013954840,28413,93657,95468,43723,155245,94345,24363,11205,41293,43102,47883,49113,45463,47729,47341,49753,47960,50499,54776,55428,54239,44238,35832,23566,16007,19046,11421,7504,6837,8267,9784,9425,9950,9007,9228,17560,23665,37624,33134,26213,35417,58474,380759,392509
MI-12,774712,300902,25667,419667,17782,15431,807,764340,296502,26821,412476,19624,13127,662,607624,252553,17330,314723,13676,11622,566,583499,249381,14757,302594,9873,6466,178,291959,8182,1042,178,364189,262365,89629,406034,295781,105495,398635,279717,111656,667995432,54903,161667,143995,48876,78823,38523,5437,2845,47416,45768,49052,46779,47765,58529,55505,44052,45156,47444,51599,51755,51395,42684,35857,21667,14083,15345,22687,17576,13748,13984,14261,13675,14748,14644,13999,24238,31479,40503,26111,18023,17491,12780,369021,402830
MI-13,775089,317045,76452,343810,30821,13553,938,766509,320033,76502,333630,30249,11636,1232,579070,245079,49867,255578,22403,9965,632,531194,235160,35494,241733,13383,5060,308,234450,10407,920,308,293565,225219,58993,319907,248634,67722,306726,206543,81841,441318568,83008,150057,105284,38183,70799,35859,9309,5594,52518,52318,55382,53983,54696,60037,55168,47801,43945,44988,45575,45737,47326,37237,27328,17110,11740,14103,30091,23460,15262,15813,14127,14224,13687,12500,11939,21078,24713,30132,19222,13036,13791,15419,374303,392689
MN-01,713728,591993,47142,34576,25493,11284,1253,717873,592715,50102,35783,27010,8083,1110,551056,472993,29362,20117,17709,7689,815,537406,478853,22715,17086,14470,3367,148,14306,12277,1183,148,360398,142631,185009,395249,178785,206948,397167,174726,213667,27526172618,30468,134927,94220,62833,97554,37253,11070,7750,41057,43568,47596,51200,53969,42833,43007,45530,43536,38312,41134,46849,47349,40204,31573,21974,15294,18543,9881,9226,9400,10197,10114,10091,10075,10471,10138,21149,27516,40698,33079,22330,26238,23449,358164,355364
MN-02,713520,529968,51977,60685,54817,14322,1198,729863,533651,56592,70728,57148,10194,1070,532812,416682,32415,35066,36645,9403,756,524858,425973,26246,35621,31238,4236,240,30155,27978,1426,240,369892,169699,166579,424925,227955,186728,427115,226349,190247,2717230845,21044,91716,92328,57146,147612,50772,11344,6766,43348,52134,50969,48141,41272,41354,45564,53805,49378,46700,47935,50198,43576,34275,26815,16923,11228,10977,6209,3756,4336,5811,5890,6439,5852,7255,7738,14407,21205,34380,32749,27231,37680,46799,356013,358579
MN-03,713087,543690,34814,60349,59672,12222,941,708833,532344,37619,64393,59700,10102,981,556485,445137,22385,36973,40706,8457,640,521809,437881,17360,31209,29131,4773,95,26340,25327,1332,95,401555,209812,155753,452037,273941,167663,441873,267982,162345,1208314280,18104,80202,88978,46251,174641,71924,17842,10083,41031,42917,46008,40276,29717,44774,47643,51530,46249,44465,47445,51567,49553,40706,31387,21204,14200,17305,7690,5027,5470,6263,6385,7223,6836,7528,7859,16653,23234,36393,29966,26735,36408,62208,348189,359788
MN-04,713412,453139,51801,92496,103014,16647,1304,706168,450162,52654,92814,100697,14870,1340,551007,380512,33667,58436,66910,11528,900,513501,378005,23845,48650,55647,5747,199,42446,52005,1783,199,363505,217712,113313,399339,264109,125829,381583,247604,124079,1096202333,36784,98450,86158,43755,131386,55995,14330,12606,44427,45264,45454,46539,46742,53487,54121,48452,42465,38539,41978,45710,44070,37024,28752,18030,12222,14624,10742,8672,6933,8236,8052,9518,9508,9588,9562,19520,25714,34837,29577,21762,29919,36289,348903,358997
MN-05,713147,392894,74925,163110,66799,22593,1277,706272,387396,76131,167490,63659,20350,1075,564286,344685,50296,107393,48724,15984,905,515659,342106,32918,94313,36967,8371,102,84989,32338,3410,102,348915,254135,64991,381729,303865,68795,352116,276421,64739,344325509,44262,85713,87639,41861,138476,56883,14529,9395,44929,42025,39655,43156,58612,69994,67640,56470,46218,38530,37886,38498,36994,30194,22654,13864,9355,10458,14632,11904,9369,8894,9725,9305,9856,10320,10257,21159,27959,39801,29444,22677,26486,32315,357756,349376
MN-06,713726,601327,26496,40885,27747,12776,914,734529,611704,28409,49472,30039,9674,1448,528543,459729,16061,22655,17908,8411,584,533245,476021,13654,22560,15638,4089,162,18821,13282,1013,162,361568,120097,210298,414459,162728,241616,432356,165741,256545,7032344895,25111,119515,101730,62020,109042,36993,7111,5039,45104,50495,53899,52713,47702,40275,44972,50468,49808,44774,48158,49274,44158,33173,25725,16962,9460,9360,6492,4847,5571,5858,6343,6610,6839,6946,7784,16785,22404,36766,32738,26150,34703,33531,363561,352919
MN-07,712991,620313,45417,17380,11164,16826,1519,714344,615887,49271,19061,12232,13464,1562,544115,488392,26637,9406,7021,10479,902,531841,489922,20107,8431,5799,6711,297,6086,4742,2680,297,361606,106495,227324,391289,127502,255742,393760,122028,263956,85341237444,35872,156192,108372,71678,81021,22930,5692,3771,43610,46754,48178,46731,42188,38861,39487,43494,39908,36868,40934,48916,52083,44761,34568,25404,18316,21827,12314,11245,11476,11100,11310,11746,10721,11631,11276,23207,28621,42934,31730,21767,21244,16014,361420,351468
MN-08,712883,620556,13068,14165,8998,50981,981,721563,631514,15053,14862,10657,42778,667,560729,500923,7944,8740,5908,32396,589,566577,518858,8145,7513,5267,26069,186,5144,3785,16341,186,377374,147135,199684,418144,178192,230744,427950,176128,243454,80964392459,31580,151380,121775,66488,85861,31542,7737,4890,37040,41838,44127,45362,45153,38281,39704,42350,41467,38954,43223,51602,55639,50318,38709,25478,17520,18030,12904,12303,10322,11308,11212,12403,11084,11574,11916,23259,29598,40844,30650,22619,22149,17079,363958,350837
MO-01,769615,307013,35117,378097,38233,13983,925,753950,305002,35920,368554,37929,11369,969,611108,268025,24457,278087,30631,10843,692,567057,266203,16395,263411,15435,5084,143,253709,12769,587,143,348635,261445,72351,352540,276853,70002,311931,242537,63717,666836136,47751,137380,114952,41191,106841,58864,14050,10846,46508,42613,46687,46336,53286,66025,62891,52211,47612,41189,44123,47585,52589,39728,31603,19020,12711,14571,24633,18233,15388,14530,16575,16536,15349,14212,15452,27991,34658,40177,28602,18296,19235,20894,364794,402494
MO-02,769397,637792,26960,39302,46242,14278,842,762901,627242,27397,39610,44929,6149,1027,604049,513069,17866,26561,32121,10342,561,581669,515455,15039,24930,22349,2941,165,21681,19369,283,165,416822,173311,221709,446944,217534,221784,435632,214445,213229,1123165295,21378,96397,98565,41676,165114,85052,19204,13192,40903,44101,47218,48524,44004,43439,44300,50053,46445,47660,48952,56106,54611,48287,36957,25908,18263,19622,7693,4905,5750,6812,7279,8426,8671,9420,9688,19231,26696,39742,34035,26406,37564,55662,373506,391847
MO-03,769121,682897,20170,25044,10774,22493,1010,788900,695949,23039,29394,12861,10916,811,587486,529611,12505,15576,7108,16563,647,600206,557429,12652,17279,6021,5822,234,13762,4434,753,234,353647,95422,241589,394002,115279,271760,410242,117040,288257,22012979086,47369,177615,118384,54665,88326,36248,5763,3068,44031,51248,51361,49713,42632,45027,48858,53297,48756,47484,51229,54037,55348,43219,33639,23338,14644,12554,10106,8671,8033,10880,9687,10939,10415,11097,12042,20904,27906,44337,34377,24547,26394,21812,389420,380995
MO-04,770043,639653,32497,51716,17108,23789,2233,782456,654680,35379,52698,19534,14388,2167,596293,506519,20935,34146,12311,17585,1431,597192,525433,19220,33509,9132,8756,445,28959,6616,1066,445,350974,106683,225168,380854,125823,247189,384828,124218,255039,35308444051,45385,169016,104892,41711,90540,41018,8575,8377,44644,45943,49912,56140,65418,48846,47343,48619,42990,42167,44508,49582,51321,42717,35227,24184,16440,15570,14450,13337,13321,12687,13239,13769,12949,12886,12536,24625,30101,41032,29553,19497,19182,16491,384378,387193
MO-05,769373,446542,83753,190356,28371,23800,4090,775878,456440,90537,189786,26867,15153,3633,594243,366974,55251,134437,20583,17766,2491,572311,377791,43124,127525,15219,7060,932,119395,11945,918,932,322877,187037,118362,357702,224337,126300,347270,212802,128342,1218662369,40360,134863,118287,40539,121256,52505,12749,6142,46840,48677,50453,47445,49689,62894,59882,54080,49965,44749,46561,47944,47427,37748,29806,18732,12765,14074,17633,12264,12112,12595,12529,14185,13814,13131,12515,24164,31478,41939,31266,22422,26759,25056,377129,392602
MO-06,769857,656982,34228,40291,11206,22798,3010,771479,661869,35845,45692,12190,11966,2815,590604,515278,21473,25423,7520,16629,1846,582870,524127,18474,26686,5223,6382,770,22948,3659,1094,770,345705,98460,229218,376922,117144,253092,375551,114399,256494,49373058791,44336,195713,111916,42949,81317,32903,6196,4278,46700,48719,52031,52727,48284,44616,46548,48891,45442,45747,46330,50908,53068,42351,37059,25441,15991,17290,14704,11813,11393,13020,12288,12764,11964,11564,11434,22946,30760,43013,28759,19252,20518,15172,381234,386909
MO-07,769217,636783,46957,25642,16531,37299,4194,784220,659083,50806,26463,17107,20975,4803,595838,506689,29523,15649,11342,27250,2675,593078,531706,24660,14158,8480,12521,502,10005,6009,2295,502,331737,82270,233049,364720,103392,254641,376048,105582,265824,15714990713,49610,168481,122434,41049,88684,35253,8632,4577,45164,47082,50721,51211,58652,50885,47915,48103,45202,44271,45350,49008,49195,43853,36718,24974,17058,16188,15433,17213,14240,14976,16405,15874,14492,15312,13778,26562,32963,41294,27029,15526,16023,14240,380065,391485
MO-08,768290,656245,23386,48175,10871,24995,1566,772030,663400,25456,43278,11104,18787,1416,595991,517477,15163,32328,7889,18773,983,590853,530016,14707,27171,5313,12320,450,24005,3212,1291,450,331052,66440,253065,351473,72652,273968,353825,69576,281084,52634427234,68774,200968,109116,41549,62519,28191,5338,4220,45385,47274,49901,53972,53164,46051,46576,45756,43484,43620,46438,51938,52579,46395,37123,27509,17203,16003,18248,19177,15691,15792,15990,15569,13755,12793,13472,23371,30399,37360,23206,14157,12505,9710,388694,381677
MS-01,740089,483980,28145,206855,9503,11819,714,746737,479337,29383,216080,9407,9903,959,569722,385910,17531,150201,6766,8971,464,562605,382159,12135,157332,4577,6135,422,152971,3334,513,422,303351,94672,202223,335293,108673,221871,325799,97032,224477,29456932483,72284,153027,105350,51987,68607,30027,6627,4869,43378,47680,50794,55873,51022,46967,45639,47434,45366,46726,47068,45238,48307,37963,34116,22244,14004,11712,16204,15923,13700,14996,13187,13040,12946,11478,11558,21173,26903,36812,26138,16017,17245,13373,360351,381180
MS-02,740351,236212,17002,476295,7053,7046,519,714420,223007,17223,464868,5663,6907,194,572223,196975,12212,354409,5360,5373,351,537939,182087,6896,342946,2215,4066,39,338939,1815,911,39,317441,198335,114406,328831,207788,116970,284278,172440,108747,39385737906,74885,143066,106218,48533,68734,33394,7694,6108,45804,46810,52120,53865,51673,50153,46291,46092,44861,41930,43263,47529,48237,41951,31694,20957,13331,12338,26615,22804,17381,17275,16472,15456,13832,13063,12473,20771,24699,30218,16717,10985,10744,10615,355486,383413
MS-03,740096,430028,20570,262220,10685,17760,641,736874,422433,21485,264154,11278,16211,1182,567798,343112,13165,192220,7695,11949,448,557171,338958,8955,193145,5087,10415,380,189373,4113,5603,380,322856,119024,198002,348668,133401,210975,324594,115755,205800,34384958876,66714,142610,101579,51623,76992,34900,8543,6569,44457,43017,52945,53381,53683,45091,44357,46960,45295,44393,44258,45774,47710,42011,32218,22280,15689,13485,21703,17625,16153,14903,13584,11897,11761,11216,10812,20144,24366,32653,23033,15913,17469,15283,358086,378918
MS-04,740743,488857,39503,178243,17690,17104,1361,748748,501661,41865,176523,18480,12636,1622,567856,389454,25729,126250,12896,12788,951,564220,400969,20277,123800,9845,7921,273,118262,7592,1368,273,265709,73100,186083,300967,89536,206948,293336,81440,208720,18304858540,57216,148079,118106,56974,71799,33350,7139,4719,44607,45553,52050,50073,51739,48220,47044,49085,44884,44575,45684,46285,49856,38751,34395,22432,13167,13012,18905,15807,14575,13901,13166,13439,12289,12294,12644,21983,27275,35411,24789,15910,15809,13744,364065,377347
MT-01,542200,469364,23807,6825,9950,26850,1470,558580,485700,26288,6635,11386,22434,1113,433539,382132,16549,4243,6996,18882,978,444655,403700,16553,3456,6024,13973,115,2185,3361,6663,115,256161,108683,126151,315872,150540,156910,315378,143980,161092,89871736987,18146,95609,83186,34352,94352,36083,9120,7736,27525,28080,32248,33739,45444,39078,36489,36644,33177,29842,30550,34939,36836,34617,27890,18214,10479,9829,10109,9255,7383,8838,9691,8999,8610,9284,9836,17953,24203,31065,22160,14723,17129,17692,279146,266474
MT-02,542025,431954,21392,5912,6939,73728,1631,558295,447910,24644,5868,7772,69444,1554,416584,345421,13359,3199,4559,47252,990,426217,362398,13920,2522,3296,43130,238,1297,2156,33835,238,238365,69026,153089,287768,94246,186692,287585,87926,190987,282806969612,23735,115329,92330,37886,76197,23250,6642,4247,31478,35210,36553,34434,28929,31593,32994,33951,32590,30340,30466,35272,41938,37694,29342,20175,11962,11299,10378,9771,8839,9342,10228,9931,9948,9004,8577,16563,22539,29726,20391,13348,14164,14238,274570,271650
NC-01,745094,332741,55480,336016,11045,16646,1086,752447,333707,58952,337416,11743,15262,1631,586294,278163,35811,255802,8081,12409,772,571961,281240,21973,254120,5421,8585,284,247198,4307,3231,284,361554,202419,150092,388312,215571,168725,381336,203720,173562,17497593687,74806,164148,107463,54858,71795,28778,5705,3909,41218,41757,48374,51001,54999,49300,44934,41384,42841,43203,46608,50734,51687,46848,37410,25404,15382,15699,22646,20559,17319,16057,15056,15137,13680,16083,13579,24669,26915,37420,22727,15414,14066,11761,361564,387219
NC-02,745480,410643,95217,191701,40421,15175,1205,774973,418789,102357,207714,42012,12147,932,580900,337832,62909,142416,30731,11006,824,560156,345021,40391,145736,22756,4826,163,138309,19638,1060,163,356068,213038,124330,416129,266766,141321,423735,268516,146680,1489781522,36724,85584,85152,41569,161587,70925,16395,11410,43040,43818,45674,51130,53057,60371,58465,54081,52926,51773,49134,46658,40784,32642,25864,16487,10165,9993,10438,7183,7337,9480,7759,11144,10317,10181,9093,20829,24973,37083,29827,22513,31574,42106,363946,382116
NC-03,745518,493166,75383,144620,17966,19141,2913,760434,501402,82893,146539,18098,17425,2368,587283,404927,49751,107529,12460,13867,2011,574465,413319,38302,103489,9382,8709,499,96884,6537,1459,499,320699,110759,199218,370720,133231,231817,391127,133565,253213,21217971550,52869,143694,120900,54226,80246,32716,5694,4348,44940,45732,46174,49075,67370,49736,46592,43585,41023,40994,42385,46453,50561,43903,36675,24385,15144,13276,13823,13774,13252,12962,14285,14096,13777,13458,12300,23646,31899,38892,28700,17807,17501,14077,383697,364306
NC-04,745790,395195,98325,201961,40477,17623,995,759879,402394,104401,204364,41936,14279,1563,593420,332475,64272,156211,31751,12886,682,555999,339560,35495,152540,21600,5711,328,145400,18980,1302,328,356541,230149,112018,404400,268373,130210,412219,270935,134210,5674428698,50421,106411,83960,43978,118371,62867,17719,21365,40594,38531,45311,54874,57270,54498,54216,49364,46472,46260,46666,47415,45311,40315,29786,19515,13398,11863,14971,9981,10396,11442,11286,11918,11817,10933,11205,21962,28287,37751,29669,20093,23530,30265,358998,382661
NC-05,745232,588088,60185,68077,13854,17139,757,756888,594909,63928,72897,15936,11939,1852,592414,482913,38014,49810,9427,12884,468,581468,491109,25558,51304,7138,5312,253,47222,5688,731,253,360360,102331,244343,413816,125195,283425,426979,127502,294416,12543156930,72045,163972,114843,57147,84550,31888,7039,6149,38112,40512,46424,45169,41392,42204,41505,41447,43189,49889,54009,56107,54673,48747,41316,30177,16799,17594,14567,14824,15196,15541,14366,15000,13156,14723,13050,24589,29104,40255,27523,18379,18356,16333,367802,381463
NC-06,745573,335320,91034,274498,38136,17139,1204,753393,332718,96165,284321,39984,13519,1466,581446,283432,57950,205936,27530,12437,825,542773,280815,34898,201389,19104,5417,318,193923,17282,869,318,343797,207397,122976,379360,238396,135403,380299,235356,138464,2039528352,54055,116565,100848,43309,108251,46421,9508,9057,41987,43792,49600,62085,57958,52108,50402,45248,44364,45069,47380,46197,44885,36188,30209,19021,13053,13902,19244,14318,12157,12850,13913,13962,13303,13358,13894,22359,26847,36674,26212,17145,17023,19648,353338,390110
NC-07,745589,516063,73602,125644,10942,21854,1309,792357,546964,82082,134999,12620,20263,1280,593925,429776,46253,94662,7777,15920,870,607010,462413,29098,98722,6307,9616,200,93334,4459,3790,200,348701,132425,203839,421267,168773,246808,459812,180433,274145,14843975182,52745,145162,117356,62643,107486,39864,9271,5279,37642,39815,46360,45961,48381,44785,43220,47322,45624,47264,48136,51982,56072,51005,47003,27952,15280,14182,17666,13537,11841,12740,13730,12165,10944,12763,11644,25271,29848,39947,29745,21482,21708,20880,371294,386692
NC-08,745835,330941,82151,247471,20906,79461,3719,759312,332759,89965,252277,21968,77647,3647,569369,270111,53215,180916,14882,57144,2372,550603,271021,41649,174493,10489,51503,991,166414,8304,43562,991,296329,144033,142448,340060,163797,171510,337107,153984,179069,10879204907,59537,138574,116304,54686,75589,31560,6515,4220,51486,50225,50643,51012,60154,56941,51785,47960,43280,41597,42009,44644,43618,37184,30520,22657,12757,11993,20933,16117,14003,13824,13867,14499,13432,12390,12267,22219,28101,35264,22881,14539,14761,12742,371334,379131
NC-09,745423,489295,77344,109819,57387,14236,1040,763659,491763,84298,118705,62521,9429,931,564063,387204,50839,78316,38315,10172,715,535949,389254,35864,80160,25669,4062,256,73461,23227,623,256,343956,152235,173736,421098,212877,201071,430220,215550,206631,1557229549,28603,83674,84804,39349,170177,70851,18014,7251,42806,47119,53679,50965,42164,50365,50470,52276,54086,56201,53390,45883,40590,31242,27752,17805,10607,12097,7643,5500,5678,6219,6673,6955,7270,8352,8400,16203,23322,35689,29600,24025,31448,55842,362815,376682
NC-10,746166,554533,57255,100250,16979,19255,914,764291,564827,65434,105275,19012,11653,1225,589083,454826,36722,72110,11655,14318,616,583812,466604,27562,72213,10318,5795,252,66775,9107,883,252,333227,98427,223464,391548,121948,264814,406708,127063,275459,8299569810,67763,165777,113297,63723,82391,29263,5132,3602,39567,42906,46487,45728,42705,46282,45029,43079,45298,49091,53392,54034,53143,45787,38323,26585,15874,15007,15490,14800,13987,13732,15382,13999,12417,13605,13801,23169,29979,39211,26782,17137,16228,16577,367518,380799
NC-11,746090,612963,57183,33393,11767,28877,2068,759213,631995,60783,35020,11493,19912,1412,613360,518271,38535,24286,8578,21230,1436,606390,538789,23605,23719,6771,12343,364,19085,4532,6703,364,378383,156104,203362,437149,199153,230951,444616,205763,231685,15413654213,48659,141669,109221,53885,115763,53467,12708,9011,32246,35821,37651,47411,49166,42847,44250,41808,45433,44181,46689,50772,54604,53151,48523,32518,19282,20318,16197,15859,14483,13622,13890,14928,14018,14512,12445,22536,30418,39044,26887,18676,17068,19298,364703,381968
NC-12,745808,246022,136103,310878,49978,16193,1226,785023,250149,148577,332714,52659,13214,1202,570070,206498,90390,232208,37181,11701,852,520981,210840,44259,236620,23518,4520,184,229264,21107,888,184,289307,201255,75853,349081,253201,90063,359742,253708,97292,968322779,58460,95828,102787,44966,131195,51737,8537,5102,50212,50391,48564,51682,53946,65175,65735,58389,53181,49979,48241,42631,38474,28189,21972,12869,7113,6670,13767,9137,8800,9893,11299,12278,11826,12684,13885,25025,30696,38000,27650,19493,22781,26268,363699,389714
NC-13,745951,549110,71859,92355,15967,18434,801,767483,561722,80273,98883,17523,10746,770,581244,445707,44951,66363,10871,13593,536,570470,458706,28061,68791,9331,4727,288,64240,7731,627,288,333675,87693,235003,391809,109426,277323,413275,115389,293151,8505403481,66068,164713,115022,55937,83122,26897,6118,3509,40439,44949,48171,48044,45157,45653,44499,43930,44513,49132,53983,54425,51525,43109,36013,24244,15823,14532,12824,12779,12439,13238,13674,13425,12714,13714,11618,23445,30354,39947,27215,16530,17881,17787,370699,377442
NC-14,745839,458068,87475,107870,79624,17106,1720,781052,474495,93742,118083,84489,12280,1873,552228,357498,54699,76487,53166,11792,1032,536115,374966,39151,81155,34471,5089,336,76914,30466,1268,336,318967,151051,151949,400055,207585,185334,429207,222125,198964,5003205099,35384,88635,88163,50281,143029,71478,11179,12880,45478,53184,57608,50897,40310,42301,51005,52608,57004,54131,53443,45757,43951,33508,28028,17944,10531,10816,9112,6508,6986,7420,8769,7524,6562,7717,7959,16922,24659,33573,30682,23818,31249,43411,369963,378541
ND-AL,779094,636160,33412,34499,18675,55777,2086,784841,641520,36575,35136,18977,50516,2090,596093,503153,21603,21444,13192,35031,1361,581499,509569,19595,14739,6541,29727,587,12352,4469,21619,587,344360,93758,216794,362024,115042,235751,368155,112327,246505,178698456949,32907,132137,109820,72298,113131,33064,7189,5710,51717,51641,51427,52627,63206,56815,56055,52849,44832,38880,40293,46635,46677,40290,29651,20465,14915,17899,14640,11619,11178,11278,12309,11189,11145,11669,11621,24520,30577,44389,34919,25356,26887,26742,399345,377529
NE-01,653675,427610,92818,83458,37060,18054,1625,660108,434149,98909,87102,35287,15217,1546,487647,341038,57190,54090,25014,11848,1072,456095,349339,39132,47953,13917,4438,174,41575,11593,826,174,262068,124300,122421,305022,164544,134127,302054,162548,135296,931036584,35975,90338,93229,35767,108385,42767,12216,6746,45844,45139,46881,43937,44366,49342,49052,47882,42507,36961,36524,37212,37779,29673,24117,14122,10085,10166,11586,9017,7664,8358,9374,10105,8435,9839,9079,18212,25775,34066,29445,19494,22090,25678,324492,327097
NE-02,654390,522538,57915,29475,24931,19772,1312,667051,529265,63003,31331,26638,17530,1556,493350,408357,35912,17576,17469,12642,818,485956,419436,28919,15972,12905,7456,182,12516,10149,3858,182,275075,105114,152242,324856,141267,176009,332233,141872,185751,20000504008,29208,101857,87123,48075,99396,39965,7902,7420,40275,44207,45945,48621,54715,41827,40447,45117,40120,37764,37062,39058,39378,34351,25834,16759,10622,12569,9244,7082,7949,8458,9863,10376,9654,9576,9843,18103,25162,35284,28068,19970,24528,22424,330862,323809
NE-03,653439,534539,83982,11840,7015,17434,1132,651548,526514,90111,14767,7947,15198,1031,495130,419860,52195,6986,4861,11174,737,471381,417588,37593,5407,3702,6492,214,4028,2515,2953,214,291033,55080,221298,321834,68772,246710,312872,65575,243769,178025832939,39114,133678,104046,55445,72320,23405,4914,3994,41193,43666,45435,45965,39465,36712,36804,39508,35822,34678,36443,41842,46735,39744,31217,21592,16123,19735,11824,10836,10724,11432,10848,11109,11637,10830,11458,22204,29011,37968,26927,16789,16610,12371,329216,323463
NH-01,688457,577040,42986,21388,31677,10582,925,696474,578645,47770,24098,33964,6946,944,557004,478922,28655,14098,23020,8051,652,545496,486215,25261,11358,18222,3264,159,7931,15175,280,159,366268,172046,170787,395077,210387,178563,401792,204775,191221,2337982030,29054,121674,86181,48094,130171,60509,9569,7588,32392,35024,37907,43844,47035,47111,47196,43444,40839,43227,49517,52923,50620,38819,31819,20527,13414,13384,7190,6235,6369,6639,6405,6567,8015,7021,8188,16597,23352,35691,29386,24337,35934,45219,344583,344459
NH-02,689072,623609,16468,11610,15184,14886,867,698394,633779,17613,13291,17166,7847,1301,563676,516829,11145,7674,10802,11253,563,564078,530002,11978,6468,9264,4759,153,4608,6079,540,153,378028,176480,175003,408756,214550,187097,424397,213713,204302,20852131948,32670,149300,88485,52447,106018,55869,10370,9354,30527,33536,37951,42394,41647,38704,40683,39821,39511,40760,48180,57286,55782,48053,40123,24590,14860,16160,8835,9099,8392,8746,9631,10211,8496,7862,9621,18261,24017,35951,31995,22813,27096,30945,345142,345426
NJ-01,773531,462105,114210,149654,47830,13748,1391,778586,462000,122906,152650,49285,10572,1081,603014,381592,75471,107512,35525,9795,973,576222,382869,65180,98291,26001,2990,161,91931,23394,230,161,340587,203195,126004,404923,247632,151805,381140,220975,153037,1066367427,49136,160379,96958,44119,114332,47528,13428,6596,43341,48059,47533,49214,50177,51534,51763,50918,48334,48133,51734,52981,52155,41867,31994,21900,13933,15224,13583,9927,7885,9339,9833,9292,8971,7843,8983,18059,24687,36004,30952,25771,32623,37211,374819,395975
NJ-02,773583,498511,133905,102451,34371,16475,1498,785225,500604,141652,102656,36357,15722,1247,618676,420352,91139,75401,25840,11957,1020,587999,424289,72101,65241,20097,5339,205,59855,17660,1166,205,343516,150923,181190,411535,189391,216708,379409,158288,214732,5249270321,59444,188941,99004,43467,104657,41628,10445,5021,39709,43821,48447,47553,46999,45046,45588,46735,42150,46958,53192,55567,59797,50288,41296,29263,18866,17870,12779,10919,9076,11597,10920,11004,10017,9752,9693,20556,27227,38857,31681,23322,29349,33984,386243,392902
NJ-03,773339,434835,111535,163500,60016,13629,1441,783503,430522,122621,169996,61143,14316,1336,616596,363927,77363,126268,44610,9869,1050,564752,358743,59060,110828,31426,2655,129,103564,27777,149,129,346537,206384,127621,403881,252090,146297,347364,208553,132705,2533125384,43711,144780,93979,38878,134731,61276,13626,10056,40500,44335,47261,51996,52063,49252,48267,49592,49094,49644,54573,56230,53593,42210,32827,21561,16768,17427,12022,8046,6441,7450,7615,7305,7862,7869,7990,15832,22418,38045,32441,22963,34211,50004,383156,394037
NJ-04,774058,610796,84260,32694,36142,9198,683,787229,614231,91645,36506,37485,6945,655,585742,471378,56461,23144,27030,6646,484,561335,468529,46771,21412,22203,1682,124,18638,20320,215,124,345445,121033,214103,425013,162494,257327,397780,133266,257742,1744285975,32421,145950,91020,40281,132346,58480,12756,6857,51870,52682,55288,49841,44523,42420,38189,42582,40536,43873,48452,54198,53640,46100,41114,28760,18588,21656,9477,6216,7192,9366,8619,9280,9825,8321,8884,16063,22518,29918,28183,23450,32029,53458,376676,397636
NJ-05,773645,506970,98859,33891,130495,7656,945,777924,487317,112119,37702,137018,7195,595,612176,414955,70341,25138,98209,5447,742,558259,394222,65984,20358,74414,2411,174,18783,70797,540,174,374766,180024,182527,445885,232299,207879,403287,188427,206408,1670172063,24739,107307,76483,33571,180912,84178,25488,11812,37470,44605,51266,50438,43398,36813,38192,47184,49239,53255,58354,60744,56018,44418,34560,25997,18088,21631,7719,4134,4748,4547,5773,5877,5437,5598,5701,10427,17490,27732,27342,24021,40010,86777,380983,390687
NJ-06,774433,393293,158883,85991,133334,10915,1104,779222,390521,163536,92170,133239,12776,1545,611237,330342,113234,64221,99499,7910,852,539354,326412,86676,57058,65919,1880,126,52623,62995,270,126,321903,170043,141348,377402,208959,163525,355338,173466,172760,635750897,48930,132156,85642,38926,145756,72242,14445,8880,44779,44418,45086,47902,43506,49615,52137,51613,49216,50043,54845,55836,55188,43877,31466,21982,14159,17001,10200,7557,6854,7811,7304,7262,7678,7070,6382,14272,21476,35410,30544,25187,37074,57574,383250,389419
NJ-07,772998,501583,126897,77832,59494,10405,943,779551,495837,135966,80938,61981,7518,830,603298,408320,88037,59065,42016,7472,657,552609,401317,64100,52354,31351,2447,155,49283,28206,271,155,368850,181251,173321,434844,235147,192828,412543,208171,194670,3104724270,35010,120166,77020,34945,158137,82411,20146,12158,40686,46784,49200,51013,44381,39054,42739,48007,48514,53771,60152,61602,54387,42521,33692,24026,14064,17472,7361,4717,5574,6738,5863,5837,5816,6531,6442,14206,19414,30570,27997,23974,37264,77362,381919,390146
NJ-08,773292,192342,411208,95825,77602,18173,1722,766000,185401,411063,99946,77117,17289,1530,607956,163790,310617,71577,63225,13800,1335,435938,147734,204124,51172,30674,1917,237,46907,28524,439,237,220444,161108,53169,244587,169359,72757,221130,131568,83667,149830287,94147,150770,71660,26024,116011,56490,11745,7638,49814,44040,43851,42444,48105,67410,72663,62571,57129,50612,47673,46197,40054,29572,22713,15521,10848,11524,15091,13716,9664,10613,12008,10271,9324,8989,10482,18138,26586,36354,25377,18953,26520,42868,381697,381044
NJ-09,773780,263916,336225,110441,77592,16448,1312,771931,257828,345691,107156,76265,10822,1161,600348,218547,246428,83722,61444,12027,956,492401,203482,179328,61942,45079,1437,156,59345,43067,188,156,272651,177874,87821,313410,197100,113130,273237,139918,125465,220836191,76363,165209,84150,32973,108010,42602,10043,5393,47688,44054,49363,48775,52810,54824,55528,52037,52445,48866,50154,51140,46052,38082,29478,19975,12045,14119,12476,11046,8275,9505,9252,9888,8836,8546,8572,17336,23297,31996,27771,20890,27591,35889,376323,391112
NJ-10,772982,120748,173649,397846,86087,12239,1617,771574,117957,181874,394009,86220,10378,1191,602611,103355,128387,303549,70269,9099,1263,484337,93136,93333,251693,41722,2852,365,246285,40676,763,365,245656,209566,31293,270877,226624,42118,233178,175775,52267,167006200,70353,155349,91712,31617,107482,47983,8581,6244,49508,46904,46417,45870,51814,63360,65153,58812,49965,46308,48065,48004,40312,34333,25087,16799,11495,11632,22614,15985,12071,10319,10439,10781,10189,8835,9652,18987,26143,30962,26453,19550,22960,30472,369803,390035
NJ-11,772940,488869,113807,66242,99584,8811,890,779428,482474,122387,65366,104824,6873,839,608105,399590,81577,50196,72577,6319,652,561106,394491,67412,40213,55393,2193,89,36566,51014,404,89,376326,199970,163861,446741,257497,183468,405888,215867,181548,1331007520,25801,95968,67620,32006,178298,99250,26548,14693,40147,43643,50877,50261,44710,40007,43522,50069,52353,53851,57857,58084,52049,40195,34087,23805,14605,19685,8496,4217,4259,4922,6006,5245,4746,5301,5722,10230,19174,30041,27189,22627,39407,88487,379544,390263
NJ-12,774435,340590,137899,90025,204319,10168,1073,783636,335287,147500,96911,204772,13013,1243,611551,290248,96944,68029,153634,7316,818,521235,283839,69974,61197,103126,1824,175,57520,100568,255,175,317365,186907,119675,370255,229743,135432,352115,194939,145299,1176361120,41686,107650,69758,33256,155636,91182,15182,16229,38483,44654,49801,54571,53312,45129,46569,51463,53278,53235,53673,55800,48878,37845,31816,21863,15145,15879,8102,6128,5166,6064,5514,5810,6852,6223,6330,12432,18575,31841,29067,24630,37799,67365,381918,389476
NM-01,705828,266886,345116,32558,29923,54512,2425,703174,262298,346531,33587,30857,52913,2734,555081,231250,251783,22320,22184,39581,1686,523950,233763,231122,16733,15016,25442,378,13678,11592,19723,378,284732,147021,99761,319394,190137,126273,330551,199619,122846,2324983232,47283,110830,107668,44909,97064,54879,12543,13020,36350,39183,46089,45502,47077,50360,51548,49114,45700,41811,41696,44855,44737,39530,31780,19127,13526,14411,19827,14096,13238,11250,12346,12861,11216,12012,11395,23089,27028,37053,26223,18794,20588,20429,346236,356160
NM-02,705400,265563,387833,23698,12471,30549,1855,708431,260251,396621,25296,12968,29819,1856,534512,224458,270318,15891,9147,22413,1316,494344,222339,239981,12995,5411,12504,375,10364,3860,7586,375,228914,85827,121017,262293,101584,159186,263309,106459,151490,211804780793,77660,128303,106385,38660,58712,31717,4717,4755,43900,47446,49188,52843,58502,48061,43452,44309,39228,36054,36213,40113,42545,39683,30577,21615,14738,14310,18998,16131,14498,15977,13109,14089,11296,9536,10764,19113,26020,29924,19632,14986,14374,10881,356573,346204
NM-03,706294,240503,277862,12153,13603,178554,1732,708641,239872,283462,14657,14130,177312,2089,549396,208354,204663,8211,9891,126483,1202,534788,212907,191672,7188,5616,116163,384,5462,3973,109240,384,284673,152386,98889,328006,187034,137922,330105,195536,127558,100068796910,59716,132934,117540,45116,74929,44998,9572,9998,35677,42955,47951,45641,40251,42045,44012,43138,42852,39851,41451,46306,51785,47988,40158,25766,15555,13908,16653,14449,11484,12323,11971,10787,11139,10074,10371,20241,25021,31655,22853,16151,18597,18310,350049,357241
NV-01,776028,172290,392423,148022,60533,25623,11614,753853,157366,400593,136323,58747,28398,9734,578126,153022,266494,103319,48618,19119,7825,445441,142232,169436,86475,34549,6005,2963,79359,30599,1695,2963,200223,132863,56150,235218,153705,76341,231304,140244,86799,355779110,124868,159364,103342,32507,47673,13775,4331,2503,48321,49737,56363,53485,57457,57598,56837,52015,50043,48737,46693,45344,38089,32303,25618,17445,9808,7831,23207,14358,12813,14550,13884,14588,13331,13773,12421,22446,26642,33487,18953,11852,9924,8056,383569,370155
NV-02,776598,488121,179702,24723,48329,38071,8343,790745,490383,190784,27345,49940,33376,8085,611341,408257,120891,17182,36412,27555,5475,580558,419783,97580,16035,26606,15624,2249,12548,21380,8107,2249,334082,130952,175498,402220,173113,217542,421149,176271,235036,170473873421,60873,143097,136929,51608,96013,39997,10441,7451,42312,45292,48298,46573,48254,54154,55349,49112,48653,44558,48187,52330,52714,48307,39530,25125,14733,13657,12353,8652,9191,9848,10929,10580,10751,10295,10591,21745,29957,42819,35252,25444,27473,29566,399292,377846
NV-03,775839,374406,151131,88897,150211,19872,18864,809925,381137,154863,100440,165092,17940,19461,613630,315551,106297,62181,115961,14929,12534,592971,321546,94102,59301,97639,6117,6174,52707,88991,2237,6174,283650,133686,133111,381952,189487,185148,412914,193322,212666,6326016252,42808,140952,139287,51971,124382,44956,11614,6601,44706,45777,47471,42041,40146,57044,60300,61428,53992,52225,53379,48789,47449,41902,36207,26384,12746,10743,13582,6032,7147,9776,8907,9756,9624,10985,11039,20729,30341,40987,32322,23714,31687,33488,392075,390654
NV-04,776149,390501,167650,112347,94463,22195,13712,830089,397359,197329,123201,103502,20990,14602,610229,328821,115714,80148,72335,16476,8987,604533,337939,111760,77034,59930,7449,4253,70376,52337,2860,4253,307430,141759,147299,385986,187181,190859,419015,195191,216422,107381595461,49966,151110,143663,50139,103693,41114,11341,6118,42764,47591,52263,47538,43941,52421,54864,53575,52301,51814,50637,51918,48704,45821,39355,26313,15847,13559,13665,6878,6902,9514,10207,10792,9536,9928,11993,21416,29326,41360,33171,22591,26748,29797,393396,397830
NY-01,777257,546664,131844,53491,39014,12431,898,781151,539768,138122,57322,42677,11692,850,624271,457685,92074,39080,29757,9048,619,580772,451758,68399,32754,24078,2858,87,28186,22177,922,87,359233,149763,195004,410265,192721,211644,409736,176811,228099,1723549643,42394,142056,90699,53611,115115,71324,17478,9728,39798,40524,47520,54240,52498,45259,42450,43559,45754,50094,57556,60819,54102,43509,39776,26615,14902,18010,9095,4924,4982,5676,6519,5008,5407,5719,6272,12932,18475,29675,29056,27320,38476,62556,384582,392403
NY-02,776930,438986,200399,83187,54429,13695,876,702116,411411,166261,70910,53071,7553,785,614344,368095,142291,62146,40833,9748,653,511576,348970,85679,43292,30562,2300,113,39815,29056,428,113,335207,148451,174385,379446,182032,192299,373335,156846,212090,502946906,59457,147999,91592,52019,109619,67014,11998,6097,41774,41194,47178,47907,51726,53010,49437,48798,46697,48667,57872,60198,56178,39746,30812,21126,15362,17881,6798,4099,4326,4423,5061,4501,4568,4955,5110,10008,14948,26334,26751,24670,38334,60999,386171,389392
NY-03,776631,440367,109576,38792,183880,7631,897,773401,439890,107162,38009,179705,7255,799,619766,367746,78953,29996,139316,5424,694,563743,365421,61318,24488,108114,2834,339,22271,104835,1379,339,349222,186273,150259,399738,224685,169778,385677,187209,191911,610897807,47347,92836,69502,38750,161605,95997,36456,13285,38573,45732,48528,45721,41713,40482,40377,42981,47148,51859,56588,59007,56749,46918,40670,28248,19320,25450,9003,3774,4814,5077,5561,4781,4246,4868,5454,10254,16175,25683,25741,21752,38600,84070,379482,396582
NY-04,776680,393144,171636,148727,63857,10324,1094,773054,375065,171894,158467,71940,7822,825,609426,322000,123737,115533,47836,7776,812,550906,307718,92372,105329,41778,2155,253,101024,40367,251,253,351963,191232,148383,395229,223970,166084,388283,194573,189022,295047683,50965,125512,83883,43572,130213,74775,20298,7959,42551,44654,49051,50336,49924,49488,47464,48701,49638,49050,53316,55206,51807,43138,33565,21836,14330,19638,5834,4261,4374,4726,5092,4819,4792,4306,5368,10197,15316,23030,24622,22243,36897,71009,380867,392826
NY-05,776861,90023,153491,365743,149902,21581,3718,786525,98617,158560,362056,148875,13109,2688,615952,73452,115857,292989,117736,16965,3044,516984,78670,87356,249844,91422,4741,535,245321,89623,2585,535,240211,202177,33478,268985,218798,48179,242159,170736,67315,120701228,93924,160776,103242,45849,96603,44352,9210,3838,48101,44791,50295,47036,51780,58432,53595,48928,48651,49611,57090,58570,55163,42469,31866,21987,15843,15589,12816,9997,6580,6277,8604,7861,7341,7565,8358,15115,21541,30687,27452,19691,27035,30359,383696,416101
NY-06,776388,196383,185589,45607,351236,12543,1530,734975,194475,185515,48702,310130,9928,1802,634315,165674,145591,36621,287782,9531,1167,439285,153643,94030,27138,160230,2488,320,24489,155468,1356,320,204296,138810,58693,239391,152917,83783,216043,113521,98601,70907154,96905,136208,66897,44435,128791,60970,13997,7889,43298,37734,42681,37518,35761,50612,57463,52689,48742,52020,51075,55390,51195,42349,34917,23699,18427,17507,14674,9927,9411,11448,11046,9631,9415,8011,8916,18621,23812,33866,27123,20730,26479,32483,366643,386434
NY-07,777321,300875,281653,93939,110233,19585,2303,747011,291992,264721,96698,105331,16105,1436,630471,247835,221466,74348,92964,15556,1832,485283,213595,152300,54054,60199,2896,248,49253,55533,1010,248,216665,179710,28988,255803,200694,51629,239239,169426,63187,53859306,84239,122815,63262,31121,145682,60754,12837,5850,48876,38296,40101,36313,51868,86181,86591,67133,52284,42471,40764,38148,33279,26789,21377,12877,8743,9910,16556,12118,8988,10047,9145,8987,8155,7141,7887,16887,22672,34618,26398,21811,30657,43200,369525,372476
NY-08,776792,205024,129881,395767,70944,11521,1797,759457,200512,128977,379808,69172,9172,1414,620491,172945,97123,310559,56373,8956,1406,525541,152695,79996,251937,35898,2740,277,245520,31892,790,277,246311,202657,37796,271884,218107,51239,247784,184450,59167,69480118,76328,159099,74273,41067,122751,63583,10889,5727,46572,44559,47678,42766,49246,65687,65846,57257,48001,47235,46041,47471,46584,38788,33560,23206,16221,17826,26160,20455,13488,13088,11554,10289,9452,9395,10215,18269,21486,32592,25409,19447,23958,36465,358020,426524
NY-09,776540,236831,93471,378314,80652,9881,1299,741838,226198,88105,362910,75308,8973,900,608208,181463,70845,304475,61291,7690,1023,492100,160585,50979,239803,37490,2583,246,233823,34242,645,246,242771,196749,39611,276122,216386,57127,256640,186285,64977,40586471,76493,136607,79005,37212,122675,61764,13714,6648,50073,43325,45512,40847,44188,64918,67517,52972,49329,44608,45269,47008,44905,39139,30794,19216,13939,14490,18910,18418,11305,10916,11042,9834,9956,8983,9812,18662,23396,32978,26436,20257,23320,32860,359357,398692
NY-10,777265,358644,152432,56968,209167,12897,1974,729100,353816,143141,55931,173406,11123,1341,613897,284060,118222,45121,166903,9968,1682,472867,259548,82573,33595,93036,2498,86,30218,88278,1107,86,235620,190440,36030,260436,206123,50829,250963,183109,62120,39021011,94351,83855,40372,18680,155527,82417,27731,12025,50258,44646,42818,38072,44933,66002,72863,60407,51818,46374,42050,40944,34778,33054,25609,16433,11425,13195,18072,15006,9689,9657,9118,7946,8072,7379,6891,13610,17344,25659,20475,17115,27862,75162,363808,371871
NY-11,777314,406318,141953,70231,164654,12398,1243,759310,394402,145205,70616,156719,10490,1048,613206,336215,100895,50637,127733,8889,959,515019,304537,80141,38372,89216,1757,146,35228,85458,736,146,249969,111585,130237,298447,136142,158655,274905,101600,168162,166763174,78742,147123,77173,37901,118423,59299,13260,5441,43757,44270,47760,45371,44812,49758,52436,49773,49867,49053,52003,53131,51417,41444,33698,22381,15872,16550,13973,10818,7791,8276,7933,7636,6557,7733,8237,16941,21116,31288,26780,21247,30739,40862,373054,390299
NY-12,777328,516413,81692,47488,127263,6541,2527,714534,468742,78040,45851,114760,5421,1419,686113,462564,69928,39990,108909,5441,2287,551144,394780,56766,29775,65705,2433,317,26428,58952,537,317,322848,267845,41543,339491,287584,46867,335021,269655,58613,24403474,20127,36777,39256,15773,222223,141834,62845,30244,29037,22085,21909,24194,38903,79612,79935,57505,47318,43382,41443,42929,39893,36678,35608,27084,18261,19431,18566,10747,7135,8551,7274,6994,6746,6109,6532,12679,19433,30216,32018,23883,41640,140222,337075,368132
NY-13,777016,158197,366667,256416,52929,21650,2477,785554,161020,366026,265274,53214,24563,2678,637814,140383,289198,206040,45111,17378,1964,529293,132932,213674,148009,30473,3397,124,139823,27243,633,124,284150,261326,14649,291478,258630,29630,258283,209220,44731,28238578,119204,120796,84011,28637,124318,74125,19968,14029,46519,40471,43578,42708,57700,78607,74398,66253,51006,51074,52314,48309,45460,37701,29107,20648,14882,15334,33089,26306,15806,14995,13632,9631,10321,10269,9831,19683,25059,32143,23543,16454,20017,36891,389872,426197
NY-14,776213,112779,437949,169650,95705,27386,2562,718740,101086,411064,161359,85917,21062,3699,600984,95974,329935,128143,74615,20624,1922,421358,79199,211309,81225,45687,2446,835,78722,44528,1068,835,195761,159441,31448,215505,164309,49135,187716,118005,66595,75674244,123987,144456,74089,39992,74951,32231,5724,2841,46732,45074,48706,45901,50054,59046,61691,52285,51155,44004,45901,45807,39186,32152,24643,18096,12354,11946,20867,16180,11046,11587,10745,10351,9469,8754,8569,18968,21713,29826,22389,16151,18154,17375,366004,368729
NY-15,776792,63482,421203,331816,30661,22176,3091,749585,64167,403385,328652,25936,23681,2244,589072,53729,311777,249177,23944,16364,2334,456452,50027,223593,166070,13136,2606,215,162180,11877,1208,215,207791,188381,15198,221255,188935,30404,187160,138576,46521,46786922,130318,137829,84391,38673,66698,30026,6719,3529,52763,51436,57212,53670,54555,60759,55943,48924,50416,46779,48190,49316,39164,32790,24442,17062,12287,12109,32209,29600,15650,15094,13393,11617,11957,11960,10448,20821,22947,29576,18010,12527,13591,13373,358200,409617
NY-16,777544,307896,225220,196463,61081,14414,1332,775114,305046,227926,199921,58825,11504,864,607117,252116,164334,153697,44671,10690,1011,530521,245762,128304,120610,32207,2554,118,115468,30028,851,118,306577,215120,80681,333967,239637,90976,325678,215597,108087,319473674,65566,106573,73280,37814,126889,86744,28954,10976,42562,45154,48149,51928,48654,47050,48278,49085,51643,51212,53886,52123,49126,39113,33790,23764,16458,21272,14786,10435,7826,9300,8150,7131,7377,8175,8619,14103,19676,30224,26603,19774,28532,68161,371670,401577
NY-17,776877,500728,154127,71255,47457,10520,939,777781,491327,162730,76847,46997,8860,520,585044,385081,107469,54663,35159,7582,690,532276,377958,79642,43773,28141,1807,99,40861,25524,344,99,345216,179559,151473,387072,210636,171384,389465,194593,191966,2138950277,47992,102931,77403,37988,132288,84969,22852,11069,49964,49092,55331,53401,49544,42123,40466,47099,44103,47897,55558,54871,53439,40933,33229,23432,15993,18349,7924,4918,5990,5844,6004,5737,6279,5236,5847,10928,16368,26734,23863,22457,32456,71486,385872,388952
NY-18,777256,488787,141731,104247,30976,16587,1184,785889,489045,152683,108340,31196,15841,1295,605240,400466,98080,75381,23379,12099,827,576187,403489,86194,64341,17301,3395,140,58199,14200,502,140,317431,151033,150312,362416,192138,164164,368775,186753,179648,4687549752,49182,147315,95630,54732,99219,61929,10500,7610,43468,44750,50211,56854,56877,48309,47163,45797,48385,48112,52951,54504,53867,41209,32654,22743,14144,16297,12798,8571,9410,9107,8505,8842,8726,8011,8443,16981,23103,32254,30738,23683,32698,40361,387221,391074
NY-19,777289,621187,52095,50432,34697,16747,1218,774887,622370,56023,48525,35389,10300,815,636475,520308,36985,35163,28168,12688,860,612755,527786,33527,27617,18485,4104,202,23379,15698,486,202,342773,159895,159739,381268,198815,174017,382099,196707,182006,21114160850,48117,157016,86762,61653,93509,61223,12411,13730,34642,35644,40738,59539,69569,43956,42230,43538,41314,43120,48591,55435,57540,49992,42363,28173,18138,20013,17420,14299,13183,13004,13511,11597,11786,12143,12315,23485,30903,39560,30976,20448,24101,25339,388781,385754
NY-20,776404,561367,49430,95632,53702,15812,1440,782010,573759,51384,93972,53672,8421,1395,624558,471354,33654,65424,39659,11756,1003,605512,486985,32308,56360,25288,3574,343,49517,22361,442,343,348283,182550,141758,390115,227925,153168,380518,215139,160782,4096656426,38632,126107,85035,63693,119998,75467,15070,13230,38126,42025,43235,54242,63765,51584,50913,48881,46289,45644,50769,52829,52427,43405,37245,23986,15269,17994,14141,11064,10133,9714,9327,10377,10981,9757,10228,21436,29031,42586,35108,27341,34543,36103,382141,396487
NY-21,776946,681718,30039,27314,9884,22320,997,771564,683924,31784,24597,10833,10566,810,623536,553264,20959,20397,7149,16777,681,612361,564251,19693,15503,5319,6820,367,13056,4052,3360,367,323049,120645,179623,365773,151633,206650,366193,145426,218962,38632053765,57302,187811,98554,72171,78446,47265,7906,5133,38161,41309,43277,50309,49805,44270,46819,45987,43533,45711,53192,59282,59633,51344,41381,27203,17312,18930,14512,14051,13798,13764,13178,12642,11923,11969,12187,24266,31713,43967,33887,21944,23314,18890,396580,380878
NY-22,777331,586033,45203,93621,37195,17399,1106,766302,582490,47042,90476,36798,10927,1152,616248,485357,29893,61831,26377,12345,740,586577,485899,27013,50707,16202,5436,136,43842,14417,1661,136,329355,164657,143661,370808,202901,159521,360624,194052,164353,6607337175,51737,145144,89725,68225,96557,58162,11643,9027,41659,42937,46955,56088,53904,48165,48968,47068,43050,42739,49951,51416,56879,45338,36221,24587,15879,19950,18000,12188,13334,13085,12116,12582,11391,11207,11966,22703,29890,40295,31540,21062,25192,24304,379373,392381
NY-23,776864,686581,27739,26015,12450,19111,781,769583,687092,28711,25915,10854,10364,857,617587,555561,18082,17262,8698,13534,548,605707,562227,16970,14646,5257,5949,244,11798,4057,2661,244,358033,123050,214110,401715,159300,234019,395201,153757,238227,17739557666,43079,178517,93747,75435,88084,57321,9455,7145,39292,44294,46157,49388,44435,41076,44682,44910,42242,44438,53177,59721,62534,52189,39996,27812,18694,21312,15097,13563,12647,12947,14470,13057,12957,12398,12584,23502,31677,42447,32966,22519,25775,22666,387783,388566
NY-24,777088,677323,33028,32960,10448,18059,1282,772367,675069,34835,33291,12256,9114,1520,615987,545923,22128,22435,7303,13270,831,604088,552857,19672,19347,6183,4641,305,14901,4453,1227,305,329428,110693,196435,369272,140037,220646,367750,136884,228535,20366775771,49236,182251,101253,73422,78806,45397,6719,4476,41843,44174,46550,50945,53229,48706,47092,47174,42629,43799,51518,58823,57621,47067,39067,25783,15519,16763,14981,11325,11252,12038,12693,12854,13315,12377,12545,25510,32371,44805,33544,22513,24780,17509,394048,384254
NY-25,777280,521886,73443,137937,40518,12347,1122,771642,525949,75951,131930,38782,9068,1149,618986,437991,48927,95850,30486,9023,769,593978,443247,47377,81170,18062,3418,91,73128,15587,479,91,357059,192632,141135,391957,231412,150628,376010,220624,151167,1796875999,45826,122003,85803,64563,120280,73055,15553,11030,41008,42245,47350,53134,52288,53036,54065,49651,42790,43545,49572,53933,52330,42894,37394,23570,15889,19443,16191,12853,12311,12576,13486,12283,11608,11695,11621,21632,30597,41671,33045,22185,28564,29587,376122,398015
NY-26,777042,501271,56541,161861,50785,14247,891,773507,509830,58647,149443,52323,10773,759,619027,424276,37483,113766,36683,9997,647,590421,430145,36566,95853,22364,4879,120,89139,20147,1474,120,321345,181455,124923,354415,218419,129542,339741,199999,134670,681156366,49337,143980,99759,61628,104493,59774,11372,9766,42465,44576,41889,49722,55458,59269,58335,51287,42015,42300,47232,52107,51431,46078,33301,22346,15239,19169,22964,17921,14161,15925,15010,13582,14142,13759,12688,23531,32526,42866,31846,20336,22518,21207,375339,398880
OH-01,786375,478825,35498,227048,31785,13614,1411,785668,476035,39042,225100,30270,15952,1476,612103,394749,22454,160931,23691,10000,939,581592,390966,14928,151578,13792,10028,381,142493,11254,928,381,386202,211649,157288,406394,240953,159217,384263,227747,152721,814844222,41626,133516,95188,42200,129848,60293,16255,10821,49337,46782,52391,52880,52292,60396,58510,53223,43120,42729,45856,51702,49588,42405,31248,20477,13768,16726,22982,14988,12949,13513,13074,14274,12695,13104,12092,22051,29656,39596,30091,22016,25569,32940,380510,402920
OH-02,787238,720544,11368,27013,5803,18596,710,786973,725611,12419,28628,6642,10442,857,610776,564121,6975,18744,3859,13882,437,608500,572082,6730,18299,3297,6766,199,14141,2362,614,199,338491,87143,238170,370086,93617,271633,370844,89387,278716,22115046963,67494,232751,102503,49334,62292,28001,4284,2460,43496,46926,51240,50992,45884,47679,46757,48112,49734,49800,53601,56702,55697,46581,37103,25416,17717,14219,16370,17066,13597,15044,13353,13261,12632,12766,12773,23722,29762,40951,30308,19967,17689,13171,397775,389881
OH-03,786120,376779,65435,297210,36511,18331,1176,800650,377257,70455,309533,39112,14621,1478,586615,309941,41235,200358,25655,13348,800,551495,311799,23151,190469,19423,5613,277,178003,16961,417,277,308261,194751,100614,332002,216978,109737,310534,196616,110835,888453638,63842,166901,112504,39443,95359,36683,7172,4656,57806,54361,55903,49259,45768,63829,69445,56910,54173,46436,46940,46558,45385,34882,24919,16316,10549,10205,16541,16198,13281,12309,14313,14416,14829,15285,14244,27512,32840,42733,28976,20124,19060,14437,386375,403269
OH-04,786229,701169,20764,31343,12634,15789,816,790537,707535,23217,33670,13053,9005,926,609303,551874,12841,21120,8389,11355,520,607445,560579,12905,22092,6083,4633,317,16142,4280,434,317,359637,102636,239630,401364,119269,275820,404226,118734,281996,14151661162,43863,215122,106844,49196,84581,35520,5870,3725,43917,48381,51141,51365,46845,45974,45940,47853,48911,49486,52032,55150,54950,48465,37306,25981,16710,15987,12501,10705,10668,11622,11520,11778,13218,12885,12612,24796,32809,44016,34325,22419,22306,20279,396130,390264
OH-05,786530,696428,30249,32450,9574,14496,1429,784479,697653,32228,33303,10885,9428,1355,602828,543871,18998,20107,6514,10467,876,595223,546708,18880,18546,5023,4955,93,13220,3414,524,93,383539,90015,275808,412206,101257,304636,408772,97530,307746,16848570906,39710,217286,108476,58158,71709,33490,4732,2890,47021,49242,53915,51468,46698,45421,45506,45356,47726,46689,48837,55630,53370,47332,38567,27740,16739,17579,10387,10618,11464,12486,13773,12692,13627,13450,12998,26526,34100,47615,34674,23010,22243,16036,391908,392928
OH-06,786268,708640,17936,31256,7816,16131,678,781602,710150,18957,32344,8178,7031,822,624960,572163,11116,20520,5349,11747,431,615267,576532,9875,19649,4255,3862,98,14782,2962,426,98,379941,122031,241783,410426,131739,273117,396967,121063,272774,12295701694,47265,233291,104085,54948,78328,34317,5996,3401,40699,43946,46993,47837,44185,44427,43497,45299,44713,47542,51462,59069,59071,53374,45054,28312,19499,20376,15185,13647,13572,14293,15849,14630,14012,13209,14061,25042,33581,45765,32334,20537,19418,15232,392259,393096
OH-07,786877,636837,55598,55416,26687,13444,865,785230,626534,61266,63583,27975,8528,947,630872,526281,36897,37415,19383,9930,601,611501,514641,38951,38611,14906,3649,69,32214,12198,510,69,378304,183974,177417,418823,213740,199926,408473,205461,199523,1760733455,38214,155434,115522,51796,124185,56360,13081,6490,41608,43071,46213,46689,45572,51089,49862,46670,47020,47632,52419,55792,55127,51156,39858,26452,17818,20174,13105,12041,10397,11314,12493,12151,12248,11940,12437,25570,33201,46229,33754,23555,27681,30903,386232,397990
OH-08,786199,631188,36707,57374,41936,16729,1370,798371,637773,40443,61828,46131,8181,1523,599060,495400,22559,37761,28931,12112,861,586055,506313,17163,37113,20194,4223,192,30378,17060,300,192,364927,112414,236020,406869,141781,258981,409062,141227,264062,2729578636,37260,153933,96114,43923,118785,54282,8224,8945,45357,51045,55384,55506,55959,45543,47650,50867,49927,50180,51826,51551,51707,42138,32458,20915,13071,13633,10548,7401,7097,9245,9010,9773,9064,8896,10322,18025,27431,41585,32568,24479,31292,37014,391235,393482
OH-09,787044,584993,54456,117738,15669,16314,720,781929,581738,57107,118610,16075,8751,843,617295,478708,34727,79725,11480,12019,483,602807,479321,34590,75936,7746,4046,302,68636,5864,496,302,369596,179149,169299,384853,190653,187590,373294,179249,190474,5889625252,42511,171556,115438,54850,93518,41007,8521,5936,44545,46186,49720,54620,56469,51819,50118,46158,44432,45216,48024,53597,53473,47477,36745,24019,15898,16351,20793,16075,12751,13840,15419,14015,14426,13559,14252,26335,32973,41845,30844,20434,21125,19911,386056,398811
OH-10,786541,556957,30734,154767,26093,17973,1439,786748,562646,33344,154551,25940,10185,1691,616120,453564,19897,109563,18958,13356,954,598180,458281,17093,104067,12269,4676,194,94919,9085,275,194,371400,166868,187152,390204,185351,198180,377117,175734,197602,2802833454,45184,149642,123698,53775,94869,53995,8955,7383,45597,46824,48545,52996,54212,53984,51491,47548,44826,43409,48205,52790,52417,44549,38253,24937,17702,17340,18292,15922,13644,13762,13549,14405,14357,13799,13727,23918,32799,43380,29771,21512,23045,22460,383661,401964
OH-11,786587,315428,60546,376059,32451,12125,1094,773513,313392,61195,368789,31580,9493,1394,619846,271283,41722,278235,24917,9050,777,589071,268908,38874,261371,15285,3593,164,252091,13010,422,164,362065,279895,72539,361189,276395,81129,323535,243404,77838,687267641,61810,154175,114496,42907,92168,48804,18694,10285,44274,44969,47437,48458,52732,57773,55155,47806,46089,43487,46618,52960,55827,45764,33690,23922,16057,18200,32968,24895,19741,16725,17521,17135,14523,14986,14856,24069,32222,35921,24021,16186,17866,22330,371182,410036
OH-12,786751,708104,13633,32124,12795,16685,762,792370,715989,14934,33343,15851,9226,868,607980,553642,8756,21152,8972,12332,536,607544,564354,9229,19686,7708,5261,259,14527,5780,443,259,347190,110877,220186,379520,122198,251510,377220,118511,255508,15384469830,57909,196387,98049,48366,79094,36840,5735,4560,44670,46841,52458,57748,57015,45766,46214,44764,46956,46587,50060,53525,53612,46601,35996,23860,16388,16624,13993,14013,12333,11917,12369,12226,11522,11712,11502,22213,29009,41571,29810,21014,22362,18328,391236,394449
OH-13,787201,587225,21482,127006,32467,16659,877,783404,583817,24061,129149,34497,9763,882,626332,486778,14023,87751,22899,12240,556,606191,487408,12746,85529,15655,4785,146,73942,13321,430,146,367186,187784,163117,397437,210310,181476,387500,200625,183331,1570699536,40907,167117,112699,45793,111813,51149,10007,7464,42557,44794,45618,50239,55877,52875,50209,47273,45781,45222,50326,53699,55888,47189,38830,24986,15368,19269,17662,15985,13495,15112,15307,13730,14002,13605,13091,24178,31813,43749,29406,20977,24812,25559,382524,403476
OH-14,786540,649029,32348,76718,9780,15344,716,783160,645714,35267,79836,10175,7616,1123,625693,530504,20374,53319,6996,11047,504,614455,533085,20236,51127,5088,3541,160,44789,3367,369,160,375754,160460,199421,407474,175118,226943,395081,162845,228941,6203126089,52578,204777,112694,47093,91525,36567,6474,4183,40048,42930,47978,49466,48684,47042,44347,43705,44132,46750,52532,55541,61014,51582,41806,28858,17977,20602,16846,14765,13077,13746,15054,14098,13590,13849,14819,24841,32476,43066,31385,20930,21118,20068,389577,395417
OH-15,786948,601989,34554,60970,75302,12159,1118,795659,594070,38805,72106,79949,6785,1845,617779,486013,23454,42283,55131,8693,797,580474,477023,19289,44958,35012,2672,182,38287,29544,321,182,387680,204518,162561,441533,259806,174939,438129,255566,178049,1681087626,16231,73969,82429,33597,187689,89518,24249,15288,45471,46716,49796,55183,59932,65168,61287,58067,52709,50419,47243,44771,40781,34402,29555,16451,10080,12009,10436,6000,6249,6992,7429,8058,9502,9342,9503,18181,27722,38604,35208,26994,38639,57126,388076,391964
OK-01,791763,450219,108659,96652,33398,117397,2232,810125,475165,117386,97769,35863,101926,2482,598274,369587,67822,65169,22578,78701,1356,568211,387412,43541,59965,16754,61895,320,51048,14073,30262,320,294858,99925,177613,319472,123568,187720,313161,121390,185165,3198044918,51622,139029,119334,47457,110211,39402,11636,6317,52095,53695,56749,53858,51828,55640,55698,54946,49806,47446,46048,47608,47012,40108,32209,21583,13553,13367,16667,11398,10386,11757,15288,12381,12769,13146,12541,25875,29989,39719,30305,20463,22403,25081,390276,402973
OK-02,791136,477522,43126,38931,9787,232754,1965,802895,499160,48787,41068,12321,212217,2592,607835,396960,25783,26138,6553,155126,1121,605089,411178,22177,25084,5868,139220,425,19147,4666,92471,425,300465,68889,218138,320874,72558,242342,324854,70365,249318,54565742890,69502,199581,119225,47266,70784,25416,4288,3453,47278,50760,54515,52982,50817,48480,47631,48571,46122,45955,48310,51638,54022,46819,38676,28846,18849,15596,18841,17318,15481,17002,18654,14995,13957,14058,12775,24797,30803,36590,24168,14843,14316,12081,397688,398179
OK-03,792029,560778,81308,43955,21013,88732,5087,805194,573746,88212,47814,24729,78036,4689,598514,445143,50888,29282,14413,58491,2858,586427,456763,42752,28010,10910,46324,886,22505,8300,21372,886,304760,64749,222665,324538,76620,240605,334830,83022,244390,85986432473,50541,159215,112935,40972,99835,39894,8364,7657,49099,55500,56616,56879,57626,47106,48679,54038,49316,44946,44904,49966,50271,41411,35871,23472,14466,14941,14990,12287,11325,12278,13796,11541,11770,10860,11281,22913,27503,39484,28845,18621,23826,24660,401564,393543
OK-04,791718,525369,77070,58051,22563,120343,2944,814934,550585,86160,62597,25086,106788,2521,597578,419012,48278,38385,15879,78570,1834,603905,442962,46046,37164,12812,63437,727,29402,10382,34689,727,287018,65522,206008,312218,79781,225447,328310,83993,238328,32857616599,55394,179389,123677,42220,87288,33430,6480,4377,47857,52854,57088,54124,50310,51686,54015,56070,50765,48307,46342,50290,49983,41338,33246,23287,14621,12302,12829,11544,10547,11811,13628,10741,11654,12432,12397,24196,29817,41075,28717,22394,21441,16942,399680,394805
OK-05,792707,393300,161768,145109,36853,74605,2798,795486,404004,170259,143202,37228,67180,2722,608497,333152,102850,99935,27912,52304,1822,559038,343163,68090,90948,19961,36272,286,80388,15917,15113,286,265891,121290,124712,283597,151363,124166,265015,140831,119013,1056353585,62634,129940,117390,39214,97621,39271,11389,7625,51137,50445,52373,58337,74400,66434,60359,53946,47212,42194,40985,43509,42268,34492,28824,18608,14116,12150,22664,15047,13144,15269,17208,14336,14708,15770,15595,28521,33158,41469,26736,16982,16086,17026,391270,400519
OR-01,706185,458329,117912,21656,81614,26183,7091,712219,457320,123917,23914,89030,22209,6714,551023,378267,77812,14137,59335,19065,4765,510630,383400,59522,12253,42196,8441,2173,8971,33625,2074,2173,318357,165167,114425,382405,227818,141067,361123,210809,135792,10326664340,40367,102010,113601,44370,117304,52477,10235,12976,37856,41715,45985,43868,43857,49777,53922,51875,50742,45625,43935,42192,44038,38437,29660,20550,10407,12180,8540,6314,6970,7011,7007,8223,8386,8528,8140,16348,25039,37149,30262,23225,31435,37122,355121,351500
OR-02,706373,532160,102686,10535,14989,41862,4948,709999,535415,110116,11102,15138,34658,4302,558086,439106,66264,6642,10539,30275,3212,538644,448767,53870,5999,7757,19320,872,3444,4095,7196,872,322929,100277,191390,379360,136744,231666,365011,126094,227475,185699111663,53858,149104,135940,48791,72945,29970,7613,4214,37686,40475,45664,40754,39615,42737,43729,41978,41857,39446,39473,44597,51201,51276,43106,28255,16668,18112,14031,12564,12303,13062,12351,12289,11339,12964,11903,22223,28467,38466,25999,17394,16740,15810,356113,350516
OR-03,706244,466023,82808,55824,75747,25223,8078,693393,452851,87495,57795,76131,21662,8182,583105,402739,59030,39930,58985,19595,5659,543114,396483,48706,35668,47429,8925,2361,29076,38115,2294,2361,355765,272016,50191,410573,338220,60728,367938,301492,50608,551992585,36529,80905,102465,36556,159371,71741,23047,13212,31855,33867,34260,34412,39891,63060,68774,64726,57327,50197,44754,39003,38219,35193,26612,16313,9205,10443,14065,11686,8542,9043,9001,9173,9494,9814,9161,19022,25169,38740,29582,25453,31237,44220,348623,349488
OR-04,706655,552310,67981,14330,31526,36092,5210,712917,556683,73607,15539,34470,31643,4845,579871,467598,46073,9544,24556,26732,3579,568595,480293,40996,8214,18254,16791,1240,4804,11776,5237,1240,351328,172004,139948,408307,225864,168966,390299,213668,162065,24199721544,35286,114476,132502,47030,94285,46039,10514,11770,30904,34311,37115,47787,65061,45386,40707,41413,41413,37077,39567,44393,48389,50059,41930,27341,16615,17612,16580,13865,12471,12706,11703,11802,12776,12683,11193,23291,27891,38717,28756,18393,20792,20348,349464,357616
OR-05,705893,508957,99645,19898,50026,25059,6735,708596,507843,103429,21020,52673,19479,7200,549469,414973,65058,12572,35363,18200,4451,521176,419939,48874,10045,29451,8460,1564,6730,22918,1864,1564,337638,165749,134016,405992,226780,166137,381564,209517,157534,7014227981,38329,107993,119714,46536,119453,46348,11726,7350,37840,42448,45580,42956,40221,42864,46948,48549,49986,47115,45830,44112,47310,41914,33641,21054,13376,14750,9246,7018,6675,7034,7360,8030,7829,8170,9013,17000,24513,33239,30756,23205,30165,38555,351140,355354
OR-06,705906,518379,117725,12449,21394,31307,7647,717169,525872,126034,14245,22858,29536,7622,549098,423592,75157,7630,15007,22864,4853,529393,438820,56131,6280,11590,11808,2055,3869,6954,3048,2055,314015,126523,151666,386403,184464,189138,378558,179020,186006,20836708751,48933,119574,130361,49707,90827,36456,9064,5222,39615,42498,45717,44152,42313,47131,49380,47990,43973,42219,41344,42944,46614,42903,35973,22083,13104,14486,10992,7981,8203,9902,9903,9467,10793,10305,10232,20863,27901,38443,29466,20628,22138,20802,352880,351559
PA-01,765100,610698,46346,41333,55314,9125,770,766943,606115,50738,41436,56903,5782,815,609280,500837,30306,28468,40411,6572,535,587085,498600,27595,25594,31788,2193,85,21839,27502,294,85,405026,199166,190510,467632,245349,217371,473818,238568,230669,1698913551,29769,148100,83790,45129,142510,71284,14667,11079,36345,40514,47169,48035,44895,41078,44310,46801,46054,48234,54258,61564,58219,47815,37002,24752,17589,18651,7748,4938,5600,7222,6837,6899,7500,6815,7765,15717,23159,35112,31861,26249,38168,58863,378058,385227
PA-02,764873,287526,188585,215090,80973,11407,1792,746289,268260,193457,211961,81258,15342,1307,592431,245944,131133,154542,62632,8446,1363,510751,222512,107850,132398,43454,2933,130,127536,41061,480,130,297718,218726,72371,311549,221102,88159,294770,198173,93087,166068611,85887,176854,81374,32696,84835,37626,10842,5813,52160,49008,51692,50857,42497,62615,64489,53993,47591,43494,46315,46284,46562,35319,27293,18618,11652,11700,22862,19662,14813,15093,13118,12623,11764,12105,12279,20444,25448,35379,24128,16575,17911,20715,368075,394064
PA-03,764957,235107,44822,427124,59533,11152,1270,761136,229516,46454,433738,55590,9653,1480,628147,212574,33185,331111,50355,8660,969,581478,202043,27131,316332,29930,4369,151,306554,26619,976,151,378761,343422,27655,396161,359943,33818,391107,347004,39426,139676681,49985,135364,92816,29739,111472,66644,21382,14808,42695,39456,40881,46483,65546,81952,78215,55327,40917,36809,38907,39852,42555,36493,26124,18983,12353,13700,34843,22125,16157,13283,15221,13546,11890,12083,10439,22462,30268,37342,27349,15941,21111,29389,353947,403301
PA-04,764163,561437,56252,86446,52328,9886,835,774128,558745,62846,92420,56445,7154,686,602134,458960,36399,61883,38100,7005,571,585188,462331,31542,59758,28413,2445,139,54445,25258,237,139,380510,206956,158879,444619,259114,180566,454484,257935,191774,1749514677,32186,145399,77626,42381,142417,72447,15597,11153,38834,45474,46332,50388,44451,42860,46221,48559,49529,47337,53155,54742,55435,45662,34569,23974,16912,20251,9384,5696,6347,7996,7927,7325,8502,7369,8031,16603,24188,37231,31095,26276,34979,53718,376311,388374
PA-05,764763,473886,37966,181168,65741,8627,896,767615,472277,40526,184488,65130,6925,1119,597797,389876,25246,129483,47664,6143,651,566818,387007,20686,120685,34590,2696,197,114694,31369,360,197,387921,241567,134479,432467,281761,146974,433043,273958,154547,628836618,34137,136612,83218,38951,127364,67345,21311,14481,44070,45494,48708,51974,49328,48988,53954,51739,46998,45589,47658,52704,47922,42240,31845,20970,14330,18505,13047,8716,7489,9056,8609,10872,8650,9481,9934,17496,23995,34425,29633,22284,29219,50236,369354,393662
PA-06,765520,530353,125144,61268,45559,12497,1169,780477,538358,131254,78591,48384,9509,781,588672,428376,82319,43135,30928,8629,807,565360,439955,66233,36175,19691,2097,222,30128,17234,219,222,359408,187591,157029,414057,234190,174920,425359,233943,187060,2472210499,41382,122429,71784,36735,146702,73327,15203,12696,43255,47001,52500,54488,49659,44775,46825,47466,48918,48335,52067,53001,50185,41536,33435,22893,14309,16516,9414,7392,6664,8175,7142,8620,8022,7544,7575,16393,22270,33504,28637,23545,33341,57994,380342,386822
PA-07,764834,524530,146203,66123,29724,11736,1038,775507,520909,161079,68424,30211,10028,1125,606163,440503,98018,44290,21721,8446,729,582670,439784,90105,32879,16615,2237,124,28834,14095,188,124,338993,158274,167921,396465,197106,194636,410946,196708,209856,3024147799,48707,180321,87561,51189,102726,45489,9134,8251,40461,41549,48993,52564,50027,46462,48389,47177,46381,46395,50727,53745,52354,44860,36227,24788,15685,20191,9929,9623,9588,10328,10980,11330,10824,11410,11144,22334,26059,39114,31405,22731,28135,29074,379898,387077
PA-08,764579,570739,100317,69332,20146,12114,1139,768272,559529,115501,74307,20634,8193,1387,615288,481128,66922,47336,15019,8683,747,589482,476267,59175,39578,10629,3144,293,34672,8736,398,293,332074,147902,174033,381018,183423,193714,390307,177192,209541,7182682343,50166,199230,96747,54344,87022,43240,7628,5953,37383,41078,43857,49363,47600,45645,46482,45132,43881,46342,52636,56204,56177,47968,40365,27183,16770,19542,15305,14101,12268,13178,13282,13525,12399,11857,11939,22097,29484,41290,29711,20471,21909,18631,381956,381652
PA-09,764966,670750,44191,26907,10067,11536,926,765687,666214,51829,29906,10375,6847,710,610680,547051,28293,17853,7168,8387,616,603886,549744,29331,16123,5339,2981,292,12630,3839,116,292,338713,95235,230166,387770,119820,262296,399778,121839,274201,15936742402,54323,236646,81100,52184,76970,32635,6371,4759,38514,41988,45740,47971,46368,44463,44389,43497,43231,45838,50778,56139,57125,50705,40853,27572,18561,21814,12975,11537,13205,14101,13590,13086,12663,12913,12342,23995,31760,42904,31197,21096,22245,16399,383442,382104
PA-10,765207,544918,72515,101923,41224,12044,1184,780059,547809,81819,107652,45896,7844,807,601496,449449,47382,69080,29609,8723,796,587996,456588,45112,61202,21277,2759,92,53880,18593,255,92,348654,149901,183757,400392,189557,205024,412682,193718,214202,3239582491,43331,178632,84352,50375,112039,48454,11577,6641,43187,45165,47321,49019,46657,49440,50934,49707,46047,47858,49465,51909,52369,44918,35828,23689,14593,18659,14316,8323,9349,9480,10610,10818,10939,11889,11159,22866,31829,43622,33632,23411,28390,27738,378929,387836
PA-11,765544,626551,70406,41731,21067,10847,896,773332,628947,74166,47577,22084,7372,1889,592017,498581,45911,26815,14696,7743,564,584855,502867,43681,22727,12406,2305,172,18125,10313,246,172,341098,118388,206356,396830,152527,238334,412331,159381,248937,3927683964,61381,188354,80013,42183,97611,42233,7688,5799,45900,46622,52047,50375,46129,48255,48827,45840,44684,43353,47862,50129,51855,45200,35032,25602,18303,20321,8470,7190,7591,9365,9275,9595,9526,10146,9892,20539,31334,43938,35736,25958,26898,26587,378688,387648
PA-12,765164,692262,16756,20640,18698,11456,870,759275,691213,17563,21952,15996,6153,615,622221,564673,12869,16334,15453,8510,654,607703,570445,11489,14706,6923,3476,193,11949,5500,497,193,345392,102089,229750,388449,118532,264620,399247,121016,274872,32949122043,45878,229579,73199,51918,77051,36929,6052,10511,35245,38884,41155,55323,63682,44045,44142,42473,42954,44593,49845,53610,56129,48477,39211,26578,19438,19645,14355,12616,13059,14325,14433,14084,12997,12804,11997,24463,31176,40772,29262,17891,18344,15656,393249,372180
PA-13,764657,690297,27315,23908,7927,12001,718,765435,688591,29511,27095,8865,5968,516,609145,558197,17313,16275,5663,8719,457,602064,563523,15080,15882,4066,2742,81,12479,2745,228,81,347253,82944,252617,401822,102708,294320,415402,106706,305330,18571092893,53403,247490,81931,48894,70649,30974,5863,4392,39542,42966,44023,49001,45799,43434,44674,43627,42541,46593,51490,53612,57251,49149,42409,29311,18678,20811,11129,11649,12364,12975,12445,13405,13815,13146,13006,24235,31411,43886,32599,21294,19970,14738,384395,380516
PA-14,764502,664881,20484,46397,14283,12316,641,761897,667206,22070,47132,14374,6200,580,609642,543197,12779,29598,9905,8871,432,601557,552746,12751,26984,5825,2786,83,22188,4095,376,83,359124,133220,211009,404872,158985,240599,414910,159473,251917,10459562457,40000,208493,83183,53263,98655,42852,7569,6262,39137,41657,44292,51305,47880,43336,45280,45996,41637,44484,50447,54568,58424,51489,39371,27761,17842,19642,14867,14450,14206,15021,15162,13965,12549,12506,12795,23867,30856,40479,31870,19580,20991,19442,379242,385306
PA-15,764209,689731,12455,34996,9019,11121,790,757661,684368,13320,35013,10778,5696,781,620855,569122,8373,23314,6391,8059,491,608110,571065,7806,20508,5274,2647,94,16222,4053,152,94,366024,120828,233527,416931,143644,268863,427670,143814,280070,10370884594,37107,217365,85425,58830,98221,42549,8108,5896,35632,41230,41036,46199,45825,41697,41368,43673,42587,46696,52183,57952,59517,54802,43129,29335,18803,21766,15998,14665,13257,14783,13581,13759,13080,13419,13128,22635,30330,42585,30757,22421,23639,22766,380750,382680
PA-16,765098,620483,18633,80802,30394,10615,754,754243,617121,19587,75931,29122,5757,789,616965,515097,12524,57218,21047,7721,510,590533,513308,11418,51658,11378,2476,166,45564,9352,202,166,400949,198223,187892,454866,241118,208193,456072,241454,210250,2275015337,22670,149651,89780,59288,144576,68421,15943,11666,39721,41599,41797,40252,34844,46954,52844,52103,45628,43729,49065,53497,59032,52332,40453,27415,18282,20661,13488,11329,10638,11931,11622,11122,11950,11123,13051,23179,31340,42619,32671,24815,31667,38018,371360,388848
PA-17,764564,559268,21225,129846,41729,10684,844,760683,560191,23561,129151,39265,7938,618,630615,480445,15286,92329,32928,7817,573,604451,482139,14402,85986,18334,2972,122,78406,15740,299,122,388073,221724,153352,422449,251596,166035,421813,250227,167496,1090197105,30882,158225,87536,57293,123535,61973,14833,12613,36490,36251,37856,49556,56879,60247,59844,48740,42477,40002,44403,49680,55095,46628,36041,24319,16826,22581,21547,16543,14700,13287,14780,14119,13894,12511,12489,22957,31364,41017,31943,21885,25996,27686,372770,391145
RI-01,548989,297602,144424,78246,26521,13905,1517,549657,296236,152212,80443,28055,11798,1782,438571,257724,101069,55830,20628,9928,1105,390928,258330,72504,41235,14043,3892,540,36186,11823,889,540,202186,131806,57818,220956,151728,64951,215896,138694,70957,465518418,51265,102329,61383,26494,77010,37870,11291,7989,28987,28642,32099,38585,43010,42618,42248,38219,30749,31856,34121,34108,34735,27738,22229,15417,9433,12148,11590,12282,8372,7987,7574,7764,7295,7159,7673,12946,19110,27691,21045,15590,18135,21195,268759,278183
RI-02,548390,456448,37677,21679,21929,9452,814,552144,453203,42703,27746,21770,8192,563,449023,384711,24919,14536,16318,6719,550,435754,383904,24339,12733,10727,3636,192,9342,8756,582,192,261958,120719,122725,296801,155758,134971,297458,146438,143441,2212240801,30670,104882,77517,36919,88477,42941,7981,6266,25185,27427,27859,35883,35289,32785,34123,32503,31582,32434,38804,41303,43718,34937,28000,19256,12566,13654,8092,7414,6753,6367,6157,6594,5280,6164,7046,13337,18244,28283,25323,21038,25037,27682,268462,278846
SC-01,730858,460712,64713,175823,18345,13122,1468,753933,474975,66877,186727,18460,11884,1276,584197,386517,43167,131565,13475,9731,1006,579597,400707,26662,136595,10034,4207,232,130967,7666,535,232,309380,147130,144923,381170,196838,178038,384930,185669,193338,8846154929,40144,116089,98215,47512,136363,60311,17165,9490,39603,38738,41921,42522,45539,52059,52495,49369,44105,41110,42609,48479,49341,45354,43002,25493,16685,15208,16085,8142,9924,11382,10050,10823,11106,11364,11365,20625,28466,38295,29616,21019,24503,37811,358892,374740
SC-02,731537,374249,44307,282068,21471,14948,1438,745480,377315,46434,292573,24046,10449,1416,575032,311119,29679,210090,15968,10864,1007,566348,312177,21234,215425,11274,4940,200,209573,9330,1025,200,304394,161301,128941,354013,198633,150092,344336,184916,153973,8011713163,45613,124384,104111,47886,99229,48555,10485,8306,40552,42981,45048,52633,58841,50925,49467,46228,44481,45026,43527,44859,46090,39569,32633,20769,12372,12616,19887,12168,11942,13241,12201,14432,13498,12144,12388,24107,29570,37099,25403,16925,20078,19602,350959,377658
SC-03,731678,488964,49555,166327,12516,16500,1076,752896,498366,54953,175136,14041,11877,789,569263,395914,31565,121638,8578,12326,717,568061,406995,21506,126020,6793,6068,152,121355,5087,749,152,306156,97010,196286,354953,121359,228534,357851,113246,239954,14495071026,63014,160709,101316,54205,84707,36702,5977,5654,40153,45287,48679,47317,42936,43542,45336,46620,44290,45655,49477,50349,50531,45427,36226,24584,15279,14962,17131,14045,12233,13269,12810,13087,14300,11577,12025,22811,27602,38271,26605,17667,18849,17333,360451,376199
SC-04,730590,525832,61600,111390,15747,16821,1114,759526,548626,66974,111194,16151,18519,1599,573966,428537,40210,80522,11745,12644,714,572913,448955,27055,76736,8831,10462,206,72158,6685,1544,206,292943,86282,191548,351030,116933,227920,365220,115024,244727,5892023578,58539,134399,93538,50350,100581,44174,8625,9127,40263,43771,44551,52155,52611,48996,47008,44500,42895,43151,46260,48439,49641,41371,35680,24125,15693,11610,14730,11979,12222,11455,12371,13449,12698,12357,11457,21905,29246,38382,27956,18052,19770,21804,360002,372718
SC-05,731367,500933,55904,132943,27596,15437,955,768332,520478,66889,140331,30060,10190,1342,557516,395854,36164,95402,19008,11149,601,556068,409493,28144,96996,14766,5397,181,91766,12290,649,181,292123,93849,184569,357255,127882,223800,368637,123970,239530,6051624021,50117,135818,100837,50676,102018,47290,9113,4805,43518,49195,51359,48513,42211,45740,47989,47304,49753,49327,49210,47781,44878,39708,32590,21660,12050,12661,14884,9643,9927,10656,11336,11461,10309,10301,10173,21563,27434,38223,28366,19187,23301,24759,359556,375891
SC-06,731125,321030,24687,365276,10257,13931,1105,728179,314671,28480,367709,10327,12143,1007,573196,263803,16765,277153,7486,10246,736,558253,256896,13981,275415,5077,7288,317,268248,4169,2078,317,320173,176826,135679,351018,194748,152814,325555,166516,154693,26067236178,74797,181013,95938,51704,57492,29131,4255,3764,41539,43196,48152,51959,52657,46957,44528,43452,41063,41812,45596,48845,49872,46652,35708,25062,14604,13943,26259,19437,16916,16324,15356,14058,13278,12932,12384,22042,25083,30946,20114,12105,12999,9601,357253,378344
SC-07,731270,506832,52072,136701,17734,17352,1581,787879,543552,59769,152274,20410,11645,1489,581290,422231,33574,98286,12572,12769,1065,608389,456847,26677,106395,11438,5927,444,101405,8751,1194,444,277858,92975,173443,363890,135148,223905,401611,139111,257532,8502309673,46979,159143,122220,55285,93950,39434,7147,4920,37653,41088,43553,46693,42042,43796,45222,43011,44880,43539,46721,49286,57382,53205,46772,28918,15033,11293,13707,9949,9211,11210,12447,13113,11643,11641,12451,23167,31376,40567,28525,19895,19936,18181,362906,377181
SD-AL,886667,705583,38741,26307,18489,98842,1642,907428,723729,43777,31223,19865,90870,1359,669255,556081,23855,14956,12406,60618,1033,669623,575877,18042,13179,8950,52500,267,10010,5990,41126,267,370111,117466,227731,422609,150471,261043,428922,146859,272081,196345992286,43062,176062,119000,72002,123313,38604,10123,6821,58085,61037,61942,59867,60424,56612,57287,58909,50917,46878,48508,55757,60140,52001,40002,24697,17127,20152,14690,12855,12452,13265,14251,14508,14089,13529,15433,28468,34196,52841,37591,24253,26048,22713,451671,438671
TN-01,768022,683006,30756,24574,8237,19112,1030,783488,702196,34322,26355,8974,9427,1273,616574,557438,19177,16707,5929,14894,675,621145,577461,15042,16960,4996,5672,213,12943,3453,489,213,276695,54015,211987,332683,71777,255882,346745,69310,273993,12418786777,71098,205004,111600,44034,75142,31293,8323,6037,37272,39645,44338,47287,49230,46923,44158,42587,44300,49963,54058,54766,56712,49820,43736,29750,20023,15762,18538,19206,18824,17636,16803,15832,15294,14697,14802,24606,32014,38528,25450,15092,14274,13140,380758,389572
TN-02,767907,621585,45185,58931,20078,20836,1051,788830,644868,50257,61523,20678,9372,1268,607774,506134,28635,40504,14838,15865,721,601071,526952,17816,39777,10066,5184,343,34379,7734,533,343,290384,88875,184119,354981,127718,220060,359747,122939,231638,4818766137,46000,153033,107777,47226,108327,45287,12986,9901,41187,43271,46629,50139,59543,52273,49208,48914,45546,47517,49481,51372,50431,43202,37985,24965,15494,14167,15334,12953,11174,12764,12729,13423,12936,12408,12952,22699,31837,41572,32299,19520,21364,23208,378766,392558
TN-03,767662,596239,49004,85199,15077,22131,1039,792313,615424,54883,89514,14804,11378,709,608176,487001,30894,61417,11014,17004,649,607532,510577,19813,62683,7981,6288,107,56588,6633,419,107,292598,84301,194087,354376,113456,234361,371829,112526,254493,9345640616,61186,165186,120853,48205,96076,40232,8945,6742,41520,42510,46592,47097,45546,49278,48826,48188,43609,48484,51289,52724,54540,48013,40978,28294,16875,16309,14146,14724,12034,13631,12952,13787,14214,13112,12045,23690,29730,41646,30823,19681,20611,21688,377022,393650
TN-04,767621,580595,53132,80582,35739,16376,1222,810067,608088,62104,87417,39885,8794,2289,573546,447105,33851,55427,23623,11946,775,582525,474552,24737,59528,18194,3994,268,53357,14958,420,268,291639,85062,189411,384136,137097,239613,402452,134551,262015,4668557638,29222,113188,98072,39475,149766,57934,11683,9420,44652,51584,57509,56033,54189,44738,46738,54184,56017,55251,52229,51056,44029,37106,27524,19045,11414,9416,7907,5256,5171,6424,6908,7054,7783,9757,9104,18713,24993,38280,32698,24733,33683,41525,381053,391661
TN-05,768269,410540,110736,198674,37771,16136,1283,771547,406776,113467,208034,36846,11220,1664,610501,351818,73449,146781,28684,12703,937,546270,344760,32630,145072,17999,4657,353,138322,13968,478,353,262505,154898,91174,326425,208681,107753,305474,189567,109757,1397530261,51051,114592,95668,32289,146707,58056,17423,13188,49400,42454,42741,44081,54681,78043,74156,59811,48616,44409,43209,46028,39465,33960,25143,15907,10605,9628,16928,9778,9140,11129,10913,11746,12441,13270,13166,25344,32569,43730,31538,21722,24231,33267,369873,392464
TN-06,767443,668338,35481,33944,8008,20167,907,791141,691432,40044,36131,7989,11787,1612,602904,534526,22092,23267,5623,15513,592,611302,558721,16658,23263,3861,7379,285,20256,2961,656,285,273354,60445,203586,335671,73022,257550,357159,70885,282909,26796290241,78673,218371,103886,38596,64031,25619,5595,4548,42492,46105,46048,48207,47740,47436,46226,44078,45534,48218,50660,53655,54215,49212,39739,28427,17712,14168,17566,16727,15643,15127,14759,14579,15040,12986,13687,24949,31727,39739,26323,15434,15464,10946,387043,382829
TN-07,768489,586090,56388,92483,14234,20267,2621,801422,611453,63781,100964,15883,14566,2281,584652,460799,35087,63248,9700,14960,1565,590406,481232,27365,65772,7304,7370,406,58302,5560,949,406,250754,67978,172143,317856,91451,220633,336297,89059,243406,20937740633,55334,189775,112182,48096,76738,29391,5655,3648,50323,49389,53964,49444,49748,57403,54415,51641,48747,46703,48122,49255,49001,39344,31777,20791,13400,10239,13919,10556,11688,10436,11241,12229,13633,11895,13861,24211,29986,43081,29153,18813,18528,13757,385720,387986
TN-08,767629,559986,27766,147125,16110,15469,965,771233,559133,31065,149606,16690,12278,921,596595,447125,17372,107789,11004,11879,700,585874,447222,13202,107986,8670,7731,280,103494,6942,1032,280,310580,86047,214408,355962,103447,247442,342351,92667,245999,25162530150,58979,191560,106990,37251,81929,37761,8721,6217,41972,47651,51911,52620,44281,43409,44664,45241,48437,47997,50339,53967,52488,46039,39156,25882,17566,14221,15831,15327,14119,13029,12911,13506,12326,11575,12502,22864,26441,38033,26089,18112,18026,22237,377096,390745
TN-09,767798,193867,70739,474602,23429,10942,890,756342,179610,73605,476952,22276,8989,1816,583751,166350,45160,349597,17975,8297,631,529456,154450,18442,343356,9463,3182,644,338038,8425,385,644,259518,189074,62010,290899,217062,69181,241888,174761,62655,1245803800,58608,147690,112278,32014,90685,42811,10157,6696,53773,52484,53343,48403,56032,64313,57205,49363,46319,44502,45239,44581,46900,37001,27372,17655,9806,10685,24470,17685,13626,15682,15423,13599,14896,13051,12625,24253,28063,32769,22859,16460,16028,18212,363648,401328
TX-01,767122,444384,167568,116445,25089,19655,1207,793575,454912,178728,121100,25904,18270,1246,595498,365940,112170,85123,20061,14817,852,572422,378010,88805,84519,11375,8719,384,80738,9571,1475,384,265824,70183,183853,317010,94421,217675,332164,88886,239494,26461307986,63562,136106,109438,40948,83083,33025,6758,10859,46130,47910,50578,64526,79477,52136,48498,46700,45185,41269,42152,43058,43909,39987,30776,20674,15082,14387,19287,12122,11072,12568,14524,11764,11949,10768,11780,20916,26795,36375,24161,17633,18871,19342,387607,384827
TX-02,766249,460824,198959,56410,32293,23535,1973,830153,484789,230823,69207,36739,14793,2177,566015,362049,128940,38071,22342,16843,1294,550893,380337,106059,41047,17487,4672,406,37384,14651,682,406,263566,60510,190767,340738,94954,241091,374740,102027,268963,3155166171,48935,115206,109004,40740,123704,47226,8994,7369,48795,55387,61808,56067,45259,44147,48208,51949,56054,51851,50769,45175,47615,37076,29865,18084,10212,10176,9506,5098,5796,8225,7931,8481,7072,7904,8260,16064,22788,33003,26516,23510,33789,48493,382819,385678
TX-03,767465,423522,130934,95199,101913,22434,1747,874776,462974,150752,120668,130350,17221,1791,545677,319699,83515,62131,67341,15215,1107,571272,353590,81465,71613,57488,5451,484,68081,54164,1167,484,251704,81127,155447,356367,144179,205740,405384,152642,242284,2475064314,30243,87962,99592,42221,156623,67382,10005,7838,48553,61928,67352,63916,41457,40850,47931,62290,65456,62965,55951,47310,35698,29095,22665,15418,8968,7223,6648,2862,4071,4604,4011,4981,5612,6064,5817,12366,19252,31292,28004,26620,40878,56727,392400,392626
TX-04,767256,503484,111474,119300,9797,26271,1359,787552,517924,121873,121141,10289,20299,1886,589221,406410,70590,86178,6971,19630,908,571141,418247,53010,83426,5062,10497,395,79069,3602,1531,395,284627,61839,215300,329333,75361,250370,340186,70258,267533,34165548866,69028,178421,127581,41434,71013,26567,4954,3289,45941,49541,53987,52238,47314,46499,46945,45307,45578,44843,46712,49269,53528,47330,37425,25545,17682,15624,17603,14742,14272,13939,14263,13709,12426,11315,10945,22315,30403,35962,25214,18423,18607,15319,382330,388978
TX-05,766461,481035,174176,79978,10118,25063,2957,830263,501190,201746,98914,13162,21367,2994,577100,383506,112530,56432,6855,18326,1835,587057,401256,102839,66502,6378,8019,507,62553,5048,1073,507,253134,52420,191894,318417,79137,235222,357884,91893,262360,21905183869,72010,164814,127253,42765,77239,27891,3391,2694,47784,52795,56581,54022,47848,46022,50778,51200,52752,48953,48851,50740,48329,42384,30778,21671,14087,11488,11413,9607,8227,9029,11461,9535,10344,8874,9622,18714,26808,34640,28444,24122,24175,20179,395042,382021
TX-06,766909,215843,294722,202553,48608,19433,3422,778550,208905,311467,204445,54685,17099,2983,574265,185902,198769,145450,37266,14671,2247,483207,178789,137595,135275,24817,4440,1338,129489,22783,972,1338,205436,119042,76435,249976,156604,89398,230754,135541,91382,565522223,95213,127260,101400,34160,84718,34795,6327,5059,52126,56782,55184,56238,63085,66044,61986,52890,49365,45270,45207,44427,37925,29855,22127,15306,8919,9622,13593,11262,10079,11532,11574,13734,12144,13450,13714,22551,31962,37307,24805,16664,17290,16133,379528,392830
TX-07,766462,293421,331013,65046,72136,20625,1460,790057,290823,345339,74011,77464,18208,1654,598852,250826,236750,50121,55662,15247,971,476574,238888,141641,51083,40767,2997,173,46955,37194,582,173,242690,134815,93992,298546,178545,115511,281480,161012,114850,351563377,94089,79165,65748,22792,146621,73468,32929,16445,51921,45253,44672,44202,57228,78377,76203,62455,52629,46704,43670,42106,38864,32029,23333,14729,9265,10895,16469,10643,9703,11338,13395,11342,10455,10715,10901,20437,28042,33511,26386,19517,24425,64759,395775,378760
TX-08,767578,370991,210802,111948,63804,21025,1726,817031,372985,227735,137614,74193,19117,1626,567554,292058,141325,78951,45432,15016,1162,532508,287696,113643,86677,38161,5113,353,81980,34517,767,353,262802,82346,168148,337616,126184,206647,348504,127469,215402,5597591376,39886,105355,109614,39772,134505,51808,9564,6064,54777,59859,62102,54335,46597,49105,53177,58302,55273,53359,46513,45271,42938,32954,26421,16233,9238,7769,8693,4894,4657,5641,6477,7425,8650,6324,7106,18907,24156,33342,29325,24781,32441,41170,383364,390859
TX-09,766724,212105,232459,226395,94475,16025,1273,844522,229417,255402,246128,112360,15435,1771,547939,159841,156118,163365,65347,11331,866,526912,168404,127378,172471,54060,3049,231,167088,51875,490,231,234471,131464,94370,317385,185034,128113,332607,180944,145374,2544130817,53111,101024,95544,34265,126576,60281,10083,11347,53495,59380,66161,60048,43354,41000,51238,62014,64017,58500,50005,43080,39314,31978,22762,14138,7184,7011,9201,6137,4743,6608,6060,7824,6111,6486,8180,14128,20892,31087,26110,23609,34407,43376,381609,393070
TX-10,766981,280866,376541,73218,30462,25476,4078,828692,310247,396894,81807,37111,26435,1505,580951,236651,259075,53948,23875,19211,3547,550686,267215,206622,52801,18116,4871,281,48709,14521,488,281,197305,108098,76213,281810,171878,104083,301747,171632,124708,8074203085,82223,125122,100713,30048,109548,40121,6929,5906,51281,50719,51904,54610,65759,64180,67674,62581,55518,47965,41693,39517,39940,30921,22361,12672,7943,7647,15102,8995,8222,9334,11554,10471,9824,9562,11334,21472,28322,38958,29926,21228,23818,24824,394581,380304
TX-11,767448,483592,220341,34822,13220,22731,2085,785873,489266,232743,38199,13957,17649,1063,601578,401906,152068,23399,9333,17327,1362,590637,408076,145161,22564,6345,7502,275,19557,4818,1045,275,292803,57130,224148,358077,80110,273172,376100,79746,292920,104981308060,61429,152760,126448,41141,93812,36733,7122,5164,42748,45534,51632,52666,51815,45121,45299,47027,42613,40873,44280,49653,53732,48858,40967,28677,18218,19293,12799,11157,11268,11657,12910,11426,12570,13448,12529,23460,28317,39027,28431,20217,21064,22555,384876,384130
TX-12,767355,443656,173350,71234,62428,23843,3164,791316,450606,185015,83610,63464,15356,3076,570994,352074,114122,46275,43736,17193,2025,544456,359409,98826,46983,31433,5582,441,43167,28641,943,441,274725,85112,174689,347936,134009,208011,356007,133082,218053,940826895,39461,113817,110885,42930,134714,51407,8700,5468,50283,51645,58312,51165,43347,48792,55063,56075,55316,52424,51939,49083,45607,33345,25515,15835,9475,8897,7279,4181,4808,5853,7060,8483,7360,8476,8179,16538,26492,37313,33469,24494,31546,44893,378782,383336
TX-13,767072,403097,264571,61221,24935,24188,1297,775614,407502,277587,61435,23308,19351,1717,579558,327538,178134,42257,18107,18188,820,547895,332511,163029,34146,10282,6674,535,30380,8080,1505,535,249992,53706,184912,290981,73081,213383,294047,67913,223233,76754611452,70933,133868,111772,39049,82017,30304,6238,7055,49342,53437,55060,60040,69380,54508,52628,51575,47338,41637,40412,41545,42808,36123,28082,18935,12484,13161,17184,13050,13644,12694,14311,12525,12172,12016,12314,21895,27352,38515,26769,17520,18242,18258,388245,380250
TX-14,767533,437191,135733,162407,17940,18273,874,775772,441069,143488,159452,17949,18342,1110,595989,356671,93071,120448,13357,13942,599,565128,361533,70165,114642,9310,8708,380,109956,7987,1369,380,272530,82652,182059,311686,95185,212795,304434,83429,218627,23446011663,75089,180124,121230,42406,63917,22319,4016,3663,45844,48841,51071,53162,56684,50319,49501,48573,48032,45032,46748,49685,49933,40537,34607,21224,14675,13898,19270,14442,12463,13946,14249,13060,12003,12584,12320,21504,26105,32046,25013,16084,18906,15273,394954,373412
TX-15,767751,49066,701795,6757,10462,10998,370,790820,49175,723464,8921,10793,7627,619,539321,41424,485049,4389,7848,8116,234,421523,41403,369619,3929,5338,952,206,3476,5037,439,206,159317,107389,45433,200597,117084,81549,200428,97004,101544,3546976646,131689,108184,82787,24078,65909,21808,4403,2853,62708,64553,73631,67532,61619,55519,50072,47757,49523,45525,39880,34054,31477,27085,22618,16749,11946,9505,19143,14996,14119,13742,12713,11239,10474,9254,9002,17284,22671,24929,18597,11706,11014,9541,382279,389474
TX-16,766440,88111,631813,34655,16417,19049,2641,777400,86930,641826,37198,17949,17995,2268,575002,73663,466012,23483,11824,14394,1676,502520,70883,400014,19961,7457,3389,631,17565,5864,1376,631,200397,136343,52417,247779,165853,78114,233876,134030,96356,848469994,92490,116034,106323,41936,84425,31081,6307,4402,52457,52408,60337,58299,62236,60853,54610,50132,47035,46419,42309,42369,39613,32812,24411,17439,12038,12978,19997,15411,12885,12869,12868,13071,10871,12496,10838,20578,28163,30878,22485,14926,15259,12971,378982,389773
TX-17,767351,446869,169940,55850,81243,21410,2445,835125,470947,189487,68451,98892,16253,2551,572040,353733,113728,37693,54508,15345,1595,573760,375025,109345,40549,41424,4687,630,36167,36753,642,630,268772,110383,138308,380161,186549,185290,401083,189298,203453,3817120355,28538,86803,103829,42644,166415,72113,12682,10450,45677,52043,58135,51041,40037,44929,55000,60667,62776,58178,52741,45411,40713,34189,30126,18364,10835,9540,7309,4501,5034,4805,6351,5402,6394,7166,7616,17770,25061,35038,33332,27794,39703,56878,384687,385715
TX-18,766954,75601,320769,335577,38541,18949,2382,781630,74858,342054,333701,36307,20753,2841,568177,67068,217687,251324,32572,13446,1705,466484,65175,138279,238776,19800,3613,571,233747,18622,938,571,180345,149625,25309,219968,178221,39244,197947,149471,45774,637366548,104294,139350,98248,31795,62778,26457,7698,6146,54669,56033,56795,58576,59520,64608,64194,57486,48267,46645,43415,39867,36317,26829,20603,13261,6930,8334,23434,15744,13907,13560,13418,14055,12931,12102,12571,21899,25568,30605,21069,11971,14875,11685,381310,381039
TX-19,767255,369200,137121,98082,149900,19398,1816,804882,378352,148408,108494,162915,15421,1963,588031,303176,95124,70144,108045,14132,1197,538508,311577,77930,72754,69316,4966,229,67561,64100,725,229,262223,115513,130392,344497,181811,156660,338901,168514,160987,672744426,31345,71505,90190,37615,171918,85670,14146,9770,43499,46681,51375,56825,61452,56494,58269,58458,59020,56501,50407,46425,39595,28698,23859,15915,9568,8971,11060,5431,5309,6492,6288,7812,6692,7221,8529,16442,24038,36427,31059,23721,35339,56755,381348,390664
TX-20,767280,129934,562026,62895,16156,21955,2264,776849,128621,576907,59755,16008,25171,2835,580663,112942,409586,45316,12063,16830,1505,513695,111536,352699,36818,7556,3080,714,34159,5996,1124,714,200409,133667,56772,244234,166399,74151,218833,136968,78587,528578353,118205,153229,104755,31658,56825,24729,7393,3948,50602,52712,54005,60576,57666,56918,57390,53109,47847,45580,43855,47488,41010,34266,27910,18876,12460,14028,23029,18767,14395,15087,16209,16652,13907,11951,11858,23429,28805,31228,19224,11189,11551,11965,385234,391064
TX-21,767450,370796,291394,60334,39488,22206,3382,807695,382148,317483,68124,42117,21434,3756,583925,301673,204514,41910,27503,16413,2255,583107,310744,203260,41858,19536,4646,542,36929,15292,673,542,288324,102439,169295,376875,158445,212495,392438,156617,230474,3609855433,34233,104332,112304,46361,134101,59106,14689,8441,44319,50508,53742,50932,46115,50364,52058,57512,51992,52774,47668,45876,42973,36947,30551,20782,12763,11296,9367,5728,6411,6841,8832,9041,8767,8291,10089,20861,25352,41124,30493,24936,32561,39205,374814,384358
TX-22,766323,133899,261731,179538,192746,15723,1306,774433,135420,266118,194516,186295,15225,1729,570989,110980,183476,128191,147563,11203,915,433416,106783,103937,110469,108073,2618,367,107367,105920,460,367,198301,122681,68070,256961,157837,95876,230780,124976,98150,421540049,92131,101463,83899,34699,112830,49258,12783,9042,51423,52031,53669,54377,56861,56714,56143,55505,53603,51423,47015,43955,41579,33400,22938,15656,9131,9065,14668,8052,8591,11374,12129,12295,11853,11162,10597,19304,24733,31412,23432,15454,21073,28235,374795,389693
TX-23,767424,252309,459555,36290,12926,18248,1912,758977,237860,464924,42784,13305,15422,1296,557182,199363,316895,24931,9220,13375,1245,470368,182648,254143,23082,4788,4863,428,20709,4144,1221,428,196061,59655,128464,229898,64041,162748,222646,53628,166859,154169017577,105887,134766,98346,36462,61684,20564,3868,2326,60004,63216,58787,56832,54798,58465,56348,54628,48192,42267,40126,39078,36953,30618,22177,14746,9768,10517,15475,12639,9639,9986,12985,10894,10154,10126,10684,19885,25103,33176,26423,17863,21656,21280,394807,362713
TX-24,766229,383615,175745,117184,79965,19433,1623,763428,378103,172447,121133,84652,14959,2797,620780,329289,128339,90924,62455,15052,1143,546825,320990,88683,85178,45673,5457,639,79555,40883,1148,639,275729,140594,120535,348427,201109,142053,327808,175800,145052,439659599,40020,73108,92037,30333,185884,78432,28312,11171,44009,35558,36614,35199,53798,86376,77207,60363,53268,45894,45861,43321,39172,30552,21699,14830,9489,11266,14740,7466,5875,9578,10435,9794,9899,11505,12430,25292,33159,43181,32109,23670,31845,62202,372413,372063
TX-25,766086,507854,143616,72949,22509,24125,1718,807176,527554,157317,85512,25883,17242,2815,589387,411202,95223,50166,16239,17848,1122,588568,427735,85700,53202,12531,7274,512,49890,10502,997,512,288157,71355,204682,359587,104338,250034,385465,106805,274512,37625719362,50314,137750,117031,42874,111462,42204,9222,5362,43386,46842,55923,57625,48269,48091,48365,50867,47969,46383,46507,49739,48953,41933,35221,23294,14672,14220,12930,8959,9013,9787,10350,10153,9259,10158,9936,18724,25485,37499,29906,22209,26221,32661,380821,387438
TX-26,767288,525889,126548,54966,34084,30088,1696,829157,560123,144928,65188,43742,19666,1420,576969,415503,81098,36672,22901,21541,1130,589858,445989,74570,39745,19185,8816,514,35834,16255,1595,514,275410,61640,201633,363034,101848,255781,408338,111306,292460,20290226691,44717,130573,120470,44632,122258,46848,7345,5871,45384,54053,56291,55186,43854,43967,48740,51702,53150,52238,52671,55707,48076,39434,32970,19833,12531,11720,9314,8162,7024,8218,9259,7869,9216,9185,9646,17441,26103,35703,31106,23396,30812,39957,391486,386021
TX-27,767198,378740,304404,60143,14505,18887,1041,783085,377716,318492,66156,15395,16160,817,586116,311056,211245,43185,10394,14120,656,564773,310877,195041,44127,8072,6434,178,41203,6269,1321,178,271280,70048,192191,320160,84311,231951,325138,77834,244508,48668464969,78972,169841,124229,43811,73390,24238,3979,2911,46724,51118,55307,51732,47235,49996,51245,51287,46835,45209,45963,51549,48358,42818,34266,23825,15430,14579,14025,11884,10883,10841,11103,10823,11156,10838,9735,19873,27529,37375,28439,19459,21827,21793,394983,378493
TX-28,766965,84749,665514,7790,5394,11289,704,768067,84052,667286,8022,6025,8752,673,545327,69276,463523,5421,3842,8336,471,440453,68604,362139,4701,2367,2156,312,4158,2043,1136,312,185543,116943,62740,224183,114565,107297,213298,90009,121771,54642883558,134940,123791,86434,30151,51618,16445,2840,1528,60552,62564,68772,66301,58699,53375,48126,48344,46203,45639,41529,37934,34815,29980,22476,17138,10421,11748,18134,16551,12451,13506,12619,9390,10744,9617,7823,15877,21282,29152,18126,14278,11293,10506,382857,381759
TX-29,766434,114089,515931,109142,29124,21320,1199,763886,103319,521937,111745,30064,17716,1473,551851,94848,356393,77318,22119,15541,835,419842,89153,237050,73334,16662,3215,317,70712,15877,840,317,162925,99512,57354,201450,117962,81071,188001,99190,86541,696691983,133008,136717,87557,32194,54248,16153,3414,2753,57291,60641,67434,64522,57836,53147,52403,52646,54714,50001,45955,44244,35902,28318,20951,12210,8378,7148,12325,10358,9928,10673,12880,12565,12114,10012,11274,19770,26046,33448,23034,15005,16976,12650,392833,380908
TX-30,766658,112337,275463,347351,31963,20776,1231,793849,115173,290571,362173,31276,18656,1767,554088,94589,178494,254685,23693,14747,843,490634,92481,123617,251557,17709,5177,162,244455,16701,952,162,226332,170435,49855,271754,209322,59263,248729,179570,65226,1015734428,88954,135575,111172,35751,70856,30795,3844,3730,56707,62501,69446,64507,52702,53339,51429,51408,52660,52458,47221,46793,42747,29916,24199,13049,7522,7930,15486,11366,8108,10015,9971,9719,10026,9791,11293,20487,26065,31908,27161,18130,18913,14996,378420,408114
TX-31,767161,375516,190385,164244,28597,24519,8066,792331,387833,203992,171053,30440,21084,6406,573092,303818,125521,111641,20591,17714,4928,556624,313054,113140,106531,13372,6488,1942,98433,10394,965,1942,211323,74159,126032,270161,106026,158977,277503,99406,174575,12605688539,52546,129007,126380,48862,76605,30755,6546,4886,54846,52967,57152,58658,70779,59222,55173,52945,46355,41611,40428,40784,38952,33932,25530,18013,11793,10849,16151,11932,11820,11924,12520,12998,11532,12036,11597,21336,28081,37174,24687,16914,17552,15271,382738,387251
TX-32,766642,215217,326658,154383,64841,23189,1314,761252,203638,332050,162469,63492,17661,746,569793,182734,220141,110220,49794,17240,923,446181,170145,128860,105067,37605,4198,136,100153,35207,625,136,208770,114759,85301,252502,150498,97993,235529,129175,100539,496196633,98455,121305,99602,33757,83429,33736,5848,4775,53362,54107,58916,56347,55734,55919,55781,51327,47503,48131,47514,46096,41937,29816,23526,15045,9276,9033,12491,9060,7484,10455,10268,11562,11455,11528,10807,20969,27602,35983,24238,18122,19533,20365,376240,383130
TX-33,766976,149693,419010,103900,90422,24581,1473,767366,139331,427245,106742,95339,19205,940,566423,129789,289367,75593,66607,18039,1058,393517,120456,165570,68858,34745,3306,209,65679,33169,724,209,170510,104031,59283,212761,138053,71504,197087,113858,77382,613699541,127509,110626,73708,26199,89370,41445,7742,4484,57837,57533,60352,58196,54904,63020,61576,56969,54734,49382,44706,40513,36325,27777,19343,11917,7949,6880,10869,8176,8091,9550,11338,11345,11028,12192,11545,22312,29100,37445,26125,16444,19129,22017,390763,379150
TX-34,767042,134180,594735,21757,14836,13899,1113,772006,131418,601775,22250,15556,10249,1420,567206,113436,423819,15385,11243,10589,767,497119,110940,362274,13492,7218,2501,321,12167,6349,786,321,193950,108994,76696,237022,124704,109143,232990,107014,123720,10924778487,109967,131989,96179,37708,66243,24306,5655,3721,53413,57429,58309,63483,60788,53537,49177,46788,49033,45569,42369,41312,38436,34737,29058,20127,12488,13157,18790,16287,14461,13861,13124,13121,10926,10916,10391,19285,25338,31930,21136,14867,13932,12177,382793,386417
TX-35,767372,193663,438420,93737,47368,23222,3765,808073,204703,454638,108487,53677,26428,4245,568929,159319,308818,65015,34130,17229,2444,553530,165344,296809,62988,21314,3703,754,57771,17147,644,754,209048,112859,82792,289616,171620,113144,308204,168493,135355,1812609094,48815,113826,115900,49869,99869,43198,7238,6255,55884,55156,60299,56604,64570,68170,67497,59880,53764,46463,42523,38217,33620,28622,20128,12499,6043,7558,10937,7299,7339,9161,8783,9344,9815,11027,11155,19888,29341,41586,31088,22150,24481,18132,390297,387200
TX-36,767373,409019,217710,89771,37937,21598,1482,793088,409772,242777,95221,39310,16920,1021,581293,330509,145807,64045,28390,16012,1023,550718,332376,126554,63735,22001,5019,389,58375,19750,888,389,259992,83991,164868,323877,113864,205042,330505,109545,216720,5928245414,58689,127927,119848,47607,101265,37448,8207,7272,47116,51801,55699,51732,48615,50920,52272,51495,51276,49181,47966,49454,47674,37800,29225,18452,11859,10706,12511,9619,8505,9056,9744,9553,9658,8840,9297,19404,25679,35887,28650,23746,29575,35447,381095,382148
TX-37,766517,415990,186019,67317,87618,19255,2039,780746,411405,199576,74861,89007,16221,2809,622301,353286,139925,51322,67880,15093,1496,581974,350486,128189,50139,46005,4670,445,45098,39374,730,445,326867,224207,78705,407813,304648,94175,380549,275579,95273,666346652,28700,67399,87506,30612,204185,92661,22022,16321,39484,38186,39990,46946,54618,80306,81009,68158,61548,52652,46637,41709,37044,29194,22359,12763,7263,8767,16245,7910,6296,7104,7808,7880,8761,9907,9528,20890,28743,42045,34150,29039,39849,62747,390341,378292
TX-38,766721,214250,302772,153912,94966,21368,1592,793357,208366,326173,159152,103502,21367,1328,566624,174246,210358,106719,71813,15592,1074,473269,164390,151995,95355,57072,3716,161,90410,54989,592,161,211814,106199,95502,281224,151491,125804,272414,134570,132402,583934429,62704,100025,100412,39051,123346,45877,9319,5980,53049,58085,62219,53318,47742,55718,57914,61119,54419,50313,48839,41691,38501,30976,20717,13266,7428,5822,10461,4909,5241,8625,8571,8270,8509,8965,10621,18720,26224,37108,27435,20551,25937,31679,376390,384746
UT-01,818232,647413,108747,16541,24766,18177,9349,844495,664273,118100,16961,27450,14148,8293,571291,462781,67795,9667,16389,12185,5221,575751,485537,58663,8385,13343,5282,2460,6073,8699,1638,2460,290425,62856,136620,367137,119409,230821,369344,125270,232121,22829473114,28380,119064,125998,47840,110172,41235,6736,5921,61091,68978,71055,67636,67148,59856,55823,59827,55985,46456,39400,39679,38128,31382,23196,15691,10724,9199,7807,5359,5490,5524,8090,8583,7531,7620,8822,19000,26328,40886,33990,25204,26753,26198,416498,404756
UT-02,818197,670055,89176,8816,14099,30178,9440,881267,714958,105812,10538,15479,26761,10009,564522,472298,54696,4740,8673,19891,5142,594756,516627,47270,4653,6544,14468,2370,2853,4001,9296,2370,281044,50733,172397,387920,94513,279829,416824,103011,304181,187624365805,31456,121168,129657,55866,104194,38023,8007,6495,63193,70897,73649,71090,57201,51430,51777,55992,53592,45993,39951,39480,41550,38051,31403,20994,13821,10821,8566,6764,6257,7276,8322,9265,8859,8305,10004,19613,26297,38725,32497,23602,23787,23364,422197,408688
UT-03,817416,625032,113838,14076,36124,16356,18170,851094,641374,126265,17734,40848,16969,17335,564719,440787,73263,8240,23720,10669,10540,560501,467393,55287,6152,17768,4609,4412,4024,11937,1817,4412,263717,52313,121668,363983,121238,224717,363709,127122,225286,1539776211,22599,80478,111025,48049,129052,43959,7789,6936,63198,68227,72381,74673,91903,67222,55072,55481,56550,46095,37458,33967,29206,24176,19467,11206,7698,6281,6071,3990,4280,5134,5400,5945,6580,6053,7733,14091,21926,35719,29610,24918,31240,34344,416058,404203
UT-04,817771,522855,181151,27695,50099,22523,22288,815475,514457,189443,28803,51872,21959,22122,623519,422134,120856,17232,37499,16029,13594,560156,420659,80739,12654,26861,7538,8483,9048,20709,3608,8483,296189,144774,84546,368636,225122,129772,337914,206820,121494,1361443608,50028,121663,115333,43178,125123,50334,14038,10123,52035,53561,54579,56123,65272,72426,65523,62998,53175,47380,43529,41086,43488,34376,25819,17428,11553,11058,10380,8398,7625,7508,8922,10115,9419,10091,10723,21387,30351,42763,32111,23831,28925,32548,410456,400953
VA-01,783876,548491,46685,121789,50461,17565,1741,804319,560839,53688,126252,51803,11161,2565,612019,442713,29931,91688,34534,12584,1147,604512,454841,26772,90720,24472,5463,612,84633,20345,1006,612,401432,156813,220713,453602,199705,245287,474587,209707,257048,10670899577,39836,128793,104957,43648,135684,69249,14378,11602,41371,46787,52461,53655,45517,41702,46343,49627,50083,48488,52750,54167,55534,46998,39464,27043,18759,17199,8943,6052,6781,7499,7532,8331,8055,9492,9378,17412,26317,37919,33994,28617,35422,45834,387950,399998
VA-02,784861,449098,66346,198734,62456,19176,3750,784525,448967,68610,205861,62793,11866,3739,608619,364985,43373,146028,45210,13724,2474,587499,362827,40295,141307,35191,4600,412,133914,29004,895,412,348904,159268,168435,390759,201644,180889,393650,198751,188410,3242082037,36032,121674,125918,55158,124369,57283,11375,7421,46631,48465,50756,47231,49296,58201,59479,56736,50421,45947,47937,52371,48594,42121,29954,21999,12907,12552,11127,6777,6243,7950,9832,8849,8797,9106,10112,23938,30688,40796,35287,26088,31524,35714,384390,397208
VA-03,785238,317352,57530,374138,31848,18799,3344,780416,316253,62460,369600,32824,15238,3288,615429,266632,40250,278650,24240,14023,2288,590188,265411,34606,263733,17363,6501,400,253052,13549,1435,400,327425,202605,107921,352332,230839,114567,341994,217720,118426,3130129700,48073,144474,124763,49596,89895,43739,8168,6583,51439,46951,47071,51279,68808,65419,60934,51094,45548,40406,43510,48673,48756,37165,29414,20311,12357,11702,19077,12363,12196,12780,13478,13340,12228,12868,12752,24113,32855,40989,31113,20821,21740,19330,385155,395682
VA-04,784683,325133,78303,346101,27772,16205,1678,794605,324283,83705,360722,27074,12966,1535,628978,279935,52611,267399,22195,12338,1181,601558,278147,33993,266743,15219,6695,504,257075,12236,1120,504,356318,228032,111622,394990,267392,121287,380822,251749,122244,8603974265,63269,157596,115608,42462,104242,48322,9477,7420,44201,41945,42370,50277,55946,66998,64207,54061,44353,44661,49322,52319,50537,41940,33149,19935,13245,13676,17692,13611,11739,12696,12926,13315,12812,13086,13215,24907,32046,42023,30837,21188,22527,20638,381152,401990
VA-05,784543,543377,30948,177141,18924,14634,1051,806047,553089,35102,183784,21248,11352,1235,624729,441680,20591,137977,13408,10859,685,626596,453150,18100,136556,11561,5707,279,130366,8769,629,279,394330,145514,228906,439407,177019,254644,459899,182955,270520,22985253914,56160,162476,110754,46091,108306,52160,8772,7380,41320,45491,47381,54534,53437,44580,44876,45806,48227,47592,51467,55734,57167,49350,42296,29265,18652,17056,14937,12581,11307,11500,12179,12350,11509,10842,11609,21547,29224,38254,30651,21952,26099,28895,389469,404762
VA-06,784770,611479,62313,76379,19662,16426,1172,789974,611051,68304,80805,21065,10249,1428,622667,502082,40066,54218,14354,12090,749,602514,505227,27517,52718,11346,4598,349,46974,8740,645,349,350540,121778,208013,397736,153135,236855,411420,155357,249420,15897465081,58323,184067,103721,42921,93044,42970,9723,8298,41145,43905,46055,55581,53620,48053,48521,47812,44298,45920,50130,54286,53038,47974,38643,27577,17299,19504,14361,11771,11387,12765,13016,11943,12269,12217,12689,24328,30757,41573,32933,20220,22388,21729,385241,398120
VA-07,784348,473906,115280,124448,59740,18729,2142,802540,475924,128865,133361,56360,11605,1980,596809,380748,75001,88253,43230,13169,1345,563817,384795,55387,87014,29667,4517,165,79800,24830,489,165,351164,167487,161201,406975,222396,176298,424468,219155,196302,8506041215,44304,119201,93943,36702,130381,70096,13274,12773,47224,49735,56355,58847,53144,49579,50153,54270,53371,51937,51657,53020,44466,36899,29745,20578,13882,11133,8453,5553,5261,5890,6282,6244,6921,7118,6678,15500,21527,34188,29952,26031,38851,53005,391582,394413
VA-08,785050,396332,143417,92570,145367,14690,1815,780252,394630,138646,101421,140369,13037,1731,625620,332068,103329,72060,111945,11041,1315,530673,320309,63581,63887,77641,3355,175,58653,69025,682,175,369975,265808,77680,389095,296858,83738,399775,290532,95638,334786945,38031,57382,55989,24333,179232,139404,40644,23620,46846,42003,43730,38715,46102,69485,70922,66629,57323,53147,50252,46742,42220,33989,25802,18578,11099,12443,10348,5200,5452,5314,6184,5762,5197,5556,6082,13191,20082,36784,32077,26734,46207,97940,387182,388845
VA-09,784498,677462,22942,52121,15862,14464,864,780912,679094,25237,53007,14663,7050,847,640237,558253,15413,40735,12889,11237,594,626567,561869,12888,39301,7420,4278,389,36329,5750,597,389,364657,97400,251568,401733,111885,284007,408060,109584,293857,26194752082,71766,193207,113894,54246,74690,35613,6184,7605,34346,38685,43758,54006,58279,44004,42926,43084,43370,48213,53014,57479,56308,53217,45275,32543,19957,17852,22066,18624,17013,16726,16111,15264,14625,13880,12623,24734,31117,38219,27006,16285,15875,14032,393463,392853
VA-10,784451,391954,110737,71283,203007,12289,1782,795634,392179,118294,74551,205154,9217,1591,583298,307460,75317,50214,143846,8561,1168,520521,304197,52974,45911,112665,2750,300,41733,103952,688,300,362367,213522,123784,417717,271636,137626,424701,255648,153915,1682165604,27339,57409,64598,29115,183558,122872,20218,14155,47545,54953,59057,53796,45620,46017,50518,59744,65761,60774,56953,50285,41449,29409,23527,16354,9779,8698,5383,2417,2730,2629,3207,3222,3479,3515,4370,8162,12550,24800,25385,23629,42669,101839,392465,387774
VA-11,785075,326414,173868,159441,121981,17094,2757,785946,323469,176178,165255,122139,18199,3475,586649,260423,118432,113981,89237,12117,1814,523762,255678,81885,105282,73954,3570,513,98397,66395,539,513,355640,223246,109600,416178,281059,127232,383912,242620,128317,1010630138,42684,85605,80608,37594,142759,98899,16557,12428,52080,53045,56601,55721,50250,45859,51337,59643,53890,54685,54182,51393,45390,34615,28698,17082,10860,9486,5726,2696,2717,3695,3938,3992,4353,5280,5229,11914,16151,28503,27568,25752,40376,72647,390726,394091
VT-AL,643077,573201,15504,14422,16182,16900,725,647106,582031,16545,14844,17547,9624,450,524482,474146,11113,9038,11665,12780,518,521334,486359,11537,7598,9315,5685,45,5214,6449,578,45,315067,178573,95369,367428,242820,112704,369422,235791,119395,23873081385,26587,126697,74875,39344,111614,57539,12438,9939,28275,32011,34640,43056,46801,38180,38108,39015,36638,37205,42193,46377,50557,44299,35310,22565,14313,14273,10277,10742,9021,9529,10123,10552,9383,10143,9806,18378,26478,35676,28004,20972,23226,23548,320339,323477
WA-01,770759,574717,87900,19919,46287,37683,7219,786803,578884,97786,23922,53610,29207,6451,607648,472898,56206,12800,33562,26388,4775,591464,483442,47529,11707,28335,15505,1523,7594,21222,6880,1523,350625,171749,149200,453943,243639,194169,446706,240080,189451,15985873272,37523,134875,137705,60372,107753,44886,9548,7647,42886,43921,45855,46286,53004,50251,52228,52516,47528,43846,47538,50264,54342,47358,40523,25487,14559,13872,10626,7986,7867,7900,7899,8311,9150,9658,8888,19989,27661,41432,36593,25855,32447,34738,388208,384056
WA-02,770276,460823,83409,45535,155913,20970,8908,780676,457682,83293,47317,168770,19033,9470,602370,380877,55939,30227,114723,15595,5926,535305,375516,36720,26164,81313,8462,2317,21057,71271,1969,2317,335748,214852,95376,412692,283517,115762,384734,261686,107361,543714765,33055,93596,109944,51649,163669,72412,11826,11284,45125,46056,46226,41261,42213,54423,63027,63241,56781,51846,49464,47947,48252,40691,28622,18531,10859,13746,8893,5701,6351,5429,6443,6341,6402,6884,6588,15181,23538,34618,30970,27455,39073,66364,385698,382613
WA-03,770776,579675,84913,24181,42683,31801,11040,788662,590829,92806,26965,46209,24716,11191,593696,465014,52813,15072,30365,23036,6966,585162,483265,43107,14232,25542,12699,2403,9721,19459,3467,2403,312030,132255,156039,423235,195982,213852,423741,197700,211774,18923206840,42689,145100,139862,59983,95273,39010,8278,5248,43667,47696,50765,48537,44090,48782,50477,50350,49697,48242,49076,50416,51977,46346,38488,22896,14720,13965,10464,7981,8287,9232,8980,9487,9853,8988,10430,20795,27548,43273,33594,24568,30113,29275,384651,385536
WA-04,770826,431992,263476,12939,19863,48510,3344,784851,434197,278528,15453,21287,41565,3912,566917,349027,165107,7573,13603,33188,2095,509387,358644,112194,6654,9849,19546,1039,4375,7213,10993,1039,272963,92213,161376,347301,131819,205080,334637,121368,202504,72383541101,82080,136360,113342,49248,72836,30121,6215,5542,52082,59035,59740,55115,48652,49439,49025,47962,45036,42833,41919,44740,47971,43489,33733,21855,13699,14043,11207,10086,9525,10748,11890,10999,10095,11753,12024,21018,27934,40760,27783,17854,21443,19780,389731,380637
WA-05,770839,569699,107273,25971,32264,31853,8415,785956,582139,113664,28814,34252,25539,7708,600776,462573,69412,17048,23600,22906,5381,582370,475840,56792,15213,17852,12326,1717,10374,11881,3823,1717,306854,124432,155784,396156,179263,202224,383879,171706,198313,22404967572,42533,119979,128530,63404,99742,41879,9984,7925,45319,47309,50605,55000,61145,55980,55586,51245,47222,43523,43588,44054,48479,39449,35446,21327,13913,14164,14733,12564,9832,11374,11600,11656,10883,11105,11789,21932,30457,40575,29374,21070,22380,23803,388728,384626
WA-06,770534,563743,70389,32651,56151,44251,13169,785706,573209,76783,36491,58384,36895,11395,620667,474127,45777,21996,40563,31533,8580,612015,490755,40702,19536,32052,20446,4280,13672,23540,8508,4280,349407,179333,138660,449296,253466,179153,442211,254734,170794,18631058917,33452,131280,144001,64206,117221,51264,12612,6762,39417,43443,42993,41006,46649,51265,52273,50099,48041,42383,44220,50020,56771,54159,47747,30058,17602,16181,12913,9471,9021,9588,9219,9224,9463,10548,10660,22355,31263,43222,35988,25364,30162,31252,391384,382943
WA-07,770422,462485,63939,67512,158186,18977,6230,785340,465914,66776,67167,169143,18780,6607,656883,406000,50236,49909,133983,15141,4539,596001,403769,40574,43425,93763,8659,1711,35939,78452,2166,1711,394792,336918,36604,459472,403714,44591,438011,378938,41460,328532230,25908,57367,79837,34808,214846,112454,30210,24150,33812,29492,30118,34095,60395,96385,89193,68280,53516,48028,45301,40880,37066,34134,26999,16015,10495,13295,15228,11084,7810,7515,7564,8263,7863,7802,8157,18503,24022,35837,32288,27210,43216,96111,391871,375628
WA-08,770268,503246,76811,25160,137451,23344,7165,780573,496513,82152,29101,152562,18701,6823,582619,401368,49646,15743,94398,16434,4489,521205,396333,38629,13370,58648,8982,1751,9539,49854,2990,1751,330516,168270,137280,425224,232714,178685,413035,222265,174307,21167034900,29716,97641,101843,46657,148456,80267,11384,9862,44541,52296,56026,51171,38344,42317,54739,59429,59299,52315,52307,49878,47803,36806,29091,17716,11678,12428,7458,4611,4344,5234,5497,5593,5587,6560,5611,12205,18289,30509,29835,25753,40229,74792,388890,379294
WA-09,770171,317313,122571,100480,202311,23731,22071,764423,301249,128610,107679,204696,21918,19171,596741,270488,81654,69307,152456,17649,14466,483717,252137,47001,56855,107581,7931,7150,48889,99466,2215,7150,267608,171014,78555,340810,228022,103122,303153,194854,96669,509886673,56025,115041,104191,50798,124303,56559,11987,8084,45697,47775,47746,45551,44448,59774,64975,57464,52735,49452,48160,47904,44955,34176,25675,17322,10603,13817,9029,7070,6073,6677,7734,8044,6826,8072,8495,16651,26050,35970,32371,24274,30445,49376,384990,373239
WA-10,770410,455127,98532,91892,88737,32513,26628,773126,454942,103216,98139,91972,31105,23977,596372,376132,63884,61815,64635,22684,16457,565769,377748,52939,55158,50515,13389,8001,44649,39344,3997,8001,288671,151682,112873,379502,217476,148013,354136,202518,138290,1240143889,40668,133891,128745,59967,100338,40847,11176,5583,47626,48859,47324,46120,54701,62647,60970,55278,49348,44866,45331,44921,46673,37679,29879,19645,11888,12071,10037,6765,6845,7273,8050,7704,8815,9975,10768,20110,27415,42001,34041,25269,32138,32491,383767,382059
WI-01,737410,529084,94195,69229,33831,15430,1018,734343,527060,96965,66300,34975,13410,920,578198,439668,59912,44744,23448,10929,657,550208,435630,51459,40060,17208,4814,254,34424,14127,1084,254,370360,173002,172706,410190,210749,192183,417592,214056,195434,1085252674,34306,135372,105615,50290,126175,47134,10608,7144,41819,42829,45679,44801,42197,49087,51910,50595,45273,43727,47256,51183,50272,41074,31763,20681,14802,19055,12611,9983,8076,10639,11085,10227,11477,11816,11530,24261,30587,42302,33509,24451,28442,27097,359882,374121
WI-02,735800,577891,54512,45262,44977,12034,948,747419,586214,57994,46748,46009,9459,903,586363,476721,35615,29399,33872,8804,664,570091,489114,26196,26596,23337,4028,143,21116,18711,855,143,395541,248234,121327,441143,296381,137357,466375,311087,147292,6808257250,24148,110515,83764,47002,140985,58373,13634,16436,37450,38850,44120,50759,68819,55639,50939,51473,47403,42681,44248,46771,43482,37015,31213,18569,12349,13075,12954,7421,8226,8581,9767,10678,10096,10865,10752,22953,29959,42665,34846,25313,32357,33083,370843,364012
WI-03,737594,642953,37606,22869,18066,13159,908,739678,643251,40199,23809,19156,8542,1014,575966,515096,23173,13499,11821,9158,593,568658,524612,16053,12566,10664,4031,215,9763,8416,976,215,362297,175313,161775,399518,205516,186671,419610,209119,203940,23769646469,32116,159429,105243,64713,89694,33493,7571,5424,40454,42921,46891,51634,57133,44114,43037,45602,43081,41272,45298,50906,51384,44180,34228,21931,15616,17040,11566,9980,9070,11291,12798,11365,11804,11869,12377,25547,32144,45364,33753,21136,22583,17424,369970,366752
WI-04,736316,316491,122699,251719,42378,15833,1069,727039,310438,125958,248722,42550,12876,1205,557168,271746,80320,171559,28432,11011,777,511050,267021,57239,159846,20737,5001,59,152514,17974,1893,59,342235,235986,87089,354072,254247,93954,356228,251960,97238,915021304,54953,129231,92918,35038,96014,42628,10484,7803,49705,49459,52977,54318,56611,60174,54110,48956,44917,40937,40492,41546,40796,33670,25486,15719,10484,11785,20334,18510,12653,13989,16461,13457,12786,11881,12445,24799,27255,35315,24702,15646,17283,19442,356793,375349
WI-05,736868,654139,38973,13289,15128,11394,709,742158,653806,42495,16016,17916,7437,657,579731,526460,24394,7662,9781,7980,492,580106,537198,21880,8266,8735,3309,144,5713,6809,775,144,404629,124217,255306,460817,156577,297041,477843,162402,308602,8261233474,26193,149047,107613,59396,121172,44778,8775,5036,34887,41175,46775,47473,43566,35803,38048,45364,44216,45255,53458,60063,58362,47375,38573,23136,16363,16006,7888,5968,6481,8260,10600,8285,8723,8611,9481,21798,28127,42062,36874,27456,33113,34699,370157,365741
WI-06,737611,651573,28380,11915,18125,24874,829,739441,652820,30858,13120,19765,19732,956,576764,521556,17121,7094,11375,16813,548,570986,529096,12782,6827,9986,11321,97,4774,8158,6577,97,364664,131967,211677,407185,153013,247466,423939,156675,260676,34235442271,40801,195758,101749,63531,80807,26280,5653,3152,39729,43944,46673,46441,42416,39296,40097,45615,40945,42597,49225,57209,57264,48754,37195,25006,16180,18309,10411,10508,9562,11904,14469,11319,11846,11876,13155,24858,32525,45108,34890,20032,21906,16355,376562,360333
WI-07,736083,666287,16313,10077,9283,28795,1023,744203,675295,18305,11593,10197,23447,892,584091,537889,10056,5859,5915,19585,596,588563,553606,8976,5843,5103,14422,132,3733,3274,8112,132,377160,138826,216144,426655,166023,253265,451482,168904,274918,60233888401,33765,177658,112430,69247,91284,31321,6402,3881,36088,41456,44615,46108,42166,36672,37951,44690,40348,42115,48053,57520,62074,52138,42033,27691,17447,17256,11089,11666,10409,11940,14475,11362,11956,11541,12640,24936,32156,44239,33116,22554,22497,17763,375256,361165
WI-08,736036,595600,54612,28383,34557,23053,966,740591,597854,59156,30067,36588,18548,1141,574019,485090,33478,16497,21996,15471,669,563265,492656,26336,14187,19362,9865,265,10506,17125,4302,265,359264,154991,179260,398461,188360,202247,409849,194026,209526,4983082235,33123,154244,100523,61827,106501,35412,7428,4791,41462,45135,45494,47887,51381,49388,47077,49945,43658,42157,46159,52494,47532,40746,32553,21018,15713,15393,11071,9218,8943,11244,12920,12087,12161,12053,12978,26853,32804,46179,34422,22537,21755,19136,369299,365893
WV-01,897082,793481,23466,42765,12975,19091,986,900220,795480,26265,42397,13133,10451,846,718397,644304,15682,29758,9503,14473,668,714552,657335,14984,27749,6805,6335,227,23110,4666,583,227,355472,95999,240331,401415,122240,272038,396031,114673,273584,34856339374,64918,252151,112517,49826,90982,45825,9418,8009,45090,47622,52098,58520,61657,55635,54378,52869,54917,55400,58800,59767,65072,58445,47710,31532,20355,18766,20324,19010,16052,18127,16831,16701,15316,15067,14702,28242,34572,45437,32188,21854,22273,19383,453931,444702
WV-02,896634,805353,11361,47761,9306,18598,740,878153,799365,11910,42059,8696,12061,901,714535,648736,7801,33202,6742,14574,494,694500,646044,7391,27002,4599,8346,197,22207,3184,559,197,357577,92793,249040,393237,113744,273344,366359,99636,259972,27409957391,82083,250182,119412,51661,80776,38661,9032,6076,45290,50941,54030,54156,52034,51402,49504,51128,56203,56572,57326,61213,64899,62869,50701,34037,21279,20750,25879,24354,20672,21096,18652,18450,15938,16594,14801,28529,33920,41623,28805,18439,16919,15290,440841,453493
WY-AL,576851,469664,59046,9661,9473,27480,1714,582397,473791,62047,9783,9676,23081,2059,441337,370041,38153,5928,6520,18433,1009,440329,382637,34186,4762,4645,12488,291,3453,2512,6438,291,255849,55973,174419,276765,73491,193559,269048,69527,192633,251458712277,23719,110277,98143,46082,71313,31053,6077,5138,32789,36989,39377,38581,38391,36108,37889,39936,35953,32598,32599,36679,39149,36045,26768,17777,10552,9749,10714,8115,7806,9208,8475,9565,9356,7572,7799,17923,24038,32579,26379,17485,19922,17220,295835,282094
